<?xml version="1.0" encoding="UTF-8"?>
<gpx creator="StravaGPX" xmlns:xsi="http://www.w3.org/2001/XMLSchema-instance" xsi:schemaLocation="http://www.topografix.com/GPX/1/1 http://www.topografix.com/GPX/1/1/gpx.xsd" version="1.1" xmlns="http://www.topografix.com/GPX/1/1">
 <metadata>
  <name>Route Principale-Chemin Paugan-Route 105</name>
  <author>
   <name>Shubham Sharan</name>
  </author>
  <copyright author="OpenStreetMap contributors">
   <year>2020</year>
   <license>https://www.openstreetmap.org/copyright</license>
  </copyright>
 </metadata>
 <trk>
  <name>Route Principale-Chemin Paugan-Route 105</name>
  <link href=""/>
  <type>Ride</type>
  <trkseg>
   <trkpt lat="45.428700000000006" lon="-75.75258000000001">
    <ele>67.68</ele>
   </trkpt>
   <trkpt lat="45.428090000000005" lon="-75.75309">
    <ele>64.14</ele>
   </trkpt>
   <trkpt lat="45.427730000000004" lon="-75.75327">
    <ele>62.97000000000001</ele>
   </trkpt>
   <trkpt lat="45.427490000000006" lon="-75.75335000000001">
    <ele>62.99</ele>
   </trkpt>
   <trkpt lat="45.42737" lon="-75.75326000000001">
    <ele>63.31</ele>
   </trkpt>
   <trkpt lat="45.427260000000004" lon="-75.75326000000001">
    <ele>63.28</ele>
   </trkpt>
   <trkpt lat="45.427200000000006" lon="-75.75330000000001">
    <ele>63.11</ele>
   </trkpt>
   <trkpt lat="45.427110000000006" lon="-75.75345">
    <ele>63.11</ele>
   </trkpt>
   <trkpt lat="45.42701" lon="-75.75368">
    <ele>62.97000000000001</ele>
   </trkpt>
   <trkpt lat="45.42689" lon="-75.75386">
    <ele>62.97000000000001</ele>
   </trkpt>
   <trkpt lat="45.42667" lon="-75.75375000000001">
    <ele>62.74</ele>
   </trkpt>
   <trkpt lat="45.42654" lon="-75.75417">
    <ele>62.120000000000005</ele>
   </trkpt>
   <trkpt lat="45.425795000023605" lon="-75.7540999990764">
    <ele>61.69</ele>
   </trkpt>
   <trkpt lat="45.425050000000006" lon="-75.75403">
    <ele>61.31</ele>
   </trkpt>
   <trkpt lat="45.42457500012917" lon="-75.7540249999593">
    <ele>61.22</ele>
   </trkpt>
   <trkpt lat="45.4241" lon="-75.75402000000001">
    <ele>61.230000000000004</ele>
   </trkpt>
   <trkpt lat="45.42412" lon="-75.75393000000001">
    <ele>60.99</ele>
   </trkpt>
   <trkpt lat="45.424400000000006" lon="-75.75305">
    <ele>60.86000000000001</ele>
   </trkpt>
   <trkpt lat="45.42452" lon="-75.75282">
    <ele>60.83</ele>
   </trkpt>
   <trkpt lat="45.424850000000006" lon="-75.75234">
    <ele>60.67</ele>
   </trkpt>
   <trkpt lat="45.42495" lon="-75.75193">
    <ele>60.49</ele>
   </trkpt>
   <trkpt lat="45.42501" lon="-75.75158">
    <ele>60.77</ele>
   </trkpt>
   <trkpt lat="45.425150010883144" lon="-75.75046333885044">
    <ele>62.32000000000001</ele>
   </trkpt>
   <trkpt lat="45.42529001088589" lon="-75.749346672162">
    <ele>65.93</ele>
   </trkpt>
   <trkpt lat="45.425430000000006" lon="-75.74823">
    <ele>69.05</ele>
   </trkpt>
   <trkpt lat="45.425895000093995" lon="-75.74829499947515">
    <ele>72.08</ele>
   </trkpt>
   <trkpt lat="45.42636" lon="-75.74836">
    <ele>74.45</ele>
   </trkpt>
   <trkpt lat="45.42643" lon="-75.74745">
    <ele>73.57000000000001</ele>
   </trkpt>
   <trkpt lat="45.426390000000005" lon="-75.74740000000001">
    <ele>72.86000000000001</ele>
   </trkpt>
   <trkpt lat="45.42562666682239" lon="-75.74727332991037">
    <ele>70.37</ele>
   </trkpt>
   <trkpt lat="45.42486333350479" lon="-75.74714666324637">
    <ele>68.73</ele>
   </trkpt>
   <trkpt lat="45.4241" lon="-75.74702">
    <ele>68.01</ele>
   </trkpt>
   <trkpt lat="45.42416" lon="-75.74661">
    <ele>67.13000000000001</ele>
   </trkpt>
   <trkpt lat="45.4243" lon="-75.74623000000001">
    <ele>68.22</ele>
   </trkpt>
   <trkpt lat="45.42434" lon="-75.74595000000001">
    <ele>68.52000000000001</ele>
   </trkpt>
   <trkpt lat="45.42399" lon="-75.7457">
    <ele>68.29</ele>
   </trkpt>
   <trkpt lat="45.42349" lon="-75.74528000000001">
    <ele>68.39</ele>
   </trkpt>
   <trkpt lat="45.423770000000005" lon="-75.74515000000001">
    <ele>68.2</ele>
   </trkpt>
   <trkpt lat="45.42365" lon="-75.74508">
    <ele>67.91000000000001</ele>
   </trkpt>
   <trkpt lat="45.42345" lon="-75.74489000000001">
    <ele>67.14</ele>
   </trkpt>
   <trkpt lat="45.42318" lon="-75.74453000000001">
    <ele>66.11</ele>
   </trkpt>
   <trkpt lat="45.423080000000006" lon="-75.74436">
    <ele>65.89</ele>
   </trkpt>
   <trkpt lat="45.423" lon="-75.74417000000001">
    <ele>65.69000000000001</ele>
   </trkpt>
   <trkpt lat="45.422940000000004" lon="-75.74382">
    <ele>64.96000000000001</ele>
   </trkpt>
   <trkpt lat="45.42291" lon="-75.74337000000001">
    <ele>64.63000000000001</ele>
   </trkpt>
   <trkpt lat="45.422850000000004" lon="-75.74316">
    <ele>64.62</ele>
   </trkpt>
   <trkpt lat="45.42275" lon="-75.74302">
    <ele>64.74000000000001</ele>
   </trkpt>
   <trkpt lat="45.422610000000006" lon="-75.74288">
    <ele>65.11</ele>
   </trkpt>
   <trkpt lat="45.422560000000004" lon="-75.74276">
    <ele>65.11</ele>
   </trkpt>
   <trkpt lat="45.42259000000001" lon="-75.74239">
    <ele>65.67</ele>
   </trkpt>
   <trkpt lat="45.42258" lon="-75.74229000000001">
    <ele>66.04</ele>
   </trkpt>
   <trkpt lat="45.42249" lon="-75.74209">
    <ele>66.34</ele>
   </trkpt>
   <trkpt lat="45.42249" lon="-75.74204">
    <ele>66.34</ele>
   </trkpt>
   <trkpt lat="45.42242" lon="-75.74199">
    <ele>66.30000000000001</ele>
   </trkpt>
   <trkpt lat="45.42160000004323" lon="-75.74185999810706">
    <ele>63.38</ele>
   </trkpt>
   <trkpt lat="45.42078" lon="-75.74173">
    <ele>63.95</ele>
   </trkpt>
   <trkpt lat="45.420790000000004" lon="-75.74131000000001">
    <ele>63.61</ele>
   </trkpt>
   <trkpt lat="45.420840000000005" lon="-75.74015">
    <ele>64.02000000000001</ele>
   </trkpt>
   <trkpt lat="45.420790000000004" lon="-75.74002">
    <ele>63.99</ele>
   </trkpt>
   <trkpt lat="45.420680000000004" lon="-75.74001000000001">
    <ele>63.36</ele>
   </trkpt>
   <trkpt lat="45.4206" lon="-75.73997">
    <ele>63.36</ele>
   </trkpt>
   <trkpt lat="45.42052" lon="-75.73988">
    <ele>62.54</ele>
   </trkpt>
   <trkpt lat="45.42049" lon="-75.73974000000001">
    <ele>61.77</ele>
   </trkpt>
   <trkpt lat="45.420460000000006" lon="-75.73941">
    <ele>61.22</ele>
   </trkpt>
   <trkpt lat="45.42058" lon="-75.73914">
    <ele>60.36</ele>
   </trkpt>
   <trkpt lat="45.420680000000004" lon="-75.73899">
    <ele>60.46000000000001</ele>
   </trkpt>
   <trkpt lat="45.42074" lon="-75.73881">
    <ele>61.07000000000001</ele>
   </trkpt>
   <trkpt lat="45.420790000000004" lon="-75.7385">
    <ele>62.67</ele>
   </trkpt>
   <trkpt lat="45.420770000000005" lon="-75.73841">
    <ele>63.14</ele>
   </trkpt>
   <trkpt lat="45.420680000000004" lon="-75.73827">
    <ele>63.410000000000004</ele>
   </trkpt>
   <trkpt lat="45.42058" lon="-75.73815">
    <ele>63.59</ele>
   </trkpt>
   <trkpt lat="45.42054" lon="-75.73805">
    <ele>63.59</ele>
   </trkpt>
   <trkpt lat="45.42047" lon="-75.73732000000001">
    <ele>64.95</ele>
   </trkpt>
   <trkpt lat="45.420480000000005" lon="-75.73688">
    <ele>65.49000000000001</ele>
   </trkpt>
   <trkpt lat="45.420300000000005" lon="-75.73648">
    <ele>65.05000000000001</ele>
   </trkpt>
   <trkpt lat="45.420230000000004" lon="-75.73616000000001">
    <ele>64.24000000000001</ele>
   </trkpt>
   <trkpt lat="45.420210000000004" lon="-75.73577">
    <ele>63.83000000000001</ele>
   </trkpt>
   <trkpt lat="45.420230000000004" lon="-75.73536">
    <ele>63.42</ele>
   </trkpt>
   <trkpt lat="45.42022" lon="-75.73508000000001">
    <ele>62.64</ele>
   </trkpt>
   <trkpt lat="45.420190000000005" lon="-75.73469">
    <ele>61.24</ele>
   </trkpt>
   <trkpt lat="45.420100000000005" lon="-75.73443">
    <ele>59.96000000000001</ele>
   </trkpt>
   <trkpt lat="45.419830000000005" lon="-75.73388">
    <ele>55.220000000000006</ele>
   </trkpt>
   <trkpt lat="45.419760000000004" lon="-75.7338">
    <ele>54.49</ele>
   </trkpt>
   <trkpt lat="45.419630000000005" lon="-75.73371">
    <ele>54.49</ele>
   </trkpt>
   <trkpt lat="45.41959000000001" lon="-75.73366">
    <ele>54.28</ele>
   </trkpt>
   <trkpt lat="45.41946" lon="-75.73325000000001">
    <ele>54.230000000000004</ele>
   </trkpt>
   <trkpt lat="45.41953" lon="-75.73303">
    <ele>54.25000000000001</ele>
   </trkpt>
   <trkpt lat="45.419650000000004" lon="-75.73285">
    <ele>54.160000000000004</ele>
   </trkpt>
   <trkpt lat="45.41978" lon="-75.73255">
    <ele>54.330000000000005</ele>
   </trkpt>
   <trkpt lat="45.41996" lon="-75.73203000000001">
    <ele>54.77</ele>
   </trkpt>
   <trkpt lat="45.42002" lon="-75.73192">
    <ele>55.040000000000006</ele>
   </trkpt>
   <trkpt lat="45.42009" lon="-75.7316">
    <ele>55.24</ele>
   </trkpt>
   <trkpt lat="45.42005" lon="-75.73121">
    <ele>55.82</ele>
   </trkpt>
   <trkpt lat="45.42018" lon="-75.73074000000001">
    <ele>57.06</ele>
   </trkpt>
   <trkpt lat="45.42024000000001" lon="-75.73062">
    <ele>56.74</ele>
   </trkpt>
   <trkpt lat="45.420460000000006" lon="-75.73031">
    <ele>55.410000000000004</ele>
   </trkpt>
   <trkpt lat="45.42058" lon="-75.72999">
    <ele>55.010000000000005</ele>
   </trkpt>
   <trkpt lat="45.42065" lon="-75.72977">
    <ele>54.81</ele>
   </trkpt>
   <trkpt lat="45.42092" lon="-75.72926000000001">
    <ele>54.14000000000001</ele>
   </trkpt>
   <trkpt lat="45.421040000000005" lon="-75.72919">
    <ele>54.080000000000005</ele>
   </trkpt>
   <trkpt lat="45.421420000000005" lon="-75.72902">
    <ele>54.24</ele>
   </trkpt>
   <trkpt lat="45.421760000000006" lon="-75.729">
    <ele>55.53</ele>
   </trkpt>
   <trkpt lat="45.421960000000006" lon="-75.72905">
    <ele>56.6</ele>
   </trkpt>
   <trkpt lat="45.422140000000006" lon="-75.72914">
    <ele>58.370000000000005</ele>
   </trkpt>
   <trkpt lat="45.42222" lon="-75.72916000000001">
    <ele>58.400000000000006</ele>
   </trkpt>
   <trkpt lat="45.422270000000005" lon="-75.72914">
    <ele>58.400000000000006</ele>
   </trkpt>
   <trkpt lat="45.42231" lon="-75.72905">
    <ele>58.230000000000004</ele>
   </trkpt>
   <trkpt lat="45.4224" lon="-75.72846000000001">
    <ele>55.6</ele>
   </trkpt>
   <trkpt lat="45.42246" lon="-75.72829">
    <ele>54.88</ele>
   </trkpt>
   <trkpt lat="45.42286000000001" lon="-75.72736">
    <ele>53.95</ele>
   </trkpt>
   <trkpt lat="45.422940000000004" lon="-75.72722">
    <ele>54.080000000000005</ele>
   </trkpt>
   <trkpt lat="45.42313" lon="-75.72703">
    <ele>54.67</ele>
   </trkpt>
   <trkpt lat="45.42316" lon="-75.72686">
    <ele>54.900000000000006</ele>
   </trkpt>
   <trkpt lat="45.423190000000005" lon="-75.72619">
    <ele>54.540000000000006</ele>
   </trkpt>
   <trkpt lat="45.42318" lon="-75.72565">
    <ele>54.220000000000006</ele>
   </trkpt>
   <trkpt lat="45.42336" lon="-75.72498">
    <ele>54.36000000000001</ele>
   </trkpt>
   <trkpt lat="45.42342000000001" lon="-75.72456000000001">
    <ele>54.75000000000001</ele>
   </trkpt>
   <trkpt lat="45.42345" lon="-75.72419000000001">
    <ele>54.790000000000006</ele>
   </trkpt>
   <trkpt lat="45.42349" lon="-75.72395">
    <ele>54.61000000000001</ele>
   </trkpt>
   <trkpt lat="45.4236" lon="-75.72352000000001">
    <ele>54.53</ele>
   </trkpt>
   <trkpt lat="45.423700000000004" lon="-75.72336">
    <ele>54.55</ele>
   </trkpt>
   <trkpt lat="45.42380000000001" lon="-75.72323">
    <ele>54.690000000000005</ele>
   </trkpt>
   <trkpt lat="45.424040000000005" lon="-75.72304000000001">
    <ele>55.17</ele>
   </trkpt>
   <trkpt lat="45.424200000000006" lon="-75.72293">
    <ele>55.550000000000004</ele>
   </trkpt>
   <trkpt lat="45.424380000000006" lon="-75.72295000000001">
    <ele>55.86000000000001</ele>
   </trkpt>
   <trkpt lat="45.424490000000006" lon="-75.72215">
    <ele>56.35</ele>
   </trkpt>
   <trkpt lat="45.42457" lon="-75.72126">
    <ele>56.61000000000001</ele>
   </trkpt>
   <trkpt lat="45.424640000000004" lon="-75.72009000000001">
    <ele>56.870000000000005</ele>
   </trkpt>
   <trkpt lat="45.424620000000004" lon="-75.7198">
    <ele>56.78</ele>
   </trkpt>
   <trkpt lat="45.424580000000006" lon="-75.71965">
    <ele>56.57</ele>
   </trkpt>
   <trkpt lat="45.42446" lon="-75.71954000000001">
    <ele>56.24</ele>
   </trkpt>
   <trkpt lat="45.42437" lon="-75.71948">
    <ele>56.24</ele>
   </trkpt>
   <trkpt lat="45.42436000000001" lon="-75.71946000000001">
    <ele>55.81</ele>
   </trkpt>
   <trkpt lat="45.42441" lon="-75.71933">
    <ele>55.81</ele>
   </trkpt>
   <trkpt lat="45.42437" lon="-75.71871">
    <ele>54.86000000000001</ele>
   </trkpt>
   <trkpt lat="45.424380000000006" lon="-75.71826">
    <ele>54.650000000000006</ele>
   </trkpt>
   <trkpt lat="45.42448000285935" lon="-75.71744500175807">
    <ele>54.84</ele>
   </trkpt>
   <trkpt lat="45.424580000000006" lon="-75.71663000000001">
    <ele>56.230000000000004</ele>
   </trkpt>
   <trkpt lat="45.424580000000006" lon="-75.71650000000001">
    <ele>56.160000000000004</ele>
   </trkpt>
   <trkpt lat="45.424600000000005" lon="-75.71651">
    <ele>56.160000000000004</ele>
   </trkpt>
   <trkpt lat="45.42461" lon="-75.71647">
    <ele>56.160000000000004</ele>
   </trkpt>
   <trkpt lat="45.42455" lon="-75.71558">
    <ele>56.080000000000005</ele>
   </trkpt>
   <trkpt lat="45.4245" lon="-75.71442">
    <ele>57.09</ele>
   </trkpt>
   <trkpt lat="45.424530000000004" lon="-75.71426000000001">
    <ele>57.09</ele>
   </trkpt>
   <trkpt lat="45.42457" lon="-75.71390000000001">
    <ele>57.45000000000001</ele>
   </trkpt>
   <trkpt lat="45.42452" lon="-75.71383">
    <ele>57.45000000000001</ele>
   </trkpt>
   <trkpt lat="45.424580000000006" lon="-75.71373000000001">
    <ele>57.010000000000005</ele>
   </trkpt>
   <trkpt lat="45.42461" lon="-75.71353">
    <ele>57.010000000000005</ele>
   </trkpt>
   <trkpt lat="45.42474000000001" lon="-75.71314000000001">
    <ele>56.74</ele>
   </trkpt>
   <trkpt lat="45.4249" lon="-75.7128">
    <ele>56.540000000000006</ele>
   </trkpt>
   <trkpt lat="45.42506" lon="-75.71248">
    <ele>56.42</ele>
   </trkpt>
   <trkpt lat="45.42555" lon="-75.71177">
    <ele>56.09</ele>
   </trkpt>
   <trkpt lat="45.425810000000006" lon="-75.71146">
    <ele>56.09</ele>
   </trkpt>
   <trkpt lat="45.425920000000005" lon="-75.71135000000001">
    <ele>56.09</ele>
   </trkpt>
   <trkpt lat="45.42644000000001" lon="-75.71096">
    <ele>55.59</ele>
   </trkpt>
   <trkpt lat="45.42692" lon="-75.71066">
    <ele>55.120000000000005</ele>
   </trkpt>
   <trkpt lat="45.427350000000004" lon="-75.71050000000001">
    <ele>54.95</ele>
   </trkpt>
   <trkpt lat="45.42803000000001" lon="-75.71029">
    <ele>54.68000000000001</ele>
   </trkpt>
   <trkpt lat="45.42824" lon="-75.71021">
    <ele>54.64</ele>
   </trkpt>
   <trkpt lat="45.429116666936" lon="-75.71005667141851">
    <ele>54.730000000000004</ele>
   </trkpt>
   <trkpt lat="45.429993333666836" lon="-75.70990333807404">
    <ele>54.940000000000005</ele>
   </trkpt>
   <trkpt lat="45.430870000000006" lon="-75.70975">
    <ele>55.18000000000001</ele>
   </trkpt>
   <trkpt lat="45.43150000000001" lon="-75.70961000000001">
    <ele>54.970000000000006</ele>
   </trkpt>
   <trkpt lat="45.431610000000006" lon="-75.70945">
    <ele>54.730000000000004</ele>
   </trkpt>
   <trkpt lat="45.43166" lon="-75.70935">
    <ele>54.49</ele>
   </trkpt>
   <trkpt lat="45.43171" lon="-75.70938000000001">
    <ele>54.35</ele>
   </trkpt>
   <trkpt lat="45.431940000000004" lon="-75.70957">
    <ele>53.4</ele>
   </trkpt>
   <trkpt lat="45.43204" lon="-75.70958">
    <ele>53.39000000000001</ele>
   </trkpt>
   <trkpt lat="45.43226000000001" lon="-75.70953">
    <ele>53.050000000000004</ele>
   </trkpt>
   <trkpt lat="45.432300000000005" lon="-75.70957">
    <ele>53.050000000000004</ele>
   </trkpt>
   <trkpt lat="45.43306666689006" lon="-75.7094266705527">
    <ele>50.510000000000005</ele>
   </trkpt>
   <trkpt lat="45.43383333360088" lon="-75.7092833372112">
    <ele>49.84</ele>
   </trkpt>
   <trkpt lat="45.4346" lon="-75.70914">
    <ele>51.2</ele>
   </trkpt>
   <trkpt lat="45.43508500024544" lon="-75.70904000081784">
    <ele>51.800000000000004</ele>
   </trkpt>
   <trkpt lat="45.435570000000006" lon="-75.70894000000001">
    <ele>52.660000000000004</ele>
   </trkpt>
   <trkpt lat="45.435950000000005" lon="-75.70884000000001">
    <ele>53.13</ele>
   </trkpt>
   <trkpt lat="45.43656999995253" lon="-75.70872000133983">
    <ele>54.080000000000005</ele>
   </trkpt>
   <trkpt lat="45.43719" lon="-75.7086">
    <ele>55.730000000000004</ele>
   </trkpt>
   <trkpt lat="45.437630000000006" lon="-75.70854">
    <ele>56.510000000000005</ele>
   </trkpt>
   <trkpt lat="45.43773" lon="-75.70859">
    <ele>56.57</ele>
   </trkpt>
   <trkpt lat="45.438360000137315" lon="-75.70846333616238">
    <ele>57.13</ele>
   </trkpt>
   <trkpt lat="45.43899000013464" lon="-75.7083366694963">
    <ele>56.32</ele>
   </trkpt>
   <trkpt lat="45.439620000000005" lon="-75.70821000000001">
    <ele>55.24</ele>
   </trkpt>
   <trkpt lat="45.440380000000005" lon="-75.70808000000001">
    <ele>54.580000000000005</ele>
   </trkpt>
   <trkpt lat="45.44044" lon="-75.70815">
    <ele>54.580000000000005</ele>
   </trkpt>
   <trkpt lat="45.44046" lon="-75.70823">
    <ele>54.580000000000005</ele>
   </trkpt>
   <trkpt lat="45.440545004066024" lon="-75.70919499858334">
    <ele>53.49</ele>
   </trkpt>
   <trkpt lat="45.440630000000006" lon="-75.71016">
    <ele>52.50000000000001</ele>
   </trkpt>
   <trkpt lat="45.44070000000001" lon="-75.71056">
    <ele>52.160000000000004</ele>
   </trkpt>
   <trkpt lat="45.44093" lon="-75.71087">
    <ele>51.34</ele>
   </trkpt>
   <trkpt lat="45.440990000000006" lon="-75.71106">
    <ele>49.720000000000006</ele>
   </trkpt>
   <trkpt lat="45.44111" lon="-75.71132">
    <ele>49.18</ele>
   </trkpt>
   <trkpt lat="45.441210000000005" lon="-75.71143000000001">
    <ele>48.080000000000005</ele>
   </trkpt>
   <trkpt lat="45.44124" lon="-75.7115">
    <ele>48.080000000000005</ele>
   </trkpt>
   <trkpt lat="45.44151" lon="-75.71180000000001">
    <ele>46.78</ele>
   </trkpt>
   <trkpt lat="45.44183" lon="-75.71217">
    <ele>45.900000000000006</ele>
   </trkpt>
   <trkpt lat="45.442260000000005" lon="-75.71262">
    <ele>44.65</ele>
   </trkpt>
   <trkpt lat="45.442730000000005" lon="-75.71293">
    <ele>45.02</ele>
   </trkpt>
   <trkpt lat="45.4429" lon="-75.71302">
    <ele>45.02</ele>
   </trkpt>
   <trkpt lat="45.44305000000001" lon="-75.71303">
    <ele>45.17</ele>
   </trkpt>
   <trkpt lat="45.44379250037492" lon="-75.71286750640984">
    <ele>46.03</ele>
   </trkpt>
   <trkpt lat="45.44453500051942" lon="-75.71270500854231">
    <ele>46.61000000000001</ele>
   </trkpt>
   <trkpt lat="45.445277500433534" lon="-75.71254250639723">
    <ele>46.6</ele>
   </trkpt>
   <trkpt lat="45.446020000000004" lon="-75.71238000000001">
    <ele>47.370000000000005</ele>
   </trkpt>
   <trkpt lat="45.446290000000005" lon="-75.71213">
    <ele>48.07</ele>
   </trkpt>
   <trkpt lat="45.44643000000001" lon="-75.71213">
    <ele>47.99</ele>
   </trkpt>
   <trkpt lat="45.44677" lon="-75.71222">
    <ele>47.900000000000006</ele>
   </trkpt>
   <trkpt lat="45.447190000000006" lon="-75.71213">
    <ele>47.730000000000004</ele>
   </trkpt>
   <trkpt lat="45.447480000000006" lon="-75.71201">
    <ele>47.830000000000005</ele>
   </trkpt>
   <trkpt lat="45.44771" lon="-75.71198000000001">
    <ele>47.720000000000006</ele>
   </trkpt>
   <trkpt lat="45.447990000000004" lon="-75.71185000000001">
    <ele>47.35</ele>
   </trkpt>
   <trkpt lat="45.448350000000005" lon="-75.71159">
    <ele>46.35</ele>
   </trkpt>
   <trkpt lat="45.448640000000005" lon="-75.71132">
    <ele>45.68000000000001</ele>
   </trkpt>
   <trkpt lat="45.449020000000004" lon="-75.71091000000001">
    <ele>45.58</ele>
   </trkpt>
   <trkpt lat="45.449290000000005" lon="-75.71045000000001">
    <ele>46.11000000000001</ele>
   </trkpt>
   <trkpt lat="45.44939" lon="-75.7102">
    <ele>46.53</ele>
   </trkpt>
   <trkpt lat="45.44946" lon="-75.7099">
    <ele>46.81</ele>
   </trkpt>
   <trkpt lat="45.4495" lon="-75.70962">
    <ele>46.830000000000005</ele>
   </trkpt>
   <trkpt lat="45.449560000000005" lon="-75.70864">
    <ele>46.49</ele>
   </trkpt>
   <trkpt lat="45.44972500263632" lon="-75.70786000236686">
    <ele>46.73</ele>
   </trkpt>
   <trkpt lat="45.44989" lon="-75.70708">
    <ele>47.13</ele>
   </trkpt>
   <trkpt lat="45.449940000000005" lon="-75.70693">
    <ele>46.89</ele>
   </trkpt>
   <trkpt lat="45.450030000000005" lon="-75.70688000000001">
    <ele>46.89</ele>
   </trkpt>
   <trkpt lat="45.450160000000004" lon="-75.70698">
    <ele>46.77</ele>
   </trkpt>
   <trkpt lat="45.450340000000004" lon="-75.70702">
    <ele>46.410000000000004</ele>
   </trkpt>
   <trkpt lat="45.45051" lon="-75.70712">
    <ele>45.790000000000006</ele>
   </trkpt>
   <trkpt lat="45.45069" lon="-75.70734">
    <ele>45.42</ele>
   </trkpt>
   <trkpt lat="45.450720000000004" lon="-75.70744">
    <ele>45.37</ele>
   </trkpt>
   <trkpt lat="45.45092" lon="-75.70743">
    <ele>45.32000000000001</ele>
   </trkpt>
   <trkpt lat="45.45102000000001" lon="-75.70738">
    <ele>45.32000000000001</ele>
   </trkpt>
   <trkpt lat="45.451130000000006" lon="-75.70710000000001">
    <ele>45.040000000000006</ele>
   </trkpt>
   <trkpt lat="45.45129" lon="-75.70684">
    <ele>44.76</ele>
   </trkpt>
   <trkpt lat="45.451420000000006" lon="-75.70675">
    <ele>44.86000000000001</ele>
   </trkpt>
   <trkpt lat="45.45168" lon="-75.70608">
    <ele>45.51</ele>
   </trkpt>
   <trkpt lat="45.45178000000001" lon="-75.7059">
    <ele>45.58</ele>
   </trkpt>
   <trkpt lat="45.45213500099464" lon="-75.7054750024278">
    <ele>45.900000000000006</ele>
   </trkpt>
   <trkpt lat="45.452490000000004" lon="-75.70505">
    <ele>45.33</ele>
   </trkpt>
   <trkpt lat="45.45266" lon="-75.70465">
    <ele>45.26</ele>
   </trkpt>
   <trkpt lat="45.452780000000004" lon="-75.70448">
    <ele>45.57000000000001</ele>
   </trkpt>
   <trkpt lat="45.45288" lon="-75.70442000000001">
    <ele>45.57000000000001</ele>
   </trkpt>
   <trkpt lat="45.45308000000001" lon="-75.70438">
    <ele>45.68000000000001</ele>
   </trkpt>
   <trkpt lat="45.4532" lon="-75.70429">
    <ele>45.65</ele>
   </trkpt>
   <trkpt lat="45.45369000080311" lon="-75.70386000373925">
    <ele>44.76</ele>
   </trkpt>
   <trkpt lat="45.45418" lon="-75.70343000000001">
    <ele>43.97</ele>
   </trkpt>
   <trkpt lat="45.45429" lon="-75.70326">
    <ele>43.730000000000004</ele>
   </trkpt>
   <trkpt lat="45.45456000202965" lon="-75.70259500293677">
    <ele>43.56</ele>
   </trkpt>
   <trkpt lat="45.45483" lon="-75.70193">
    <ele>44.33</ele>
   </trkpt>
   <trkpt lat="45.454910000000005" lon="-75.70182000000001">
    <ele>44.33</ele>
   </trkpt>
   <trkpt lat="45.45501" lon="-75.7017">
    <ele>44.42</ele>
   </trkpt>
   <trkpt lat="45.45524" lon="-75.70155000000001">
    <ele>44.53000000000001</ele>
   </trkpt>
   <trkpt lat="45.455380000000005" lon="-75.70147">
    <ele>44.57000000000001</ele>
   </trkpt>
   <trkpt lat="45.45548" lon="-75.70144">
    <ele>44.57000000000001</ele>
   </trkpt>
   <trkpt lat="45.45562" lon="-75.70174">
    <ele>44.82000000000001</ele>
   </trkpt>
   <trkpt lat="45.455670000000005" lon="-75.70200000000001">
    <ele>45.17</ele>
   </trkpt>
   <trkpt lat="45.45573" lon="-75.70206">
    <ele>45.37</ele>
   </trkpt>
   <trkpt lat="45.45577" lon="-75.70209000000001">
    <ele>45.50000000000001</ele>
   </trkpt>
   <trkpt lat="45.45638000393999" lon="-75.70142334768896">
    <ele>48.370000000000005</ele>
   </trkpt>
   <trkpt lat="45.45699000400205" lon="-75.7007566809547">
    <ele>48.82</ele>
   </trkpt>
   <trkpt lat="45.457600000000006" lon="-75.70009">
    <ele>49.31</ele>
   </trkpt>
   <trkpt lat="45.45754" lon="-75.69995">
    <ele>49.370000000000005</ele>
   </trkpt>
   <trkpt lat="45.45717500103494" lon="-75.69944999668715">
    <ele>47.93000000000001</ele>
   </trkpt>
   <trkpt lat="45.456810000000004" lon="-75.69895000000001">
    <ele>47.00000000000001</ele>
   </trkpt>
   <trkpt lat="45.45644000196914" lon="-75.69826499536104">
    <ele>46.290000000000006</ele>
   </trkpt>
   <trkpt lat="45.456070000000004" lon="-75.69758">
    <ele>45.970000000000006</ele>
   </trkpt>
   <trkpt lat="45.45591" lon="-75.69717">
    <ele>45.71</ele>
   </trkpt>
   <trkpt lat="45.455760000000005" lon="-75.69659">
    <ele>45.76</ele>
   </trkpt>
   <trkpt lat="45.45566" lon="-75.69601">
    <ele>45.92</ele>
   </trkpt>
   <trkpt lat="45.45559" lon="-75.6952">
    <ele>46.11000000000001</ele>
   </trkpt>
   <trkpt lat="45.45557" lon="-75.69404">
    <ele>46.1</ele>
   </trkpt>
   <trkpt lat="45.455580000000005" lon="-75.69292">
    <ele>45.88</ele>
   </trkpt>
   <trkpt lat="45.45562" lon="-75.69243">
    <ele>45.88</ele>
   </trkpt>
   <trkpt lat="45.45566" lon="-75.69212">
    <ele>45.86000000000001</ele>
   </trkpt>
   <trkpt lat="45.45575" lon="-75.69184">
    <ele>45.65</ele>
   </trkpt>
   <trkpt lat="45.45586" lon="-75.69162">
    <ele>45.58</ele>
   </trkpt>
   <trkpt lat="45.455960000000005" lon="-75.69144">
    <ele>45.480000000000004</ele>
   </trkpt>
   <trkpt lat="45.45628000000001" lon="-75.69103000000001">
    <ele>44.85</ele>
   </trkpt>
   <trkpt lat="45.456590000000006" lon="-75.69037">
    <ele>44.7</ele>
   </trkpt>
   <trkpt lat="45.457010000000004" lon="-75.68969000000001">
    <ele>44.95</ele>
   </trkpt>
   <trkpt lat="45.457280000000004" lon="-75.68934">
    <ele>45.00000000000001</ele>
   </trkpt>
   <trkpt lat="45.45783" lon="-75.68889">
    <ele>45.13</ele>
   </trkpt>
   <trkpt lat="45.45805000000001" lon="-75.68875000000001">
    <ele>45.14000000000001</ele>
   </trkpt>
   <trkpt lat="45.458290000000005" lon="-75.68853">
    <ele>45.050000000000004</ele>
   </trkpt>
   <trkpt lat="45.458400000000005" lon="-75.68835">
    <ele>44.99</ele>
   </trkpt>
   <trkpt lat="45.45903500223441" lon="-75.68763500804766">
    <ele>44.47</ele>
   </trkpt>
   <trkpt lat="45.45967" lon="-75.68692">
    <ele>44.45</ele>
   </trkpt>
   <trkpt lat="45.460100000000004" lon="-75.68655000000001">
    <ele>44.480000000000004</ele>
   </trkpt>
   <trkpt lat="45.46047" lon="-75.68626">
    <ele>44.6</ele>
   </trkpt>
   <trkpt lat="45.460860000000004" lon="-75.68572">
    <ele>44.89000000000001</ele>
   </trkpt>
   <trkpt lat="45.461090000000006" lon="-75.68526">
    <ele>44.99</ele>
   </trkpt>
   <trkpt lat="45.461330000000004" lon="-75.68499">
    <ele>45.02</ele>
   </trkpt>
   <trkpt lat="45.46163000000001" lon="-75.68454000000001">
    <ele>44.77</ele>
   </trkpt>
   <trkpt lat="45.46202" lon="-75.68401">
    <ele>44.730000000000004</ele>
   </trkpt>
   <trkpt lat="45.462575002806155" lon="-75.68320500795512">
    <ele>44.63</ele>
   </trkpt>
   <trkpt lat="45.46313000000001" lon="-75.6824">
    <ele>44.53000000000001</ele>
   </trkpt>
   <trkpt lat="45.46357500093618" lon="-75.68190500405497">
    <ele>44.38</ele>
   </trkpt>
   <trkpt lat="45.464020000000005" lon="-75.68141">
    <ele>44.71000000000001</ele>
   </trkpt>
   <trkpt lat="45.464090000000006" lon="-75.68123">
    <ele>44.71000000000001</ele>
   </trkpt>
   <trkpt lat="45.464150000000004" lon="-75.68096000000001">
    <ele>45.15</ele>
   </trkpt>
   <trkpt lat="45.464220000000005" lon="-75.68075">
    <ele>45.15</ele>
   </trkpt>
   <trkpt lat="45.464420000000004" lon="-75.68047">
    <ele>45.34</ele>
   </trkpt>
   <trkpt lat="45.46453" lon="-75.68038">
    <ele>45.36000000000001</ele>
   </trkpt>
   <trkpt lat="45.46461" lon="-75.68035">
    <ele>45.35</ele>
   </trkpt>
   <trkpt lat="45.464800000000004" lon="-75.68035">
    <ele>45.38</ele>
   </trkpt>
   <trkpt lat="45.465030000000006" lon="-75.6803">
    <ele>45.38</ele>
   </trkpt>
   <trkpt lat="45.465120000000006" lon="-75.68025">
    <ele>45.300000000000004</ele>
   </trkpt>
   <trkpt lat="45.46551" lon="-75.67984000000001">
    <ele>45.17</ele>
   </trkpt>
   <trkpt lat="45.46605" lon="-75.67931">
    <ele>44.79</ele>
   </trkpt>
   <trkpt lat="45.466755004152226" lon="-75.67874752109641">
    <ele>44.56</ele>
   </trkpt>
   <trkpt lat="45.467460005543785" lon="-75.67818502812307">
    <ele>44.39000000000001</ele>
   </trkpt>
   <trkpt lat="45.46816500417455" lon="-75.67762252107936">
    <ele>44.59</ele>
   </trkpt>
   <trkpt lat="45.46887" lon="-75.67706000000001">
    <ele>44.46000000000001</ele>
   </trkpt>
   <trkpt lat="45.46925" lon="-75.67685">
    <ele>44.68000000000001</ele>
   </trkpt>
   <trkpt lat="45.46970000088164" lon="-75.67642500330471">
    <ele>44.68000000000001</ele>
   </trkpt>
   <trkpt lat="45.470150000000004" lon="-75.676">
    <ele>44.57000000000001</ele>
   </trkpt>
   <trkpt lat="45.47053500071461" lon="-75.6756600021368">
    <ele>44.38</ele>
   </trkpt>
   <trkpt lat="45.47092000000001" lon="-75.67532">
    <ele>44.58</ele>
   </trkpt>
   <trkpt lat="45.471120000000006" lon="-75.67509000000001">
    <ele>44.56</ele>
   </trkpt>
   <trkpt lat="45.47153000044875" lon="-75.67473500266999">
    <ele>44.86000000000001</ele>
   </trkpt>
   <trkpt lat="45.471940000000004" lon="-75.67438">
    <ele>45.540000000000006</ele>
   </trkpt>
   <trkpt lat="45.472615001967895" lon="-75.67371000801516">
    <ele>45.790000000000006</ele>
   </trkpt>
   <trkpt lat="45.473290000000006" lon="-75.67304">
    <ele>48.980000000000004</ele>
   </trkpt>
   <trkpt lat="45.473440000000004" lon="-75.67283">
    <ele>50.22</ele>
   </trkpt>
   <trkpt lat="45.47345000000001" lon="-75.67282">
    <ele>50.52</ele>
   </trkpt>
   <trkpt lat="45.47355" lon="-75.67283">
    <ele>50.730000000000004</ele>
   </trkpt>
   <trkpt lat="45.474360000000004" lon="-75.67303000000001">
    <ele>51.54</ele>
   </trkpt>
   <trkpt lat="45.475120000142255" lon="-75.67313249585355">
    <ele>51.870000000000005</ele>
   </trkpt>
   <trkpt lat="45.475880000192824" lon="-75.67323499447174">
    <ele>51.74</ele>
   </trkpt>
   <trkpt lat="45.47664000015174" lon="-75.67333749585468">
    <ele>51.92</ele>
   </trkpt>
   <trkpt lat="45.4774" lon="-75.67344">
    <ele>51.93</ele>
   </trkpt>
   <trkpt lat="45.47804666668243" lon="-75.67351666490273">
    <ele>52.02</ele>
   </trkpt>
   <trkpt lat="45.47869333331359" lon="-75.67359333156516">
    <ele>52.57000000000001</ele>
   </trkpt>
   <trkpt lat="45.47934" lon="-75.67367">
    <ele>52.660000000000004</ele>
   </trkpt>
   <trkpt lat="45.480090000000004" lon="-75.6738">
    <ele>53.230000000000004</ele>
   </trkpt>
   <trkpt lat="45.480290000000004" lon="-75.67376">
    <ele>53.36000000000001</ele>
   </trkpt>
   <trkpt lat="45.4804" lon="-75.67377">
    <ele>53.39000000000001</ele>
   </trkpt>
   <trkpt lat="45.480430000000005" lon="-75.6738">
    <ele>53.39000000000001</ele>
   </trkpt>
   <trkpt lat="45.48055" lon="-75.67376">
    <ele>53.46000000000001</ele>
   </trkpt>
   <trkpt lat="45.48127" lon="-75.67385">
    <ele>53.62</ele>
   </trkpt>
   <trkpt lat="45.481440000000006" lon="-75.67394">
    <ele>53.64000000000001</ele>
   </trkpt>
   <trkpt lat="45.48198000000001" lon="-75.67403">
    <ele>54.36000000000001</ele>
   </trkpt>
   <trkpt lat="45.482510000000005" lon="-75.67407">
    <ele>54.790000000000006</ele>
   </trkpt>
   <trkpt lat="45.482710000000004" lon="-75.67403">
    <ele>55.57</ele>
   </trkpt>
   <trkpt lat="45.482800000000005" lon="-75.67403">
    <ele>56.13</ele>
   </trkpt>
   <trkpt lat="45.48281" lon="-75.67408">
    <ele>56.35</ele>
   </trkpt>
   <trkpt lat="45.482780000000005" lon="-75.67421">
    <ele>56.260000000000005</ele>
   </trkpt>
   <trkpt lat="45.48286" lon="-75.67421">
    <ele>56.35</ele>
   </trkpt>
   <trkpt lat="45.48295" lon="-75.67429">
    <ele>56.330000000000005</ele>
   </trkpt>
   <trkpt lat="45.483070000000005" lon="-75.67434">
    <ele>56.480000000000004</ele>
   </trkpt>
   <trkpt lat="45.48326" lon="-75.67437000000001">
    <ele>56.52</ele>
   </trkpt>
   <trkpt lat="45.48324" lon="-75.67451000000001">
    <ele>56.230000000000004</ele>
   </trkpt>
   <trkpt lat="45.484100000159735" lon="-75.67462999818166">
    <ele>55.32</ele>
   </trkpt>
   <trkpt lat="45.48496" lon="-75.67475">
    <ele>55.260000000000005</ele>
   </trkpt>
   <trkpt lat="45.48516" lon="-75.67473000000001">
    <ele>55.17</ele>
   </trkpt>
   <trkpt lat="45.485330000000005" lon="-75.67479">
    <ele>55.190000000000005</ele>
   </trkpt>
   <trkpt lat="45.48606" lon="-75.67492">
    <ele>55.46</ele>
   </trkpt>
   <trkpt lat="45.48622" lon="-75.67492">
    <ele>55.81</ele>
   </trkpt>
   <trkpt lat="45.48631" lon="-75.67488">
    <ele>55.89</ele>
   </trkpt>
   <trkpt lat="45.48642" lon="-75.67493">
    <ele>55.790000000000006</ele>
   </trkpt>
   <trkpt lat="45.48729750024128" lon="-75.6750624938094">
    <ele>55.300000000000004</ele>
   </trkpt>
   <trkpt lat="45.4881750003294" lon="-75.67519499174688">
    <ele>55.46</ele>
   </trkpt>
   <trkpt lat="45.48905250026432" lon="-75.67532749381265">
    <ele>56.45</ele>
   </trkpt>
   <trkpt lat="45.48993" lon="-75.67546">
    <ele>57.790000000000006</ele>
   </trkpt>
   <trkpt lat="45.490390000000005" lon="-75.67555">
    <ele>58.78</ele>
   </trkpt>
   <trkpt lat="45.49047" lon="-75.67554000000001">
    <ele>58.84</ele>
   </trkpt>
   <trkpt lat="45.490570000000005" lon="-75.67541">
    <ele>58.71</ele>
   </trkpt>
   <trkpt lat="45.49065" lon="-75.67555">
    <ele>58.620000000000005</ele>
   </trkpt>
   <trkpt lat="45.491326666740356" lon="-75.6756399978378">
    <ele>58.550000000000004</ele>
   </trkpt>
   <trkpt lat="45.49200333341003" lon="-75.67572999783818">
    <ele>59.010000000000005</ele>
   </trkpt>
   <trkpt lat="45.49268000000001" lon="-75.67582">
    <ele>60.03000000000001</ele>
   </trkpt>
   <trkpt lat="45.49324000009633" lon="-75.67590999911486">
    <ele>60.620000000000005</ele>
   </trkpt>
   <trkpt lat="45.4938" lon="-75.676">
    <ele>61.76</ele>
   </trkpt>
   <trkpt lat="45.49392" lon="-75.676">
    <ele>61.76</ele>
   </trkpt>
   <trkpt lat="45.49398" lon="-75.67595">
    <ele>63.38</ele>
   </trkpt>
   <trkpt lat="45.49418000000001" lon="-75.67595">
    <ele>63.38</ele>
   </trkpt>
   <trkpt lat="45.49436" lon="-75.67598000000001">
    <ele>63.47</ele>
   </trkpt>
   <trkpt lat="45.49441" lon="-75.67588">
    <ele>63.5</ele>
   </trkpt>
   <trkpt lat="45.49501000005163" lon="-75.67594666524751">
    <ele>64.16000000000001</ele>
   </trkpt>
   <trkpt lat="45.49561000006445" lon="-75.67601333191557">
    <ele>66.28</ele>
   </trkpt>
   <trkpt lat="45.496210000000005" lon="-75.67608000000001">
    <ele>71.51</ele>
   </trkpt>
   <trkpt lat="45.49694600015726" lon="-75.67617599498044">
    <ele>79.42</ele>
   </trkpt>
   <trkpt lat="45.49768200023412" lon="-75.67627199247029">
    <ele>87.20000000000002</ele>
   </trkpt>
   <trkpt lat="45.49841800023056" lon="-75.67636799246971">
    <ele>92.81</ele>
   </trkpt>
   <trkpt lat="45.49915400014659" lon="-75.67646399497879">
    <ele>97.80000000000001</ele>
   </trkpt>
   <trkpt lat="45.49989" lon="-75.67656000000001">
    <ele>100.27000000000001</ele>
   </trkpt>
   <trkpt lat="45.50061666677168" lon="-75.67667666365298">
    <ele>100.98000000000002</ele>
   </trkpt>
   <trkpt lat="45.501343333424586" lon="-75.6767933303174">
    <ele>101.29</ele>
   </trkpt>
   <trkpt lat="45.50207" lon="-75.67691">
    <ele>102.68</ele>
   </trkpt>
   <trkpt lat="45.5027450000649" lon="-75.67700499886459">
    <ele>102.11</ele>
   </trkpt>
   <trkpt lat="45.503420000000006" lon="-75.67710000000001">
    <ele>101.85000000000001</ele>
   </trkpt>
   <trkpt lat="45.50402000005059" lon="-75.67717666503238">
    <ele>101.45000000000002</ele>
   </trkpt>
   <trkpt lat="45.5046200000499" lon="-75.67725333169894">
    <ele>101.71000000000001</ele>
   </trkpt>
   <trkpt lat="45.50522" lon="-75.67733000000001">
    <ele>102.4</ele>
   </trkpt>
   <trkpt lat="45.50565" lon="-75.67733000000001">
    <ele>103.36</ele>
   </trkpt>
   <trkpt lat="45.50634000002631" lon="-75.67742999877173">
    <ele>106.36000000000001</ele>
   </trkpt>
   <trkpt lat="45.50703" lon="-75.67753">
    <ele>109.30000000000001</ele>
   </trkpt>
   <trkpt lat="45.50789333342425" lon="-75.67762666370245">
    <ele>109.66000000000001</ele>
   </trkpt>
   <trkpt lat="45.50875666676697" lon="-75.6777233303701">
    <ele>104.87</ele>
   </trkpt>
   <trkpt lat="45.509620000000005" lon="-75.67782000000001">
    <ele>102.42000000000002</ele>
   </trkpt>
   <trkpt lat="45.510413333442216" lon="-75.677926663661">
    <ele>102.56000000000002</ele>
   </trkpt>
   <trkpt lat="45.511206666785164" lon="-75.67803333032889">
    <ele>102.56000000000002</ele>
   </trkpt>
   <trkpt lat="45.512" lon="-75.67814000000001">
    <ele>102.24000000000001</ele>
   </trkpt>
   <trkpt lat="45.512820000000005" lon="-75.67832">
    <ele>102.53</ele>
   </trkpt>
   <trkpt lat="45.51364333344452" lon="-75.67840999737103">
    <ele>102.51</ele>
   </trkpt>
   <trkpt lat="45.514466666818365" lon="-75.67849999737541">
    <ele>103.06000000000002</ele>
   </trkpt>
   <trkpt lat="45.51529" lon="-75.67859">
    <ele>103.68</ele>
   </trkpt>
   <trkpt lat="45.5160842859733" lon="-75.67869141998">
    <ele>103.68</ele>
   </trkpt>
   <trkpt lat="45.51687857185684" lon="-75.6787928428231">
    <ele>103.65</ele>
   </trkpt>
   <trkpt lat="45.51767285765064" lon="-75.67889426852948">
    <ele>103.8</ele>
   </trkpt>
   <trkpt lat="45.51846714335468" lon="-75.67899569709928">
    <ele>103.93</ele>
   </trkpt>
   <trkpt lat="45.519261428968946" lon="-75.67909712853265">
    <ele>104.36</ele>
   </trkpt>
   <trkpt lat="45.52005571449344" lon="-75.6791985628298">
    <ele>104.42000000000002</ele>
   </trkpt>
   <trkpt lat="45.52085" lon="-75.67930000000001">
    <ele>105.27</ele>
   </trkpt>
   <trkpt lat="45.52170416746756" lon="-75.67942914509456">
    <ele>103.36</ele>
   </trkpt>
   <trkpt lat="45.52255833478959" lon="-75.67955829411052">
    <ele>103.96000000000001</ele>
   </trkpt>
   <trkpt lat="45.52341250196607" lon="-75.67968744704817">
    <ele>104.75000000000001</ele>
   </trkpt>
   <trkpt lat="45.524266668997015" lon="-75.67981660390771">
    <ele>104.37</ele>
   </trkpt>
   <trkpt lat="45.52512083588242" lon="-75.67994576468938">
    <ele>104.82000000000001</ele>
   </trkpt>
   <trkpt lat="45.52597500262223" lon="-75.68007492939341">
    <ele>104.96000000000001</ele>
   </trkpt>
   <trkpt lat="45.52682916921649" lon="-75.68020409802006">
    <ele>105.87</ele>
   </trkpt>
   <trkpt lat="45.527683335665174" lon="-75.68033327056953">
    <ele>110.77000000000001</ele>
   </trkpt>
   <trkpt lat="45.528537501968266" lon="-75.6804624470421">
    <ele>113.88000000000001</ele>
   </trkpt>
   <trkpt lat="45.52939166812575" lon="-75.68059162743798">
    <ele>113.99000000000001</ele>
   </trkpt>
   <trkpt lat="45.530245834137624" lon="-75.6807208117574">
    <ele>109.6</ele>
   </trkpt>
   <trkpt lat="45.5311" lon="-75.68085">
    <ele>108.03000000000002</ele>
   </trkpt>
   <trkpt lat="45.531893333459884" lon="-75.68097666309103">
    <ele>108.26</ele>
   </trkpt>
   <trkpt lat="45.53268666677979" lon="-75.6811033297555">
    <ele>111.87</ele>
   </trkpt>
   <trkpt lat="45.533480000000004" lon="-75.68123">
    <ele>112.39</ele>
   </trkpt>
   <trkpt lat="45.53428666683873" lon="-75.68138332892819">
    <ele>112.91000000000001</ele>
   </trkpt>
   <trkpt lat="45.535093333472325" lon="-75.68153666225516">
    <ele>116.21000000000001</ele>
   </trkpt>
   <trkpt lat="45.535900000000005" lon="-75.68169">
    <ele>116.38000000000001</ele>
   </trkpt>
   <trkpt lat="45.5363600002583" lon="-75.68172999969465">
    <ele>116.12000000000002</ele>
   </trkpt>
   <trkpt lat="45.536820000000006" lon="-75.68177">
    <ele>114.89</ele>
   </trkpt>
   <trkpt lat="45.53692" lon="-75.68177">
    <ele>114.89</ele>
   </trkpt>
   <trkpt lat="45.53707000000001" lon="-75.68172000000001">
    <ele>114.64</ele>
   </trkpt>
   <trkpt lat="45.53717" lon="-75.68164">
    <ele>114.52000000000001</ele>
   </trkpt>
   <trkpt lat="45.537683335408936" lon="-75.68115000896498">
    <ele>114.84</ele>
   </trkpt>
   <trkpt lat="45.538196668723" lon="-75.6806600089835">
    <ele>113.68</ele>
   </trkpt>
   <trkpt lat="45.53871" lon="-75.68017">
    <ele>112.95</ele>
   </trkpt>
   <trkpt lat="45.53895000000001" lon="-75.68002000000001">
    <ele>112.87</ele>
   </trkpt>
   <trkpt lat="45.539170000000006" lon="-75.67989">
    <ele>112.48</ele>
   </trkpt>
   <trkpt lat="45.539410000000004" lon="-75.6798">
    <ele>112.03</ele>
   </trkpt>
   <trkpt lat="45.539620000000006" lon="-75.67979000000001">
    <ele>112.24000000000001</ele>
   </trkpt>
   <trkpt lat="45.539880000000004" lon="-75.67979000000001">
    <ele>112.36000000000001</ele>
   </trkpt>
   <trkpt lat="45.540090000000006" lon="-75.6798">
    <ele>112.53</ele>
   </trkpt>
   <trkpt lat="45.54021" lon="-75.67985">
    <ele>112.53</ele>
   </trkpt>
   <trkpt lat="45.54066" lon="-75.68011">
    <ele>113.16000000000001</ele>
   </trkpt>
   <trkpt lat="45.54124" lon="-75.68078000000001">
    <ele>113.21000000000001</ele>
   </trkpt>
   <trkpt lat="45.541340000000005" lon="-75.68096000000001">
    <ele>113.0</ele>
   </trkpt>
   <trkpt lat="45.54144" lon="-75.68119">
    <ele>112.17</ele>
   </trkpt>
   <trkpt lat="45.541540000000005" lon="-75.6815">
    <ele>111.4</ele>
   </trkpt>
   <trkpt lat="45.5416" lon="-75.68186">
    <ele>110.34</ele>
   </trkpt>
   <trkpt lat="45.54168000000001" lon="-75.68213">
    <ele>110.00000000000001</ele>
   </trkpt>
   <trkpt lat="45.54187" lon="-75.68244">
    <ele>109.86000000000001</ele>
   </trkpt>
   <trkpt lat="45.542060000000006" lon="-75.68253">
    <ele>109.41000000000001</ele>
   </trkpt>
   <trkpt lat="45.542170000000006" lon="-75.68253">
    <ele>109.23</ele>
   </trkpt>
   <trkpt lat="45.542320000000004" lon="-75.68258">
    <ele>109.09</ele>
   </trkpt>
   <trkpt lat="45.54294499992036" lon="-75.68265999909687">
    <ele>109.79</ele>
   </trkpt>
   <trkpt lat="45.54357" lon="-75.68274000000001">
    <ele>110.45</ele>
   </trkpt>
   <trkpt lat="45.544270000000004" lon="-75.68285">
    <ele>109.77000000000001</ele>
   </trkpt>
   <trkpt lat="45.54487666671181" lon="-75.68292333175033">
    <ele>110.23</ele>
   </trkpt>
   <trkpt lat="45.5454833333767" lon="-75.68299666508342">
    <ele>110.57000000000001</ele>
   </trkpt>
   <trkpt lat="45.54609000000001" lon="-75.68307">
    <ele>111.49000000000001</ele>
   </trkpt>
   <trkpt lat="45.54627000000001" lon="-75.68315000000001">
    <ele>110.81</ele>
   </trkpt>
   <trkpt lat="45.54693" lon="-75.68324000000001">
    <ele>110.68</ele>
   </trkpt>
   <trkpt lat="45.546960000000006" lon="-75.68321">
    <ele>110.68</ele>
   </trkpt>
   <trkpt lat="45.547686666766886" lon="-75.68331333066263">
    <ele>111.25000000000001</ele>
   </trkpt>
   <trkpt lat="45.54841333344061" lon="-75.68341666399692">
    <ele>111.88000000000001</ele>
   </trkpt>
   <trkpt lat="45.54914" lon="-75.68352">
    <ele>112.75</ele>
   </trkpt>
   <trkpt lat="45.54977000003066" lon="-75.6835933316875">
    <ele>114.52000000000001</ele>
   </trkpt>
   <trkpt lat="45.55040000001441" lon="-75.68366666501892">
    <ele>117.98000000000002</ele>
   </trkpt>
   <trkpt lat="45.551030000000004" lon="-75.68374">
    <ele>118.76</ele>
   </trkpt>
   <trkpt lat="45.551500000000004" lon="-75.68388">
    <ele>115.98000000000002</ele>
   </trkpt>
   <trkpt lat="45.55189" lon="-75.68396000000001">
    <ele>114.03</ele>
   </trkpt>
   <trkpt lat="45.552420000000005" lon="-75.68397">
    <ele>115.34</ele>
   </trkpt>
   <trkpt lat="45.552690000000005" lon="-75.68401">
    <ele>117.27000000000001</ele>
   </trkpt>
   <trkpt lat="45.55303000000001" lon="-75.68401">
    <ele>120.44</ele>
   </trkpt>
   <trkpt lat="45.55362000018068" lon="-75.68407499933546">
    <ele>128.07999999999998</ele>
   </trkpt>
   <trkpt lat="45.554210000000005" lon="-75.68414">
    <ele>131.03</ele>
   </trkpt>
   <trkpt lat="45.554660000000005" lon="-75.68414">
    <ele>131.70000000000002</ele>
   </trkpt>
   <trkpt lat="45.555020000000006" lon="-75.68423">
    <ele>133.09</ele>
   </trkpt>
   <trkpt lat="45.55539" lon="-75.68441">
    <ele>134.20000000000002</ele>
   </trkpt>
   <trkpt lat="45.55568" lon="-75.6845">
    <ele>135.45000000000002</ele>
   </trkpt>
   <trkpt lat="45.555980000000005" lon="-75.68455">
    <ele>136.75</ele>
   </trkpt>
   <trkpt lat="45.55637" lon="-75.68459">
    <ele>137.31</ele>
   </trkpt>
   <trkpt lat="45.55651" lon="-75.68464">
    <ele>138.02</ele>
   </trkpt>
   <trkpt lat="45.556700000000006" lon="-75.68467000000001">
    <ele>138.58</ele>
   </trkpt>
   <trkpt lat="45.55689" lon="-75.68464">
    <ele>139.49</ele>
   </trkpt>
   <trkpt lat="45.55727" lon="-75.68472000000001">
    <ele>141.65</ele>
   </trkpt>
   <trkpt lat="45.557480000000005" lon="-75.68478">
    <ele>142.93</ele>
   </trkpt>
   <trkpt lat="45.55782000000001" lon="-75.68503000000001">
    <ele>143.95000000000002</ele>
   </trkpt>
   <trkpt lat="45.55800000000001" lon="-75.68517">
    <ele>144.89000000000001</ele>
   </trkpt>
   <trkpt lat="45.558170000000004" lon="-75.68526">
    <ele>146.09000000000003</ele>
   </trkpt>
   <trkpt lat="45.55825" lon="-75.68526">
    <ele>146.09000000000003</ele>
   </trkpt>
   <trkpt lat="45.55847000000001" lon="-75.68517">
    <ele>149.11</ele>
   </trkpt>
   <trkpt lat="45.558890000000005" lon="-75.68482">
    <ele>152.64000000000001</ele>
   </trkpt>
   <trkpt lat="45.559000000000005" lon="-75.68481000000001">
    <ele>152.64000000000001</ele>
   </trkpt>
   <trkpt lat="45.55966" lon="-75.68486">
    <ele>155.38000000000002</ele>
   </trkpt>
   <trkpt lat="45.559920000000005" lon="-75.68495">
    <ele>156.05</ele>
   </trkpt>
   <trkpt lat="45.56002" lon="-75.68496">
    <ele>156.66000000000003</ele>
   </trkpt>
   <trkpt lat="45.56018" lon="-75.68495">
    <ele>156.93</ele>
   </trkpt>
   <trkpt lat="45.560480000000005" lon="-75.68486">
    <ele>158.04000000000002</ele>
   </trkpt>
   <trkpt lat="45.56058" lon="-75.68486">
    <ele>158.07000000000002</ele>
   </trkpt>
   <trkpt lat="45.56065" lon="-75.68491">
    <ele>157.98000000000002</ele>
   </trkpt>
   <trkpt lat="45.561080000000004" lon="-75.6854">
    <ele>154.58</ele>
   </trkpt>
   <trkpt lat="45.56179" lon="-75.68606000000001">
    <ele>149.3</ele>
   </trkpt>
   <trkpt lat="45.562000000000005" lon="-75.68616">
    <ele>148.37</ele>
   </trkpt>
   <trkpt lat="45.562110000000004" lon="-75.68616">
    <ele>148.37</ele>
   </trkpt>
   <trkpt lat="45.56233" lon="-75.68611">
    <ele>147.76</ele>
   </trkpt>
   <trkpt lat="45.562580000000004" lon="-75.68598">
    <ele>147.52</ele>
   </trkpt>
   <trkpt lat="45.562850000000005" lon="-75.68579000000001">
    <ele>146.58</ele>
   </trkpt>
   <trkpt lat="45.563140000000004" lon="-75.68549">
    <ele>145.42000000000002</ele>
   </trkpt>
   <trkpt lat="45.563520000000004" lon="-75.68531">
    <ele>143.55</ele>
   </trkpt>
   <trkpt lat="45.563680000000005" lon="-75.68518">
    <ele>142.93</ele>
   </trkpt>
   <trkpt lat="45.563860000000005" lon="-75.68512000000001">
    <ele>142.75</ele>
   </trkpt>
   <trkpt lat="45.564690000000006" lon="-75.68522">
    <ele>141.64000000000001</ele>
   </trkpt>
   <trkpt lat="45.565000000000005" lon="-75.68522">
    <ele>141.55</ele>
   </trkpt>
   <trkpt lat="45.565290000000005" lon="-75.68512000000001">
    <ele>140.88</ele>
   </trkpt>
   <trkpt lat="45.565400000000004" lon="-75.6851">
    <ele>140.36</ele>
   </trkpt>
   <trkpt lat="45.565720000000006" lon="-75.68526">
    <ele>138.17000000000002</ele>
   </trkpt>
   <trkpt lat="45.56618" lon="-75.68545">
    <ele>136.65</ele>
   </trkpt>
   <trkpt lat="45.56626000000001" lon="-75.68548000000001">
    <ele>136.65</ele>
   </trkpt>
   <trkpt lat="45.56635000000001" lon="-75.68544">
    <ele>136.65</ele>
   </trkpt>
   <trkpt lat="45.566520000000004" lon="-75.68527">
    <ele>136.46</ele>
   </trkpt>
   <trkpt lat="45.566680000000005" lon="-75.68499">
    <ele>135.91</ele>
   </trkpt>
   <trkpt lat="45.56700000000001" lon="-75.68419">
    <ele>133.84</ele>
   </trkpt>
   <trkpt lat="45.5671" lon="-75.68400000000001">
    <ele>132.45000000000002</ele>
   </trkpt>
   <trkpt lat="45.567640000000004" lon="-75.68329">
    <ele>127.72</ele>
   </trkpt>
   <trkpt lat="45.56805000000001" lon="-75.68279000000001">
    <ele>126.08</ele>
   </trkpt>
   <trkpt lat="45.568430000000006" lon="-75.68208">
    <ele>124.7</ele>
   </trkpt>
   <trkpt lat="45.568650000000005" lon="-75.68182">
    <ele>124.27</ele>
   </trkpt>
   <trkpt lat="45.569030000000005" lon="-75.68146">
    <ele>123.80000000000001</ele>
   </trkpt>
   <trkpt lat="45.56936" lon="-75.68106">
    <ele>123.50000000000001</ele>
   </trkpt>
   <trkpt lat="45.56956" lon="-75.68088">
    <ele>123.4</ele>
   </trkpt>
   <trkpt lat="45.57011666852521" lon="-75.68042000910792">
    <ele>123.29</ele>
   </trkpt>
   <trkpt lat="45.570673335204255" lon="-75.67996000909781">
    <ele>122.74000000000001</ele>
   </trkpt>
   <trkpt lat="45.57123000000001" lon="-75.6795">
    <ele>122.17000000000002</ele>
   </trkpt>
   <trkpt lat="45.57142" lon="-75.6794">
    <ele>122.38000000000001</ele>
   </trkpt>
   <trkpt lat="45.57186" lon="-75.67918">
    <ele>122.86000000000001</ele>
   </trkpt>
   <trkpt lat="45.572190000000006" lon="-75.67913">
    <ele>122.71000000000001</ele>
   </trkpt>
   <trkpt lat="45.57253" lon="-75.679">
    <ele>122.59</ele>
   </trkpt>
   <trkpt lat="45.57292" lon="-75.67876000000001">
    <ele>122.79</ele>
   </trkpt>
   <trkpt lat="45.573010000000004" lon="-75.67868">
    <ele>122.72000000000001</ele>
   </trkpt>
   <trkpt lat="45.57316" lon="-75.6785">
    <ele>122.73</ele>
   </trkpt>
   <trkpt lat="45.57352500202496" lon="-75.67783000423216">
    <ele>122.9</ele>
   </trkpt>
   <trkpt lat="45.573890000000006" lon="-75.67716">
    <ele>122.95</ele>
   </trkpt>
   <trkpt lat="45.57405000000001" lon="-75.67698">
    <ele>123.3</ele>
   </trkpt>
   <trkpt lat="45.57421" lon="-75.67684000000001">
    <ele>124.01</ele>
   </trkpt>
   <trkpt lat="45.57443000000001" lon="-75.67667">
    <ele>124.52</ele>
   </trkpt>
   <trkpt lat="45.57490000000001" lon="-75.67644">
    <ele>126.48</ele>
   </trkpt>
   <trkpt lat="45.575100000000006" lon="-75.67622">
    <ele>128.07999999999998</ele>
   </trkpt>
   <trkpt lat="45.575430000000004" lon="-75.67596">
    <ele>131.31</ele>
   </trkpt>
   <trkpt lat="45.57569" lon="-75.67594000000001">
    <ele>134.76000000000002</ele>
   </trkpt>
   <trkpt lat="45.575810000000004" lon="-75.67599000000001">
    <ele>136.46</ele>
   </trkpt>
   <trkpt lat="45.576190000000004" lon="-75.67604">
    <ele>140.94</ele>
   </trkpt>
   <trkpt lat="45.576440000000005" lon="-75.67618">
    <ele>145.68</ele>
   </trkpt>
   <trkpt lat="45.576750000000004" lon="-75.67622">
    <ele>148.61</ele>
   </trkpt>
   <trkpt lat="45.57701" lon="-75.67622">
    <ele>149.8</ele>
   </trkpt>
   <trkpt lat="45.577630000000006" lon="-75.676">
    <ele>149.74</ele>
   </trkpt>
   <trkpt lat="45.57795" lon="-75.67582">
    <ele>149.7</ele>
   </trkpt>
   <trkpt lat="45.57808000000001" lon="-75.67568">
    <ele>149.86</ele>
   </trkpt>
   <trkpt lat="45.57826" lon="-75.67542">
    <ele>149.86</ele>
   </trkpt>
   <trkpt lat="45.5784" lon="-75.67532">
    <ele>149.8</ele>
   </trkpt>
   <trkpt lat="45.57851" lon="-75.67515">
    <ele>149.75000000000003</ele>
   </trkpt>
   <trkpt lat="45.578790000000005" lon="-75.67492">
    <ele>149.67000000000002</ele>
   </trkpt>
   <trkpt lat="45.578920000000004" lon="-75.67483">
    <ele>149.68</ele>
   </trkpt>
   <trkpt lat="45.579100000000004" lon="-75.67475">
    <ele>149.89000000000001</ele>
   </trkpt>
   <trkpt lat="45.57978000000001" lon="-75.67469000000001">
    <ele>150.45</ele>
   </trkpt>
   <trkpt lat="45.57992" lon="-75.67465">
    <ele>151.74</ele>
   </trkpt>
   <trkpt lat="45.580130000000004" lon="-75.67451000000001">
    <ele>152.04</ele>
   </trkpt>
   <trkpt lat="45.580310000000004" lon="-75.6743">
    <ele>152.41000000000003</ele>
   </trkpt>
   <trkpt lat="45.580600000000004" lon="-75.67406000000001">
    <ele>153.32000000000002</ele>
   </trkpt>
   <trkpt lat="45.58106" lon="-75.67389">
    <ele>155.60000000000002</ele>
   </trkpt>
   <trkpt lat="45.58137000000001" lon="-75.6738">
    <ele>159.19000000000003</ele>
   </trkpt>
   <trkpt lat="45.582100000000004" lon="-75.67344">
    <ele>163.12</ele>
   </trkpt>
   <trkpt lat="45.58227" lon="-75.67327">
    <ele>163.08</ele>
   </trkpt>
   <trkpt lat="45.58234" lon="-75.67314">
    <ele>162.29000000000002</ele>
   </trkpt>
   <trkpt lat="45.582660000000004" lon="-75.67295">
    <ele>161.72</ele>
   </trkpt>
   <trkpt lat="45.582890000000006" lon="-75.67291">
    <ele>162.04999999999998</ele>
   </trkpt>
   <trkpt lat="45.583290000000005" lon="-75.67291">
    <ele>163.81</ele>
   </trkpt>
   <trkpt lat="45.583580000000005" lon="-75.67285000000001">
    <ele>166.95000000000002</ele>
   </trkpt>
   <trkpt lat="45.58372000000001" lon="-75.67268">
    <ele>168.14000000000001</ele>
   </trkpt>
   <trkpt lat="45.58381000000001" lon="-75.67255">
    <ele>169.06</ele>
   </trkpt>
   <trkpt lat="45.583920000000006" lon="-75.67245000000001">
    <ele>169.69</ele>
   </trkpt>
   <trkpt lat="45.58422" lon="-75.67224">
    <ele>170.81</ele>
   </trkpt>
   <trkpt lat="45.58475000000001" lon="-75.67205000000001">
    <ele>172.99</ele>
   </trkpt>
   <trkpt lat="45.58512" lon="-75.67197">
    <ele>175.93</ele>
   </trkpt>
   <trkpt lat="45.58554" lon="-75.67193">
    <ele>181.08</ele>
   </trkpt>
   <trkpt lat="45.585840000000005" lon="-75.67197">
    <ele>184.76</ele>
   </trkpt>
   <trkpt lat="45.58616000000001" lon="-75.67206">
    <ele>190.59</ele>
   </trkpt>
   <trkpt lat="45.586330000000004" lon="-75.67206">
    <ele>192.27</ele>
   </trkpt>
   <trkpt lat="45.586450000000006" lon="-75.67205000000001">
    <ele>194.05</ele>
   </trkpt>
   <trkpt lat="45.586600000000004" lon="-75.67196000000001">
    <ele>195.13000000000002</ele>
   </trkpt>
   <trkpt lat="45.586800000000004" lon="-75.67148">
    <ele>197.15</ele>
   </trkpt>
   <trkpt lat="45.586850000000005" lon="-75.67125">
    <ele>197.35000000000002</ele>
   </trkpt>
   <trkpt lat="45.586850000000005" lon="-75.67103">
    <ele>197.04000000000002</ele>
   </trkpt>
   <trkpt lat="45.58691" lon="-75.67068">
    <ele>196.29000000000002</ele>
   </trkpt>
   <trkpt lat="45.58702" lon="-75.67044">
    <ele>194.76000000000002</ele>
   </trkpt>
   <trkpt lat="45.587320000000005" lon="-75.66987">
    <ele>191.05</ele>
   </trkpt>
   <trkpt lat="45.587450000000004" lon="-75.66954000000001">
    <ele>189.52</ele>
   </trkpt>
   <trkpt lat="45.587590000000006" lon="-75.66924">
    <ele>186.56</ele>
   </trkpt>
   <trkpt lat="45.588" lon="-75.6687">
    <ele>181.95000000000002</ele>
   </trkpt>
   <trkpt lat="45.588640000000005" lon="-75.66797000000001">
    <ele>178.3</ele>
   </trkpt>
   <trkpt lat="45.58883" lon="-75.66768">
    <ele>178.00000000000003</ele>
   </trkpt>
   <trkpt lat="45.58912" lon="-75.66718">
    <ele>177.31000000000003</ele>
   </trkpt>
   <trkpt lat="45.58939" lon="-75.66695">
    <ele>175.94</ele>
   </trkpt>
   <trkpt lat="45.59010000000001" lon="-75.66655">
    <ele>167.81</ele>
   </trkpt>
   <trkpt lat="45.59057000000001" lon="-75.66616">
    <ele>164.21</ele>
   </trkpt>
   <trkpt lat="45.590700000000005" lon="-75.66602">
    <ele>163.63000000000002</ele>
   </trkpt>
   <trkpt lat="45.591010000000004" lon="-75.66575">
    <ele>162.06</ele>
   </trkpt>
   <trkpt lat="45.59125" lon="-75.66547">
    <ele>161.55</ele>
   </trkpt>
   <trkpt lat="45.591460000000005" lon="-75.66520000000001">
    <ele>161.31</ele>
   </trkpt>
   <trkpt lat="45.59161" lon="-75.66485">
    <ele>161.11</ele>
   </trkpt>
   <trkpt lat="45.591710000000006" lon="-75.6644">
    <ele>160.57999999999998</ele>
   </trkpt>
   <trkpt lat="45.59172" lon="-75.66409">
    <ele>159.71</ele>
   </trkpt>
   <trkpt lat="45.5917" lon="-75.66392">
    <ele>158.60000000000002</ele>
   </trkpt>
   <trkpt lat="45.5917" lon="-75.66315">
    <ele>154.50000000000003</ele>
   </trkpt>
   <trkpt lat="45.59172" lon="-75.6627">
    <ele>151.77</ele>
   </trkpt>
   <trkpt lat="45.59179" lon="-75.66239">
    <ele>150.53000000000003</ele>
   </trkpt>
   <trkpt lat="45.59192" lon="-75.66216">
    <ele>149.65</ele>
   </trkpt>
   <trkpt lat="45.59217" lon="-75.66199">
    <ele>148.96</ele>
   </trkpt>
   <trkpt lat="45.59228" lon="-75.66195">
    <ele>148.77</ele>
   </trkpt>
   <trkpt lat="45.592420000000004" lon="-75.66194">
    <ele>148.8</ele>
   </trkpt>
   <trkpt lat="45.592980000000004" lon="-75.66195">
    <ele>149.81</ele>
   </trkpt>
   <trkpt lat="45.593210000000006" lon="-75.66203">
    <ele>149.82</ele>
   </trkpt>
   <trkpt lat="45.59335" lon="-75.66216">
    <ele>149.45</ele>
   </trkpt>
   <trkpt lat="45.59376" lon="-75.66284">
    <ele>144.48000000000002</ele>
   </trkpt>
   <trkpt lat="45.59394" lon="-75.66306">
    <ele>142.99</ele>
   </trkpt>
   <trkpt lat="45.59416" lon="-75.66319">
    <ele>142.19</ele>
   </trkpt>
   <trkpt lat="45.59434" lon="-75.66324">
    <ele>141.62000000000003</ele>
   </trkpt>
   <trkpt lat="45.594730000000006" lon="-75.66319">
    <ele>140.09</ele>
   </trkpt>
   <trkpt lat="45.59528" lon="-75.66292">
    <ele>133.87</ele>
   </trkpt>
   <trkpt lat="45.595490000000005" lon="-75.6628">
    <ele>132.16</ele>
   </trkpt>
   <trkpt lat="45.59559" lon="-75.66271">
    <ele>131.48000000000002</ele>
   </trkpt>
   <trkpt lat="45.595690000000005" lon="-75.66257">
    <ele>131.29000000000002</ele>
   </trkpt>
   <trkpt lat="45.596210000000006" lon="-75.66157000000001">
    <ele>130.51000000000002</ele>
   </trkpt>
   <trkpt lat="45.59626" lon="-75.66127">
    <ele>129.91</ele>
   </trkpt>
   <trkpt lat="45.59626" lon="-75.66113">
    <ele>129.91</ele>
   </trkpt>
   <trkpt lat="45.596230000000006" lon="-75.66099000000001">
    <ele>128.81</ele>
   </trkpt>
   <trkpt lat="45.596210000000006" lon="-75.66066000000001">
    <ele>128.31</ele>
   </trkpt>
   <trkpt lat="45.596090000000004" lon="-75.65947000000001">
    <ele>124.78000000000002</ele>
   </trkpt>
   <trkpt lat="45.59608" lon="-75.65872">
    <ele>124.76</ele>
   </trkpt>
   <trkpt lat="45.596120000000006" lon="-75.65831">
    <ele>127.4</ele>
   </trkpt>
   <trkpt lat="45.596270000000004" lon="-75.65728">
    <ele>128.23000000000002</ele>
   </trkpt>
   <trkpt lat="45.596410000000006" lon="-75.65612">
    <ele>128.04999999999998</ele>
   </trkpt>
   <trkpt lat="45.59646" lon="-75.65589">
    <ele>127.89</ele>
   </trkpt>
   <trkpt lat="45.59653" lon="-75.65495">
    <ele>127.09</ele>
   </trkpt>
   <trkpt lat="45.59657000000001" lon="-75.65382000000001">
    <ele>124.83000000000001</ele>
   </trkpt>
   <trkpt lat="45.5966" lon="-75.65342000000001">
    <ele>124.07000000000001</ele>
   </trkpt>
   <trkpt lat="45.5966" lon="-75.6533">
    <ele>123.7</ele>
   </trkpt>
   <trkpt lat="45.596740000000004" lon="-75.6524">
    <ele>124.32000000000001</ele>
   </trkpt>
   <trkpt lat="45.596810000000005" lon="-75.65169">
    <ele>126.15</ele>
   </trkpt>
   <trkpt lat="45.59685" lon="-75.65079">
    <ele>124.34</ele>
   </trkpt>
   <trkpt lat="45.59695000000001" lon="-75.65039">
    <ele>123.25000000000001</ele>
   </trkpt>
   <trkpt lat="45.59711" lon="-75.65007">
    <ele>122.05</ele>
   </trkpt>
   <trkpt lat="45.597170000000006" lon="-75.64989">
    <ele>119.81000000000002</ele>
   </trkpt>
   <trkpt lat="45.597240000000006" lon="-75.64945">
    <ele>118.95000000000002</ele>
   </trkpt>
   <trkpt lat="45.597300000000004" lon="-75.64873">
    <ele>119.20000000000002</ele>
   </trkpt>
   <trkpt lat="45.597300000000004" lon="-75.64855">
    <ele>119.24000000000001</ele>
   </trkpt>
   <trkpt lat="45.59727" lon="-75.64838">
    <ele>119.37</ele>
   </trkpt>
   <trkpt lat="45.59716" lon="-75.64806">
    <ele>119.9</ele>
   </trkpt>
   <trkpt lat="45.596880000000006" lon="-75.64739">
    <ele>119.82000000000001</ele>
   </trkpt>
   <trkpt lat="45.59677000000001" lon="-75.64694">
    <ele>119.07000000000001</ele>
   </trkpt>
   <trkpt lat="45.59655500658528" lon="-75.64570999520407">
    <ele>118.88000000000001</ele>
   </trkpt>
   <trkpt lat="45.596340000000005" lon="-75.64448">
    <ele>117.99000000000001</ele>
   </trkpt>
   <trkpt lat="45.59637000183155" lon="-75.643834999986">
    <ele>117.43</ele>
   </trkpt>
   <trkpt lat="45.5964" lon="-75.64319">
    <ele>116.95</ele>
   </trkpt>
   <trkpt lat="45.596270000000004" lon="-75.64219">
    <ele>116.10000000000001</ele>
   </trkpt>
   <trkpt lat="45.596320000000006" lon="-75.64120000000001">
    <ele>116.12000000000002</ele>
   </trkpt>
   <trkpt lat="45.59628000000001" lon="-75.64073">
    <ele>117.11</ele>
   </trkpt>
   <trkpt lat="45.59637" lon="-75.64054">
    <ele>117.37000000000002</ele>
   </trkpt>
   <trkpt lat="45.596740000000004" lon="-75.64027">
    <ele>118.88000000000001</ele>
   </trkpt>
   <trkpt lat="45.59693" lon="-75.64017000000001">
    <ele>120.65</ele>
   </trkpt>
   <trkpt lat="45.59722000000001" lon="-75.64009">
    <ele>122.13000000000001</ele>
   </trkpt>
   <trkpt lat="45.59745" lon="-75.63996">
    <ele>123.36000000000001</ele>
   </trkpt>
   <trkpt lat="45.597730000000006" lon="-75.63978">
    <ele>123.78000000000002</ele>
   </trkpt>
   <trkpt lat="45.59785" lon="-75.63968000000001">
    <ele>124.07000000000001</ele>
   </trkpt>
   <trkpt lat="45.59796" lon="-75.63951">
    <ele>124.07000000000001</ele>
   </trkpt>
   <trkpt lat="45.598130000000005" lon="-75.63915">
    <ele>124.30000000000001</ele>
   </trkpt>
   <trkpt lat="45.598180000000006" lon="-75.63897">
    <ele>124.39000000000001</ele>
   </trkpt>
   <trkpt lat="45.59823" lon="-75.6383">
    <ele>124.06</ele>
   </trkpt>
   <trkpt lat="45.598380000000006" lon="-75.63745">
    <ele>123.00000000000001</ele>
   </trkpt>
   <trkpt lat="45.59841" lon="-75.63684">
    <ele>123.34</ele>
   </trkpt>
   <trkpt lat="45.59850000645173" lon="-75.63598000276923">
    <ele>124.4</ele>
   </trkpt>
   <trkpt lat="45.59859000645066" lon="-75.63512000277954">
    <ele>126.05000000000003</ele>
   </trkpt>
   <trkpt lat="45.59868" lon="-75.63426000000001">
    <ele>126.93</ele>
   </trkpt>
   <trkpt lat="45.59873500266023" lon="-75.6334800006773">
    <ele>127.12</ele>
   </trkpt>
   <trkpt lat="45.59879" lon="-75.6327">
    <ele>127.83</ele>
   </trkpt>
   <trkpt lat="45.598870000000005" lon="-75.63199">
    <ele>130.13000000000002</ele>
   </trkpt>
   <trkpt lat="45.59893" lon="-75.631">
    <ele>134.41</ele>
   </trkpt>
   <trkpt lat="45.59901500182149" lon="-75.63035500092676">
    <ele>140.87000000000003</ele>
   </trkpt>
   <trkpt lat="45.59910000000001" lon="-75.62971">
    <ele>144.39000000000001</ele>
   </trkpt>
   <trkpt lat="45.59928" lon="-75.62917">
    <ele>143.39000000000001</ele>
   </trkpt>
   <trkpt lat="45.59953" lon="-75.62864">
    <ele>143.54</ele>
   </trkpt>
   <trkpt lat="45.59971" lon="-75.62796">
    <ele>144.89000000000001</ele>
   </trkpt>
   <trkpt lat="45.599720000000005" lon="-75.62779">
    <ele>146.45000000000002</ele>
   </trkpt>
   <trkpt lat="45.599680000000006" lon="-75.62747">
    <ele>147.48</ele>
   </trkpt>
   <trkpt lat="45.59964" lon="-75.62729">
    <ele>147.63</ele>
   </trkpt>
   <trkpt lat="45.599610000000006" lon="-75.62724">
    <ele>147.56000000000003</ele>
   </trkpt>
   <trkpt lat="45.59949" lon="-75.62685">
    <ele>146.09000000000003</ele>
   </trkpt>
   <trkpt lat="45.599430000000005" lon="-75.62661">
    <ele>144.49</ele>
   </trkpt>
   <trkpt lat="45.59933" lon="-75.62603">
    <ele>138.92000000000002</ele>
   </trkpt>
   <trkpt lat="45.59930000000001" lon="-75.62576">
    <ele>136.54000000000002</ele>
   </trkpt>
   <trkpt lat="45.59929" lon="-75.62541">
    <ele>134.3</ele>
   </trkpt>
   <trkpt lat="45.599360000000004" lon="-75.62478">
    <ele>129.75</ele>
   </trkpt>
   <trkpt lat="45.599430000000005" lon="-75.62433">
    <ele>127.0</ele>
   </trkpt>
   <trkpt lat="45.599560000000004" lon="-75.62394">
    <ele>127.65</ele>
   </trkpt>
   <trkpt lat="45.59975" lon="-75.62361">
    <ele>129.57000000000002</ele>
   </trkpt>
   <trkpt lat="45.60004000000001" lon="-75.62294">
    <ele>136.6</ele>
   </trkpt>
   <trkpt lat="45.60014" lon="-75.62263">
    <ele>139.28</ele>
   </trkpt>
   <trkpt lat="45.600390000000004" lon="-75.62152">
    <ele>140.1</ele>
   </trkpt>
   <trkpt lat="45.600440000000006" lon="-75.62138">
    <ele>139.98000000000002</ele>
   </trkpt>
   <trkpt lat="45.60065" lon="-75.62097">
    <ele>140.31</ele>
   </trkpt>
   <trkpt lat="45.600820000000006" lon="-75.6208">
    <ele>140.91</ele>
   </trkpt>
   <trkpt lat="45.60083" lon="-75.6208">
    <ele>140.92000000000002</ele>
   </trkpt>
   <trkpt lat="45.600910000000006" lon="-75.62093">
    <ele>142.44</ele>
   </trkpt>
   <trkpt lat="45.60108" lon="-75.62106">
    <ele>143.14000000000001</ele>
   </trkpt>
   <trkpt lat="45.601330000000004" lon="-75.62110000000001">
    <ele>145.99</ele>
   </trkpt>
   <trkpt lat="45.601910000000004" lon="-75.62103">
    <ele>153.8</ele>
   </trkpt>
   <trkpt lat="45.602090000000004" lon="-75.62106">
    <ele>156.97000000000003</ele>
   </trkpt>
   <trkpt lat="45.60228" lon="-75.62111">
    <ele>158.93</ele>
   </trkpt>
   <trkpt lat="45.60246" lon="-75.6212">
    <ele>160.46</ele>
   </trkpt>
   <trkpt lat="45.602790000000006" lon="-75.62145000000001">
    <ele>160.31</ele>
   </trkpt>
   <trkpt lat="45.60324000000001" lon="-75.62191">
    <ele>157.22000000000003</ele>
   </trkpt>
   <trkpt lat="45.60363" lon="-75.62225000000001">
    <ele>154.37</ele>
   </trkpt>
   <trkpt lat="45.60419" lon="-75.62281">
    <ele>150.78000000000003</ele>
   </trkpt>
   <trkpt lat="45.60479333741366" lon="-75.62349665185857">
    <ele>145.25000000000003</ele>
   </trkpt>
   <trkpt lat="45.605396670713596" lon="-75.624183318487">
    <ele>143.56000000000003</ele>
   </trkpt>
   <trkpt lat="45.606" lon="-75.62487">
    <ele>142.91</ele>
   </trkpt>
   <trkpt lat="45.606320000000004" lon="-75.62517000000001">
    <ele>142.81000000000003</ele>
   </trkpt>
   <trkpt lat="45.60683" lon="-75.62549">
    <ele>142.96</ele>
   </trkpt>
   <trkpt lat="45.60701" lon="-75.62555">
    <ele>143.07</ele>
   </trkpt>
   <trkpt lat="45.607380000000006" lon="-75.62567">
    <ele>143.65</ele>
   </trkpt>
   <trkpt lat="45.60775" lon="-75.62568">
    <ele>144.71</ele>
   </trkpt>
   <trkpt lat="45.60831999995539" lon="-75.62563000051296">
    <ele>147.63</ele>
   </trkpt>
   <trkpt lat="45.60889" lon="-75.62558">
    <ele>150.04</ele>
   </trkpt>
   <trkpt lat="45.609080000000006" lon="-75.62558">
    <ele>151.16000000000003</ele>
   </trkpt>
   <trkpt lat="45.60945" lon="-75.62563">
    <ele>151.81</ele>
   </trkpt>
   <trkpt lat="45.60963" lon="-75.62567">
    <ele>152.39000000000001</ele>
   </trkpt>
   <trkpt lat="45.60999" lon="-75.62581">
    <ele>152.57000000000002</ele>
   </trkpt>
   <trkpt lat="45.610170000000004" lon="-75.62591">
    <ele>152.44000000000003</ele>
   </trkpt>
   <trkpt lat="45.610510000000005" lon="-75.62617">
    <ele>151.77</ele>
   </trkpt>
   <trkpt lat="45.6111950050843" lon="-75.6267949770745">
    <ele>148.43</ele>
   </trkpt>
   <trkpt lat="45.61188000676069" lon="-75.62741996941536">
    <ele>145.99</ele>
   </trkpt>
   <trkpt lat="45.61256500502904" lon="-75.62804497702325">
    <ele>145.52</ele>
   </trkpt>
   <trkpt lat="45.61325" lon="-75.62867">
    <ele>146.06000000000003</ele>
   </trkpt>
   <trkpt lat="45.61359" lon="-75.62893000000001">
    <ele>146.33</ele>
   </trkpt>
   <trkpt lat="45.61394000000001" lon="-75.62912">
    <ele>146.65</ele>
   </trkpt>
   <trkpt lat="45.61437" lon="-75.62924000000001">
    <ele>147.20000000000002</ele>
   </trkpt>
   <trkpt lat="45.61471" lon="-75.6293">
    <ele>146.76</ele>
   </trkpt>
   <trkpt lat="45.61495" lon="-75.62931">
    <ele>146.74</ele>
   </trkpt>
   <trkpt lat="45.61569000001835" lon="-75.62937499914226">
    <ele>147.78000000000003</ele>
   </trkpt>
   <trkpt lat="45.61643" lon="-75.62944">
    <ele>149.8</ele>
   </trkpt>
   <trkpt lat="45.617020000000004" lon="-75.62957">
    <ele>151.62</ele>
   </trkpt>
   <trkpt lat="45.61753" lon="-75.62977000000001">
    <ele>153.42</ele>
   </trkpt>
   <trkpt lat="45.61831" lon="-75.63016">
    <ele>152.78</ele>
   </trkpt>
   <trkpt lat="45.61883" lon="-75.63054000000001">
    <ele>153.02</ele>
   </trkpt>
   <trkpt lat="45.619150000000005" lon="-75.63082">
    <ele>153.17</ele>
   </trkpt>
   <trkpt lat="45.61955000080001" lon="-75.63122499719628">
    <ele>154.32000000000002</ele>
   </trkpt>
   <trkpt lat="45.61995" lon="-75.63163">
    <ele>156.83</ele>
   </trkpt>
   <trkpt lat="45.620250000000006" lon="-75.6319">
    <ele>159.59</ele>
   </trkpt>
   <trkpt lat="45.620580000000004" lon="-75.63212">
    <ele>162.29000000000002</ele>
   </trkpt>
   <trkpt lat="45.62075" lon="-75.63221">
    <ele>164.11</ele>
   </trkpt>
   <trkpt lat="45.62113" lon="-75.63234">
    <ele>165.35000000000002</ele>
   </trkpt>
   <trkpt lat="45.621320000000004" lon="-75.63235">
    <ele>166.41</ele>
   </trkpt>
   <trkpt lat="45.621520000000004" lon="-75.63234">
    <ele>166.72</ele>
   </trkpt>
   <trkpt lat="45.62189" lon="-75.6323">
    <ele>166.65</ele>
   </trkpt>
   <trkpt lat="45.62216" lon="-75.63218">
    <ele>166.35000000000002</ele>
   </trkpt>
   <trkpt lat="45.622420000000005" lon="-75.63203">
    <ele>165.44</ele>
   </trkpt>
   <trkpt lat="45.62259" lon="-75.6319">
    <ele>163.75</ele>
   </trkpt>
   <trkpt lat="45.6229" lon="-75.63163">
    <ele>160.78</ele>
   </trkpt>
   <trkpt lat="45.6231" lon="-75.63134000000001">
    <ele>157.23000000000002</ele>
   </trkpt>
   <trkpt lat="45.623290000000004" lon="-75.63105">
    <ele>151.56</ele>
   </trkpt>
   <trkpt lat="45.62382" lon="-75.63006">
    <ele>144.36</ele>
   </trkpt>
   <trkpt lat="45.624080000000006" lon="-75.62972">
    <ele>143.6</ele>
   </trkpt>
   <trkpt lat="45.62427" lon="-75.62953">
    <ele>143.93</ele>
   </trkpt>
   <trkpt lat="45.624480000000005" lon="-75.62934">
    <ele>144.48000000000002</ele>
   </trkpt>
   <trkpt lat="45.624840000000006" lon="-75.62906000000001">
    <ele>147.42000000000002</ele>
   </trkpt>
   <trkpt lat="45.6255300009183" lon="-75.62860000566515">
    <ele>159.53</ele>
   </trkpt>
   <trkpt lat="45.62622" lon="-75.62814">
    <ele>166.31</ele>
   </trkpt>
   <trkpt lat="45.62655" lon="-75.62787">
    <ele>168.07000000000002</ele>
   </trkpt>
   <trkpt lat="45.62708000092718" lon="-75.62741500428135">
    <ele>168.32000000000002</ele>
   </trkpt>
   <trkpt lat="45.627610000000004" lon="-75.62696000000001">
    <ele>166.45000000000002</ele>
   </trkpt>
   <trkpt lat="45.62785" lon="-75.62679">
    <ele>165.0</ele>
   </trkpt>
   <trkpt lat="45.62820000000001" lon="-75.62661">
    <ele>163.48000000000002</ele>
   </trkpt>
   <trkpt lat="45.62838000000001" lon="-75.62656000000001">
    <ele>162.12</ele>
   </trkpt>
   <trkpt lat="45.62876000000001" lon="-75.62648">
    <ele>160.62</ele>
   </trkpt>
   <trkpt lat="45.62915" lon="-75.62649">
    <ele>158.26000000000002</ele>
   </trkpt>
   <trkpt lat="45.62971000006111" lon="-75.62661999869823">
    <ele>155.58</ele>
   </trkpt>
   <trkpt lat="45.63027" lon="-75.62675">
    <ele>152.84</ele>
   </trkpt>
   <trkpt lat="45.63047" lon="-75.62679">
    <ele>152.2</ele>
   </trkpt>
   <trkpt lat="45.630900000000004" lon="-75.62676">
    <ele>151.83</ele>
   </trkpt>
   <trkpt lat="45.63109" lon="-75.62671">
    <ele>152.31</ele>
   </trkpt>
   <trkpt lat="45.631440000000005" lon="-75.62656000000001">
    <ele>154.49</ele>
   </trkpt>
   <trkpt lat="45.63177" lon="-75.62629000000001">
    <ele>158.02</ele>
   </trkpt>
   <trkpt lat="45.63192" lon="-75.62612">
    <ele>160.56</ele>
   </trkpt>
   <trkpt lat="45.63225000101179" lon="-75.62563000293804">
    <ele>167.20000000000002</ele>
   </trkpt>
   <trkpt lat="45.632580000000004" lon="-75.62514">
    <ele>172.22</ele>
   </trkpt>
   <trkpt lat="45.632740000000005" lon="-75.62496">
    <ele>174.40000000000003</ele>
   </trkpt>
   <trkpt lat="45.63308000000001" lon="-75.62468000000001">
    <ele>177.26</ele>
   </trkpt>
   <trkpt lat="45.633250000000004" lon="-75.62456">
    <ele>178.46</ele>
   </trkpt>
   <trkpt lat="45.633630000000004" lon="-75.62443">
    <ele>179.68</ele>
   </trkpt>
   <trkpt lat="45.63402000000001" lon="-75.62442">
    <ele>179.79</ele>
   </trkpt>
   <trkpt lat="45.634510000000006" lon="-75.62456">
    <ele>178.85</ele>
   </trkpt>
   <trkpt lat="45.635213334952354" lon="-75.62498998920992">
    <ele>174.40000000000003</ele>
   </trkpt>
   <trkpt lat="45.63591666829157" lon="-75.62541998921333">
    <ele>166.37</ele>
   </trkpt>
   <trkpt lat="45.63662" lon="-75.62585">
    <ele>159.95000000000002</ele>
   </trkpt>
   <trkpt lat="45.636810000000004" lon="-75.62594">
    <ele>159.37</ele>
   </trkpt>
   <trkpt lat="45.637190000000004" lon="-75.62608">
    <ele>156.65</ele>
   </trkpt>
   <trkpt lat="45.63738" lon="-75.62611000000001">
    <ele>155.85000000000002</ele>
   </trkpt>
   <trkpt lat="45.63767000000001" lon="-75.62609">
    <ele>155.55</ele>
   </trkpt>
   <trkpt lat="45.638490000000004" lon="-75.62599">
    <ele>152.60000000000002</ele>
   </trkpt>
   <trkpt lat="45.638870000000004" lon="-75.62603">
    <ele>150.73</ele>
   </trkpt>
   <trkpt lat="45.639250000000004" lon="-75.62621">
    <ele>147.11</ele>
   </trkpt>
   <trkpt lat="45.639570000000006" lon="-75.62644">
    <ele>145.58</ele>
   </trkpt>
   <trkpt lat="45.64018" lon="-75.62711">
    <ele>142.61</ele>
   </trkpt>
   <trkpt lat="45.640350000000005" lon="-75.62725">
    <ele>142.21</ele>
   </trkpt>
   <trkpt lat="45.6407" lon="-75.62750000000001">
    <ele>142.0</ele>
   </trkpt>
   <trkpt lat="45.64108" lon="-75.62768000000001">
    <ele>142.42000000000002</ele>
   </trkpt>
   <trkpt lat="45.64146" lon="-75.62778">
    <ele>143.47</ele>
   </trkpt>
   <trkpt lat="45.64181000000001" lon="-75.62778">
    <ele>145.45000000000002</ele>
   </trkpt>
   <trkpt lat="45.642250000000004" lon="-75.6277">
    <ele>145.59000000000003</ele>
   </trkpt>
   <trkpt lat="45.64301800114127" lon="-75.62744401403836">
    <ele>148.6</ele>
   </trkpt>
   <trkpt lat="45.64378600171082" lon="-75.62718802105829">
    <ele>153.83</ele>
   </trkpt>
   <trkpt lat="45.64455400170862" lon="-75.6269320210594">
    <ele>157.34</ele>
   </trkpt>
   <trkpt lat="45.64532200113462" lon="-75.62667601404135">
    <ele>156.19000000000003</ele>
   </trkpt>
   <trkpt lat="45.64609" lon="-75.62642000000001">
    <ele>151.02</ele>
   </trkpt>
   <trkpt lat="45.64632" lon="-75.62639">
    <ele>149.00000000000003</ele>
   </trkpt>
   <trkpt lat="45.64652" lon="-75.62639">
    <ele>147.6</ele>
   </trkpt>
   <trkpt lat="45.6467" lon="-75.62643">
    <ele>146.65</ele>
   </trkpt>
   <trkpt lat="45.646890000000006" lon="-75.62652">
    <ele>146.13</ele>
   </trkpt>
   <trkpt lat="45.64723" lon="-75.62674000000001">
    <ele>146.29</ele>
   </trkpt>
   <trkpt lat="45.64753" lon="-75.62706">
    <ele>148.05</ele>
   </trkpt>
   <trkpt lat="45.647780000000004" lon="-75.62746">
    <ele>151.56</ele>
   </trkpt>
   <trkpt lat="45.64819500259947" lon="-75.6282249944181">
    <ele>158.07000000000002</ele>
   </trkpt>
   <trkpt lat="45.648610000000005" lon="-75.62899">
    <ele>160.57999999999998</ele>
   </trkpt>
   <trkpt lat="45.648980001795046" lon="-75.62961999594687">
    <ele>159.59</ele>
   </trkpt>
   <trkpt lat="45.649350000000005" lon="-75.63025">
    <ele>155.92</ele>
   </trkpt>
   <trkpt lat="45.64966000117255" lon="-75.63075999723974">
    <ele>150.57</ele>
   </trkpt>
   <trkpt lat="45.64997" lon="-75.63127">
    <ele>147.66</ele>
   </trkpt>
   <trkpt lat="45.65048000551808" lon="-75.6320666521285">
    <ele>146.27</ele>
   </trkpt>
   <trkpt lat="45.65099000549905" lon="-75.63286331876525">
    <ele>148.69000000000003</ele>
   </trkpt>
   <trkpt lat="45.651500000000006" lon="-75.63366">
    <ele>153.27</ele>
   </trkpt>
   <trkpt lat="45.65200000307716" lon="-75.63451499217595">
    <ele>157.96</ele>
   </trkpt>
   <trkpt lat="45.6525" lon="-75.63537000000001">
    <ele>161.57999999999998</ele>
   </trkpt>
   <trkpt lat="45.65251000000001" lon="-75.63538000000001">
    <ele>161.57999999999998</ele>
   </trkpt>
   <trkpt lat="45.6527" lon="-75.63584">
    <ele>163.04000000000002</ele>
   </trkpt>
   <trkpt lat="45.652840000000005" lon="-75.63633">
    <ele>164.77</ele>
   </trkpt>
   <trkpt lat="45.652975001838016" lon="-75.63698499825865">
    <ele>165.4</ele>
   </trkpt>
   <trkpt lat="45.653110000000005" lon="-75.63764">
    <ele>164.42000000000002</ele>
   </trkpt>
   <trkpt lat="45.65319" lon="-75.6379">
    <ele>163.69</ele>
   </trkpt>
   <trkpt lat="45.6533" lon="-75.63812">
    <ele>163.06</ele>
   </trkpt>
   <trkpt lat="45.653420000000004" lon="-75.63834">
    <ele>162.06</ele>
   </trkpt>
   <trkpt lat="45.653560000000006" lon="-75.63853">
    <ele>160.46</ele>
   </trkpt>
   <trkpt lat="45.65395000063581" lon="-75.63892999715068">
    <ele>156.14</ele>
   </trkpt>
   <trkpt lat="45.654340000000005" lon="-75.63933">
    <ele>151.71</ele>
   </trkpt>
   <trkpt lat="45.65449" lon="-75.63951">
    <ele>151.06</ele>
   </trkpt>
   <trkpt lat="45.654770000000006" lon="-75.63991">
    <ele>150.59</ele>
   </trkpt>
   <trkpt lat="45.654990000000005" lon="-75.64036">
    <ele>151.2</ele>
   </trkpt>
   <trkpt lat="45.655170000000005" lon="-75.64084000000001">
    <ele>153.07000000000002</ele>
   </trkpt>
   <trkpt lat="45.65535000169547" lon="-75.64144999828432">
    <ele>154.49</ele>
   </trkpt>
   <trkpt lat="45.655530000000006" lon="-75.64206">
    <ele>153.86</ele>
   </trkpt>
   <trkpt lat="45.655750000000005" lon="-75.64251">
    <ele>152.16000000000003</ele>
   </trkpt>
   <trkpt lat="45.65597" lon="-75.64278">
    <ele>150.89000000000001</ele>
   </trkpt>
   <trkpt lat="45.656200000000005" lon="-75.64301">
    <ele>148.67000000000002</ele>
   </trkpt>
   <trkpt lat="45.6567" lon="-75.64341">
    <ele>146.83</ele>
   </trkpt>
   <trkpt lat="45.65699" lon="-75.64376">
    <ele>146.56000000000003</ele>
   </trkpt>
   <trkpt lat="45.65711" lon="-75.64395">
    <ele>146.93</ele>
   </trkpt>
   <trkpt lat="45.65731" lon="-75.64443">
    <ele>148.7</ele>
   </trkpt>
   <trkpt lat="45.657500000000006" lon="-75.64512">
    <ele>152.06</ele>
   </trkpt>
   <trkpt lat="45.6576" lon="-75.64555">
    <ele>153.37</ele>
   </trkpt>
   <trkpt lat="45.65767" lon="-75.64636">
    <ele>155.65</ele>
   </trkpt>
   <trkpt lat="45.65764" lon="-75.6469">
    <ele>155.26000000000002</ele>
   </trkpt>
   <trkpt lat="45.657560000000004" lon="-75.6474">
    <ele>153.74</ele>
   </trkpt>
   <trkpt lat="45.65742" lon="-75.64792">
    <ele>151.9</ele>
   </trkpt>
   <trkpt lat="45.65731" lon="-75.64821">
    <ele>151.00000000000003</ele>
   </trkpt>
   <trkpt lat="45.65713" lon="-75.64859000000001">
    <ele>149.39000000000001</ele>
   </trkpt>
   <trkpt lat="45.65668667095638" lon="-75.64929001106054">
    <ele>148.96</ele>
   </trkpt>
   <trkpt lat="45.65624333763777" lon="-75.64999001103715">
    <ele>152.19000000000003</ele>
   </trkpt>
   <trkpt lat="45.655800000000006" lon="-75.65069000000001">
    <ele>155.58</ele>
   </trkpt>
   <trkpt lat="45.65543" lon="-75.65133">
    <ele>159.37</ele>
   </trkpt>
   <trkpt lat="45.65513000000001" lon="-75.65204">
    <ele>161.9</ele>
   </trkpt>
   <trkpt lat="45.65498" lon="-75.65254">
    <ele>163.07000000000002</ele>
   </trkpt>
   <trkpt lat="45.654860000000006" lon="-75.65323000000001">
    <ele>163.4</ele>
   </trkpt>
   <trkpt lat="45.654810000000005" lon="-75.65392">
    <ele>163.16</ele>
   </trkpt>
   <trkpt lat="45.65482" lon="-75.65446">
    <ele>162.36</ele>
   </trkpt>
   <trkpt lat="45.65486667516035" lon="-75.6554466650311">
    <ele>158.20000000000002</ele>
   </trkpt>
   <trkpt lat="45.65491334182745" lon="-75.65643333170678">
    <ele>154.55</ele>
   </trkpt>
   <trkpt lat="45.65496" lon="-75.65742">
    <ele>151.65</ele>
   </trkpt>
   <trkpt lat="45.65494" lon="-75.65825000000001">
    <ele>152.94000000000003</ele>
   </trkpt>
   <trkpt lat="45.65489" lon="-75.65872">
    <ele>155.69000000000003</ele>
   </trkpt>
   <trkpt lat="45.654790000000006" lon="-75.65925">
    <ele>158.16000000000003</ele>
   </trkpt>
   <trkpt lat="45.65455334245722" lon="-75.6602733420363">
    <ele>163.13000000000002</ele>
   </trkpt>
   <trkpt lat="45.65431667577809" lon="-75.66129667542336">
    <ele>165.29000000000002</ele>
   </trkpt>
   <trkpt lat="45.65408" lon="-75.66232000000001">
    <ele>164.48000000000002</ele>
   </trkpt>
   <trkpt lat="45.65385500391932" lon="-75.66327000389093">
    <ele>160.66000000000003</ele>
   </trkpt>
   <trkpt lat="45.65363000000001" lon="-75.66422">
    <ele>157.81</ele>
   </trkpt>
   <trkpt lat="45.65338501568842" lon="-75.66531501438318">
    <ele>158.58</ele>
   </trkpt>
   <trkpt lat="45.65314002091591" lon="-75.66641001918605">
    <ele>164.83</ele>
   </trkpt>
   <trkpt lat="45.65289501568264" lon="-75.66750501440839">
    <ele>167.9</ele>
   </trkpt>
   <trkpt lat="45.65265" lon="-75.66860000000001">
    <ele>164.52</ele>
   </trkpt>
   <trkpt lat="45.652550000000005" lon="-75.6691">
    <ele>162.27</ele>
   </trkpt>
   <trkpt lat="45.65243" lon="-75.67018">
    <ele>156.01000000000002</ele>
   </trkpt>
   <trkpt lat="45.65241" lon="-75.67072">
    <ele>154.46</ele>
   </trkpt>
   <trkpt lat="45.65241" lon="-75.6713">
    <ele>153.96</ele>
   </trkpt>
   <trkpt lat="45.65243" lon="-75.67184">
    <ele>154.10000000000002</ele>
   </trkpt>
   <trkpt lat="45.65252000670229" lon="-75.67271666382199">
    <ele>155.52</ele>
   </trkpt>
   <trkpt lat="45.65261000669952" lon="-75.67359333046164">
    <ele>155.5</ele>
   </trkpt>
   <trkpt lat="45.6527" lon="-75.67447">
    <ele>152.62</ele>
   </trkpt>
   <trkpt lat="45.65276500380225" lon="-75.67540499875241">
    <ele>146.72000000000003</ele>
   </trkpt>
   <trkpt lat="45.65283" lon="-75.67634000000001">
    <ele>143.79</ele>
   </trkpt>
   <trkpt lat="45.65298000000001" lon="-75.67754000000001">
    <ele>145.84000000000003</ele>
   </trkpt>
   <trkpt lat="45.65312667628106" lon="-75.67858999447019">
    <ele>153.81</ele>
   </trkpt>
   <trkpt lat="45.65327334294355" lon="-75.67963999444011">
    <ele>161.72</ele>
   </trkpt>
   <trkpt lat="45.653420000000004" lon="-75.68069000000001">
    <ele>164.13000000000002</ele>
   </trkpt>
   <trkpt lat="45.653470000000006" lon="-75.68119">
    <ele>163.83</ele>
   </trkpt>
   <trkpt lat="45.653470000000006" lon="-75.68173">
    <ele>162.61</ele>
   </trkpt>
   <trkpt lat="45.65346" lon="-75.682">
    <ele>161.03</ele>
   </trkpt>
   <trkpt lat="45.653400000000005" lon="-75.68253">
    <ele>157.89</ele>
   </trkpt>
   <trkpt lat="45.65323" lon="-75.68329">
    <ele>151.38000000000002</ele>
   </trkpt>
   <trkpt lat="45.65305" lon="-75.68379">
    <ele>147.51</ele>
   </trkpt>
   <trkpt lat="45.65272500214261" lon="-75.68448000386445">
    <ele>144.07</ele>
   </trkpt>
   <trkpt lat="45.65240000000001" lon="-75.68517">
    <ele>143.39000000000001</ele>
   </trkpt>
   <trkpt lat="45.65223" lon="-75.68567">
    <ele>144.4</ele>
   </trkpt>
   <trkpt lat="45.652100000000004" lon="-75.6862">
    <ele>146.27</ele>
   </trkpt>
   <trkpt lat="45.652010000000004" lon="-75.6871">
    <ele>149.72000000000003</ele>
   </trkpt>
   <trkpt lat="45.65202" lon="-75.68791">
    <ele>150.85000000000002</ele>
   </trkpt>
   <trkpt lat="45.652100000000004" lon="-75.68848000000001">
    <ele>151.15</ele>
   </trkpt>
   <trkpt lat="45.652280000000005" lon="-75.68924000000001">
    <ele>150.66000000000003</ele>
   </trkpt>
   <trkpt lat="45.65245" lon="-75.6897">
    <ele>149.78000000000003</ele>
   </trkpt>
   <trkpt lat="45.652660000000004" lon="-75.69014">
    <ele>148.72000000000003</ele>
   </trkpt>
   <trkpt lat="45.65319000384971" lon="-75.69108499097517">
    <ele>146.32</ele>
   </trkpt>
   <trkpt lat="45.65372000000001" lon="-75.69203">
    <ele>146.18</ele>
   </trkpt>
   <trkpt lat="45.654160000000005" lon="-75.69288">
    <ele>148.07</ele>
   </trkpt>
   <trkpt lat="45.65444" lon="-75.69359">
    <ele>150.86</ele>
   </trkpt>
   <trkpt lat="45.654610000000005" lon="-75.69408">
    <ele>152.32000000000002</ele>
   </trkpt>
   <trkpt lat="45.65473" lon="-75.69461000000001">
    <ele>153.76</ele>
   </trkpt>
   <trkpt lat="45.654920000000004" lon="-75.69564000000001">
    <ele>153.71</ele>
   </trkpt>
   <trkpt lat="45.654990000000005" lon="-75.69646">
    <ele>151.25000000000003</ele>
   </trkpt>
   <trkpt lat="45.655" lon="-75.69699">
    <ele>150.48</ele>
   </trkpt>
   <trkpt lat="45.65495289305883" lon="-75.69816143448816">
    <ele>148.51</ele>
   </trkpt>
   <trkpt lat="45.65490577414556" lon="-75.69933286700527">
    <ele>147.75000000000003</ele>
   </trkpt>
   <trkpt lat="45.65485864326029" lon="-75.70050429755085">
    <ele>147.17000000000002</ele>
   </trkpt>
   <trkpt lat="45.654811500403014" lon="-75.7016757261244">
    <ele>147.11</ele>
   </trkpt>
   <trkpt lat="45.65476434557379" lon="-75.70284715272545">
    <ele>147.07</ele>
   </trkpt>
   <trkpt lat="45.65471717877267" lon="-75.70401857735347">
    <ele>146.94000000000003</ele>
   </trkpt>
   <trkpt lat="45.65467" lon="-75.70519">
    <ele>146.95000000000002</ele>
   </trkpt>
   <trkpt lat="45.65469" lon="-75.70604">
    <ele>147.36</ele>
   </trkpt>
   <trkpt lat="45.654770000000006" lon="-75.70681">
    <ele>148.62</ele>
   </trkpt>
   <trkpt lat="45.65493" lon="-75.7076">
    <ele>150.99</ele>
   </trkpt>
   <trkpt lat="45.655150000000006" lon="-75.70836000000001">
    <ele>152.3</ele>
   </trkpt>
   <trkpt lat="45.655440000000006" lon="-75.70904">
    <ele>153.48</ele>
   </trkpt>
   <trkpt lat="45.655800000000006" lon="-75.70971">
    <ele>153.76</ele>
   </trkpt>
   <trkpt lat="45.65625000176469" lon="-75.71036499458098">
    <ele>153.78</ele>
   </trkpt>
   <trkpt lat="45.6567" lon="-75.71102">
    <ele>154.04000000000002</ele>
   </trkpt>
   <trkpt lat="45.65691" lon="-75.71136">
    <ele>153.62</ele>
   </trkpt>
   <trkpt lat="45.65713" lon="-75.71177">
    <ele>153.53</ele>
   </trkpt>
   <trkpt lat="45.65733" lon="-75.71226">
    <ele>152.9</ele>
   </trkpt>
   <trkpt lat="45.65749" lon="-75.71275">
    <ele>151.76</ele>
   </trkpt>
   <trkpt lat="45.65767" lon="-75.71351">
    <ele>150.08</ele>
   </trkpt>
   <trkpt lat="45.657840007219676" lon="-75.714419994448">
    <ele>150.96</ele>
   </trkpt>
   <trkpt lat="45.658010007214756" lon="-75.7153299944216">
    <ele>153.85000000000002</ele>
   </trkpt>
   <trkpt lat="45.65818" lon="-75.71624">
    <ele>159.06</ele>
   </trkpt>
   <trkpt lat="45.65843" lon="-75.71724">
    <ele>160.24</ele>
   </trkpt>
   <trkpt lat="45.65865" lon="-75.718">
    <ele>158.45000000000002</ele>
   </trkpt>
   <trkpt lat="45.658910000000006" lon="-75.7188">
    <ele>155.73000000000002</ele>
   </trkpt>
   <trkpt lat="45.65917000175081" lon="-75.71942499721042">
    <ele>154.49</ele>
   </trkpt>
   <trkpt lat="45.65943" lon="-75.72005">
    <ele>154.12</ele>
   </trkpt>
   <trkpt lat="45.659705001409996" lon="-75.72060499740803">
    <ele>154.43</ele>
   </trkpt>
   <trkpt lat="45.659980000000004" lon="-75.72116000000001">
    <ele>154.71</ele>
   </trkpt>
   <trkpt lat="45.660450000000004" lon="-75.72193">
    <ele>154.18</ele>
   </trkpt>
   <trkpt lat="45.66095667193835" lon="-75.7227066526238">
    <ele>153.36</ele>
   </trkpt>
   <trkpt lat="45.6614633386142" lon="-75.72348331930431">
    <ele>153.17</ele>
   </trkpt>
   <trkpt lat="45.661970000000004" lon="-75.72426">
    <ele>153.03</ele>
   </trkpt>
   <trkpt lat="45.662470005252096" lon="-75.72503665277779">
    <ele>153.31</ele>
   </trkpt>
   <trkpt lat="45.662970005241675" lon="-75.72581331942807">
    <ele>153.53</ele>
   </trkpt>
   <trkpt lat="45.663470000000004" lon="-75.72659">
    <ele>153.7</ele>
   </trkpt>
   <trkpt lat="45.663700000000006" lon="-75.72703">
    <ele>153.78</ele>
   </trkpt>
   <trkpt lat="45.66391" lon="-75.72748">
    <ele>153.85000000000002</ele>
   </trkpt>
   <trkpt lat="45.664080000000006" lon="-75.72797">
    <ele>154.06</ele>
   </trkpt>
   <trkpt lat="45.66423" lon="-75.72847">
    <ele>154.09</ele>
   </trkpt>
   <trkpt lat="45.664350000000006" lon="-75.729">
    <ele>154.08</ele>
   </trkpt>
   <trkpt lat="45.66445" lon="-75.72967000000001">
    <ele>154.05</ele>
   </trkpt>
   <trkpt lat="45.66449" lon="-75.73033000000001">
    <ele>153.88000000000002</ele>
   </trkpt>
   <trkpt lat="45.66449751892288" lon="-75.73153249948375">
    <ele>154.25000000000003</ele>
   </trkpt>
   <trkpt lat="45.66450502523037" lon="-75.73273499929026">
    <ele>156.2</ele>
   </trkpt>
   <trkpt lat="45.66451251892248" lon="-75.73393749941894">
    <ele>158.69000000000003</ele>
   </trkpt>
   <trkpt lat="45.66452" lon="-75.73514">
    <ele>160.5</ele>
   </trkpt>
   <trkpt lat="45.66492" lon="-75.73506">
    <ele>160.5</ele>
   </trkpt>
   <trkpt lat="45.66554333342609" lon="-75.73499333481223">
    <ele>160.5</ele>
   </trkpt>
   <trkpt lat="45.66616666681342" lon="-75.73492666813982">
    <ele>160.5</ele>
   </trkpt>
   <trkpt lat="45.666790000000006" lon="-75.73486000000001">
    <ele>160.5</ele>
   </trkpt>
   <trkpt lat="45.66725999992321" lon="-75.7347750007333">
    <ele>160.5</ele>
   </trkpt>
   <trkpt lat="45.667730000000006" lon="-75.73469">
    <ele>160.5</ele>
   </trkpt>
   <trkpt lat="45.66808" lon="-75.73456">
    <ele>159.60000000000002</ele>
   </trkpt>
   <trkpt lat="45.66843" lon="-75.73438">
    <ele>158.9</ele>
   </trkpt>
   <trkpt lat="45.66879" lon="-75.73411">
    <ele>158.12</ele>
   </trkpt>
   <trkpt lat="45.66952400591631" lon="-75.73352803052411">
    <ele>159.25</ele>
   </trkpt>
   <trkpt lat="45.67025800887773" lon="-75.73294604578444">
    <ele>163.08</ele>
   </trkpt>
   <trkpt lat="45.67099200888411" lon="-75.73236404578024">
    <ele>167.62</ele>
   </trkpt>
   <trkpt lat="45.671726005935305" lon="-75.73178203051077">
    <ele>168.02</ele>
   </trkpt>
   <trkpt lat="45.67246" lon="-75.7312">
    <ele>168.75</ele>
   </trkpt>
   <trkpt lat="45.67298" lon="-75.73084">
    <ele>172.32</ele>
   </trkpt>
   <trkpt lat="45.67359500042589" lon="-75.73050500371605">
    <ele>176.79</ele>
   </trkpt>
   <trkpt lat="45.67421" lon="-75.73017">
    <ele>182.31000000000003</ele>
   </trkpt>
   <trkpt lat="45.67454" lon="-75.7299">
    <ele>186.95</ele>
   </trkpt>
   <trkpt lat="45.674850000000006" lon="-75.72955">
    <ele>188.49</ele>
   </trkpt>
   <trkpt lat="45.675465002871434" lon="-75.72874500878837">
    <ele>196.5</ele>
   </trkpt>
   <trkpt lat="45.676080000000006" lon="-75.72794">
    <ele>201.20000000000002</ele>
   </trkpt>
   <trkpt lat="45.67643500072926" lon="-75.72750000293419">
    <ele>201.93000000000004</ele>
   </trkpt>
   <trkpt lat="45.676790000000004" lon="-75.72706000000001">
    <ele>201.45000000000002</ele>
   </trkpt>
   <trkpt lat="45.67694" lon="-75.72691">
    <ele>200.81</ele>
   </trkpt>
   <trkpt lat="45.67741" lon="-75.72654">
    <ele>199.16</ele>
   </trkpt>
   <trkpt lat="45.67774000000001" lon="-75.72637">
    <ele>196.89000000000001</ele>
   </trkpt>
   <trkpt lat="45.67850500058235" lon="-75.72603500453943">
    <ele>191.07000000000002</ele>
   </trkpt>
   <trkpt lat="45.67927" lon="-75.7257">
    <ele>186.05</ele>
   </trkpt>
   <trkpt lat="45.680085000317575" lon="-75.72542500400985">
    <ele>184.07000000000002</ele>
   </trkpt>
   <trkpt lat="45.6809" lon="-75.72515">
    <ele>183.81</ele>
   </trkpt>
   <trkpt lat="45.68142" lon="-75.72489">
    <ele>183.92000000000002</ele>
   </trkpt>
   <trkpt lat="45.681900000000006" lon="-75.72448">
    <ele>184.43</ele>
   </trkpt>
   <trkpt lat="45.682320000000004" lon="-75.72395">
    <ele>185.26</ele>
   </trkpt>
   <trkpt lat="45.68256" lon="-75.72355">
    <ele>185.38000000000002</ele>
   </trkpt>
   <trkpt lat="45.6828" lon="-75.72302">
    <ele>185.60000000000002</ele>
   </trkpt>
   <trkpt lat="45.6831066728028" lon="-75.72218000926273">
    <ele>185.09</ele>
   </trkpt>
   <trkpt lat="45.683413339449885" lon="-75.72134000931648">
    <ele>182.11</ele>
   </trkpt>
   <trkpt lat="45.68372" lon="-75.7205">
    <ele>179.83</ele>
   </trkpt>
   <trkpt lat="45.68381" lon="-75.72027">
    <ele>179.62</ele>
   </trkpt>
   <trkpt lat="45.68399" lon="-75.71996">
    <ele>178.99</ele>
   </trkpt>
   <trkpt lat="45.68426" lon="-75.71956">
    <ele>178.58</ele>
   </trkpt>
   <trkpt lat="45.68455" lon="-75.71924">
    <ele>178.38</ele>
   </trkpt>
   <trkpt lat="45.68470000000001" lon="-75.71911">
    <ele>178.67000000000002</ele>
   </trkpt>
   <trkpt lat="45.685030000000005" lon="-75.71889">
    <ele>178.23000000000002</ele>
   </trkpt>
   <trkpt lat="45.685700000000004" lon="-75.71848">
    <ele>177.73000000000002</ele>
   </trkpt>
   <trkpt lat="45.68607" lon="-75.7183">
    <ele>177.73000000000002</ele>
   </trkpt>
   <trkpt lat="45.686260000000004" lon="-75.71826">
    <ele>177.67000000000002</ele>
   </trkpt>
   <trkpt lat="45.68663" lon="-75.71819">
    <ele>177.69</ele>
   </trkpt>
   <trkpt lat="45.687360000000005" lon="-75.71817">
    <ele>178.09000000000003</ele>
   </trkpt>
   <trkpt lat="45.687740000000005" lon="-75.71812000000001">
    <ele>179.00000000000003</ele>
   </trkpt>
   <trkpt lat="45.688100000000006" lon="-75.71799">
    <ele>179.8</ele>
   </trkpt>
   <trkpt lat="45.688630000409454" lon="-75.71772500245939">
    <ele>178.23000000000002</ele>
   </trkpt>
   <trkpt lat="45.68916" lon="-75.71746">
    <ele>178.19</ele>
   </trkpt>
   <trkpt lat="45.68968" lon="-75.71719">
    <ele>177.33</ele>
   </trkpt>
   <trkpt lat="45.690000000000005" lon="-75.71696">
    <ele>175.96</ele>
   </trkpt>
   <trkpt lat="45.69033" lon="-75.71666">
    <ele>175.40000000000003</ele>
   </trkpt>
   <trkpt lat="45.69079000089201" lon="-75.71623000345663">
    <ele>174.08</ele>
   </trkpt>
   <trkpt lat="45.691250000000004" lon="-75.7158">
    <ele>173.18</ele>
   </trkpt>
   <trkpt lat="45.69154" lon="-75.71557">
    <ele>172.96</ele>
   </trkpt>
   <trkpt lat="45.691900000000004" lon="-75.71539">
    <ele>172.95000000000002</ele>
   </trkpt>
   <trkpt lat="45.69209" lon="-75.7153">
    <ele>172.89000000000001</ele>
   </trkpt>
   <trkpt lat="45.69248" lon="-75.71522">
    <ele>173.13</ele>
   </trkpt>
   <trkpt lat="45.693040000002426" lon="-75.71514500075395">
    <ele>173.05</ele>
   </trkpt>
   <trkpt lat="45.6936" lon="-75.71507000000001">
    <ele>173.07</ele>
   </trkpt>
   <trkpt lat="45.69418" lon="-75.71495">
    <ele>173.05</ele>
   </trkpt>
   <trkpt lat="45.69456" lon="-75.71486">
    <ele>172.92000000000002</ele>
   </trkpt>
   <trkpt lat="45.695100000000004" lon="-75.71467000000001">
    <ele>172.94</ele>
   </trkpt>
   <trkpt lat="45.695660000000004" lon="-75.71454">
    <ele>172.88</ele>
   </trkpt>
   <trkpt lat="45.69603" lon="-75.71454">
    <ele>173.02</ele>
   </trkpt>
   <trkpt lat="45.69626" lon="-75.71456">
    <ele>172.89000000000001</ele>
   </trkpt>
   <trkpt lat="45.69641" lon="-75.71459">
    <ele>172.68000000000004</ele>
   </trkpt>
   <trkpt lat="45.69677" lon="-75.71472">
    <ele>172.14000000000001</ele>
   </trkpt>
   <trkpt lat="45.69735000000001" lon="-75.71499">
    <ele>169.64000000000001</ele>
   </trkpt>
   <trkpt lat="45.697983334090175" lon="-75.71529332643999">
    <ele>167.74</ele>
   </trkpt>
   <trkpt lat="45.69861666737766" lon="-75.71559665975126">
    <ele>167.17000000000002</ele>
   </trkpt>
   <trkpt lat="45.699250000000006" lon="-75.7159">
    <ele>166.86</ele>
   </trkpt>
   <trkpt lat="45.69983000038889" lon="-75.71616999723223">
    <ele>166.34</ele>
   </trkpt>
   <trkpt lat="45.700410000000005" lon="-75.71644">
    <ele>166.26000000000002</ele>
   </trkpt>
   <trkpt lat="45.700860000000006" lon="-75.71661">
    <ele>165.89000000000001</ele>
   </trkpt>
   <trkpt lat="45.70150333367978" lon="-75.71678666262133">
    <ele>166.42000000000002</ele>
   </trkpt>
   <trkpt lat="45.70214666708728" lon="-75.71696332930831">
    <ele>167.07000000000002</ele>
   </trkpt>
   <trkpt lat="45.70279" lon="-75.71714">
    <ele>168.64000000000001</ele>
   </trkpt>
   <trkpt lat="45.70299000000001" lon="-75.71714">
    <ele>169.91</ele>
   </trkpt>
   <trkpt lat="45.70315" lon="-75.7171">
    <ele>170.43000000000004</ele>
   </trkpt>
   <trkpt lat="45.70331" lon="-75.71697">
    <ele>172.05</ele>
   </trkpt>
   <trkpt lat="45.70394" lon="-75.71638">
    <ele>174.05</ele>
   </trkpt>
   <trkpt lat="45.70425" lon="-75.71611">
    <ele>172.39000000000001</ele>
   </trkpt>
   <trkpt lat="45.704730000000005" lon="-75.71575">
    <ele>170.21</ele>
   </trkpt>
   <trkpt lat="45.70519" lon="-75.71553">
    <ele>168.78</ele>
   </trkpt>
   <trkpt lat="45.70555" lon="-75.71539">
    <ele>167.99</ele>
   </trkpt>
   <trkpt lat="45.705740000000006" lon="-75.71535">
    <ele>168.24</ele>
   </trkpt>
   <trkpt lat="45.70611" lon="-75.71531">
    <ele>169.23000000000002</ele>
   </trkpt>
   <trkpt lat="45.706599999779215" lon="-75.71533499976945">
    <ele>171.23000000000002</ele>
   </trkpt>
   <trkpt lat="45.70709" lon="-75.71536">
    <ele>172.69</ele>
   </trkpt>
   <trkpt lat="45.707675000070374" lon="-75.71536">
    <ele>173.68</ele>
   </trkpt>
   <trkpt lat="45.70826" lon="-75.71536">
    <ele>172.88</ele>
   </trkpt>
   <trkpt lat="45.70899000000001" lon="-75.71539">
    <ele>170.36</ele>
   </trkpt>
   <trkpt lat="45.709340000000005" lon="-75.71544">
    <ele>169.52</ele>
   </trkpt>
   <trkpt lat="45.70969" lon="-75.71562">
    <ele>169.02</ele>
   </trkpt>
   <trkpt lat="45.71034" lon="-75.71615000000001">
    <ele>168.86</ele>
   </trkpt>
   <trkpt lat="45.71097" lon="-75.71669">
    <ele>170.08</ele>
   </trkpt>
   <trkpt lat="45.71116000000001" lon="-75.71683">
    <ele>170.54000000000002</ele>
   </trkpt>
   <trkpt lat="45.711560000000006" lon="-75.71692">
    <ele>171.01000000000002</ele>
   </trkpt>
   <trkpt lat="45.712434999924554" lon="-75.71687500070887">
    <ele>171.91</ele>
   </trkpt>
   <trkpt lat="45.71331000000001" lon="-75.71683">
    <ele>172.43000000000004</ele>
   </trkpt>
   <trkpt lat="45.713680000000004" lon="-75.71688">
    <ele>172.28</ele>
   </trkpt>
   <trkpt lat="45.713860000000004" lon="-75.71696">
    <ele>172.0</ele>
   </trkpt>
   <trkpt lat="45.714200000000005" lon="-75.71719">
    <ele>169.42000000000002</ele>
   </trkpt>
   <trkpt lat="45.71497500156493" lon="-75.71777499194158">
    <ele>166.37</ele>
   </trkpt>
   <trkpt lat="45.71575000000001" lon="-75.71836">
    <ele>169.39000000000001</ele>
   </trkpt>
   <trkpt lat="45.71627" lon="-75.71866">
    <ele>169.76000000000002</ele>
   </trkpt>
   <trkpt lat="45.716620000000006" lon="-75.7188">
    <ele>170.19</ele>
   </trkpt>
   <trkpt lat="45.71699" lon="-75.71892000000001">
    <ele>171.69</ele>
   </trkpt>
   <trkpt lat="45.717180000000006" lon="-75.71892000000001">
    <ele>173.34000000000003</ele>
   </trkpt>
   <trkpt lat="45.71769000033578" lon="-75.71879000111971">
    <ele>177.09000000000003</ele>
   </trkpt>
   <trkpt lat="45.7182" lon="-75.71866">
    <ele>179.58</ele>
   </trkpt>
   <trkpt lat="45.718560000000004" lon="-75.71862">
    <ele>182.26</ele>
   </trkpt>
   <trkpt lat="45.71893" lon="-75.71870000000001">
    <ele>185.09</ele>
   </trkpt>
   <trkpt lat="45.719280000000005" lon="-75.71884">
    <ele>187.16000000000003</ele>
   </trkpt>
   <trkpt lat="45.71988000075434" lon="-75.71923999574224">
    <ele>192.44000000000003</ele>
   </trkpt>
   <trkpt lat="45.72048" lon="-75.71964000000001">
    <ele>197.58</ele>
   </trkpt>
   <trkpt lat="45.72084" lon="-75.71974">
    <ele>198.64000000000001</ele>
   </trkpt>
   <trkpt lat="45.7212" lon="-75.71974">
    <ele>199.51000000000002</ele>
   </trkpt>
   <trkpt lat="45.721560000000004" lon="-75.71956">
    <ele>200.92000000000002</ele>
   </trkpt>
   <trkpt lat="45.7218" lon="-75.71933">
    <ele>201.79000000000002</ele>
   </trkpt>
   <trkpt lat="45.72219500145655" lon="-75.71874500418963">
    <ele>201.69</ele>
   </trkpt>
   <trkpt lat="45.722590000000004" lon="-75.71816000000001">
    <ele>200.99000000000004</ele>
   </trkpt>
   <trkpt lat="45.722730000000006" lon="-75.71799">
    <ele>200.62</ele>
   </trkpt>
   <trkpt lat="45.72305" lon="-75.71769">
    <ele>199.12</ele>
   </trkpt>
   <trkpt lat="45.72339" lon="-75.71746">
    <ele>197.72</ele>
   </trkpt>
   <trkpt lat="45.72372000000001" lon="-75.71731000000001">
    <ele>196.36</ele>
   </trkpt>
   <trkpt lat="45.72411" lon="-75.71719">
    <ele>193.13000000000002</ele>
   </trkpt>
   <trkpt lat="45.72448000000001" lon="-75.71715">
    <ele>190.09</ele>
   </trkpt>
   <trkpt lat="45.725030000000004" lon="-75.71719">
    <ele>187.81</ele>
   </trkpt>
   <trkpt lat="45.725694999928336" lon="-75.71726999903566">
    <ele>188.72000000000003</ele>
   </trkpt>
   <trkpt lat="45.72636000000001" lon="-75.71735000000001">
    <ele>195.0</ele>
   </trkpt>
   <trkpt lat="45.72684499999664" lon="-75.7174249993445">
    <ele>198.35000000000002</ele>
   </trkpt>
   <trkpt lat="45.72733" lon="-75.7175">
    <ele>199.11</ele>
   </trkpt>
   <trkpt lat="45.727900000000005" lon="-75.7175">
    <ele>199.26000000000002</ele>
   </trkpt>
   <trkpt lat="45.728080000000006" lon="-75.7175">
    <ele>198.82000000000002</ele>
   </trkpt>
   <trkpt lat="45.728460000000005" lon="-75.71741">
    <ele>197.87</ele>
   </trkpt>
   <trkpt lat="45.728925000454616" lon="-75.71725500117377">
    <ele>196.17000000000002</ele>
   </trkpt>
   <trkpt lat="45.72939" lon="-75.7171">
    <ele>195.64000000000001</ele>
   </trkpt>
   <trkpt lat="45.73004" lon="-75.71696">
    <ele>195.88000000000002</ele>
   </trkpt>
   <trkpt lat="45.73078" lon="-75.71696">
    <ele>200.55</ele>
   </trkpt>
   <trkpt lat="45.73152" lon="-75.71713000000001">
    <ele>206.26000000000002</ele>
   </trkpt>
   <trkpt lat="45.731880000000004" lon="-75.71724">
    <ele>208.18</ele>
   </trkpt>
   <trkpt lat="45.732643336161956" lon="-75.71759997539853">
    <ele>211.24</ele>
   </trkpt>
   <trkpt lat="45.733406671193435" lon="-75.71795996063734">
    <ele>211.73000000000002</ele>
   </trkpt>
   <trkpt lat="45.734170005094356" lon="-75.71831995571704">
    <ele>209.19</ele>
   </trkpt>
   <trkpt lat="45.73493333786469" lon="-75.71867996063806">
    <ele>205.29000000000002</ele>
   </trkpt>
   <trkpt lat="45.735696669504364" lon="-75.71903997540097">
    <ele>197.91</ele>
   </trkpt>
   <trkpt lat="45.73646" lon="-75.71940000000001">
    <ele>192.99</ele>
   </trkpt>
   <trkpt lat="45.736850000000004" lon="-75.71952">
    <ele>189.29000000000002</ele>
   </trkpt>
   <trkpt lat="45.73704" lon="-75.71956">
    <ele>187.98000000000002</ele>
   </trkpt>
   <trkpt lat="45.73744000000001" lon="-75.7196">
    <ele>185.44000000000003</ele>
   </trkpt>
   <trkpt lat="45.73801" lon="-75.71956">
    <ele>179.78000000000003</ele>
   </trkpt>
   <trkpt lat="45.73857" lon="-75.71938">
    <ele>174.48000000000002</ele>
   </trkpt>
   <trkpt lat="45.73893" lon="-75.7192">
    <ele>172.15000000000003</ele>
   </trkpt>
   <trkpt lat="45.739698338322945" lon="-75.71872169957855">
    <ele>167.93</ele>
   </trkpt>
   <trkpt lat="45.74046667465011" lon="-75.71824338599332">
    <ele>165.42000000000002</ele>
   </trkpt>
   <trkpt lat="45.741235008981356" lon="-75.71776505924362">
    <ele>164.46</ele>
   </trkpt>
   <trkpt lat="45.7420033413166" lon="-75.71728671932877">
    <ele>165.73000000000002</ele>
   </trkpt>
   <trkpt lat="45.74277167165571" lon="-75.71680836624807">
    <ele>167.69</ele>
   </trkpt>
   <trkpt lat="45.74354" lon="-75.71633">
    <ele>169.37</ele>
   </trkpt>
   <trkpt lat="45.74411500045276" lon="-75.71598000365458">
    <ele>167.83</ele>
   </trkpt>
   <trkpt lat="45.744690000000006" lon="-75.71563">
    <ele>167.15</ele>
   </trkpt>
   <trkpt lat="45.74486" lon="-75.71554">
    <ele>166.95000000000002</ele>
   </trkpt>
   <trkpt lat="45.74522" lon="-75.7154">
    <ele>166.95000000000002</ele>
   </trkpt>
   <trkpt lat="45.745580000000004" lon="-75.71534000000001">
    <ele>167.13</ele>
   </trkpt>
   <trkpt lat="45.74578" lon="-75.71531">
    <ele>167.34</ele>
   </trkpt>
   <trkpt lat="45.74616" lon="-75.71535">
    <ele>167.46</ele>
   </trkpt>
   <trkpt lat="45.746550000000006" lon="-75.71544">
    <ele>167.78</ele>
   </trkpt>
   <trkpt lat="45.746900000000004" lon="-75.71557">
    <ele>168.01000000000002</ele>
   </trkpt>
   <trkpt lat="45.74707" lon="-75.71566">
    <ele>168.29000000000002</ele>
   </trkpt>
   <trkpt lat="45.747400000000006" lon="-75.71589">
    <ele>168.46000000000004</ele>
   </trkpt>
   <trkpt lat="45.74814000000001" lon="-75.71654000000001">
    <ele>168.96000000000004</ele>
   </trkpt>
   <trkpt lat="45.74882600657119" lon="-75.71715396980959">
    <ele>169.86</ele>
   </trkpt>
   <trkpt lat="45.749512009853845" lon="-75.71776795471091">
    <ele>172.44</ele>
   </trkpt>
   <trkpt lat="45.75019800984778" lon="-75.71838195470468">
    <ele>175.31000000000003</ele>
   </trkpt>
   <trkpt lat="45.75088400655285" lon="-75.71899596979155">
    <ele>176.88</ele>
   </trkpt>
   <trkpt lat="45.75157" lon="-75.71961">
    <ele>179.55</ele>
   </trkpt>
   <trkpt lat="45.75206000089773" lon="-75.72005999606245">
    <ele>182.46</ele>
   </trkpt>
   <trkpt lat="45.75255000000001" lon="-75.72051">
    <ele>184.09</ele>
   </trkpt>
   <trkpt lat="45.75287" lon="-75.72086">
    <ele>184.14000000000001</ele>
   </trkpt>
   <trkpt lat="45.75301" lon="-75.72104">
    <ele>184.2</ele>
   </trkpt>
   <trkpt lat="45.753260000000004" lon="-75.72144">
    <ele>183.84</ele>
   </trkpt>
   <trkpt lat="45.753370000000004" lon="-75.72163">
    <ele>183.33</ele>
   </trkpt>
   <trkpt lat="45.75357" lon="-75.72211">
    <ele>182.35</ele>
   </trkpt>
   <trkpt lat="45.75374" lon="-75.7226">
    <ele>180.38</ele>
   </trkpt>
   <trkpt lat="45.75403201723907" lon="-75.7235939791985">
    <ele>173.38</ele>
   </trkpt>
   <trkpt lat="45.75432402585915" lon="-75.7245879687991">
    <ele>168.57000000000002</ele>
   </trkpt>
   <trkpt lat="45.75461602586008" lon="-75.72558196880172">
    <ele>166.51000000000002</ele>
   </trkpt>
   <trkpt lat="45.75490801724166" lon="-75.72657597920626">
    <ele>167.01000000000002</ele>
   </trkpt>
   <trkpt lat="45.7552" lon="-75.72757">
    <ele>167.95000000000002</ele>
   </trkpt>
   <trkpt lat="45.755370000000006" lon="-75.72806">
    <ele>168.46000000000004</ele>
   </trkpt>
   <trkpt lat="45.755570000000006" lon="-75.72851">
    <ele>168.8</ele>
   </trkpt>
   <trkpt lat="45.755810000000004" lon="-75.72892">
    <ele>167.77</ele>
   </trkpt>
   <trkpt lat="45.75607" lon="-75.72932">
    <ele>167.5</ele>
   </trkpt>
   <trkpt lat="45.756280000000004" lon="-75.72957000000001">
    <ele>167.31</ele>
   </trkpt>
   <trkpt lat="45.75659" lon="-75.7299">
    <ele>166.99000000000004</ele>
   </trkpt>
   <trkpt lat="45.75674" lon="-75.73004">
    <ele>166.60000000000002</ele>
   </trkpt>
   <trkpt lat="45.75708" lon="-75.7303">
    <ele>166.87</ele>
   </trkpt>
   <trkpt lat="45.75744" lon="-75.73053">
    <ele>167.14000000000001</ele>
   </trkpt>
   <trkpt lat="45.757630000000006" lon="-75.73062">
    <ele>167.53</ele>
   </trkpt>
   <trkpt lat="45.7582" lon="-75.7308">
    <ele>168.46000000000004</ele>
   </trkpt>
   <trkpt lat="45.758950000162436" lon="-75.73098499751659">
    <ele>169.87</ele>
   </trkpt>
   <trkpt lat="45.7597" lon="-75.73117">
    <ele>171.03</ele>
   </trkpt>
   <trkpt lat="45.7604500005059" lon="-75.7313674920343">
    <ele>172.89000000000001</ele>
   </trkpt>
   <trkpt lat="45.76120000067154" lon="-75.73156498937807">
    <ele>174.31000000000003</ele>
   </trkpt>
   <trkpt lat="45.761950000496924" lon="-75.73176249203163">
    <ele>176.11</ele>
   </trkpt>
   <trkpt lat="45.7627" lon="-75.73196">
    <ele>180.00000000000003</ele>
   </trkpt>
   <trkpt lat="45.76308" lon="-75.732">
    <ele>181.71</ele>
   </trkpt>
   <trkpt lat="45.763270000000006" lon="-75.73196">
    <ele>183.51</ele>
   </trkpt>
   <trkpt lat="45.763450000000006" lon="-75.73187">
    <ele>185.01</ele>
   </trkpt>
   <trkpt lat="45.76382000071603" lon="-75.73144500290118">
    <ele>189.37</ele>
   </trkpt>
   <trkpt lat="45.764190000000006" lon="-75.73102">
    <ele>195.29000000000002</ele>
   </trkpt>
   <trkpt lat="45.76436" lon="-75.73092000000001">
    <ele>196.81</ele>
   </trkpt>
   <trkpt lat="45.76455000000001" lon="-75.73089">
    <ele>199.68</ele>
   </trkpt>
   <trkpt lat="45.76512" lon="-75.73093">
    <ele>205.98000000000002</ele>
   </trkpt>
   <trkpt lat="45.76532" lon="-75.73097">
    <ele>209.40000000000003</ele>
   </trkpt>
   <trkpt lat="45.76549000000001" lon="-75.73106">
    <ele>211.96</ele>
   </trkpt>
   <trkpt lat="45.765640000000005" lon="-75.73124">
    <ele>212.86</ele>
   </trkpt>
   <trkpt lat="45.76586" lon="-75.73165">
    <ele>215.95000000000002</ele>
   </trkpt>
   <trkpt lat="45.766000000000005" lon="-75.73183">
    <ele>216.51</ele>
   </trkpt>
   <trkpt lat="45.766180000000006" lon="-75.73191">
    <ele>216.77</ele>
   </trkpt>
   <trkpt lat="45.76637" lon="-75.73196">
    <ele>216.72000000000003</ele>
   </trkpt>
   <trkpt lat="45.76670000000001" lon="-75.73192">
    <ele>216.8</ele>
   </trkpt>
   <trkpt lat="45.76708000000001" lon="-75.73186000000001">
    <ele>216.99</ele>
   </trkpt>
   <trkpt lat="45.76726" lon="-75.73177000000001">
    <ele>217.47000000000003</ele>
   </trkpt>
   <trkpt lat="45.76794" lon="-75.73131000000001">
    <ele>218.31</ele>
   </trkpt>
   <trkpt lat="45.76835000039666" lon="-75.73101000220213">
    <ele>218.81</ele>
   </trkpt>
   <trkpt lat="45.76876" lon="-75.73071">
    <ele>216.86</ele>
   </trkpt>
   <trkpt lat="45.768910000000005" lon="-75.73056000000001">
    <ele>215.17000000000002</ele>
   </trkpt>
   <trkpt lat="45.76903" lon="-75.73038000000001">
    <ele>214.3</ele>
   </trkpt>
   <trkpt lat="45.769130000000004" lon="-75.73021">
    <ele>213.73000000000002</ele>
   </trkpt>
   <trkpt lat="45.769310000000004" lon="-75.72971000000001">
    <ele>212.08</ele>
   </trkpt>
   <trkpt lat="45.769420000000004" lon="-75.7295">
    <ele>211.04</ele>
   </trkpt>
   <trkpt lat="45.76997" lon="-75.72874">
    <ele>206.94</ele>
   </trkpt>
   <trkpt lat="45.77033" lon="-75.72811">
    <ele>203.03</ele>
   </trkpt>
   <trkpt lat="45.77047" lon="-75.72793">
    <ele>202.94</ele>
   </trkpt>
   <trkpt lat="45.77062" lon="-75.72779000000001">
    <ele>202.78</ele>
   </trkpt>
   <trkpt lat="45.77111000076691" lon="-75.72737000369204">
    <ele>200.92000000000002</ele>
   </trkpt>
   <trkpt lat="45.77160000000001" lon="-75.72695">
    <ele>200.8</ele>
   </trkpt>
   <trkpt lat="45.771800000000006" lon="-75.72681">
    <ele>200.10000000000002</ele>
   </trkpt>
   <trkpt lat="45.77201" lon="-75.72677">
    <ele>199.89000000000001</ele>
   </trkpt>
   <trkpt lat="45.77239" lon="-75.72685000000001">
    <ele>200.45000000000002</ele>
   </trkpt>
   <trkpt lat="45.77257" lon="-75.72681">
    <ele>200.63</ele>
   </trkpt>
   <trkpt lat="45.77275" lon="-75.72672">
    <ele>201.32000000000002</ele>
   </trkpt>
   <trkpt lat="45.772890000000004" lon="-75.72655">
    <ele>201.71000000000004</ele>
   </trkpt>
   <trkpt lat="45.77299000000001" lon="-75.72632">
    <ele>202.26000000000002</ele>
   </trkpt>
   <trkpt lat="45.77306" lon="-75.72609">
    <ele>202.38</ele>
   </trkpt>
   <trkpt lat="45.77325000949768" lon="-75.7250466737657">
    <ele>201.58</ele>
   </trkpt>
   <trkpt lat="45.77344000949954" lon="-75.72400334042226">
    <ele>200.71000000000004</ele>
   </trkpt>
   <trkpt lat="45.773630000000004" lon="-75.72296">
    <ele>200.94</ele>
   </trkpt>
   <trkpt lat="45.77375000000001" lon="-75.72243">
    <ele>201.10000000000002</ele>
   </trkpt>
   <trkpt lat="45.77396" lon="-75.72171">
    <ele>201.42000000000002</ele>
   </trkpt>
   <trkpt lat="45.77414" lon="-75.72068">
    <ele>201.32000000000002</ele>
   </trkpt>
   <trkpt lat="45.774240000000006" lon="-75.72045">
    <ele>200.9</ele>
   </trkpt>
   <trkpt lat="45.77438" lon="-75.72027">
    <ele>200.55</ele>
   </trkpt>
   <trkpt lat="45.77456" lon="-75.72019">
    <ele>200.10000000000002</ele>
   </trkpt>
   <trkpt lat="45.775310000000005" lon="-75.72015">
    <ele>199.3</ele>
   </trkpt>
   <trkpt lat="45.775490000000005" lon="-75.72013000000001">
    <ele>199.25</ele>
   </trkpt>
   <trkpt lat="45.77566" lon="-75.72001">
    <ele>199.37</ele>
   </trkpt>
   <trkpt lat="45.77581000000001" lon="-75.71987">
    <ele>199.75</ele>
   </trkpt>
   <trkpt lat="45.77614000094882" lon="-75.71942500251868">
    <ele>200.08</ele>
   </trkpt>
   <trkpt lat="45.77647" lon="-75.71898">
    <ele>199.60000000000002</ele>
   </trkpt>
   <trkpt lat="45.77704000000001" lon="-75.71825000000001">
    <ele>198.70000000000002</ele>
   </trkpt>
   <trkpt lat="45.77716" lon="-75.71804">
    <ele>198.42000000000002</ele>
   </trkpt>
   <trkpt lat="45.77725" lon="-75.71781">
    <ele>197.9</ele>
   </trkpt>
   <trkpt lat="45.77732" lon="-75.71754">
    <ele>197.62</ele>
   </trkpt>
   <trkpt lat="45.777440000000006" lon="-75.71678">
    <ele>196.88000000000002</ele>
   </trkpt>
   <trkpt lat="45.77751000000001" lon="-75.71652">
    <ele>196.70000000000002</ele>
   </trkpt>
   <trkpt lat="45.77760000000001" lon="-75.71629">
    <ele>196.59</ele>
   </trkpt>
   <trkpt lat="45.777710000000006" lon="-75.71607">
    <ele>196.44</ele>
   </trkpt>
   <trkpt lat="45.77798000000001" lon="-75.71571">
    <ele>196.17000000000002</ele>
   </trkpt>
   <trkpt lat="45.778130000000004" lon="-75.71554">
    <ele>196.20000000000002</ele>
   </trkpt>
   <trkpt lat="45.77864" lon="-75.71522">
    <ele>197.09</ele>
   </trkpt>
   <trkpt lat="45.77936000055205" lon="-75.71488000436783">
    <ele>199.63000000000002</ele>
   </trkpt>
   <trkpt lat="45.780080000000005" lon="-75.71454">
    <ele>205.90000000000003</ele>
   </trkpt>
   <trkpt lat="45.780440000000006" lon="-75.71434">
    <ele>206.27</ele>
   </trkpt>
   <trkpt lat="45.780930000000005" lon="-75.71400000000001">
    <ele>204.74</ele>
   </trkpt>
   <trkpt lat="45.781400000000005" lon="-75.71355000000001">
    <ele>203.34</ele>
   </trkpt>
   <trkpt lat="45.781560000000006" lon="-75.71342">
    <ele>202.18000000000004</ele>
   </trkpt>
   <trkpt lat="45.782070000000004" lon="-75.71307">
    <ele>201.15</ele>
   </trkpt>
   <trkpt lat="45.78253" lon="-75.71266">
    <ele>200.98000000000002</ele>
   </trkpt>
   <trkpt lat="45.782700000000006" lon="-75.71253">
    <ele>201.04000000000002</ele>
   </trkpt>
   <trkpt lat="45.78289" lon="-75.71253">
    <ele>201.31</ele>
   </trkpt>
   <trkpt lat="45.783060000000006" lon="-75.71261000000001">
    <ele>201.63</ele>
   </trkpt>
   <trkpt lat="45.78322000000001" lon="-75.71272">
    <ele>201.58</ele>
   </trkpt>
   <trkpt lat="45.783820000000006" lon="-75.71338">
    <ele>204.19</ele>
   </trkpt>
   <trkpt lat="45.78399" lon="-75.71347">
    <ele>204.62000000000003</ele>
   </trkpt>
   <trkpt lat="45.78417" lon="-75.71351">
    <ele>203.25</ele>
   </trkpt>
   <trkpt lat="45.78436000000001" lon="-75.71351">
    <ele>201.33</ele>
   </trkpt>
   <trkpt lat="45.784530000000004" lon="-75.71347">
    <ele>199.47</ele>
   </trkpt>
   <trkpt lat="45.784670000000006" lon="-75.71332000000001">
    <ele>198.31</ele>
   </trkpt>
   <trkpt lat="45.78477" lon="-75.71310000000001">
    <ele>196.99</ele>
   </trkpt>
   <trkpt lat="45.78491500607197" lon="-75.71192000307926">
    <ele>193.37</ele>
   </trkpt>
   <trkpt lat="45.78506" lon="-75.71074">
    <ele>188.10000000000002</ele>
   </trkpt>
   <trkpt lat="45.78515" lon="-75.70984">
    <ele>184.81</ele>
   </trkpt>
   <trkpt lat="45.785965000235045" lon="-75.7101049961025">
    <ele>182.52</ele>
   </trkpt>
   <trkpt lat="45.78678" lon="-75.71037000000001">
    <ele>180.27</ele>
   </trkpt>
   <trkpt lat="45.787540000584606" lon="-75.71063332614557">
    <ele>180.68</ele>
   </trkpt>
   <trkpt lat="45.7883000005643" lon="-75.71089665947173">
    <ele>180.93</ele>
   </trkpt>
   <trkpt lat="45.789060000000006" lon="-75.71116">
    <ele>177.93</ele>
   </trkpt>
   <trkpt lat="45.78890667527377" lon="-75.71215333880055">
    <ele>181.78000000000003</ele>
   </trkpt>
   <trkpt lat="45.78875334194007" lon="-75.71314667213609">
    <ele>181.78000000000003</ele>
   </trkpt>
   <trkpt lat="45.7886" lon="-75.71414">
    <ele>181.78000000000003</ele>
   </trkpt>
   <trkpt lat="45.788500000000006" lon="-75.7146">
    <ele>181.50000000000003</ele>
   </trkpt>
   <trkpt lat="45.78824000479505" lon="-75.7156450047458">
    <ele>180.81000000000003</ele>
   </trkpt>
   <trkpt lat="45.787980000000005" lon="-75.71669">
    <ele>180.4</ele>
   </trkpt>
   <trkpt lat="45.78792000000001" lon="-75.71719">
    <ele>179.98</ele>
   </trkpt>
   <trkpt lat="45.78786" lon="-75.71817">
    <ele>179.70000000000002</ele>
   </trkpt>
   <trkpt lat="45.787870000000005" lon="-75.71849">
    <ele>179.65</ele>
   </trkpt>
   <trkpt lat="45.78793" lon="-75.71898">
    <ele>179.01</ele>
   </trkpt>
   <trkpt lat="45.78801000000001" lon="-75.7192">
    <ele>178.86</ele>
   </trkpt>
   <trkpt lat="45.78828000421595" lon="-75.72017999535103">
    <ele>175.27</ele>
   </trkpt>
   <trkpt lat="45.78855" lon="-75.72116000000001">
    <ele>174.95000000000002</ele>
   </trkpt>
   <trkpt lat="45.78878" lon="-75.72229">
    <ele>180.19000000000003</ele>
   </trkpt>
   <trkpt lat="45.78894000408317" lon="-75.7232549973595">
    <ele>181.56000000000003</ele>
   </trkpt>
   <trkpt lat="45.789100000000005" lon="-75.72422">
    <ele>182.12</ele>
   </trkpt>
   <trkpt lat="45.78931" lon="-75.72519000000001">
    <ele>182.95</ele>
   </trkpt>
   <trkpt lat="45.789440000000006" lon="-75.72542">
    <ele>183.29</ele>
   </trkpt>
   <trkpt lat="45.78971000000001" lon="-75.72582000000001">
    <ele>184.23</ele>
   </trkpt>
   <trkpt lat="45.78998000000001" lon="-75.7261">
    <ele>180.42000000000002</ele>
   </trkpt>
   <trkpt lat="45.7901" lon="-75.72632">
    <ele>181.03000000000003</ele>
   </trkpt>
   <trkpt lat="45.790200000000006" lon="-75.72671000000001">
    <ele>182.01</ele>
   </trkpt>
   <trkpt lat="45.79023" lon="-75.72712">
    <ele>183.50000000000003</ele>
   </trkpt>
   <trkpt lat="45.79019" lon="-75.72749">
    <ele>184.7</ele>
   </trkpt>
   <trkpt lat="45.790180008898346" lon="-75.72850000039567">
    <ele>186.55</ele>
   </trkpt>
   <trkpt lat="45.790170008898" lon="-75.72951000042907">
    <ele>187.83</ele>
   </trkpt>
   <trkpt lat="45.79016" lon="-75.73052000000001">
    <ele>189.59</ele>
   </trkpt>
   <trkpt lat="45.790105002736276" lon="-75.73131000057604">
    <ele>190.57000000000002</ele>
   </trkpt>
   <trkpt lat="45.79005" lon="-75.7321">
    <ele>190.60000000000002</ele>
   </trkpt>
   <trkpt lat="45.78996000462909" lon="-75.73313000164269">
    <ele>191.12</ele>
   </trkpt>
   <trkpt lat="45.78987" lon="-75.73416">
    <ele>191.70000000000002</ele>
   </trkpt>
   <trkpt lat="45.7898500070352" lon="-75.73543000043894">
    <ele>192.87</ele>
   </trkpt>
   <trkpt lat="45.78983" lon="-75.73670000000001">
    <ele>194.11</ele>
   </trkpt>
   <trkpt lat="45.78987" lon="-75.73724">
    <ele>195.53</ele>
   </trkpt>
   <trkpt lat="45.78988000300797" lon="-75.7380700001183">
    <ele>198.48000000000002</ele>
   </trkpt>
   <trkpt lat="45.78989000000001" lon="-75.7389">
    <ele>204.8</ele>
   </trkpt>
   <trkpt lat="45.78987500300102" lon="-75.73973000043019">
    <ele>213.78000000000003</ele>
   </trkpt>
   <trkpt lat="45.789860000000004" lon="-75.74056">
    <ele>221.62</ele>
   </trkpt>
   <trkpt lat="45.78987" lon="-75.74118">
    <ele>221.70000000000002</ele>
   </trkpt>
   <trkpt lat="45.789945002096225" lon="-75.74187499896682">
    <ele>220.05</ele>
   </trkpt>
   <trkpt lat="45.790020000000005" lon="-75.74257">
    <ele>218.46</ele>
   </trkpt>
   <trkpt lat="45.790075002229806" lon="-75.74328499929456">
    <ele>215.97000000000003</ele>
   </trkpt>
   <trkpt lat="45.790130000000005" lon="-75.744">
    <ele>213.66000000000003</ele>
   </trkpt>
   <trkpt lat="45.790165005133" lon="-75.74508499926687">
    <ele>212.00000000000003</ele>
   </trkpt>
   <trkpt lat="45.790200000000006" lon="-75.74617">
    <ele>212.01</ele>
   </trkpt>
   <trkpt lat="45.790130000000005" lon="-75.74661">
    <ele>211.94000000000003</ele>
   </trkpt>
   <trkpt lat="45.79001" lon="-75.74714">
    <ele>212.27</ele>
   </trkpt>
   <trkpt lat="45.789970000000004" lon="-75.74740000000001">
    <ele>212.41000000000003</ele>
   </trkpt>
   <trkpt lat="45.789950000000005" lon="-75.74767">
    <ele>212.50000000000003</ele>
   </trkpt>
   <trkpt lat="45.78999" lon="-75.74808">
    <ele>212.55</ele>
   </trkpt>
   <trkpt lat="45.79008" lon="-75.74857">
    <ele>213.00000000000003</ele>
   </trkpt>
   <trkpt lat="45.790200000000006" lon="-75.7497">
    <ele>211.51</ele>
   </trkpt>
   <trkpt lat="45.790380000000006" lon="-75.75037">
    <ele>212.03000000000003</ele>
   </trkpt>
   <trkpt lat="45.79043" lon="-75.75072">
    <ele>212.57</ele>
   </trkpt>
   <trkpt lat="45.790470000000006" lon="-75.7513">
    <ele>216.21</ele>
   </trkpt>
   <trkpt lat="45.790400000000005" lon="-75.75251">
    <ele>225.81</ele>
   </trkpt>
   <trkpt lat="45.790335002554436" lon="-75.75327500086993">
    <ele>218.48</ele>
   </trkpt>
   <trkpt lat="45.79027000000001" lon="-75.75404">
    <ele>211.68</ele>
   </trkpt>
   <trkpt lat="45.79017500219974" lon="-75.75475000120261">
    <ele>210.96</ele>
   </trkpt>
   <trkpt lat="45.79008" lon="-75.75546">
    <ele>211.8</ele>
   </trkpt>
   <trkpt lat="45.78990000334853" lon="-75.75633500278141">
    <ele>212.44000000000003</ele>
   </trkpt>
   <trkpt lat="45.78972" lon="-75.75721">
    <ele>212.98000000000002</ele>
   </trkpt>
   <trkpt lat="45.78950000571578" lon="-75.75802000642216">
    <ele>213.06000000000003</ele>
   </trkpt>
   <trkpt lat="45.78928000570814" lon="-75.75883000645018">
    <ele>213.87</ele>
   </trkpt>
   <trkpt lat="45.789060000000006" lon="-75.75964">
    <ele>214.04</ele>
   </trkpt>
   <trkpt lat="45.78891" lon="-75.7603">
    <ele>212.61</ele>
   </trkpt>
   <trkpt lat="45.788740000000004" lon="-75.76088">
    <ele>211.91</ele>
   </trkpt>
   <trkpt lat="45.788650000000004" lon="-75.76128">
    <ele>210.94000000000003</ele>
   </trkpt>
   <trkpt lat="45.78857000000001" lon="-75.76178">
    <ele>208.50000000000003</ele>
   </trkpt>
   <trkpt lat="45.788560000000004" lon="-75.76236">
    <ele>204.22</ele>
   </trkpt>
   <trkpt lat="45.78864" lon="-75.76294">
    <ele>203.59</ele>
   </trkpt>
   <trkpt lat="45.788810000000005" lon="-75.76384">
    <ele>208.84000000000003</ele>
   </trkpt>
   <trkpt lat="45.78902000144997" lon="-75.764419997767">
    <ele>215.09000000000003</ele>
   </trkpt>
   <trkpt lat="45.78923" lon="-75.765">
    <ele>216.22000000000003</ele>
   </trkpt>
   <trkpt lat="45.789425002243256" lon="-75.76571999741523">
    <ele>213.71</ele>
   </trkpt>
   <trkpt lat="45.789620000000006" lon="-75.76644">
    <ele>212.34000000000003</ele>
   </trkpt>
   <trkpt lat="45.789860000000004" lon="-75.76752">
    <ele>217.37</ele>
   </trkpt>
   <trkpt lat="45.79009500652186" lon="-75.76874499471333">
    <ele>217.03000000000003</ele>
   </trkpt>
   <trkpt lat="45.790330000000004" lon="-75.76997">
    <ele>216.46</ele>
   </trkpt>
   <trkpt lat="45.790420000000005" lon="-75.77023000000001">
    <ele>216.26</ele>
   </trkpt>
   <trkpt lat="45.79073" lon="-75.77082">
    <ele>216.47000000000003</ele>
   </trkpt>
   <trkpt lat="45.79108" lon="-75.77143000000001">
    <ele>217.17000000000002</ele>
   </trkpt>
   <trkpt lat="45.79146500197974" lon="-75.77211499514922">
    <ele>216.79</ele>
   </trkpt>
   <trkpt lat="45.791850000000004" lon="-75.7728">
    <ele>217.97000000000003</ele>
   </trkpt>
   <trkpt lat="45.792080000000006" lon="-75.77337">
    <ele>220.07000000000002</ele>
   </trkpt>
   <trkpt lat="45.79240500184997" lon="-75.77401999622391">
    <ele>222.00000000000003</ele>
   </trkpt>
   <trkpt lat="45.792730000000006" lon="-75.77467">
    <ele>224.91000000000003</ele>
   </trkpt>
   <trkpt lat="45.79309000000001" lon="-75.77516">
    <ele>226.02</ele>
   </trkpt>
   <trkpt lat="45.793200000000006" lon="-75.77538000000001">
    <ele>227.05</ele>
   </trkpt>
   <trkpt lat="45.79328" lon="-75.77557">
    <ele>227.53</ele>
   </trkpt>
   <trkpt lat="45.793330000000005" lon="-75.77575">
    <ele>228.4</ele>
   </trkpt>
   <trkpt lat="45.79336500191411" lon="-75.77641499930263">
    <ele>230.51000000000002</ele>
   </trkpt>
   <trkpt lat="45.793400000000005" lon="-75.77708000000001">
    <ele>232.13000000000002</ele>
   </trkpt>
   <trkpt lat="45.79356000000001" lon="-75.77744000000001">
    <ele>233.21000000000004</ele>
   </trkpt>
   <trkpt lat="45.7937" lon="-75.77763">
    <ele>233.44</ele>
   </trkpt>
   <trkpt lat="45.793980000000005" lon="-75.77794">
    <ele>234.33</ele>
   </trkpt>
   <trkpt lat="45.79442500069693" lon="-75.77836499651951">
    <ele>232.20000000000002</ele>
   </trkpt>
   <trkpt lat="45.79487" lon="-75.77879">
    <ele>223.31</ele>
   </trkpt>
   <trkpt lat="45.79505" lon="-75.77906">
    <ele>220.74</ele>
   </trkpt>
   <trkpt lat="45.79535000103155" lon="-75.77954999733652">
    <ele>216.18</ele>
   </trkpt>
   <trkpt lat="45.79565" lon="-75.78004">
    <ele>215.25000000000003</ele>
   </trkpt>
   <trkpt lat="45.79627000000001" lon="-75.78097000000001">
    <ele>219.01000000000002</ele>
   </trkpt>
   <trkpt lat="45.79654" lon="-75.78139">
    <ele>218.83</ele>
   </trkpt>
   <trkpt lat="45.796710000000004" lon="-75.78161">
    <ele>218.74</ele>
   </trkpt>
   <trkpt lat="45.79686" lon="-75.78175">
    <ele>218.93</ele>
   </trkpt>
   <trkpt lat="45.797200000000004" lon="-75.78197">
    <ele>220.35000000000002</ele>
   </trkpt>
   <trkpt lat="45.79759000000001" lon="-75.78228">
    <ele>221.69000000000003</ele>
   </trkpt>
   <trkpt lat="45.79830000281124" lon="-75.78284665223369">
    <ele>222.59</ele>
   </trkpt>
   <trkpt lat="45.79901000282141" lon="-75.78341331890822">
    <ele>221.59</ele>
   </trkpt>
   <trkpt lat="45.79972" lon="-75.78398">
    <ele>216.58</ele>
   </trkpt>
   <trkpt lat="45.80021000000001" lon="-75.78443">
    <ele>217.92000000000002</ele>
   </trkpt>
   <trkpt lat="45.800470000000004" lon="-75.7847">
    <ele>218.33</ele>
   </trkpt>
   <trkpt lat="45.80078" lon="-75.78506">
    <ele>219.60000000000002</ele>
   </trkpt>
   <trkpt lat="45.800900000000006" lon="-75.78532000000001">
    <ele>220.55</ele>
   </trkpt>
   <trkpt lat="45.801220001703385" lon="-75.78592999664977">
    <ele>223.75</ele>
   </trkpt>
   <trkpt lat="45.80154" lon="-75.78654">
    <ele>227.3</ele>
   </trkpt>
   <trkpt lat="45.80169" lon="-75.7869">
    <ele>228.39000000000001</ele>
   </trkpt>
   <trkpt lat="45.80178" lon="-75.78721">
    <ele>229.48000000000002</ele>
   </trkpt>
   <trkpt lat="45.80201500352577" lon="-75.78810999617649">
    <ele>232.86</ele>
   </trkpt>
   <trkpt lat="45.80225" lon="-75.78901">
    <ele>234.96000000000004</ele>
   </trkpt>
   <trkpt lat="45.80239" lon="-75.78943000000001">
    <ele>235.79000000000002</ele>
   </trkpt>
   <trkpt lat="45.8025" lon="-75.78977">
    <ele>235.92000000000002</ele>
   </trkpt>
   <trkpt lat="45.802580000000006" lon="-75.78998">
    <ele>236.15000000000003</ele>
   </trkpt>
   <trkpt lat="45.802955001879816" lon="-75.79063499560614">
    <ele>235.51000000000002</ele>
   </trkpt>
   <trkpt lat="45.80333" lon="-75.79129">
    <ele>232.77000000000004</ele>
   </trkpt>
   <trkpt lat="45.80378" lon="-75.79223">
    <ele>233.14000000000001</ele>
   </trkpt>
   <trkpt lat="45.8040150012909" lon="-75.79278499753465">
    <ele>234.65000000000003</ele>
   </trkpt>
   <trkpt lat="45.80425" lon="-75.79334">
    <ele>236.57000000000002</ele>
   </trkpt>
   <trkpt lat="45.80433" lon="-75.79356">
    <ele>238.35</ele>
   </trkpt>
   <trkpt lat="45.80481" lon="-75.7945">
    <ele>245.42000000000002</ele>
   </trkpt>
   <trkpt lat="45.805220000000006" lon="-75.79553">
    <ele>250.04000000000005</ele>
   </trkpt>
   <trkpt lat="45.80547000000001" lon="-75.79625">
    <ele>252.4</ele>
   </trkpt>
   <trkpt lat="45.805710000000005" lon="-75.7967">
    <ele>253.09000000000003</ele>
   </trkpt>
   <trkpt lat="45.80581" lon="-75.79683">
    <ele>253.07000000000002</ele>
   </trkpt>
   <trkpt lat="45.80608" lon="-75.79709000000001">
    <ele>252.84</ele>
   </trkpt>
   <trkpt lat="45.806580000000004" lon="-75.79777">
    <ele>251.8</ele>
   </trkpt>
   <trkpt lat="45.80709000205512" lon="-75.7984399939935">
    <ele>248.36</ele>
   </trkpt>
   <trkpt lat="45.8076" lon="-75.79911000000001">
    <ele>242.42000000000002</ele>
   </trkpt>
   <trkpt lat="45.807770000000005" lon="-75.79939">
    <ele>241.50000000000003</ele>
   </trkpt>
   <trkpt lat="45.807970000000005" lon="-75.79997">
    <ele>241.6</ele>
   </trkpt>
   <trkpt lat="45.808040000000005" lon="-75.80055">
    <ele>242.20000000000002</ele>
   </trkpt>
   <trkpt lat="45.808050006176366" lon="-75.80173999977657">
    <ele>244.71</ele>
   </trkpt>
   <trkpt lat="45.808060000000005" lon="-75.80293">
    <ele>247.06000000000003</ele>
   </trkpt>
   <trkpt lat="45.80805" lon="-75.80373">
    <ele>247.21</ele>
   </trkpt>
   <trkpt lat="45.80797000302523" lon="-75.80456000097897">
    <ele>245.74</ele>
   </trkpt>
   <trkpt lat="45.80789" lon="-75.80539">
    <ele>246.93</ele>
   </trkpt>
   <trkpt lat="45.807900000000004" lon="-75.80579">
    <ele>247.81000000000003</ele>
   </trkpt>
   <trkpt lat="45.808025001728474" lon="-75.80641499872108">
    <ele>249.15</ele>
   </trkpt>
   <trkpt lat="45.808150000000005" lon="-75.80704">
    <ele>251.06</ele>
   </trkpt>
   <trkpt lat="45.808170000000004" lon="-75.80731">
    <ele>251.4</ele>
   </trkpt>
   <trkpt lat="45.80814" lon="-75.80771">
    <ele>251.32000000000005</ele>
   </trkpt>
   <trkpt lat="45.80796" lon="-75.80891000000001">
    <ele>251.98000000000002</ele>
   </trkpt>
   <trkpt lat="45.80794" lon="-75.80927000000001">
    <ele>251.82000000000005</ele>
   </trkpt>
   <trkpt lat="45.807990000000004" lon="-75.81013">
    <ele>247.71</ele>
   </trkpt>
   <trkpt lat="45.808060000000005" lon="-75.81052000000001">
    <ele>247.50000000000003</ele>
   </trkpt>
   <trkpt lat="45.808245002851834" lon="-75.81132999726684">
    <ele>248.37</ele>
   </trkpt>
   <trkpt lat="45.80843" lon="-75.81214">
    <ele>251.49000000000004</ele>
   </trkpt>
   <trkpt lat="45.808530000000005" lon="-75.81273">
    <ele>252.4</ele>
   </trkpt>
   <trkpt lat="45.808550000000004" lon="-75.81309">
    <ele>253.39</ele>
   </trkpt>
   <trkpt lat="45.80847000000001" lon="-75.81371">
    <ele>254.82000000000005</ele>
   </trkpt>
   <trkpt lat="45.808370000000004" lon="-75.81405000000001">
    <ele>254.9</ele>
   </trkpt>
   <trkpt lat="45.80818000000001" lon="-75.81506">
    <ele>254.64000000000001</ele>
   </trkpt>
   <trkpt lat="45.80803" lon="-75.81613">
    <ele>256.18</ele>
   </trkpt>
   <trkpt lat="45.80800000000001" lon="-75.81717">
    <ele>258.19</ele>
   </trkpt>
   <trkpt lat="45.80796" lon="-75.8177">
    <ele>261.75000000000006</ele>
   </trkpt>
   <trkpt lat="45.80792" lon="-75.81787">
    <ele>261.75000000000006</ele>
   </trkpt>
   <trkpt lat="45.80776" lon="-75.81837">
    <ele>266.22</ele>
   </trkpt>
   <trkpt lat="45.80736" lon="-75.81929000000001">
    <ele>279.7</ele>
   </trkpt>
   <trkpt lat="45.80702" lon="-75.81993">
    <ele>289.17</ele>
   </trkpt>
   <trkpt lat="45.80671" lon="-75.82038">
    <ele>293.89000000000004</ele>
   </trkpt>
   <trkpt lat="45.806470000000004" lon="-75.82083">
    <ele>301.01</ele>
   </trkpt>
   <trkpt lat="45.80635" lon="-75.82114">
    <ele>304.00000000000006</ele>
   </trkpt>
   <trkpt lat="45.806250000000006" lon="-75.82146">
    <ele>305.88000000000005</ele>
   </trkpt>
   <trkpt lat="45.80617" lon="-75.82178">
    <ele>307.09000000000003</ele>
   </trkpt>
   <trkpt lat="45.80613" lon="-75.82208">
    <ele>308.6</ele>
   </trkpt>
   <trkpt lat="45.80612000000001" lon="-75.8224">
    <ele>309.26000000000005</ele>
   </trkpt>
   <trkpt lat="45.80617500192528" lon="-75.82306499930081">
    <ele>311.09000000000003</ele>
   </trkpt>
   <trkpt lat="45.806230000000006" lon="-75.82373000000001">
    <ele>311.79</ele>
   </trkpt>
   <trkpt lat="45.80619" lon="-75.82387">
    <ele>311.82000000000005</ele>
   </trkpt>
   <trkpt lat="45.80581500157332" lon="-75.82450000450609">
    <ele>311.76000000000005</ele>
   </trkpt>
   <trkpt lat="45.805440000000004" lon="-75.82513">
    <ele>310.91</ele>
   </trkpt>
   <trkpt lat="45.80534" lon="-75.82547000000001">
    <ele>310.18</ele>
   </trkpt>
   <trkpt lat="45.80528" lon="-75.82584">
    <ele>310.21000000000004</ele>
   </trkpt>
   <trkpt lat="45.80527000000001" lon="-75.82611">
    <ele>309.93</ele>
   </trkpt>
   <trkpt lat="45.80532" lon="-75.82692">
    <ele>306.66</ele>
   </trkpt>
   <trkpt lat="45.80532" lon="-75.82751">
    <ele>303.62</ele>
   </trkpt>
   <trkpt lat="45.80514" lon="-75.82853">
    <ele>300.04</ele>
   </trkpt>
   <trkpt lat="45.80512" lon="-75.82898">
    <ele>301.31</ele>
   </trkpt>
   <trkpt lat="45.80516" lon="-75.82943">
    <ele>302.86</ele>
   </trkpt>
   <trkpt lat="45.80523" lon="-75.82983">
    <ele>304.85</ele>
   </trkpt>
   <trkpt lat="45.8053" lon="-75.83051">
    <ele>310.16</ele>
   </trkpt>
   <trkpt lat="45.80536" lon="-75.83086">
    <ele>310.93</ele>
   </trkpt>
   <trkpt lat="45.80543" lon="-75.83108">
    <ele>311.07</ele>
   </trkpt>
   <trkpt lat="45.80554" lon="-75.83158">
    <ele>310.83000000000004</ele>
   </trkpt>
   <trkpt lat="45.80563" lon="-75.83233000000001">
    <ele>310.15000000000003</ele>
   </trkpt>
   <trkpt lat="45.80584" lon="-75.83322000000001">
    <ele>311.24</ele>
   </trkpt>
   <trkpt lat="45.80612000000001" lon="-75.83413">
    <ele>315.90000000000003</ele>
   </trkpt>
   <trkpt lat="45.806250000000006" lon="-75.83465000000001">
    <ele>319.32000000000005</ele>
   </trkpt>
   <trkpt lat="45.80651" lon="-75.83578">
    <ele>325.22</ele>
   </trkpt>
   <trkpt lat="45.80657" lon="-75.83632">
    <ele>329.45</ele>
   </trkpt>
   <trkpt lat="45.80651" lon="-75.83681">
    <ele>332.29</ele>
   </trkpt>
   <trkpt lat="45.806430000000006" lon="-75.83717">
    <ele>334.79</ele>
   </trkpt>
   <trkpt lat="45.80639" lon="-75.83744">
    <ele>336.87</ele>
   </trkpt>
   <trkpt lat="45.8063" lon="-75.83842">
    <ele>343.84000000000003</ele>
   </trkpt>
   <trkpt lat="45.80626" lon="-75.83865">
    <ele>346.04</ele>
   </trkpt>
   <trkpt lat="45.80604" lon="-75.83928">
    <ele>350.08</ele>
   </trkpt>
   <trkpt lat="45.80597" lon="-75.83977">
    <ele>350.0</ele>
   </trkpt>
   <trkpt lat="45.805930000000004" lon="-75.84048">
    <ele>345.23</ele>
   </trkpt>
   <trkpt lat="45.805890000000005" lon="-75.84084">
    <ele>343.77000000000004</ele>
   </trkpt>
   <trkpt lat="45.80576000000001" lon="-75.84152">
    <ele>343.86000000000007</ele>
   </trkpt>
   <trkpt lat="45.805530000000005" lon="-75.84254">
    <ele>350.28000000000003</ele>
   </trkpt>
   <trkpt lat="45.805460000000004" lon="-75.84308">
    <ele>353.40999999999997</ele>
   </trkpt>
   <trkpt lat="45.80543" lon="-75.84428000000001">
    <ele>362.37</ele>
   </trkpt>
   <trkpt lat="45.80539" lon="-75.84501">
    <ele>364.7</ele>
   </trkpt>
   <trkpt lat="45.80528" lon="-75.84554">
    <ele>366.34000000000003</ele>
   </trkpt>
   <trkpt lat="45.8051" lon="-75.84621">
    <ele>363.03000000000003</ele>
   </trkpt>
   <trkpt lat="45.80499000285356" lon="-75.84702000165889">
    <ele>356.19</ele>
   </trkpt>
   <trkpt lat="45.804880000000004" lon="-75.84783">
    <ele>348.16</ele>
   </trkpt>
   <trkpt lat="45.80476" lon="-75.84863">
    <ele>340.16</ele>
   </trkpt>
   <trkpt lat="45.80471000000001" lon="-75.84886">
    <ele>338.34000000000003</ele>
   </trkpt>
   <trkpt lat="45.804680000000005" lon="-75.8493">
    <ele>335.94</ele>
   </trkpt>
   <trkpt lat="45.80454" lon="-75.85003">
    <ele>334.99</ele>
   </trkpt>
   <trkpt lat="45.80447" lon="-75.85029">
    <ele>335.16</ele>
   </trkpt>
   <trkpt lat="45.80435000000001" lon="-75.8506">
    <ele>335.71</ele>
   </trkpt>
   <trkpt lat="45.80384" lon="-75.85154">
    <ele>336.22</ele>
   </trkpt>
   <trkpt lat="45.80355500130574" lon="-75.85210500306205">
    <ele>335.83</ele>
   </trkpt>
   <trkpt lat="45.803270000000005" lon="-75.85267">
    <ele>333.64000000000004</ele>
   </trkpt>
   <trkpt lat="45.80293" lon="-75.85369">
    <ele>332.56</ele>
   </trkpt>
   <trkpt lat="45.80279" lon="-75.854">
    <ele>331.70000000000005</ele>
   </trkpt>
   <trkpt lat="45.80266" lon="-75.85454">
    <ele>330.59000000000003</ele>
   </trkpt>
   <trkpt lat="45.80236000000001" lon="-75.85539">
    <ele>329.20000000000005</ele>
   </trkpt>
   <trkpt lat="45.80227000000001" lon="-75.85589">
    <ele>328.76000000000005</ele>
   </trkpt>
   <trkpt lat="45.802260000000004" lon="-75.85642">
    <ele>329.71</ele>
   </trkpt>
   <trkpt lat="45.80223" lon="-75.85673000000001">
    <ele>330.38</ele>
   </trkpt>
   <trkpt lat="45.8021" lon="-75.85745">
    <ele>329.99</ele>
   </trkpt>
   <trkpt lat="45.802020000000006" lon="-75.85772">
    <ele>329.71</ele>
   </trkpt>
   <trkpt lat="45.80189" lon="-75.85803">
    <ele>328.97</ele>
   </trkpt>
   <trkpt lat="45.80154" lon="-75.85906">
    <ele>322.62</ele>
   </trkpt>
   <trkpt lat="45.80129" lon="-75.86014">
    <ele>314.13</ele>
   </trkpt>
   <trkpt lat="45.80118" lon="-75.86042">
    <ele>311.94000000000005</ele>
   </trkpt>
   <trkpt lat="45.800700000000006" lon="-75.86125000000001">
    <ele>308.47</ele>
   </trkpt>
   <trkpt lat="45.800180000000005" lon="-75.86193">
    <ele>306.97</ele>
   </trkpt>
   <trkpt lat="45.80008" lon="-75.86211">
    <ele>306.24</ele>
   </trkpt>
   <trkpt lat="45.79992000000001" lon="-75.86250000000001">
    <ele>304.01</ele>
   </trkpt>
   <trkpt lat="45.79979" lon="-75.86296">
    <ele>300.57</ele>
   </trkpt>
   <trkpt lat="45.799580000000006" lon="-75.8635">
    <ele>297.89000000000004</ele>
   </trkpt>
   <trkpt lat="45.799530000000004" lon="-75.86372">
    <ele>297.6</ele>
   </trkpt>
   <trkpt lat="45.799510000000005" lon="-75.86416000000001">
    <ele>296.83000000000004</ele>
   </trkpt>
   <trkpt lat="45.79954" lon="-75.86444">
    <ele>296.45000000000005</ele>
   </trkpt>
   <trkpt lat="45.79954" lon="-75.8647">
    <ele>296.23</ele>
   </trkpt>
   <trkpt lat="45.7995" lon="-75.86493">
    <ele>295.64</ele>
   </trkpt>
   <trkpt lat="45.7993" lon="-75.86538">
    <ele>292.91</ele>
   </trkpt>
   <trkpt lat="45.799080000000004" lon="-75.86573">
    <ele>288.27000000000004</ele>
   </trkpt>
   <trkpt lat="45.7989" lon="-75.86595000000001">
    <ele>286.88</ele>
   </trkpt>
   <trkpt lat="45.798410000000004" lon="-75.86640000000001">
    <ele>285.17</ele>
   </trkpt>
   <trkpt lat="45.79831" lon="-75.8665">
    <ele>284.54</ele>
   </trkpt>
   <trkpt lat="45.7982" lon="-75.86685">
    <ele>282.91</ele>
   </trkpt>
   <trkpt lat="45.798170000000006" lon="-75.86717">
    <ele>281.64</ele>
   </trkpt>
   <trkpt lat="45.79807" lon="-75.86744">
    <ele>279.37</ele>
   </trkpt>
   <trkpt lat="45.797990000000006" lon="-75.86757">
    <ele>277.71</ele>
   </trkpt>
   <trkpt lat="45.797470000000004" lon="-75.86815">
    <ele>271.36</ele>
   </trkpt>
   <trkpt lat="45.7974" lon="-75.86828000000001">
    <ele>270.88</ele>
   </trkpt>
   <trkpt lat="45.797290000000004" lon="-75.86861">
    <ele>269.66</ele>
   </trkpt>
   <trkpt lat="45.797180000000004" lon="-75.86947">
    <ele>266.97</ele>
   </trkpt>
   <trkpt lat="45.79712000000001" lon="-75.86968">
    <ele>265.96000000000004</ele>
   </trkpt>
   <trkpt lat="45.7969" lon="-75.87021">
    <ele>262.52000000000004</ele>
   </trkpt>
   <trkpt lat="45.79677" lon="-75.87079">
    <ele>259.8</ele>
   </trkpt>
   <trkpt lat="45.79672" lon="-75.87111">
    <ele>258.14000000000004</ele>
   </trkpt>
   <trkpt lat="45.796640000000004" lon="-75.87141000000001">
    <ele>257.42</ele>
   </trkpt>
   <trkpt lat="45.796380000000006" lon="-75.87191">
    <ele>254.22</ele>
   </trkpt>
   <trkpt lat="45.79603500164194" lon="-75.87251500366584">
    <ele>249.81000000000003</ele>
   </trkpt>
   <trkpt lat="45.79569" lon="-75.87312">
    <ele>247.9</ele>
   </trkpt>
   <trkpt lat="45.79551000000001" lon="-75.87335">
    <ele>246.84000000000003</ele>
   </trkpt>
   <trkpt lat="45.794940000000004" lon="-75.87385">
    <ele>241.55</ele>
   </trkpt>
   <trkpt lat="45.794790000000006" lon="-75.87406">
    <ele>240.25</ele>
   </trkpt>
   <trkpt lat="45.79469" lon="-75.87429">
    <ele>239.12000000000003</ele>
   </trkpt>
   <trkpt lat="45.79448000000001" lon="-75.87518">
    <ele>234.52</ele>
   </trkpt>
   <trkpt lat="45.794340000000005" lon="-75.87607000000001">
    <ele>231.41000000000003</ele>
   </trkpt>
   <trkpt lat="45.79428" lon="-75.8767">
    <ele>229.62</ele>
   </trkpt>
   <trkpt lat="45.794270000000004" lon="-75.87705000000001">
    <ele>228.56</ele>
   </trkpt>
   <trkpt lat="45.79428500322605" lon="-75.8779099997786">
    <ele>225.56</ele>
   </trkpt>
   <trkpt lat="45.79430000000001" lon="-75.87877">
    <ele>219.73000000000002</ele>
   </trkpt>
   <trkpt lat="45.79442" lon="-75.87997">
    <ele>214.73</ele>
   </trkpt>
   <trkpt lat="45.794430000000006" lon="-75.88025">
    <ele>213.84000000000003</ele>
   </trkpt>
   <trkpt lat="45.794380000000004" lon="-75.88090000000001">
    <ele>212.01</ele>
   </trkpt>
   <trkpt lat="45.79421000000001" lon="-75.88194">
    <ele>209.74</ele>
   </trkpt>
   <trkpt lat="45.79422" lon="-75.88274000000001">
    <ele>207.73000000000002</ele>
   </trkpt>
   <trkpt lat="45.79431" lon="-75.8836">
    <ele>206.55</ele>
   </trkpt>
   <trkpt lat="45.794320000000006" lon="-75.88391">
    <ele>206.1</ele>
   </trkpt>
   <trkpt lat="45.79431" lon="-75.88418">
    <ele>206.13</ele>
   </trkpt>
   <trkpt lat="45.79422" lon="-75.88484000000001">
    <ele>206.16</ele>
   </trkpt>
   <trkpt lat="45.794230000000006" lon="-75.88502000000001">
    <ele>205.89000000000001</ele>
   </trkpt>
   <trkpt lat="45.794270000000004" lon="-75.88517">
    <ele>205.53</ele>
   </trkpt>
   <trkpt lat="45.79442" lon="-75.88557">
    <ele>204.3</ele>
   </trkpt>
   <trkpt lat="45.79455" lon="-75.88651">
    <ele>202.16</ele>
   </trkpt>
   <trkpt lat="45.7948" lon="-75.8874">
    <ele>199.86</ele>
   </trkpt>
   <trkpt lat="45.794850000000004" lon="-75.88776">
    <ele>199.77</ele>
   </trkpt>
   <trkpt lat="45.794830000000005" lon="-75.88811000000001">
    <ele>200.33</ele>
   </trkpt>
   <trkpt lat="45.79477000000001" lon="-75.88847000000001">
    <ele>200.54000000000002</ele>
   </trkpt>
   <trkpt lat="45.794610000000006" lon="-75.88893">
    <ele>200.63</ele>
   </trkpt>
   <trkpt lat="45.79458" lon="-75.88928">
    <ele>200.41</ele>
   </trkpt>
   <trkpt lat="45.79459000000001" lon="-75.88946">
    <ele>200.32000000000002</ele>
   </trkpt>
   <trkpt lat="45.79471" lon="-75.89017000000001">
    <ele>201.10000000000002</ele>
   </trkpt>
   <trkpt lat="45.79471" lon="-75.89063">
    <ele>201.31</ele>
   </trkpt>
   <trkpt lat="45.79469" lon="-75.89086">
    <ele>201.62</ele>
   </trkpt>
   <trkpt lat="45.79477000000001" lon="-75.89179">
    <ele>201.53</ele>
   </trkpt>
   <trkpt lat="45.794760000000004" lon="-75.89193">
    <ele>201.08</ele>
   </trkpt>
   <trkpt lat="45.79462" lon="-75.89255">
    <ele>198.9</ele>
   </trkpt>
   <trkpt lat="45.79462" lon="-75.89296">
    <ele>196.94</ele>
   </trkpt>
   <trkpt lat="45.79475" lon="-75.89358">
    <ele>194.20000000000002</ele>
   </trkpt>
   <trkpt lat="45.79496500205724" lon="-75.8942749971585">
    <ele>191.35999999999999</ele>
   </trkpt>
   <trkpt lat="45.79518" lon="-75.89497">
    <ele>190.60000000000002</ele>
   </trkpt>
   <trkpt lat="45.79527" lon="-75.89534">
    <ele>190.84</ele>
   </trkpt>
   <trkpt lat="45.79533000000001" lon="-75.89578">
    <ele>190.47000000000003</ele>
   </trkpt>
   <trkpt lat="45.795370000000005" lon="-75.89628">
    <ele>188.58</ele>
   </trkpt>
   <trkpt lat="45.795410000000004" lon="-75.89716">
    <ele>185.12</ele>
   </trkpt>
   <trkpt lat="45.7954" lon="-75.89774000000001">
    <ele>183.11</ele>
   </trkpt>
   <trkpt lat="45.795370000000005" lon="-75.89806">
    <ele>181.75000000000003</ele>
   </trkpt>
   <trkpt lat="45.795390000000005" lon="-75.89833">
    <ele>178.75000000000003</ele>
   </trkpt>
   <trkpt lat="45.795440000000006" lon="-75.89847">
    <ele>178.21</ele>
   </trkpt>
   <trkpt lat="45.795790000000004" lon="-75.89908000000001">
    <ele>176.77</ele>
   </trkpt>
   <trkpt lat="45.79606000119379" lon="-75.89961999722745">
    <ele>175.79</ele>
   </trkpt>
   <trkpt lat="45.796330000000005" lon="-75.90016">
    <ele>174.3</ele>
   </trkpt>
   <trkpt lat="45.796440000000004" lon="-75.9003">
    <ele>173.62000000000003</ele>
   </trkpt>
   <trkpt lat="45.79679" lon="-75.9007">
    <ele>171.1</ele>
   </trkpt>
   <trkpt lat="45.797000000000004" lon="-75.90075">
    <ele>170.6</ele>
   </trkpt>
   <trkpt lat="45.797090000000004" lon="-75.90083">
    <ele>170.12</ele>
   </trkpt>
   <trkpt lat="45.797160000000005" lon="-75.90096000000001">
    <ele>169.38</ele>
   </trkpt>
   <trkpt lat="45.79721000000001" lon="-75.9011">
    <ele>169.38</ele>
   </trkpt>
   <trkpt lat="45.79726" lon="-75.90133">
    <ele>168.62</ele>
   </trkpt>
   <trkpt lat="45.797270000000005" lon="-75.90154000000001">
    <ele>168.20000000000002</ele>
   </trkpt>
   <trkpt lat="45.79753" lon="-75.9024">
    <ele>166.89000000000001</ele>
   </trkpt>
   <trkpt lat="45.79757" lon="-75.90284000000001">
    <ele>166.47</ele>
   </trkpt>
   <trkpt lat="45.79755" lon="-75.90334">
    <ele>165.70000000000002</ele>
   </trkpt>
   <trkpt lat="45.7976" lon="-75.9037">
    <ele>165.55</ele>
   </trkpt>
   <trkpt lat="45.797760001832465" lon="-75.90434999809162">
    <ele>165.4</ele>
   </trkpt>
   <trkpt lat="45.797920000000005" lon="-75.905">
    <ele>164.59</ele>
   </trkpt>
   <trkpt lat="45.79796" lon="-75.90531">
    <ele>163.93</ele>
   </trkpt>
   <trkpt lat="45.79795000000001" lon="-75.90601000000001">
    <ele>163.95000000000002</ele>
   </trkpt>
   <trkpt lat="45.79791" lon="-75.90688">
    <ele>161.5</ele>
   </trkpt>
   <trkpt lat="45.79786000000001" lon="-75.90736000000001">
    <ele>160.55</ele>
   </trkpt>
   <trkpt lat="45.797810000000005" lon="-75.90764">
    <ele>160.76000000000002</ele>
   </trkpt>
   <trkpt lat="45.797560000000004" lon="-75.90871">
    <ele>160.25</ele>
   </trkpt>
   <trkpt lat="45.79753" lon="-75.9089">
    <ele>160.60000000000002</ele>
   </trkpt>
   <trkpt lat="45.797540000000005" lon="-75.90908">
    <ele>160.32000000000002</ele>
   </trkpt>
   <trkpt lat="45.79758" lon="-75.90924000000001">
    <ele>159.9</ele>
   </trkpt>
   <trkpt lat="45.797650000000004" lon="-75.90939">
    <ele>159.89000000000001</ele>
   </trkpt>
   <trkpt lat="45.79811" lon="-75.91024">
    <ele>161.52</ele>
   </trkpt>
   <trkpt lat="45.798390000000005" lon="-75.91081000000001">
    <ele>162.09</ele>
   </trkpt>
   <trkpt lat="45.79876500198016" lon="-75.9114849954444">
    <ele>162.77</ele>
   </trkpt>
   <trkpt lat="45.79914" lon="-75.91216">
    <ele>162.25</ele>
   </trkpt>
   <trkpt lat="45.799240000000005" lon="-75.91243">
    <ele>161.5</ele>
   </trkpt>
   <trkpt lat="45.799290000000006" lon="-75.91275">
    <ele>160.97</ele>
   </trkpt>
   <trkpt lat="45.799310000000006" lon="-75.91305000000001">
    <ele>160.42000000000002</ele>
   </trkpt>
   <trkpt lat="45.7993" lon="-75.91365">
    <ele>159.19000000000003</ele>
   </trkpt>
   <trkpt lat="45.799130000000005" lon="-75.91485">
    <ele>155.15</ele>
   </trkpt>
   <trkpt lat="45.7991" lon="-75.91521">
    <ele>153.97000000000003</ele>
   </trkpt>
   <trkpt lat="45.7991" lon="-75.91556">
    <ele>153.25000000000003</ele>
   </trkpt>
   <trkpt lat="45.799130000000005" lon="-75.91593">
    <ele>152.66000000000003</ele>
   </trkpt>
   <trkpt lat="45.79927000000001" lon="-75.91674">
    <ele>152.88000000000002</ele>
   </trkpt>
   <trkpt lat="45.799290000000006" lon="-75.91704">
    <ele>152.46</ele>
   </trkpt>
   <trkpt lat="45.79928" lon="-75.91723">
    <ele>152.37</ele>
   </trkpt>
   <trkpt lat="45.799170000000004" lon="-75.91773">
    <ele>151.68</ele>
   </trkpt>
   <trkpt lat="45.799170000000004" lon="-75.91774000000001">
    <ele>148.05</ele>
   </trkpt>
   <trkpt lat="45.799080000000004" lon="-75.91803">
    <ele>148.46</ele>
   </trkpt>
   <trkpt lat="45.798840000000006" lon="-75.91852">
    <ele>152.00000000000003</ele>
   </trkpt>
   <trkpt lat="45.79881" lon="-75.91862">
    <ele>153.88000000000002</ele>
   </trkpt>
   <trkpt lat="45.79869" lon="-75.91861">
    <ele>153.84</ele>
   </trkpt>
   <trkpt lat="45.798590000000004" lon="-75.91865">
    <ele>153.88000000000002</ele>
   </trkpt>
   <trkpt lat="45.798100000000005" lon="-75.91906">
    <ele>155.44000000000003</ele>
   </trkpt>
   <trkpt lat="45.79798" lon="-75.9191">
    <ele>156.39</ele>
   </trkpt>
   <trkpt lat="45.797880000000006" lon="-75.9191">
    <ele>157.21</ele>
   </trkpt>
   <trkpt lat="45.79753" lon="-75.91897">
    <ele>162.42000000000002</ele>
   </trkpt>
   <trkpt lat="45.79692000000001" lon="-75.91879">
    <ele>168.70000000000002</ele>
   </trkpt>
   <trkpt lat="45.79648" lon="-75.91842000000001">
    <ele>173.04000000000002</ele>
   </trkpt>
   <trkpt lat="45.79621" lon="-75.91821">
    <ele>177.22</ele>
   </trkpt>
   <trkpt lat="45.79609000000001" lon="-75.91816">
    <ele>178.67000000000002</ele>
   </trkpt>
   <trkpt lat="45.795910000000006" lon="-75.91812">
    <ele>179.32</ele>
   </trkpt>
   <trkpt lat="45.79505" lon="-75.91798">
    <ele>181.45000000000002</ele>
   </trkpt>
   <trkpt lat="45.79478" lon="-75.91785">
    <ele>180.25000000000003</ele>
   </trkpt>
   <trkpt lat="45.79468000000001" lon="-75.91775000000001">
    <ele>179.12</ele>
   </trkpt>
   <trkpt lat="45.79459000000001" lon="-75.91762">
    <ele>175.42000000000002</ele>
   </trkpt>
   <trkpt lat="45.794410000000006" lon="-75.91745">
    <ele>174.24</ele>
   </trkpt>
   <trkpt lat="45.79426" lon="-75.91736">
    <ele>172.16</ele>
   </trkpt>
   <trkpt lat="45.794070000000005" lon="-75.91731">
    <ele>170.63</ele>
   </trkpt>
   <trkpt lat="45.793330000000005" lon="-75.91713">
    <ele>166.53</ele>
   </trkpt>
   <trkpt lat="45.792570000000005" lon="-75.91692">
    <ele>158.35999999999999</ele>
   </trkpt>
   <trkpt lat="45.792460000000005" lon="-75.91692">
    <ele>158.16000000000003</ele>
   </trkpt>
   <trkpt lat="45.792260000000006" lon="-75.91690000000001">
    <ele>158.10000000000002</ele>
   </trkpt>
   <trkpt lat="45.791610000000006" lon="-75.91695">
    <ele>160.38000000000002</ele>
   </trkpt>
   <trkpt lat="45.790920000037495" lon="-75.9167499974843">
    <ele>159.23000000000002</ele>
   </trkpt>
   <trkpt lat="45.79023" lon="-75.91655">
    <ele>159.85000000000002</ele>
   </trkpt>
   <trkpt lat="45.79008" lon="-75.91646">
    <ele>160.07999999999998</ele>
   </trkpt>
   <trkpt lat="45.789970000000004" lon="-75.91632000000001">
    <ele>160.47</ele>
   </trkpt>
   <trkpt lat="45.789820000000006" lon="-75.91601">
    <ele>161.75</ele>
   </trkpt>
   <trkpt lat="45.78965" lon="-75.91583">
    <ele>163.07000000000002</ele>
   </trkpt>
   <trkpt lat="45.78924500047385" lon="-75.91551499774314">
    <ele>167.87</ele>
   </trkpt>
   <trkpt lat="45.78884" lon="-75.91520000000001">
    <ele>171.15000000000003</ele>
   </trkpt>
   <trkpt lat="45.788250000000005" lon="-75.91481">
    <ele>177.74</ele>
   </trkpt>
   <trkpt lat="45.78783000000001" lon="-75.91445">
    <ele>184.82000000000002</ele>
   </trkpt>
   <trkpt lat="45.787310000000005" lon="-75.91368">
    <ele>187.42</ele>
   </trkpt>
   <trkpt lat="45.787020000000005" lon="-75.91346">
    <ele>184.83</ele>
   </trkpt>
   <trkpt lat="45.786840000000005" lon="-75.91342">
    <ele>183.89000000000001</ele>
   </trkpt>
   <trkpt lat="45.78647" lon="-75.91337">
    <ele>177.34000000000003</ele>
   </trkpt>
   <trkpt lat="45.78634" lon="-75.91341000000001">
    <ele>177.34000000000003</ele>
   </trkpt>
   <trkpt lat="45.78618" lon="-75.91350000000001">
    <ele>176.37000000000003</ele>
   </trkpt>
   <trkpt lat="45.786" lon="-75.91355">
    <ele>173.06</ele>
   </trkpt>
   <trkpt lat="45.785540000000005" lon="-75.91359">
    <ele>167.49</ele>
   </trkpt>
   <trkpt lat="45.785070000000005" lon="-75.91355">
    <ele>164.31</ele>
   </trkpt>
   <trkpt lat="45.784510000000004" lon="-75.91338">
    <ele>162.29999999999998</ele>
   </trkpt>
   <trkpt lat="45.78435" lon="-75.91342">
    <ele>162.29999999999998</ele>
   </trkpt>
   <trkpt lat="45.784150000000004" lon="-75.91347">
    <ele>161.54000000000002</ele>
   </trkpt>
   <trkpt lat="45.7839" lon="-75.91365">
    <ele>161.43</ele>
   </trkpt>
   <trkpt lat="45.78358" lon="-75.91422">
    <ele>161.72</ele>
   </trkpt>
   <trkpt lat="45.78342000000001" lon="-75.9144">
    <ele>161.72</ele>
   </trkpt>
   <trkpt lat="45.783150000000006" lon="-75.91463">
    <ele>161.89000000000001</ele>
   </trkpt>
   <trkpt lat="45.7826" lon="-75.91498">
    <ele>162.17000000000002</ele>
   </trkpt>
   <trkpt lat="45.7819" lon="-75.91535">
    <ele>162.41000000000003</ele>
   </trkpt>
   <trkpt lat="45.78141" lon="-75.91556">
    <ele>162.92000000000002</ele>
   </trkpt>
   <trkpt lat="45.78094" lon="-75.91591000000001">
    <ele>161.62</ele>
   </trkpt>
   <trkpt lat="45.78013000000001" lon="-75.91646">
    <ele>165.12</ele>
   </trkpt>
   <trkpt lat="45.77975000000001" lon="-75.91665">
    <ele>168.15</ele>
   </trkpt>
   <trkpt lat="45.779410000000006" lon="-75.91678">
    <ele>169.71000000000004</ele>
   </trkpt>
   <trkpt lat="45.77883000019309" lon="-75.91691000132549">
    <ele>170.51000000000002</ele>
   </trkpt>
   <trkpt lat="45.77825000000001" lon="-75.91704">
    <ele>171.58</ele>
   </trkpt>
   <trkpt lat="45.7781" lon="-75.91717000000001">
    <ele>171.31</ele>
   </trkpt>
   <trkpt lat="45.77796" lon="-75.91722">
    <ele>170.71</ele>
   </trkpt>
   <trkpt lat="45.777210000000004" lon="-75.91789">
    <ele>161.97</ele>
   </trkpt>
   <trkpt lat="45.77657333519501" lon="-75.9183566773507">
    <ele>157.26000000000002</ele>
   </trkpt>
   <trkpt lat="45.77593666849021" lon="-75.91882334404515">
    <ele>152.67</ele>
   </trkpt>
   <trkpt lat="45.7753" lon="-75.91929">
    <ele>147.84</ele>
   </trkpt>
   <trkpt lat="45.77519" lon="-75.91941">
    <ele>147.57</ele>
   </trkpt>
   <trkpt lat="45.775040000000004" lon="-75.91977">
    <ele>147.07</ele>
   </trkpt>
   <trkpt lat="45.774930000000005" lon="-75.92027">
    <ele>144.61</ele>
   </trkpt>
   <trkpt lat="45.7748350020765" lon="-75.92096000117625">
    <ele>140.21</ele>
   </trkpt>
   <trkpt lat="45.77474" lon="-75.92165">
    <ele>142.46</ele>
   </trkpt>
   <trkpt lat="45.77472" lon="-75.92237">
    <ele>145.91</ele>
   </trkpt>
   <trkpt lat="45.77469000000001" lon="-75.92273">
    <ele>147.23</ele>
   </trkpt>
   <trkpt lat="45.77463" lon="-75.92302000000001">
    <ele>147.49</ele>
   </trkpt>
   <trkpt lat="45.77451000000001" lon="-75.92322">
    <ele>148.4</ele>
   </trkpt>
   <trkpt lat="45.77443" lon="-75.92327">
    <ele>148.56000000000003</ele>
   </trkpt>
   <trkpt lat="45.77429" lon="-75.92335">
    <ele>148.24</ele>
   </trkpt>
   <trkpt lat="45.77414" lon="-75.9234">
    <ele>147.23</ele>
   </trkpt>
   <trkpt lat="45.77358" lon="-75.92368">
    <ele>145.91</ele>
   </trkpt>
   <trkpt lat="45.77347" lon="-75.92377">
    <ele>145.83</ele>
   </trkpt>
   <trkpt lat="45.773410000000005" lon="-75.92389">
    <ele>145.82</ele>
   </trkpt>
   <trkpt lat="45.77320500188712" lon="-75.92454000224889">
    <ele>147.33</ele>
   </trkpt>
   <trkpt lat="45.773" lon="-75.92519">
    <ele>148.97000000000003</ele>
   </trkpt>
   <trkpt lat="45.77281000000001" lon="-75.9256">
    <ele>152.29</ele>
   </trkpt>
   <trkpt lat="45.77217" lon="-75.92501">
    <ele>152.34</ele>
   </trkpt>
   <trkpt lat="45.772110000000005" lon="-75.92488">
    <ele>152.38000000000002</ele>
   </trkpt>
   <trkpt lat="45.772090000000006" lon="-75.92471">
    <ele>152.59</ele>
   </trkpt>
   <trkpt lat="45.77212" lon="-75.92434">
    <ele>153.27</ele>
   </trkpt>
   <trkpt lat="45.772090000000006" lon="-75.92416">
    <ele>153.89</ele>
   </trkpt>
   <trkpt lat="45.772020000000005" lon="-75.92398">
    <ele>155.27</ele>
   </trkpt>
   <trkpt lat="45.77183" lon="-75.92368">
    <ele>156.15</ele>
   </trkpt>
   <trkpt lat="45.77156" lon="-75.92317000000001">
    <ele>156.26000000000002</ele>
   </trkpt>
   <trkpt lat="45.771350000000005" lon="-75.92268">
    <ele>157.08</ele>
   </trkpt>
   <trkpt lat="45.771240000000006" lon="-75.92224">
    <ele>157.43</ele>
   </trkpt>
   <trkpt lat="45.771240000000006" lon="-75.92206">
    <ele>157.48000000000002</ele>
   </trkpt>
   <trkpt lat="45.771260000000005" lon="-75.92192">
    <ele>157.51000000000002</ele>
   </trkpt>
   <trkpt lat="45.77134" lon="-75.92174">
    <ele>157.46</ele>
   </trkpt>
   <trkpt lat="45.771370000000005" lon="-75.92157">
    <ele>157.5</ele>
   </trkpt>
   <trkpt lat="45.77138" lon="-75.92147">
    <ele>157.65</ele>
   </trkpt>
   <trkpt lat="45.771350000000005" lon="-75.92133000000001">
    <ele>157.73000000000002</ele>
   </trkpt>
   <trkpt lat="45.771280000000004" lon="-75.92108">
    <ele>158.09</ele>
   </trkpt>
   <trkpt lat="45.77084000000001" lon="-75.92013">
    <ele>163.62</ele>
   </trkpt>
   <trkpt lat="45.770700000000005" lon="-75.91995">
    <ele>167.03</ele>
   </trkpt>
   <trkpt lat="45.77028000000001" lon="-75.91959">
    <ele>169.81</ele>
   </trkpt>
   <trkpt lat="45.769490000000005" lon="-75.91915">
    <ele>171.18000000000004</ele>
   </trkpt>
   <trkpt lat="45.769290000000005" lon="-75.9191">
    <ele>172.76000000000002</ele>
   </trkpt>
   <trkpt lat="45.76852" lon="-75.91897">
    <ele>171.37</ele>
   </trkpt>
   <trkpt lat="45.768330000000006" lon="-75.91889">
    <ele>170.31</ele>
   </trkpt>
   <trkpt lat="45.768060000000006" lon="-75.91874">
    <ele>169.81</ele>
   </trkpt>
   <trkpt lat="45.76753" lon="-75.91821">
    <ele>169.86</ele>
   </trkpt>
   <trkpt lat="45.76693" lon="-75.91779000000001">
    <ele>171.88</ele>
   </trkpt>
   <trkpt lat="45.76671" lon="-75.91771">
    <ele>172.65000000000003</ele>
   </trkpt>
   <trkpt lat="45.76661000000001" lon="-75.91775000000001">
    <ele>173.03</ele>
   </trkpt>
   <trkpt lat="45.76625000000001" lon="-75.91771">
    <ele>175.3</ele>
   </trkpt>
   <trkpt lat="45.766020000000005" lon="-75.91766000000001">
    <ele>178.15</ele>
   </trkpt>
   <trkpt lat="45.76578000000001" lon="-75.91749">
    <ele>180.34000000000003</ele>
   </trkpt>
   <trkpt lat="45.76543" lon="-75.91731">
    <ele>182.68</ele>
   </trkpt>
   <trkpt lat="45.76529" lon="-75.91731">
    <ele>182.3</ele>
   </trkpt>
   <trkpt lat="45.764810000000004" lon="-75.91753">
    <ele>181.3</ele>
   </trkpt>
   <trkpt lat="45.764700000000005" lon="-75.91762">
    <ele>181.63000000000002</ele>
   </trkpt>
   <trkpt lat="45.764570000000006" lon="-75.91767">
    <ele>182.24</ele>
   </trkpt>
   <trkpt lat="45.764500000000005" lon="-75.91767">
    <ele>182.58</ele>
   </trkpt>
   <trkpt lat="45.764320000000005" lon="-75.91759">
    <ele>182.98</ele>
   </trkpt>
   <trkpt lat="45.763580000000005" lon="-75.91713">
    <ele>184.36</ele>
   </trkpt>
   <trkpt lat="45.763400000000004" lon="-75.91704">
    <ele>185.66000000000003</ele>
   </trkpt>
   <trkpt lat="45.76277" lon="-75.91677">
    <ele>186.42</ele>
   </trkpt>
   <trkpt lat="45.76261" lon="-75.91664">
    <ele>185.59</ele>
   </trkpt>
   <trkpt lat="45.76249000000001" lon="-75.91646">
    <ele>184.66000000000003</ele>
   </trkpt>
   <trkpt lat="45.76232" lon="-75.91611">
    <ele>183.44000000000003</ele>
   </trkpt>
   <trkpt lat="45.76221" lon="-75.91597">
    <ele>177.89000000000001</ele>
   </trkpt>
   <trkpt lat="45.76167" lon="-75.91552">
    <ele>174.70000000000002</ele>
   </trkpt>
   <trkpt lat="45.761300000000006" lon="-75.91525">
    <ele>169.1</ele>
   </trkpt>
   <trkpt lat="45.76073500118535" lon="-75.91473499481083">
    <ele>164.87</ele>
   </trkpt>
   <trkpt lat="45.76017" lon="-75.91422">
    <ele>162.53</ele>
   </trkpt>
   <trkpt lat="45.760070000000006" lon="-75.91417000000001">
    <ele>162.54000000000002</ele>
   </trkpt>
   <trkpt lat="45.759910000000005" lon="-75.91395">
    <ele>163.02</ele>
   </trkpt>
   <trkpt lat="45.7599" lon="-75.91377">
    <ele>163.02</ele>
   </trkpt>
   <trkpt lat="45.759930000000004" lon="-75.91364">
    <ele>163.13000000000002</ele>
   </trkpt>
   <trkpt lat="45.760160000000006" lon="-75.91319">
    <ele>163.43</ele>
   </trkpt>
   <trkpt lat="45.76032000000001" lon="-75.91269000000001">
    <ele>163.84</ele>
   </trkpt>
   <trkpt lat="45.76035" lon="-75.91252">
    <ele>164.43</ele>
   </trkpt>
   <trkpt lat="45.760200000000005" lon="-75.91132">
    <ele>164.44</ele>
   </trkpt>
   <trkpt lat="45.76015" lon="-75.91112000000001">
    <ele>163.10000000000002</ele>
   </trkpt>
   <trkpt lat="45.76006" lon="-75.911">
    <ele>159.99</ele>
   </trkpt>
   <trkpt lat="45.7597" lon="-75.91064">
    <ele>157.03</ele>
   </trkpt>
   <trkpt lat="45.75952" lon="-75.91037">
    <ele>156.60999999999999</ele>
   </trkpt>
   <trkpt lat="45.75932" lon="-75.90988">
    <ele>157.96</ele>
   </trkpt>
   <trkpt lat="45.75927" lon="-75.90962">
    <ele>159.49</ele>
   </trkpt>
   <trkpt lat="45.75923" lon="-75.90920000000001">
    <ele>161.47</ele>
   </trkpt>
   <trkpt lat="45.75912" lon="-75.90872">
    <ele>162.9</ele>
   </trkpt>
   <trkpt lat="45.75898" lon="-75.90836">
    <ele>163.77</ele>
   </trkpt>
   <trkpt lat="45.75869" lon="-75.90773">
    <ele>167.33</ele>
   </trkpt>
   <trkpt lat="45.75862" lon="-75.90764">
    <ele>167.33</ele>
   </trkpt>
   <trkpt lat="45.75849" lon="-75.90755">
    <ele>168.19</ele>
   </trkpt>
   <trkpt lat="45.758300000000006" lon="-75.90746">
    <ele>169.07000000000002</ele>
   </trkpt>
   <trkpt lat="45.75783000008529" lon="-75.90746500004123">
    <ele>169.82000000000002</ele>
   </trkpt>
   <trkpt lat="45.757360000000006" lon="-75.90747">
    <ele>169.78</ele>
   </trkpt>
   <trkpt lat="45.75723000000001" lon="-75.90745000000001">
    <ele>169.78</ele>
   </trkpt>
   <trkpt lat="45.75705000000001" lon="-75.90733">
    <ele>170.02</ele>
   </trkpt>
   <trkpt lat="45.75692" lon="-75.90715">
    <ele>170.31</ele>
   </trkpt>
   <trkpt lat="45.75685000000001" lon="-75.90701">
    <ele>170.79000000000002</ele>
   </trkpt>
   <trkpt lat="45.75681" lon="-75.90679">
    <ele>171.54000000000002</ele>
   </trkpt>
   <trkpt lat="45.75681" lon="-75.90607">
    <ele>173.41</ele>
   </trkpt>
   <trkpt lat="45.756780000000006" lon="-75.90585">
    <ele>172.76000000000002</ele>
   </trkpt>
   <trkpt lat="45.756730000000005" lon="-75.90567">
    <ele>172.51000000000002</ele>
   </trkpt>
   <trkpt lat="45.75663" lon="-75.90553000000001">
    <ele>172.58</ele>
   </trkpt>
   <trkpt lat="45.756510000000006" lon="-75.9054">
    <ele>172.98000000000002</ele>
   </trkpt>
   <trkpt lat="45.756370000000004" lon="-75.90531">
    <ele>173.11</ele>
   </trkpt>
   <trkpt lat="45.755750000000006" lon="-75.90495">
    <ele>176.17000000000002</ele>
   </trkpt>
   <trkpt lat="45.75562" lon="-75.90483">
    <ele>177.24</ele>
   </trkpt>
   <trkpt lat="45.7554" lon="-75.90455">
    <ele>178.22000000000003</ele>
   </trkpt>
   <trkpt lat="45.75531" lon="-75.90437">
    <ele>178.38</ele>
   </trkpt>
   <trkpt lat="45.755100000000006" lon="-75.90362">
    <ele>177.85</ele>
   </trkpt>
   <trkpt lat="45.755010000000006" lon="-75.90341000000001">
    <ele>176.81000000000003</ele>
   </trkpt>
   <trkpt lat="45.75452333785523" lon="-75.90268998744166">
    <ele>175.68</ele>
   </trkpt>
   <trkpt lat="45.75403667118807" lon="-75.9019699874411">
    <ele>176.06000000000003</ele>
   </trkpt>
   <trkpt lat="45.753550000000004" lon="-75.90125">
    <ele>176.54</ele>
   </trkpt>
   <trkpt lat="45.752900000000004" lon="-75.90042000000001">
    <ele>177.07</ele>
   </trkpt>
   <trkpt lat="45.75224500289866" lon="-75.89959999033357">
    <ele>175.96</ele>
   </trkpt>
   <trkpt lat="45.75159" lon="-75.89878">
    <ele>176.88</ele>
   </trkpt>
   <trkpt lat="45.751430000000006" lon="-75.89865">
    <ele>175.98000000000002</ele>
   </trkpt>
   <trkpt lat="45.75117" lon="-75.8986">
    <ele>173.69</ele>
   </trkpt>
   <trkpt lat="45.750490000087844" lon="-75.89852333146936">
    <ele>170.97</ele>
   </trkpt>
   <trkpt lat="45.74981000012443" lon="-75.89844666480685">
    <ele>169.01000000000002</ele>
   </trkpt>
   <trkpt lat="45.74913" lon="-75.89837">
    <ele>166.43</ele>
   </trkpt>
   <trkpt lat="45.74897000000001" lon="-75.89834">
    <ele>167.29000000000002</ele>
   </trkpt>
   <trkpt lat="45.74823999999652" lon="-75.89826999908215">
    <ele>171.12</ele>
   </trkpt>
   <trkpt lat="45.747510000000005" lon="-75.8982">
    <ele>174.88</ele>
   </trkpt>
   <trkpt lat="45.74738000000001" lon="-75.89814000000001">
    <ele>177.25000000000003</ele>
   </trkpt>
   <trkpt lat="45.747330000000005" lon="-75.89799000000001">
    <ele>178.83</ele>
   </trkpt>
   <trkpt lat="45.747330000000005" lon="-75.89761">
    <ele>179.3</ele>
   </trkpt>
   <trkpt lat="45.7472200066562" lon="-75.8963749976046">
    <ele>178.4</ele>
   </trkpt>
   <trkpt lat="45.747110000000006" lon="-75.89514000000001">
    <ele>181.13</ele>
   </trkpt>
   <trkpt lat="45.74700000000001" lon="-75.89475">
    <ele>182.08</ele>
   </trkpt>
   <trkpt lat="45.74666000419981" lon="-75.89376499390738">
    <ele>184.38000000000002</ele>
   </trkpt>
   <trkpt lat="45.746320000000004" lon="-75.89278">
    <ele>183.88000000000002</ele>
   </trkpt>
   <trkpt lat="45.74635000000001" lon="-75.89264">
    <ele>184.00000000000003</ele>
   </trkpt>
   <trkpt lat="45.74644000000001" lon="-75.89250000000001">
    <ele>184.00000000000003</ele>
   </trkpt>
   <trkpt lat="45.74656" lon="-75.89243">
    <ele>184.19000000000003</ele>
   </trkpt>
   <trkpt lat="45.74703" lon="-75.89229">
    <ele>185.43</ele>
   </trkpt>
   <trkpt lat="45.74718000000001" lon="-75.89224">
    <ele>185.65</ele>
   </trkpt>
   <trkpt lat="45.74728" lon="-75.89215">
    <ele>186.95</ele>
   </trkpt>
   <trkpt lat="45.747460000000004" lon="-75.89188">
    <ele>188.8</ele>
   </trkpt>
   <trkpt lat="45.74768" lon="-75.8913">
    <ele>190.94000000000003</ele>
   </trkpt>
   <trkpt lat="45.74776000000001" lon="-75.89099">
    <ele>190.4</ele>
   </trkpt>
   <trkpt lat="45.74775" lon="-75.89085">
    <ele>190.4</ele>
   </trkpt>
   <trkpt lat="45.74768" lon="-75.89075000000001">
    <ele>190.4</ele>
   </trkpt>
   <trkpt lat="45.747510000000005" lon="-75.89072">
    <ele>189.99</ele>
   </trkpt>
   <trkpt lat="45.74707" lon="-75.89094">
    <ele>189.02</ele>
   </trkpt>
   <trkpt lat="45.74674" lon="-75.89095">
    <ele>187.76000000000002</ele>
   </trkpt>
   <trkpt lat="45.74665" lon="-75.89094">
    <ele>187.7</ele>
   </trkpt>
   <trkpt lat="45.74636" lon="-75.89076">
    <ele>187.72000000000003</ele>
   </trkpt>
   <trkpt lat="45.746300000000005" lon="-75.89072">
    <ele>187.72000000000003</ele>
   </trkpt>
   <trkpt lat="45.746080000000006" lon="-75.89022">
    <ele>187.60000000000002</ele>
   </trkpt>
   <trkpt lat="45.745990000000006" lon="-75.8901">
    <ele>186.55</ele>
   </trkpt>
   <trkpt lat="45.74584" lon="-75.89005">
    <ele>184.75000000000003</ele>
   </trkpt>
   <trkpt lat="45.745720000000006" lon="-75.89004000000001">
    <ele>184.03000000000003</ele>
   </trkpt>
   <trkpt lat="45.74555" lon="-75.89009">
    <ele>179.45000000000002</ele>
   </trkpt>
   <trkpt lat="45.74541000000001" lon="-75.89018">
    <ele>177.54</ele>
   </trkpt>
   <trkpt lat="45.74526" lon="-75.89017000000001">
    <ele>175.79</ele>
   </trkpt>
   <trkpt lat="45.74479" lon="-75.89004000000001">
    <ele>173.8</ele>
   </trkpt>
   <trkpt lat="45.744670000000006" lon="-75.88995000000001">
    <ele>173.97</ele>
   </trkpt>
   <trkpt lat="45.744530000000005" lon="-75.88978">
    <ele>175.06000000000003</ele>
   </trkpt>
   <trkpt lat="45.74434" lon="-75.88946">
    <ele>178.29</ele>
   </trkpt>
   <trkpt lat="45.744260000000004" lon="-75.88943">
    <ele>178.57</ele>
   </trkpt>
   <trkpt lat="45.74416" lon="-75.88951">
    <ele>178.47000000000003</ele>
   </trkpt>
   <trkpt lat="45.74401" lon="-75.88978">
    <ele>177.35</ele>
   </trkpt>
   <trkpt lat="45.74394" lon="-75.88982">
    <ele>176.97</ele>
   </trkpt>
   <trkpt lat="45.7438" lon="-75.88986000000001">
    <ele>176.55</ele>
   </trkpt>
   <trkpt lat="45.743230000000004" lon="-75.88987">
    <ele>176.42000000000002</ele>
   </trkpt>
   <trkpt lat="45.743120000000005" lon="-75.88990000000001">
    <ele>175.96</ele>
   </trkpt>
   <trkpt lat="45.74304" lon="-75.88996">
    <ele>175.02</ele>
   </trkpt>
   <trkpt lat="45.742960000000004" lon="-75.89004000000001">
    <ele>174.47</ele>
   </trkpt>
   <trkpt lat="45.742920000000005" lon="-75.89013">
    <ele>174.08</ele>
   </trkpt>
   <trkpt lat="45.74289" lon="-75.89027">
    <ele>173.81</ele>
   </trkpt>
   <trkpt lat="45.74291" lon="-75.89053000000001">
    <ele>173.49</ele>
   </trkpt>
   <trkpt lat="45.74286" lon="-75.89067">
    <ele>173.37000000000003</ele>
   </trkpt>
   <trkpt lat="45.74275" lon="-75.89081">
    <ele>173.33</ele>
   </trkpt>
   <trkpt lat="45.742630000000005" lon="-75.89093000000001">
    <ele>173.29000000000002</ele>
   </trkpt>
   <trkpt lat="45.742520000000006" lon="-75.89095">
    <ele>173.29000000000002</ele>
   </trkpt>
   <trkpt lat="45.74232000000001" lon="-75.89094">
    <ele>173.13</ele>
   </trkpt>
   <trkpt lat="45.742160000000005" lon="-75.89089000000001">
    <ele>173.16</ele>
   </trkpt>
   <trkpt lat="45.74204" lon="-75.89081">
    <ele>173.16</ele>
   </trkpt>
   <trkpt lat="45.74193" lon="-75.8906">
    <ele>174.1</ele>
   </trkpt>
   <trkpt lat="45.74181" lon="-75.89045">
    <ele>174.5</ele>
   </trkpt>
   <trkpt lat="45.741640000000004" lon="-75.89031">
    <ele>174.16</ele>
   </trkpt>
   <trkpt lat="45.7413" lon="-75.89031">
    <ele>174.16</ele>
   </trkpt>
   <trkpt lat="45.741260000000004" lon="-75.89027">
    <ele>174.33</ele>
   </trkpt>
   <trkpt lat="45.74103" lon="-75.88987">
    <ele>175.73000000000002</ele>
   </trkpt>
   <trkpt lat="45.74091000000001" lon="-75.88983">
    <ele>177.1</ele>
   </trkpt>
   <trkpt lat="45.740186666696445" lon="-75.88982666658043">
    <ele>180.12</ele>
   </trkpt>
   <trkpt lat="45.73946333339279" lon="-75.88982333324725">
    <ele>175.20000000000002</ele>
   </trkpt>
   <trkpt lat="45.73874000000001" lon="-75.88982">
    <ele>170.5</ele>
   </trkpt>
   <trkpt lat="45.73843" lon="-75.88981000000001">
    <ele>167.60000000000002</ele>
   </trkpt>
   <trkpt lat="45.7379349998924" lon="-75.88981500004543">
    <ele>164.0</ele>
   </trkpt>
   <trkpt lat="45.73744000000001" lon="-75.88982">
    <ele>163.11</ele>
   </trkpt>
   <trkpt lat="45.737170000000006" lon="-75.88978">
    <ele>163.57000000000002</ele>
   </trkpt>
   <trkpt lat="45.73661999998684" lon="-75.88980000019752">
    <ele>162.04999999999998</ele>
   </trkpt>
   <trkpt lat="45.736070000000005" lon="-75.88982">
    <ele>158.20000000000002</ele>
   </trkpt>
   <trkpt lat="45.735174999971164" lon="-75.88979999967879">
    <ele>161.71</ele>
   </trkpt>
   <trkpt lat="45.734280000000005" lon="-75.88978">
    <ele>159.71</ele>
   </trkpt>
   <trkpt lat="45.733810000038254" lon="-75.88979500012505">
    <ele>157.91000000000003</ele>
   </trkpt>
   <trkpt lat="45.733340000000005" lon="-75.88981000000001">
    <ele>155.4</ele>
   </trkpt>
   <trkpt lat="45.733230000000006" lon="-75.88984">
    <ele>156.14</ele>
   </trkpt>
   <trkpt lat="45.73295" lon="-75.89017000000001">
    <ele>159.81</ele>
   </trkpt>
   <trkpt lat="45.73277" lon="-75.89020000000001">
    <ele>161.05</ele>
   </trkpt>
   <trkpt lat="45.7325" lon="-75.89036">
    <ele>158.12</ele>
   </trkpt>
   <trkpt lat="45.732260000000004" lon="-75.8904">
    <ele>154.12</ele>
   </trkpt>
   <trkpt lat="45.73201" lon="-75.89036">
    <ele>150.15</ele>
   </trkpt>
   <trkpt lat="45.73163" lon="-75.89036">
    <ele>145.77</ele>
   </trkpt>
   <trkpt lat="45.73104000000001" lon="-75.89045">
    <ele>137.11</ele>
   </trkpt>
   <trkpt lat="45.73066" lon="-75.89055">
    <ele>133.23000000000002</ele>
   </trkpt>
   <trkpt lat="45.73051" lon="-75.89066000000001">
    <ele>130.10000000000002</ele>
   </trkpt>
   <trkpt lat="45.730340000000005" lon="-75.89072">
    <ele>127.79</ele>
   </trkpt>
   <trkpt lat="45.73006" lon="-75.89076">
    <ele>123.85000000000001</ele>
   </trkpt>
   <trkpt lat="45.7299" lon="-75.89081">
    <ele>122.31000000000002</ele>
   </trkpt>
   <trkpt lat="45.72979" lon="-75.8909">
    <ele>121.36000000000001</ele>
   </trkpt>
   <trkpt lat="45.72972" lon="-75.89117">
    <ele>119.49000000000001</ele>
   </trkpt>
   <trkpt lat="45.7296186128846" lon="-75.89242858513805">
    <ele>116.67</ele>
   </trkpt>
   <trkpt lat="45.729517211950416" lon="-75.89368716570665">
    <ele>116.08</ele>
   </trkpt>
   <trkpt lat="45.72941579719752" lon="-75.89494574170521">
    <ele>115.29</ele>
   </trkpt>
   <trkpt lat="45.72931436862605" lon="-75.89620431313315">
    <ele>114.69000000000001</ele>
   </trkpt>
   <trkpt lat="45.72921292623607" lon="-75.89746287998989">
    <ele>114.46000000000001</ele>
   </trkpt>
   <trkpt lat="45.72911147002769" lon="-75.8987214422748">
    <ele>111.98</ele>
   </trkpt>
   <trkpt lat="45.72901" lon="-75.89998">
    <ele>110.06</ele>
   </trkpt>
   <trkpt lat="45.728970000000004" lon="-75.90066">
    <ele>109.53</ele>
   </trkpt>
   <trkpt lat="45.729040000000005" lon="-75.90124">
    <ele>109.36000000000001</ele>
   </trkpt>
   <trkpt lat="45.72912" lon="-75.90151">
    <ele>108.81</ele>
   </trkpt>
   <trkpt lat="45.729290000000006" lon="-75.90174">
    <ele>108.63</ele>
   </trkpt>
   <trkpt lat="45.72959" lon="-75.90195">
    <ele>108.46000000000001</ele>
   </trkpt>
   <trkpt lat="45.73011" lon="-75.90223">
    <ele>108.51</ele>
   </trkpt>
   <trkpt lat="45.7302" lon="-75.90231">
    <ele>108.51</ele>
   </trkpt>
   <trkpt lat="45.73031" lon="-75.90245">
    <ele>108.39000000000001</ele>
   </trkpt>
   <trkpt lat="45.73044" lon="-75.90272">
    <ele>107.95</ele>
   </trkpt>
   <trkpt lat="45.73058" lon="-75.90308">
    <ele>107.08000000000001</ele>
   </trkpt>
   <trkpt lat="45.730740000000004" lon="-75.90334">
    <ele>105.71000000000001</ele>
   </trkpt>
   <trkpt lat="45.731460000000006" lon="-75.9041">
    <ele>105.73</ele>
   </trkpt>
   <trkpt lat="45.73180000000001" lon="-75.90437">
    <ele>106.45</ele>
   </trkpt>
   <trkpt lat="45.732130000000005" lon="-75.9046">
    <ele>106.48</ele>
   </trkpt>
   <trkpt lat="45.732820000000004" lon="-75.90495">
    <ele>106.35000000000001</ele>
   </trkpt>
   <trkpt lat="45.73335" lon="-75.905">
    <ele>106.11000000000001</ele>
   </trkpt>
   <trkpt lat="45.73378" lon="-75.9051">
    <ele>105.7</ele>
   </trkpt>
   <trkpt lat="45.73431" lon="-75.90515">
    <ele>105.71000000000001</ele>
   </trkpt>
   <trkpt lat="45.734410000000004" lon="-75.90518">
    <ele>105.88</ele>
   </trkpt>
   <trkpt lat="45.734880000000004" lon="-75.90514">
    <ele>105.11000000000001</ele>
   </trkpt>
   <trkpt lat="45.73521" lon="-75.90517000000001">
    <ele>104.43</ele>
   </trkpt>
   <trkpt lat="45.735490000000006" lon="-75.90523">
    <ele>104.96000000000001</ele>
   </trkpt>
   <trkpt lat="45.73617" lon="-75.90554">
    <ele>104.23</ele>
   </trkpt>
   <trkpt lat="45.73662" lon="-75.90576">
    <ele>104.01</ele>
   </trkpt>
   <trkpt lat="45.73727" lon="-75.90598">
    <ele>103.53000000000002</ele>
   </trkpt>
   <trkpt lat="45.73780000000001" lon="-75.90604">
    <ele>102.75</ele>
   </trkpt>
   <trkpt lat="45.73838000000001" lon="-75.90602000000001">
    <ele>103.67000000000002</ele>
   </trkpt>
   <trkpt lat="45.73863" lon="-75.90589">
    <ele>105.29</ele>
   </trkpt>
   <trkpt lat="45.739430000000006" lon="-75.90562000000001">
    <ele>107.63</ele>
   </trkpt>
   <trkpt lat="45.739810000000006" lon="-75.90553000000001">
    <ele>108.39000000000001</ele>
   </trkpt>
   <trkpt lat="45.74033000000001" lon="-75.90548000000001">
    <ele>109.2</ele>
   </trkpt>
   <trkpt lat="45.74107500007289" lon="-75.90565999758164">
    <ele>108.52</ele>
   </trkpt>
   <trkpt lat="45.741820000000004" lon="-75.90584000000001">
    <ele>109.42</ele>
   </trkpt>
   <trkpt lat="45.742000000000004" lon="-75.90585">
    <ele>110.48</ele>
   </trkpt>
   <trkpt lat="45.742090000000005" lon="-75.90581">
    <ele>110.97000000000001</ele>
   </trkpt>
   <trkpt lat="45.74237" lon="-75.90512000000001">
    <ele>116.45</ele>
   </trkpt>
   <trkpt lat="45.74259000000001" lon="-75.90469">
    <ele>119.86</ele>
   </trkpt>
   <trkpt lat="45.74277000000001" lon="-75.90433">
    <ele>123.98</ele>
   </trkpt>
   <trkpt lat="45.742960000000004" lon="-75.90406">
    <ele>127.01</ele>
   </trkpt>
   <trkpt lat="45.743280000000006" lon="-75.90375">
    <ele>131.97</ele>
   </trkpt>
   <trkpt lat="45.74367" lon="-75.90348">
    <ele>139.65000000000003</ele>
   </trkpt>
   <trkpt lat="45.744060000000005" lon="-75.90322">
    <ele>146.02</ele>
   </trkpt>
   <trkpt lat="45.744260000000004" lon="-75.90303">
    <ele>149.85</ele>
   </trkpt>
   <trkpt lat="45.744440000000004" lon="-75.90272">
    <ele>153.32000000000002</ele>
   </trkpt>
   <trkpt lat="45.74477" lon="-75.90186">
    <ele>158.76000000000002</ele>
   </trkpt>
   <trkpt lat="45.744960000000006" lon="-75.90142">
    <ele>160.45000000000002</ele>
   </trkpt>
   <trkpt lat="45.74524000108" lon="-75.9009050027245">
    <ele>161.87</ele>
   </trkpt>
   <trkpt lat="45.745520000000006" lon="-75.90039">
    <ele>163.09</ele>
   </trkpt>
   <trkpt lat="45.74568000000001" lon="-75.9003">
    <ele>163.47</ele>
   </trkpt>
   <trkpt lat="45.746390000427986" lon="-75.89999000393904">
    <ele>166.74000000000004</ele>
   </trkpt>
   <trkpt lat="45.7471" lon="-75.89968">
    <ele>168.94</ele>
   </trkpt>
   <trkpt lat="45.7473" lon="-75.89958">
    <ele>169.53</ele>
   </trkpt>
   <trkpt lat="45.74732" lon="-75.8995">
    <ele>170.18000000000004</ele>
   </trkpt>
   <trkpt lat="45.74734" lon="-75.89909">
    <ele>171.5</ele>
   </trkpt>
   <trkpt lat="45.747330000000005" lon="-75.89850000000001">
    <ele>174.45000000000002</ele>
   </trkpt>
   <trkpt lat="45.74738000000001" lon="-75.89833">
    <ele>175.09000000000003</ele>
   </trkpt>
   <trkpt lat="45.747440000000005" lon="-75.89824">
    <ele>175.06000000000003</ele>
   </trkpt>
   <trkpt lat="45.747510000000005" lon="-75.8982">
    <ele>174.88</ele>
   </trkpt>
   <trkpt lat="45.748240000046245" lon="-75.89826999908692">
    <ele>171.12</ele>
   </trkpt>
   <trkpt lat="45.74897000000001" lon="-75.89834">
    <ele>166.77</ele>
   </trkpt>
   <trkpt lat="45.74913" lon="-75.89837">
    <ele>166.31</ele>
   </trkpt>
   <trkpt lat="45.74981000001471" lon="-75.89844666479448">
    <ele>169.22</ele>
   </trkpt>
   <trkpt lat="45.75048999997814" lon="-75.89852333145699">
    <ele>171.34</ele>
   </trkpt>
   <trkpt lat="45.75117" lon="-75.8986">
    <ele>174.05</ele>
   </trkpt>
   <trkpt lat="45.751430000000006" lon="-75.89865">
    <ele>176.3</ele>
   </trkpt>
   <trkpt lat="45.75159" lon="-75.89878">
    <ele>176.95000000000002</ele>
   </trkpt>
   <trkpt lat="45.75224500296712" lon="-75.89959999041925">
    <ele>175.96</ele>
   </trkpt>
   <trkpt lat="45.752900000000004" lon="-75.90042000000001">
    <ele>177.07</ele>
   </trkpt>
   <trkpt lat="45.753550000000004" lon="-75.90125">
    <ele>176.54</ele>
   </trkpt>
   <trkpt lat="45.75406000246935" lon="-75.90199999316933">
    <ele>175.79</ele>
   </trkpt>
   <trkpt lat="45.75457" lon="-75.90275000000001">
    <ele>175.87000000000003</ele>
   </trkpt>
   <trkpt lat="45.755010000000006" lon="-75.90341000000001">
    <ele>176.81000000000003</ele>
   </trkpt>
   <trkpt lat="45.755100000000006" lon="-75.90362">
    <ele>178.00000000000003</ele>
   </trkpt>
   <trkpt lat="45.75531" lon="-75.90437">
    <ele>178.35</ele>
   </trkpt>
   <trkpt lat="45.7554" lon="-75.90455">
    <ele>178.12000000000003</ele>
   </trkpt>
   <trkpt lat="45.75562" lon="-75.90483">
    <ele>177.24</ele>
   </trkpt>
   <trkpt lat="45.755750000000006" lon="-75.90495">
    <ele>175.71</ele>
   </trkpt>
   <trkpt lat="45.756370000000004" lon="-75.90531">
    <ele>173.11</ele>
   </trkpt>
   <trkpt lat="45.756510000000006" lon="-75.9054">
    <ele>172.75</ele>
   </trkpt>
   <trkpt lat="45.75663" lon="-75.90553000000001">
    <ele>172.52</ele>
   </trkpt>
   <trkpt lat="45.756730000000005" lon="-75.90567">
    <ele>172.56</ele>
   </trkpt>
   <trkpt lat="45.756780000000006" lon="-75.90585">
    <ele>172.76000000000002</ele>
   </trkpt>
   <trkpt lat="45.75681" lon="-75.90607">
    <ele>173.53</ele>
   </trkpt>
   <trkpt lat="45.75681" lon="-75.90679">
    <ele>171.26000000000002</ele>
   </trkpt>
   <trkpt lat="45.75685000000001" lon="-75.90701">
    <ele>170.6</ele>
   </trkpt>
   <trkpt lat="45.75692" lon="-75.90715">
    <ele>170.1</ele>
   </trkpt>
   <trkpt lat="45.75705000000001" lon="-75.90733">
    <ele>169.9</ele>
   </trkpt>
   <trkpt lat="45.75723000000001" lon="-75.90745000000001">
    <ele>169.78</ele>
   </trkpt>
   <trkpt lat="45.757360000000006" lon="-75.90747">
    <ele>169.78</ele>
   </trkpt>
   <trkpt lat="45.75782999991492" lon="-75.90746500004302">
    <ele>169.82000000000002</ele>
   </trkpt>
   <trkpt lat="45.758300000000006" lon="-75.90746">
    <ele>168.88</ele>
   </trkpt>
   <trkpt lat="45.75849" lon="-75.90755">
    <ele>168.19</ele>
   </trkpt>
   <trkpt lat="45.75862" lon="-75.90764">
    <ele>167.33</ele>
   </trkpt>
   <trkpt lat="45.75869" lon="-75.90773">
    <ele>167.33</ele>
   </trkpt>
   <trkpt lat="45.75898" lon="-75.90836">
    <ele>163.5</ele>
   </trkpt>
   <trkpt lat="45.75912" lon="-75.90872">
    <ele>162.9</ele>
   </trkpt>
   <trkpt lat="45.75923" lon="-75.90920000000001">
    <ele>161.17000000000002</ele>
   </trkpt>
   <trkpt lat="45.75927" lon="-75.90962">
    <ele>158.82000000000002</ele>
   </trkpt>
   <trkpt lat="45.75932" lon="-75.90988">
    <ele>157.72</ele>
   </trkpt>
   <trkpt lat="45.75952" lon="-75.91037">
    <ele>156.62</ele>
   </trkpt>
   <trkpt lat="45.7597" lon="-75.91064">
    <ele>157.49</ele>
   </trkpt>
   <trkpt lat="45.76006" lon="-75.911">
    <ele>163.10000000000002</ele>
   </trkpt>
   <trkpt lat="45.76015" lon="-75.91112000000001">
    <ele>164.08</ele>
   </trkpt>
   <trkpt lat="45.760200000000005" lon="-75.91132">
    <ele>164.89000000000001</ele>
   </trkpt>
   <trkpt lat="45.76035" lon="-75.91252">
    <ele>164.22</ele>
   </trkpt>
   <trkpt lat="45.76032000000001" lon="-75.91269000000001">
    <ele>163.84</ele>
   </trkpt>
   <trkpt lat="45.760160000000006" lon="-75.91319">
    <ele>163.36</ele>
   </trkpt>
   <trkpt lat="45.759930000000004" lon="-75.91364">
    <ele>163.13000000000002</ele>
   </trkpt>
   <trkpt lat="45.7599" lon="-75.91377">
    <ele>163.02</ele>
   </trkpt>
   <trkpt lat="45.759910000000005" lon="-75.91395">
    <ele>162.65</ele>
   </trkpt>
   <trkpt lat="45.760070000000006" lon="-75.91417000000001">
    <ele>162.53</ele>
   </trkpt>
   <trkpt lat="45.76017" lon="-75.91422">
    <ele>162.59</ele>
   </trkpt>
   <trkpt lat="45.76073500112836" lon="-75.91473499475889">
    <ele>165.67000000000002</ele>
   </trkpt>
   <trkpt lat="45.761300000000006" lon="-75.91525">
    <ele>169.77</ele>
   </trkpt>
   <trkpt lat="45.76167" lon="-75.91552">
    <ele>174.70000000000002</ele>
   </trkpt>
   <trkpt lat="45.76221" lon="-75.91597">
    <ele>183.44000000000003</ele>
   </trkpt>
   <trkpt lat="45.76232" lon="-75.91611">
    <ele>183.44000000000003</ele>
   </trkpt>
   <trkpt lat="45.76249000000001" lon="-75.91646">
    <ele>185.01</ele>
   </trkpt>
   <trkpt lat="45.76261" lon="-75.91664">
    <ele>186.03000000000003</ele>
   </trkpt>
   <trkpt lat="45.76277" lon="-75.91677">
    <ele>186.42</ele>
   </trkpt>
   <trkpt lat="45.763400000000004" lon="-75.91704">
    <ele>185.66000000000003</ele>
   </trkpt>
   <trkpt lat="45.763580000000005" lon="-75.91713">
    <ele>184.11</ele>
   </trkpt>
   <trkpt lat="45.764320000000005" lon="-75.91759">
    <ele>182.93</ele>
   </trkpt>
   <trkpt lat="45.764500000000005" lon="-75.91767">
    <ele>182.24</ele>
   </trkpt>
   <trkpt lat="45.764570000000006" lon="-75.91767">
    <ele>182.24</ele>
   </trkpt>
   <trkpt lat="45.764700000000005" lon="-75.91762">
    <ele>181.45000000000002</ele>
   </trkpt>
   <trkpt lat="45.764810000000004" lon="-75.91753">
    <ele>181.12</ele>
   </trkpt>
   <trkpt lat="45.76529" lon="-75.91731">
    <ele>182.64000000000001</ele>
   </trkpt>
   <trkpt lat="45.76543" lon="-75.91731">
    <ele>182.48</ele>
   </trkpt>
   <trkpt lat="45.76578000000001" lon="-75.91749">
    <ele>179.53000000000003</ele>
   </trkpt>
   <trkpt lat="45.766020000000005" lon="-75.91766000000001">
    <ele>176.21</ele>
   </trkpt>
   <trkpt lat="45.76625000000001" lon="-75.91771">
    <ele>174.89000000000001</ele>
   </trkpt>
   <trkpt lat="45.76661000000001" lon="-75.91775000000001">
    <ele>173.03</ele>
   </trkpt>
   <trkpt lat="45.76671" lon="-75.91771">
    <ele>172.65000000000003</ele>
   </trkpt>
   <trkpt lat="45.76693" lon="-75.91779000000001">
    <ele>171.98000000000002</ele>
   </trkpt>
   <trkpt lat="45.76753" lon="-75.91821">
    <ele>169.86</ele>
   </trkpt>
   <trkpt lat="45.768060000000006" lon="-75.91874">
    <ele>169.81</ele>
   </trkpt>
   <trkpt lat="45.768330000000006" lon="-75.91889">
    <ele>170.51000000000002</ele>
   </trkpt>
   <trkpt lat="45.76852" lon="-75.91897">
    <ele>171.37</ele>
   </trkpt>
   <trkpt lat="45.769290000000005" lon="-75.9191">
    <ele>172.49</ele>
   </trkpt>
   <trkpt lat="45.769490000000005" lon="-75.91915">
    <ele>170.87</ele>
   </trkpt>
   <trkpt lat="45.77028000000001" lon="-75.91959">
    <ele>169.78</ele>
   </trkpt>
   <trkpt lat="45.770700000000005" lon="-75.91995">
    <ele>166.49000000000004</ele>
   </trkpt>
   <trkpt lat="45.77084000000001" lon="-75.92013">
    <ele>163.62</ele>
   </trkpt>
   <trkpt lat="45.771280000000004" lon="-75.92108">
    <ele>158.09</ele>
   </trkpt>
   <trkpt lat="45.771350000000005" lon="-75.92133000000001">
    <ele>157.65</ele>
   </trkpt>
   <trkpt lat="45.77138" lon="-75.92147">
    <ele>157.5</ele>
   </trkpt>
   <trkpt lat="45.771370000000005" lon="-75.92157">
    <ele>157.5</ele>
   </trkpt>
   <trkpt lat="45.77134" lon="-75.92174">
    <ele>157.46</ele>
   </trkpt>
   <trkpt lat="45.771260000000005" lon="-75.92192">
    <ele>157.51000000000002</ele>
   </trkpt>
   <trkpt lat="45.771240000000006" lon="-75.92206">
    <ele>157.48000000000002</ele>
   </trkpt>
   <trkpt lat="45.771240000000006" lon="-75.92224">
    <ele>157.28</ele>
   </trkpt>
   <trkpt lat="45.771350000000005" lon="-75.92268">
    <ele>156.71</ele>
   </trkpt>
   <trkpt lat="45.77156" lon="-75.92317000000001">
    <ele>156.19000000000003</ele>
   </trkpt>
   <trkpt lat="45.77183" lon="-75.92368">
    <ele>155.91000000000003</ele>
   </trkpt>
   <trkpt lat="45.772020000000005" lon="-75.92398">
    <ele>153.89</ele>
   </trkpt>
   <trkpt lat="45.772090000000006" lon="-75.92416">
    <ele>153.65</ele>
   </trkpt>
   <trkpt lat="45.77212" lon="-75.92434">
    <ele>152.97000000000003</ele>
   </trkpt>
   <trkpt lat="45.772090000000006" lon="-75.92471">
    <ele>152.43</ele>
   </trkpt>
   <trkpt lat="45.772110000000005" lon="-75.92488">
    <ele>152.34</ele>
   </trkpt>
   <trkpt lat="45.77217" lon="-75.92501">
    <ele>152.34</ele>
   </trkpt>
   <trkpt lat="45.77281000000001" lon="-75.9256">
    <ele>152.05</ele>
   </trkpt>
   <trkpt lat="45.773" lon="-75.92519">
    <ele>148.48</ele>
   </trkpt>
   <trkpt lat="45.773205001798566" lon="-75.92454000252968">
    <ele>147.23</ele>
   </trkpt>
   <trkpt lat="45.773410000000005" lon="-75.92389">
    <ele>145.81000000000003</ele>
   </trkpt>
   <trkpt lat="45.77347" lon="-75.92377">
    <ele>145.91</ele>
   </trkpt>
   <trkpt lat="45.77358" lon="-75.92368">
    <ele>146.06000000000003</ele>
   </trkpt>
   <trkpt lat="45.77414" lon="-75.9234">
    <ele>148.24</ele>
   </trkpt>
   <trkpt lat="45.77429" lon="-75.92335">
    <ele>148.50000000000003</ele>
   </trkpt>
   <trkpt lat="45.77443" lon="-75.92327">
    <ele>148.51</ele>
   </trkpt>
   <trkpt lat="45.77451000000001" lon="-75.92322">
    <ele>148.24</ele>
   </trkpt>
   <trkpt lat="45.77463" lon="-75.92302000000001">
    <ele>147.35</ele>
   </trkpt>
   <trkpt lat="45.77469000000001" lon="-75.92273">
    <ele>147.23</ele>
   </trkpt>
   <trkpt lat="45.77472" lon="-75.92237">
    <ele>145.91</ele>
   </trkpt>
   <trkpt lat="45.77474" lon="-75.92165">
    <ele>141.55</ele>
   </trkpt>
   <trkpt lat="45.774835002076735" lon="-75.92096000117459">
    <ele>140.55</ele>
   </trkpt>
   <trkpt lat="45.774930000000005" lon="-75.92027">
    <ele>145.57</ele>
   </trkpt>
   <trkpt lat="45.775040000000004" lon="-75.91977">
    <ele>147.15</ele>
   </trkpt>
   <trkpt lat="45.77519" lon="-75.91941">
    <ele>147.84</ele>
   </trkpt>
   <trkpt lat="45.7753" lon="-75.91929">
    <ele>148.16000000000003</ele>
   </trkpt>
   <trkpt lat="45.77593666860454" lon="-75.91882334396136">
    <ele>153.31</ele>
   </trkpt>
   <trkpt lat="45.77657333530934" lon="-75.9183566772669">
    <ele>157.26000000000002</ele>
   </trkpt>
   <trkpt lat="45.777210000000004" lon="-75.91789">
    <ele>162.89000000000001</ele>
   </trkpt>
   <trkpt lat="45.77796" lon="-75.91722">
    <ele>170.95000000000002</ele>
   </trkpt>
   <trkpt lat="45.7781" lon="-75.91717000000001">
    <ele>171.42000000000002</ele>
   </trkpt>
   <trkpt lat="45.77825000000001" lon="-75.91704">
    <ele>171.54000000000002</ele>
   </trkpt>
   <trkpt lat="45.77882999995435" lon="-75.91691000137901">
    <ele>170.51000000000002</ele>
   </trkpt>
   <trkpt lat="45.779410000000006" lon="-75.91678">
    <ele>169.13</ele>
   </trkpt>
   <trkpt lat="45.77975000000001" lon="-75.91665">
    <ele>167.60000000000002</ele>
   </trkpt>
   <trkpt lat="45.78013000000001" lon="-75.91646">
    <ele>164.42000000000002</ele>
   </trkpt>
   <trkpt lat="45.78094" lon="-75.91591000000001">
    <ele>162.43</ele>
   </trkpt>
   <trkpt lat="45.78141" lon="-75.91556">
    <ele>162.92000000000002</ele>
   </trkpt>
   <trkpt lat="45.7819" lon="-75.91535">
    <ele>162.38000000000002</ele>
   </trkpt>
   <trkpt lat="45.7826" lon="-75.91498">
    <ele>162.17000000000002</ele>
   </trkpt>
   <trkpt lat="45.783150000000006" lon="-75.91463">
    <ele>161.89000000000001</ele>
   </trkpt>
   <trkpt lat="45.78342000000001" lon="-75.9144">
    <ele>161.72</ele>
   </trkpt>
   <trkpt lat="45.78358" lon="-75.91422">
    <ele>161.54000000000002</ele>
   </trkpt>
   <trkpt lat="45.7839" lon="-75.91365">
    <ele>161.43</ele>
   </trkpt>
   <trkpt lat="45.784150000000004" lon="-75.91347">
    <ele>161.74</ele>
   </trkpt>
   <trkpt lat="45.784510000000004" lon="-75.91338">
    <ele>162.92000000000002</ele>
   </trkpt>
   <trkpt lat="45.785070000000005" lon="-75.91355">
    <ele>164.31</ele>
   </trkpt>
   <trkpt lat="45.785540000000005" lon="-75.91359">
    <ele>168.04000000000002</ele>
   </trkpt>
   <trkpt lat="45.786" lon="-75.91355">
    <ele>174.23000000000002</ele>
   </trkpt>
   <trkpt lat="45.78618" lon="-75.91350000000001">
    <ele>176.37000000000003</ele>
   </trkpt>
   <trkpt lat="45.78634" lon="-75.91341000000001">
    <ele>177.34000000000003</ele>
   </trkpt>
   <trkpt lat="45.78647" lon="-75.91337">
    <ele>180.97000000000003</ele>
   </trkpt>
   <trkpt lat="45.786840000000005" lon="-75.91342">
    <ele>183.89000000000001</ele>
   </trkpt>
   <trkpt lat="45.787020000000005" lon="-75.91346">
    <ele>185.65</ele>
   </trkpt>
   <trkpt lat="45.787310000000005" lon="-75.91368">
    <ele>187.82000000000002</ele>
   </trkpt>
   <trkpt lat="45.78783000000001" lon="-75.91445">
    <ele>184.26</ele>
   </trkpt>
   <trkpt lat="45.788250000000005" lon="-75.91481">
    <ele>177.74</ele>
   </trkpt>
   <trkpt lat="45.78884" lon="-75.91520000000001">
    <ele>170.96</ele>
   </trkpt>
   <trkpt lat="45.78924500039172" lon="-75.91551499767925">
    <ele>167.47</ele>
   </trkpt>
   <trkpt lat="45.78965" lon="-75.91583">
    <ele>163.07000000000002</ele>
   </trkpt>
   <trkpt lat="45.789820000000006" lon="-75.91601">
    <ele>161.5</ele>
   </trkpt>
   <trkpt lat="45.789970000000004" lon="-75.91632000000001">
    <ele>160.47</ele>
   </trkpt>
   <trkpt lat="45.79008" lon="-75.91646">
    <ele>159.98000000000002</ele>
   </trkpt>
   <trkpt lat="45.79023" lon="-75.91655">
    <ele>159.78</ele>
   </trkpt>
   <trkpt lat="45.790920000311445" lon="-75.91674999756373">
    <ele>159.26000000000002</ele>
   </trkpt>
   <trkpt lat="45.791610000000006" lon="-75.91695">
    <ele>160.26000000000002</ele>
   </trkpt>
   <trkpt lat="45.792260000000006" lon="-75.91690000000001">
    <ele>158.06</ele>
   </trkpt>
   <trkpt lat="45.792460000000005" lon="-75.91692">
    <ele>158.25</ele>
   </trkpt>
   <trkpt lat="45.792570000000005" lon="-75.91692">
    <ele>158.5</ele>
   </trkpt>
   <trkpt lat="45.793330000000005" lon="-75.91713">
    <ele>166.53</ele>
   </trkpt>
   <trkpt lat="45.794070000000005" lon="-75.91731">
    <ele>170.94</ele>
   </trkpt>
   <trkpt lat="45.79426" lon="-75.91736">
    <ele>172.64000000000001</ele>
   </trkpt>
   <trkpt lat="45.794410000000006" lon="-75.91745">
    <ele>175.42000000000002</ele>
   </trkpt>
   <trkpt lat="45.79459000000001" lon="-75.91762">
    <ele>179.12</ele>
   </trkpt>
   <trkpt lat="45.79468000000001" lon="-75.91775000000001">
    <ele>179.12</ele>
   </trkpt>
   <trkpt lat="45.79478" lon="-75.91785">
    <ele>181.17000000000002</ele>
   </trkpt>
   <trkpt lat="45.79505" lon="-75.91798">
    <ele>181.16000000000003</ele>
   </trkpt>
   <trkpt lat="45.795910000000006" lon="-75.91812">
    <ele>179.29</ele>
   </trkpt>
   <trkpt lat="45.79609000000001" lon="-75.91816">
    <ele>178.27</ele>
   </trkpt>
   <trkpt lat="45.79621" lon="-75.91821">
    <ele>177.22</ele>
   </trkpt>
   <trkpt lat="45.79648" lon="-75.91842000000001">
    <ele>171.99</ele>
   </trkpt>
   <trkpt lat="45.79692000000001" lon="-75.91879">
    <ele>167.60000000000002</ele>
   </trkpt>
   <trkpt lat="45.79753" lon="-75.91897">
    <ele>159.89000000000001</ele>
   </trkpt>
   <trkpt lat="45.797880000000006" lon="-75.9191">
    <ele>156.39</ele>
   </trkpt>
   <trkpt lat="45.79798" lon="-75.9191">
    <ele>155.72000000000003</ele>
   </trkpt>
   <trkpt lat="45.798100000000005" lon="-75.91906">
    <ele>154.97000000000003</ele>
   </trkpt>
   <trkpt lat="45.798590000000004" lon="-75.91865">
    <ele>153.84</ele>
   </trkpt>
   <trkpt lat="45.79869" lon="-75.91861">
    <ele>153.88000000000002</ele>
   </trkpt>
   <trkpt lat="45.79881" lon="-75.91862">
    <ele>153.82000000000002</ele>
   </trkpt>
   <trkpt lat="45.79883" lon="-75.91883">
    <ele>153.81</ele>
   </trkpt>
   <trkpt lat="45.79909000000001" lon="-75.91999000000001">
    <ele>154.58</ele>
   </trkpt>
   <trkpt lat="45.79933000270424" lon="-75.92077499667275">
    <ele>154.31</ele>
   </trkpt>
   <trkpt lat="45.79957" lon="-75.92156">
    <ele>149.00000000000003</ele>
   </trkpt>
   <trkpt lat="45.799640000000004" lon="-75.92193">
    <ele>145.74</ele>
   </trkpt>
   <trkpt lat="45.799700001850596" lon="-75.92257999938472">
    <ele>142.15</ele>
   </trkpt>
   <trkpt lat="45.799760000000006" lon="-75.92323">
    <ele>137.19</ele>
   </trkpt>
   <trkpt lat="45.79981" lon="-75.92339000000001">
    <ele>134.62</ele>
   </trkpt>
   <trkpt lat="45.79997" lon="-75.92362">
    <ele>132.24</ele>
   </trkpt>
   <trkpt lat="45.800180000000005" lon="-75.92377">
    <ele>130.38000000000002</ele>
   </trkpt>
   <trkpt lat="45.80022" lon="-75.92385">
    <ele>130.38000000000002</ele>
   </trkpt>
   <trkpt lat="45.800450000000005" lon="-75.92397000000001">
    <ele>129.35000000000002</ele>
   </trkpt>
   <trkpt lat="45.800830000000005" lon="-75.92421">
    <ele>128.94</ele>
   </trkpt>
   <trkpt lat="45.80098" lon="-75.92429">
    <ele>128.57000000000002</ele>
   </trkpt>
   <trkpt lat="45.80113" lon="-75.92433000000001">
    <ele>128.04000000000002</ele>
   </trkpt>
   <trkpt lat="45.80164000009046" lon="-75.92435499977546">
    <ele>127.07000000000001</ele>
   </trkpt>
   <trkpt lat="45.802150000000005" lon="-75.92438">
    <ele>123.05</ele>
   </trkpt>
   <trkpt lat="45.802614999873775" lon="-75.9243650001293">
    <ele>120.0</ele>
   </trkpt>
   <trkpt lat="45.80308" lon="-75.92435">
    <ele>117.72</ele>
   </trkpt>
   <trkpt lat="45.80354999982934" lon="-75.92430500039683">
    <ele>115.61</ele>
   </trkpt>
   <trkpt lat="45.80402" lon="-75.92426">
    <ele>112.16000000000001</ele>
   </trkpt>
   <trkpt lat="45.80427" lon="-75.92421">
    <ele>111.01</ele>
   </trkpt>
   <trkpt lat="45.80498" lon="-75.92383000000001">
    <ele>108.7</ele>
   </trkpt>
   <trkpt lat="45.805170000000004" lon="-75.92376">
    <ele>110.17</ele>
   </trkpt>
   <trkpt lat="45.80539" lon="-75.92372">
    <ele>111.32</ele>
   </trkpt>
   <trkpt lat="45.80584" lon="-75.92376">
    <ele>112.55000000000001</ele>
   </trkpt>
   <trkpt lat="45.80604" lon="-75.9238">
    <ele>113.0</ele>
   </trkpt>
   <trkpt lat="45.80673" lon="-75.9243">
    <ele>110.57000000000001</ele>
   </trkpt>
   <trkpt lat="45.806960000000004" lon="-75.92442000000001">
    <ele>108.47000000000001</ele>
   </trkpt>
   <trkpt lat="45.807500000000005" lon="-75.92452">
    <ele>109.84</ele>
   </trkpt>
   <trkpt lat="45.80789" lon="-75.92465">
    <ele>111.30000000000001</ele>
   </trkpt>
   <trkpt lat="45.8083" lon="-75.92474">
    <ele>111.9</ele>
   </trkpt>
   <trkpt lat="45.80859" lon="-75.92474">
    <ele>113.37</ele>
   </trkpt>
   <trkpt lat="45.809200000000004" lon="-75.92465">
    <ele>118.9</ele>
   </trkpt>
   <trkpt lat="45.809340000000006" lon="-75.92456">
    <ele>120.68</ele>
   </trkpt>
   <trkpt lat="45.80944" lon="-75.92447">
    <ele>121.45000000000002</ele>
   </trkpt>
   <trkpt lat="45.80971" lon="-75.92406000000001">
    <ele>123.47000000000001</ele>
   </trkpt>
   <trkpt lat="45.809830000000005" lon="-75.92394">
    <ele>124.46000000000001</ele>
   </trkpt>
   <trkpt lat="45.80995" lon="-75.92394">
    <ele>125.60000000000001</ele>
   </trkpt>
   <trkpt lat="45.810140000000004" lon="-75.92398">
    <ele>127.15</ele>
   </trkpt>
   <trkpt lat="45.81031" lon="-75.92421">
    <ele>128.54999999999998</ele>
   </trkpt>
   <trkpt lat="45.81049" lon="-75.92487000000001">
    <ele>131.13000000000002</ele>
   </trkpt>
   <trkpt lat="45.81058" lon="-75.92502">
    <ele>131.92000000000002</ele>
   </trkpt>
   <trkpt lat="45.81073000000001" lon="-75.92511">
    <ele>133.61</ele>
   </trkpt>
   <trkpt lat="45.81085" lon="-75.92515">
    <ele>135.68</ele>
   </trkpt>
   <trkpt lat="45.811060000000005" lon="-75.92519">
    <ele>138.45000000000002</ele>
   </trkpt>
   <trkpt lat="45.81161" lon="-75.92505000000001">
    <ele>143.11</ele>
   </trkpt>
   <trkpt lat="45.811710000000005" lon="-75.92505000000001">
    <ele>143.91</ele>
   </trkpt>
   <trkpt lat="45.81179" lon="-75.9251">
    <ele>143.91</ele>
   </trkpt>
   <trkpt lat="45.811800000000005" lon="-75.9251">
    <ele>143.91</ele>
   </trkpt>
   <trkpt lat="45.811980000000005" lon="-75.92527000000001">
    <ele>144.50000000000003</ele>
   </trkpt>
   <trkpt lat="45.81221500344014" lon="-75.92615999618914">
    <ele>144.02</ele>
   </trkpt>
   <trkpt lat="45.812450000000005" lon="-75.92705000000001">
    <ele>144.03000000000003</ele>
   </trkpt>
   <trkpt lat="45.81248" lon="-75.92729">
    <ele>144.38</ele>
   </trkpt>
   <trkpt lat="45.812450000000005" lon="-75.92747">
    <ele>144.77</ele>
   </trkpt>
   <trkpt lat="45.81241000000001" lon="-75.92760000000001">
    <ele>145.50000000000003</ele>
   </trkpt>
   <trkpt lat="45.812340000000006" lon="-75.92766">
    <ele>145.91</ele>
   </trkpt>
   <trkpt lat="45.81221" lon="-75.92774">
    <ele>146.47000000000003</ele>
   </trkpt>
   <trkpt lat="45.81194000000001" lon="-75.92782000000001">
    <ele>146.98</ele>
   </trkpt>
   <trkpt lat="45.811820000000004" lon="-75.92793">
    <ele>148.33</ele>
   </trkpt>
   <trkpt lat="45.8115" lon="-75.92846">
    <ele>149.77</ele>
   </trkpt>
   <trkpt lat="45.81143" lon="-75.9286">
    <ele>150.11</ele>
   </trkpt>
   <trkpt lat="45.81129000000001" lon="-75.92935">
    <ele>149.00000000000003</ele>
   </trkpt>
   <trkpt lat="45.811130000000006" lon="-75.92971">
    <ele>147.14000000000001</ele>
   </trkpt>
   <trkpt lat="45.81103" lon="-75.92981">
    <ele>146.07</ele>
   </trkpt>
   <trkpt lat="45.81094" lon="-75.92988000000001">
    <ele>145.6</ele>
   </trkpt>
   <trkpt lat="45.81085" lon="-75.92988000000001">
    <ele>145.25000000000003</ele>
   </trkpt>
   <trkpt lat="45.81063" lon="-75.92981">
    <ele>144.77</ele>
   </trkpt>
   <trkpt lat="45.81058" lon="-75.92984000000001">
    <ele>144.67000000000002</ele>
   </trkpt>
   <trkpt lat="45.81056" lon="-75.92988000000001">
    <ele>144.52</ele>
   </trkpt>
   <trkpt lat="45.81054" lon="-75.93001000000001">
    <ele>144.11</ele>
   </trkpt>
   <trkpt lat="45.81054334013943" lon="-75.93089333312179">
    <ele>143.24</ele>
   </trkpt>
   <trkpt lat="45.81054667347236" lon="-75.93177666634939">
    <ele>143.49</ele>
   </trkpt>
   <trkpt lat="45.810550000000006" lon="-75.93266000000001">
    <ele>143.35</ele>
   </trkpt>
   <trkpt lat="45.810570000000006" lon="-75.93272">
    <ele>143.36</ele>
   </trkpt>
   <trkpt lat="45.81067" lon="-75.93289">
    <ele>143.48000000000002</ele>
   </trkpt>
   <trkpt lat="45.810970000000005" lon="-75.93308">
    <ele>143.38</ele>
   </trkpt>
   <trkpt lat="45.81101" lon="-75.93317">
    <ele>143.21</ele>
   </trkpt>
   <trkpt lat="45.811020000000006" lon="-75.93325">
    <ele>142.70000000000002</ele>
   </trkpt>
   <trkpt lat="45.81101" lon="-75.93334">
    <ele>142.38</ele>
   </trkpt>
   <trkpt lat="45.810790000000004" lon="-75.93396000000001">
    <ele>137.29000000000002</ele>
   </trkpt>
   <trkpt lat="45.81069" lon="-75.93438">
    <ele>134.10000000000002</ele>
   </trkpt>
   <trkpt lat="45.81069" lon="-75.93468">
    <ele>129.26000000000002</ele>
   </trkpt>
   <trkpt lat="45.81071" lon="-75.93495">
    <ele>129.26000000000002</ele>
   </trkpt>
   <trkpt lat="45.8108" lon="-75.93567">
    <ele>123.89000000000001</ele>
   </trkpt>
   <trkpt lat="45.810790000000004" lon="-75.93594">
    <ele>120.68</ele>
   </trkpt>
   <trkpt lat="45.81069" lon="-75.93647">
    <ele>116.03</ele>
   </trkpt>
   <trkpt lat="45.8106" lon="-75.93674">
    <ele>113.29</ele>
   </trkpt>
   <trkpt lat="45.810410000000005" lon="-75.9371">
    <ele>110.36000000000001</ele>
   </trkpt>
   <trkpt lat="45.81022" lon="-75.93732">
    <ele>109.30000000000001</ele>
   </trkpt>
   <trkpt lat="45.810010000000005" lon="-75.93755">
    <ele>108.74</ele>
   </trkpt>
   <trkpt lat="45.80971" lon="-75.93781000000001">
    <ele>108.38</ele>
   </trkpt>
   <trkpt lat="45.809650000000005" lon="-75.93789000000001">
    <ele>108.13</ele>
   </trkpt>
   <trkpt lat="45.80962" lon="-75.93817">
    <ele>107.77</ele>
   </trkpt>
   <trkpt lat="45.80962" lon="-75.9388">
    <ele>107.44000000000001</ele>
   </trkpt>
   <trkpt lat="45.80966" lon="-75.93929">
    <ele>107.11000000000001</ele>
   </trkpt>
   <trkpt lat="45.80990000418552" lon="-75.94027499556613">
    <ele>108.49</ele>
   </trkpt>
   <trkpt lat="45.810140000000004" lon="-75.94126">
    <ele>109.7</ele>
   </trkpt>
   <trkpt lat="45.81018" lon="-75.94157000000001">
    <ele>110.17</ele>
   </trkpt>
   <trkpt lat="45.8102" lon="-75.94189">
    <ele>110.28</ele>
   </trkpt>
   <trkpt lat="45.8102" lon="-75.94248">
    <ele>110.54</ele>
   </trkpt>
   <trkpt lat="45.81027" lon="-75.94297">
    <ele>110.42</ele>
   </trkpt>
   <trkpt lat="45.8105650054308" lon="-75.94408999391473">
    <ele>109.97000000000001</ele>
   </trkpt>
   <trkpt lat="45.810860000000005" lon="-75.94521">
    <ele>111.07000000000001</ele>
   </trkpt>
   <trkpt lat="45.81091000000001" lon="-75.94547">
    <ele>111.28</ele>
   </trkpt>
   <trkpt lat="45.81094" lon="-75.94582000000001">
    <ele>112.39</ele>
   </trkpt>
   <trkpt lat="45.810930000000006" lon="-75.94662000000001">
    <ele>115.57000000000001</ele>
   </trkpt>
   <trkpt lat="45.810960003984256" lon="-75.94757499968888">
    <ele>118.0</ele>
   </trkpt>
   <trkpt lat="45.810990000000004" lon="-75.94853">
    <ele>120.0</ele>
   </trkpt>
   <trkpt lat="45.81102000703166" lon="-75.94979999918378">
    <ele>121.43</ele>
   </trkpt>
   <trkpt lat="45.81105" lon="-75.95107">
    <ele>125.76</ele>
   </trkpt>
   <trkpt lat="45.811110000000006" lon="-75.95188">
    <ele>127.34</ele>
   </trkpt>
   <trkpt lat="45.8111" lon="-75.95219">
    <ele>127.57000000000001</ele>
   </trkpt>
   <trkpt lat="45.811060000000005" lon="-75.95254000000001">
    <ele>127.25</ele>
   </trkpt>
   <trkpt lat="45.811040000000006" lon="-75.95277">
    <ele>126.52000000000002</ele>
   </trkpt>
   <trkpt lat="45.81100000000001" lon="-75.95293000000001">
    <ele>126.33</ele>
   </trkpt>
   <trkpt lat="45.811550000000004" lon="-75.95378000000001">
    <ele>125.4</ele>
   </trkpt>
   <trkpt lat="45.8121" lon="-75.95475">
    <ele>126.01</ele>
   </trkpt>
   <trkpt lat="45.812490003456766" lon="-75.95563999377217">
    <ele>127.18</ele>
   </trkpt>
   <trkpt lat="45.81288000000001" lon="-75.95653">
    <ele>128.45000000000002</ele>
   </trkpt>
   <trkpt lat="45.81327000846034" lon="-75.95751331962563">
    <ele>128.89000000000001</ele>
   </trkpt>
   <trkpt lat="45.81366000848604" lon="-75.95849665302352">
    <ele>129.71</ele>
   </trkpt>
   <trkpt lat="45.81405" lon="-75.95948">
    <ele>131.15</ele>
   </trkpt>
   <trkpt lat="45.814400000000006" lon="-75.96029">
    <ele>132.57000000000002</ele>
   </trkpt>
   <trkpt lat="45.814600000000006" lon="-75.96082000000001">
    <ele>133.62</ele>
   </trkpt>
   <trkpt lat="45.81497" lon="-75.96154">
    <ele>135.0</ele>
   </trkpt>
   <trkpt lat="45.81544" lon="-75.96213">
    <ele>136.41</ele>
   </trkpt>
   <trkpt lat="45.8162" lon="-75.96271">
    <ele>138.56</ele>
   </trkpt>
   <trkpt lat="45.81683" lon="-75.96325">
    <ele>140.39000000000001</ele>
   </trkpt>
   <trkpt lat="45.81702000000001" lon="-75.9636">
    <ele>141.06</ele>
   </trkpt>
   <trkpt lat="45.81723500159318" lon="-75.9641849980149">
    <ele>141.27</ele>
   </trkpt>
   <trkpt lat="45.81745" lon="-75.96477">
    <ele>141.51000000000002</ele>
   </trkpt>
   <trkpt lat="45.8179" lon="-75.96552000000001">
    <ele>140.85</ele>
   </trkpt>
   <trkpt lat="45.81853" lon="-75.96625">
    <ele>139.95000000000002</ele>
   </trkpt>
   <trkpt lat="45.819050000000004" lon="-75.96691000000001">
    <ele>139.1</ele>
   </trkpt>
   <trkpt lat="45.81935000000001" lon="-75.96740000000001">
    <ele>138.59</ele>
   </trkpt>
   <trkpt lat="45.81965" lon="-75.96804">
    <ele>138.41</ele>
   </trkpt>
   <trkpt lat="45.819840000000006" lon="-75.96866">
    <ele>138.43</ele>
   </trkpt>
   <trkpt lat="45.81994" lon="-75.96924">
    <ele>138.67000000000002</ele>
   </trkpt>
   <trkpt lat="45.819990000000004" lon="-75.9701">
    <ele>138.6</ele>
   </trkpt>
   <trkpt lat="45.82001" lon="-75.97134000000001">
    <ele>138.6</ele>
   </trkpt>
   <trkpt lat="45.820060000000005" lon="-75.97238">
    <ele>138.32</ele>
   </trkpt>
   <trkpt lat="45.82011000000001" lon="-75.97269">
    <ele>138.38</ele>
   </trkpt>
   <trkpt lat="45.820310000000006" lon="-75.97323">
    <ele>138.03</ele>
   </trkpt>
   <trkpt lat="45.820640000000004" lon="-75.97377">
    <ele>139.1</ele>
   </trkpt>
   <trkpt lat="45.82099" lon="-75.97404">
    <ele>139.12</ele>
   </trkpt>
   <trkpt lat="45.821450000000006" lon="-75.97427">
    <ele>138.79000000000002</ele>
   </trkpt>
   <trkpt lat="45.82199000000001" lon="-75.97465000000001">
    <ele>137.69</ele>
   </trkpt>
   <trkpt lat="45.82233" lon="-75.97522000000001">
    <ele>138.57</ele>
   </trkpt>
   <trkpt lat="45.82277000736578" lon="-75.97613665225239">
    <ele>139.05</ele>
   </trkpt>
   <trkpt lat="45.82321000740188" lon="-75.97705331899404">
    <ele>139.78</ele>
   </trkpt>
   <trkpt lat="45.82365" lon="-75.97797">
    <ele>140.38</ele>
   </trkpt>
   <trkpt lat="45.82394" lon="-75.97833">
    <ele>140.70000000000002</ele>
   </trkpt>
   <trkpt lat="45.82435" lon="-75.97868000000001">
    <ele>141.49</ele>
   </trkpt>
   <trkpt lat="45.82461000000001" lon="-75.97878">
    <ele>142.07</ele>
   </trkpt>
   <trkpt lat="45.825" lon="-75.97891000000001">
    <ele>142.36</ele>
   </trkpt>
   <trkpt lat="45.82544" lon="-75.97887">
    <ele>143.65</ele>
   </trkpt>
   <trkpt lat="45.825914999810315" lon="-75.97874500113444">
    <ele>144.95000000000002</ele>
   </trkpt>
   <trkpt lat="45.82639" lon="-75.97862">
    <ele>144.84000000000003</ele>
   </trkpt>
   <trkpt lat="45.82715" lon="-75.97851">
    <ele>146.54</ele>
   </trkpt>
   <trkpt lat="45.82761000000001" lon="-75.97851">
    <ele>148.07</ele>
   </trkpt>
   <trkpt lat="45.82809999997871" lon="-75.97855499960109">
    <ele>149.87</ele>
   </trkpt>
   <trkpt lat="45.828590000000005" lon="-75.9786">
    <ele>151.86</ele>
   </trkpt>
   <trkpt lat="45.82904000005939" lon="-75.97875999868788">
    <ele>152.93</ele>
   </trkpt>
   <trkpt lat="45.82949000000001" lon="-75.97892">
    <ele>153.97000000000003</ele>
   </trkpt>
   <trkpt lat="45.83012500026517" lon="-75.97916499720617">
    <ele>154.72000000000003</ele>
   </trkpt>
   <trkpt lat="45.830760000000005" lon="-75.97941">
    <ele>156.41000000000003</ele>
   </trkpt>
   <trkpt lat="45.83133" lon="-75.97945">
    <ele>157.98000000000002</ele>
   </trkpt>
   <trkpt lat="45.83174" lon="-75.97937">
    <ele>158.63000000000002</ele>
   </trkpt>
   <trkpt lat="45.83234" lon="-75.97918">
    <ele>160.14000000000001</ele>
   </trkpt>
   <trkpt lat="45.832620000000006" lon="-75.979">
    <ele>161.27</ele>
   </trkpt>
   <trkpt lat="45.833070000000006" lon="-75.97865">
    <ele>162.44</ele>
   </trkpt>
   <trkpt lat="45.83334000000001" lon="-75.97835">
    <ele>160.77</ele>
   </trkpt>
   <trkpt lat="45.833830000000006" lon="-75.97794">
    <ele>161.73000000000002</ele>
   </trkpt>
   <trkpt lat="45.8344" lon="-75.97757">
    <ele>163.18</ele>
   </trkpt>
   <trkpt lat="45.83467" lon="-75.97753">
    <ele>163.52</ele>
   </trkpt>
   <trkpt lat="45.835" lon="-75.97749">
    <ele>164.38000000000002</ele>
   </trkpt>
   <trkpt lat="45.835350000000005" lon="-75.97753">
    <ele>165.33</ele>
   </trkpt>
   <trkpt lat="45.836205000325464" lon="-75.9778149956115">
    <ele>166.12</ele>
   </trkpt>
   <trkpt lat="45.83706" lon="-75.97810000000001">
    <ele>164.02</ele>
   </trkpt>
   <trkpt lat="45.83761500002581" lon="-75.97814999950265">
    <ele>163.25</ele>
   </trkpt>
   <trkpt lat="45.838170000000005" lon="-75.9782">
    <ele>162.46</ele>
   </trkpt>
   <trkpt lat="45.83883333332718" lon="-75.97823333253777">
    <ele>161.44</ele>
   </trkpt>
   <trkpt lat="45.839496666644685" lon="-75.97826666587031">
    <ele>160.93</ele>
   </trkpt>
   <trkpt lat="45.840160000000004" lon="-75.9783">
    <ele>160.09</ele>
   </trkpt>
   <trkpt lat="45.84065499996465" lon="-75.97835999946003">
    <ele>159.56</ele>
   </trkpt>
   <trkpt lat="45.841150000000006" lon="-75.97842">
    <ele>158.0</ele>
   </trkpt>
   <trkpt lat="45.84189000000001" lon="-75.97857">
    <ele>156.03</ele>
   </trkpt>
   <trkpt lat="45.842380000211534" lon="-75.97874499848656">
    <ele>154.85000000000002</ele>
   </trkpt>
   <trkpt lat="45.842870000000005" lon="-75.97892">
    <ele>154.19000000000003</ele>
   </trkpt>
   <trkpt lat="45.84358" lon="-75.97936">
    <ele>153.26</ele>
   </trkpt>
   <trkpt lat="45.84366000000001" lon="-75.9795">
    <ele>153.39000000000001</ele>
   </trkpt>
   <trkpt lat="45.843770000000006" lon="-75.97959">
    <ele>153.55</ele>
   </trkpt>
   <trkpt lat="45.844030000000004" lon="-75.97968">
    <ele>154.02</ele>
   </trkpt>
   <trkpt lat="45.844080000000005" lon="-75.97971000000001">
    <ele>153.8</ele>
   </trkpt>
   <trkpt lat="45.844210000000004" lon="-75.97994">
    <ele>153.51</ele>
   </trkpt>
   <trkpt lat="45.84461" lon="-75.98039">
    <ele>153.35000000000002</ele>
   </trkpt>
   <trkpt lat="45.84478000000001" lon="-75.98062">
    <ele>152.97000000000003</ele>
   </trkpt>
   <trkpt lat="45.844930000000005" lon="-75.98089">
    <ele>152.85000000000002</ele>
   </trkpt>
   <trkpt lat="45.845180000000006" lon="-75.98147">
    <ele>151.67</ele>
   </trkpt>
   <trkpt lat="45.84534" lon="-75.98245">
    <ele>150.63000000000002</ele>
   </trkpt>
   <trkpt lat="45.84539" lon="-75.98303">
    <ele>149.9</ele>
   </trkpt>
   <trkpt lat="45.84555" lon="-75.98358">
    <ele>149.1</ele>
   </trkpt>
   <trkpt lat="45.84572000000001" lon="-75.98393">
    <ele>148.61</ele>
   </trkpt>
   <trkpt lat="45.846070000000005" lon="-75.98447">
    <ele>147.41</ele>
   </trkpt>
   <trkpt lat="45.84636500107218" lon="-75.98496499738087">
    <ele>147.02</ele>
   </trkpt>
   <trkpt lat="45.84666000000001" lon="-75.98546">
    <ele>146.58</ele>
   </trkpt>
   <trkpt lat="45.84693" lon="-75.98581">
    <ele>146.21</ele>
   </trkpt>
   <trkpt lat="45.847300000000004" lon="-75.98608">
    <ele>145.14000000000001</ele>
   </trkpt>
   <trkpt lat="45.847910000000006" lon="-75.9863">
    <ele>144.65</ele>
   </trkpt>
   <trkpt lat="45.84834" lon="-75.98670000000001">
    <ele>144.85</ele>
   </trkpt>
   <trkpt lat="45.848400000000005" lon="-75.98676">
    <ele>144.85</ele>
   </trkpt>
   <trkpt lat="45.84877" lon="-75.98747">
    <ele>143.87000000000003</ele>
   </trkpt>
   <trkpt lat="45.848960000000005" lon="-75.98791">
    <ele>143.83</ele>
   </trkpt>
   <trkpt lat="45.84917" lon="-75.98823">
    <ele>143.83</ele>
   </trkpt>
   <trkpt lat="45.84969500080516" lon="-75.98865499600254">
    <ele>143.81000000000003</ele>
   </trkpt>
   <trkpt lat="45.85022000000001" lon="-75.98908">
    <ele>144.08</ele>
   </trkpt>
   <trkpt lat="45.850660000000005" lon="-75.98953">
    <ele>144.98000000000002</ele>
   </trkpt>
   <trkpt lat="45.85107500151657" lon="-75.99010999574134">
    <ele>145.28000000000003</ele>
   </trkpt>
   <trkpt lat="45.851490000000005" lon="-75.99069">
    <ele>145.65</ele>
   </trkpt>
   <trkpt lat="45.85189500066427" lon="-75.99104499751537">
    <ele>145.33</ele>
   </trkpt>
   <trkpt lat="45.85230000000001" lon="-75.99140000000001">
    <ele>145.45000000000002</ele>
   </trkpt>
   <trkpt lat="45.8528" lon="-75.99163">
    <ele>145.98</ele>
   </trkpt>
   <trkpt lat="45.85352" lon="-75.9919">
    <ele>146.49</ele>
   </trkpt>
   <trkpt lat="45.85397500015588" lon="-75.99200999912496">
    <ele>147.63</ele>
   </trkpt>
   <trkpt lat="45.85443" lon="-75.99212">
    <ele>148.81000000000003</ele>
   </trkpt>
   <trkpt lat="45.85522000009602" lon="-75.99197500205909">
    <ele>150.58</ele>
   </trkpt>
   <trkpt lat="45.856010000000005" lon="-75.99183000000001">
    <ele>152.23</ele>
   </trkpt>
   <trkpt lat="45.8566" lon="-75.99199">
    <ele>153.76</ele>
   </trkpt>
   <trkpt lat="45.85723" lon="-75.99244">
    <ele>155.57000000000002</ele>
   </trkpt>
   <trkpt lat="45.85779" lon="-75.99301000000001">
    <ele>156.96</ele>
   </trkpt>
   <trkpt lat="45.85826" lon="-75.99382">
    <ele>158.56</ele>
   </trkpt>
   <trkpt lat="45.85857" lon="-75.99454">
    <ele>159.92000000000002</ele>
   </trkpt>
   <trkpt lat="45.858790000000006" lon="-75.99526">
    <ele>161.04000000000002</ele>
   </trkpt>
   <trkpt lat="45.85886000000001" lon="-75.99561">
    <ele>161.46</ele>
   </trkpt>
   <trkpt lat="45.858790000000006" lon="-75.9966">
    <ele>162.81</ele>
   </trkpt>
   <trkpt lat="45.85853" lon="-75.9975">
    <ele>163.55</ele>
   </trkpt>
   <trkpt lat="45.85824" lon="-75.99826">
    <ele>163.36</ele>
   </trkpt>
   <trkpt lat="45.858140000000006" lon="-75.99866">
    <ele>163.49</ele>
   </trkpt>
   <trkpt lat="45.8581" lon="-75.99911">
    <ele>163.31</ele>
   </trkpt>
   <trkpt lat="45.85812000000001" lon="-75.99986000000001">
    <ele>163.58</ele>
   </trkpt>
   <trkpt lat="45.858320000000006" lon="-76.00062000000001">
    <ele>164.01000000000002</ele>
   </trkpt>
   <trkpt lat="45.8586" lon="-76.00121">
    <ele>163.86</ele>
   </trkpt>
   <trkpt lat="45.85897000000001" lon="-76.00175">
    <ele>164.48000000000002</ele>
   </trkpt>
   <trkpt lat="45.85933000000001" lon="-76.00233">
    <ele>164.49</ele>
   </trkpt>
   <trkpt lat="45.85969000085152" lon="-76.00279499687109">
    <ele>164.62</ele>
   </trkpt>
   <trkpt lat="45.86005" lon="-76.00326000000001">
    <ele>164.93</ele>
   </trkpt>
   <trkpt lat="45.860475000738816" lon="-76.00370999640741">
    <ele>165.26000000000002</ele>
   </trkpt>
   <trkpt lat="45.8609" lon="-76.00416000000001">
    <ele>165.89000000000001</ele>
   </trkpt>
   <trkpt lat="45.86150000131226" lon="-76.00471999390489">
    <ele>166.69</ele>
   </trkpt>
   <trkpt lat="45.862100000000005" lon="-76.00528000000001">
    <ele>167.94</ele>
   </trkpt>
   <trkpt lat="45.862500000000004" lon="-76.00582">
    <ele>168.93000000000004</ele>
   </trkpt>
   <trkpt lat="45.86285" lon="-76.00641">
    <ele>169.31</ele>
   </trkpt>
   <trkpt lat="45.86321560028074" lon="-76.00754216265874">
    <ele>169.20000000000002</ele>
   </trkpt>
   <trkpt lat="45.86358118938066" lon="-76.00867434020789">
    <ele>168.92000000000002</ele>
   </trkpt>
   <trkpt lat="45.863946767299474" lon="-76.0098065326474">
    <ele>168.57000000000002</ele>
   </trkpt>
   <trkpt lat="45.8643123340369" lon="-76.0109387399772">
    <ele>167.87</ele>
   </trkpt>
   <trkpt lat="45.864677889592635" lon="-76.01207096219721">
    <ele>167.25</ele>
   </trkpt>
   <trkpt lat="45.86504343396639" lon="-76.01320319930737">
    <ele>166.94</ele>
   </trkpt>
   <trkpt lat="45.86540896715788" lon="-76.0143354513076">
    <ele>166.95000000000002</ele>
   </trkpt>
   <trkpt lat="45.86577448916681" lon="-76.01546771819783">
    <ele>167.18</ele>
   </trkpt>
   <trkpt lat="45.86614" lon="-76.01660000000001">
    <ele>166.91</ele>
   </trkpt>
   <trkpt lat="45.866290000000006" lon="-76.01728">
    <ele>166.66</ele>
   </trkpt>
   <trkpt lat="45.86632" lon="-76.01783">
    <ele>166.58</ele>
   </trkpt>
   <trkpt lat="45.86628" lon="-76.0184">
    <ele>166.60000000000002</ele>
   </trkpt>
   <trkpt lat="45.86619" lon="-76.01912">
    <ele>166.42000000000002</ele>
   </trkpt>
   <trkpt lat="45.866150000000005" lon="-76.01988">
    <ele>166.79000000000002</ele>
   </trkpt>
   <trkpt lat="45.866170000000004" lon="-76.02033">
    <ele>166.78</ele>
   </trkpt>
   <trkpt lat="45.866240000000005" lon="-76.02078">
    <ele>166.96</ele>
   </trkpt>
   <trkpt lat="45.866400000000006" lon="-76.02135000000001">
    <ele>167.79000000000002</ele>
   </trkpt>
   <trkpt lat="45.866600000000005" lon="-76.02183000000001">
    <ele>168.55</ele>
   </trkpt>
   <trkpt lat="45.86612" lon="-76.02181">
    <ele>168.55</ele>
   </trkpt>
   <trkpt lat="45.865680000000005" lon="-76.02172">
    <ele>168.55</ele>
   </trkpt>
   <trkpt lat="45.86527" lon="-76.02158">
    <ele>168.55</ele>
   </trkpt>
   <trkpt lat="45.864940000000004" lon="-76.02139000000001">
    <ele>168.55</ele>
   </trkpt>
   <trkpt lat="45.86486000000001" lon="-76.02157000000001">
    <ele>168.55</ele>
   </trkpt>
   <trkpt lat="45.86478" lon="-76.02162000000001">
    <ele>168.55</ele>
   </trkpt>
   <trkpt lat="45.86459000000001" lon="-76.02162000000001">
    <ele>168.55</ele>
   </trkpt>
   <trkpt lat="45.863768000081436" lon="-76.0215499958597">
    <ele>168.55</ele>
   </trkpt>
   <trkpt lat="45.862946000120125" lon="-76.02147999378948">
    <ele>168.55</ele>
   </trkpt>
   <trkpt lat="45.86212400011605" lon="-76.02140999378926">
    <ele>168.55</ele>
   </trkpt>
   <trkpt lat="45.86130200006926" lon="-76.0213399958589">
    <ele>168.55</ele>
   </trkpt>
   <trkpt lat="45.86048" lon="-76.02127">
    <ele>168.55</ele>
   </trkpt>
   <trkpt lat="45.86002499999382" lon="-76.02122499963026">
    <ele>168.55</ele>
   </trkpt>
   <trkpt lat="45.859570000000005" lon="-76.02118">
    <ele>168.55</ele>
   </trkpt>
   <trkpt lat="45.85882000004637" lon="-76.02112999932795">
    <ele>168.55</ele>
   </trkpt>
   <trkpt lat="45.858070000000005" lon="-76.02108000000001">
    <ele>167.54000000000002</ele>
   </trkpt>
   <trkpt lat="45.85795" lon="-76.02114">
    <ele>167.04000000000002</ele>
   </trkpt>
   <trkpt lat="45.85786" lon="-76.02131">
    <ele>166.66</ele>
   </trkpt>
   <trkpt lat="45.85781" lon="-76.02149">
    <ele>166.66</ele>
   </trkpt>
   <trkpt lat="45.857800000000005" lon="-76.02163">
    <ele>166.12</ele>
   </trkpt>
   <trkpt lat="45.857820000000004" lon="-76.02195">
    <ele>166.09</ele>
   </trkpt>
   <trkpt lat="45.857830005422606" lon="-76.023064999848">
    <ele>166.15</ele>
   </trkpt>
   <trkpt lat="45.85784" lon="-76.02418">
    <ele>167.55</ele>
   </trkpt>
   <trkpt lat="45.857730000000004" lon="-76.02441">
    <ele>168.17000000000002</ele>
   </trkpt>
   <trkpt lat="45.85761" lon="-76.02457000000001">
    <ele>168.73000000000002</ele>
   </trkpt>
   <trkpt lat="45.857330000000005" lon="-76.02477">
    <ele>169.43000000000004</ele>
   </trkpt>
   <trkpt lat="45.85717" lon="-76.02494">
    <ele>169.28</ele>
   </trkpt>
   <trkpt lat="45.85699" lon="-76.02525">
    <ele>168.75</ele>
   </trkpt>
   <trkpt lat="45.85692" lon="-76.02557">
    <ele>167.86</ele>
   </trkpt>
   <trkpt lat="45.856910000000006" lon="-76.02579">
    <ele>167.70000000000002</ele>
   </trkpt>
   <trkpt lat="45.85680000000001" lon="-76.02619">
    <ele>167.86</ele>
   </trkpt>
   <trkpt lat="45.856790000000004" lon="-76.02628">
    <ele>167.86</ele>
   </trkpt>
   <trkpt lat="45.85681" lon="-76.02646">
    <ele>168.13</ele>
   </trkpt>
   <trkpt lat="45.85687" lon="-76.02673">
    <ele>168.23000000000002</ele>
   </trkpt>
   <trkpt lat="45.857150000000004" lon="-76.0274">
    <ele>168.25</ele>
   </trkpt>
   <trkpt lat="45.85748" lon="-76.02803">
    <ele>168.69</ele>
   </trkpt>
   <trkpt lat="45.857780000000005" lon="-76.02843">
    <ele>168.93000000000004</ele>
   </trkpt>
   <trkpt lat="45.85784" lon="-76.02874000000001">
    <ele>169.06</ele>
   </trkpt>
   <trkpt lat="45.8578600028989" lon="-76.02955499978727">
    <ele>169.97</ele>
   </trkpt>
   <trkpt lat="45.85788" lon="-76.03037">
    <ele>170.26000000000002</ele>
   </trkpt>
   <trkpt lat="45.8579" lon="-76.03161">
    <ele>170.21</ele>
   </trkpt>
   <trkpt lat="45.857870000000005" lon="-76.03179">
    <ele>170.41</ele>
   </trkpt>
   <trkpt lat="45.85777" lon="-76.03207">
    <ele>167.33</ele>
   </trkpt>
   <trkpt lat="45.85764" lon="-76.03223000000001">
    <ele>167.54000000000002</ele>
   </trkpt>
   <trkpt lat="45.85678000020877" lon="-76.0324750038042">
    <ele>169.96000000000004</ele>
   </trkpt>
   <trkpt lat="45.855920000000005" lon="-76.03272000000001">
    <ele>170.52</ele>
   </trkpt>
   <trkpt lat="45.855454999834286" lon="-76.0328200008812">
    <ele>171.08</ele>
   </trkpt>
   <trkpt lat="45.85499" lon="-76.03292">
    <ele>170.90000000000003</ele>
   </trkpt>
   <trkpt lat="45.85439" lon="-76.03309">
    <ele>164.23000000000002</ele>
   </trkpt>
   <trkpt lat="45.85375000014805" lon="-76.03322000148094">
    <ele>155.7</ele>
   </trkpt>
   <trkpt lat="45.85311" lon="-76.03335000000001">
    <ele>150.86</ele>
   </trkpt>
   <trkpt lat="45.852630000000005" lon="-76.03345">
    <ele>156.74</ele>
   </trkpt>
   <trkpt lat="45.852090000284264" lon="-76.03360500145342">
    <ele>159.3</ele>
   </trkpt>
   <trkpt lat="45.85155" lon="-76.03376">
    <ele>160.75</ele>
   </trkpt>
   <trkpt lat="45.85087500016628" lon="-76.03396500249308">
    <ele>165.18</ele>
   </trkpt>
   <trkpt lat="45.8502" lon="-76.03417">
    <ele>169.79000000000002</ele>
   </trkpt>
   <trkpt lat="45.85016" lon="-76.03416">
    <ele>169.37</ele>
   </trkpt>
   <trkpt lat="45.85002" lon="-76.03421">
    <ele>168.07000000000002</ele>
   </trkpt>
   <trkpt lat="45.8498" lon="-76.03425">
    <ele>165.99</ele>
   </trkpt>
   <trkpt lat="45.84966000000001" lon="-76.03421">
    <ele>165.44</ele>
   </trkpt>
   <trkpt lat="45.84958" lon="-76.03416">
    <ele>165.26000000000002</ele>
   </trkpt>
   <trkpt lat="45.84917" lon="-76.03385">
    <ele>165.93</ele>
   </trkpt>
   <trkpt lat="45.848940000000006" lon="-76.03363">
    <ele>165.91</ele>
   </trkpt>
   <trkpt lat="45.848760000000006" lon="-76.03354">
    <ele>166.07000000000002</ele>
   </trkpt>
   <trkpt lat="45.848290000000006" lon="-76.03313">
    <ele>167.21</ele>
   </trkpt>
   <trkpt lat="45.848090000000006" lon="-76.03301">
    <ele>167.46</ele>
   </trkpt>
   <trkpt lat="45.84760000000001" lon="-76.03286">
    <ele>168.75</ele>
   </trkpt>
   <trkpt lat="45.84723" lon="-76.03268">
    <ele>170.1</ele>
   </trkpt>
   <trkpt lat="45.84704000000001" lon="-76.03263000000001">
    <ele>170.46</ele>
   </trkpt>
   <trkpt lat="45.84687" lon="-76.03263000000001">
    <ele>170.94</ele>
   </trkpt>
   <trkpt lat="45.84676" lon="-76.03264">
    <ele>171.01000000000002</ele>
   </trkpt>
   <trkpt lat="45.84667" lon="-76.03269">
    <ele>171.01000000000002</ele>
   </trkpt>
   <trkpt lat="45.84638" lon="-76.03322">
    <ele>169.31</ele>
   </trkpt>
   <trkpt lat="45.846270000000004" lon="-76.03336">
    <ele>169.06</ele>
   </trkpt>
   <trkpt lat="45.84617" lon="-76.03345">
    <ele>168.62</ele>
   </trkpt>
   <trkpt lat="45.845960000000005" lon="-76.03354">
    <ele>168.41</ele>
   </trkpt>
   <trkpt lat="45.84566" lon="-76.03354">
    <ele>167.73000000000002</ele>
   </trkpt>
   <trkpt lat="45.845310000000005" lon="-76.03336">
    <ele>167.62</ele>
   </trkpt>
   <trkpt lat="45.84469000000001" lon="-76.03264">
    <ele>167.9</ele>
   </trkpt>
   <trkpt lat="45.84443" lon="-76.03219">
    <ele>168.07000000000002</ele>
   </trkpt>
   <trkpt lat="45.84423" lon="-76.03197">
    <ele>168.58</ele>
   </trkpt>
   <trkpt lat="45.843990000000005" lon="-76.03183">
    <ele>168.95000000000002</ele>
   </trkpt>
   <trkpt lat="45.84331" lon="-76.03161">
    <ele>169.51000000000002</ele>
   </trkpt>
   <trkpt lat="45.842960000000005" lon="-76.03121">
    <ele>170.34</ele>
   </trkpt>
   <trkpt lat="45.842830000000006" lon="-76.03107">
    <ele>170.66</ele>
   </trkpt>
   <trkpt lat="45.842650000000006" lon="-76.03094">
    <ele>171.5</ele>
   </trkpt>
   <trkpt lat="45.84248" lon="-76.03085">
    <ele>172.04000000000002</ele>
   </trkpt>
   <trkpt lat="45.841860000000004" lon="-76.03036">
    <ele>173.36</ele>
   </trkpt>
   <trkpt lat="45.8417" lon="-76.03027">
    <ele>173.0</ele>
   </trkpt>
   <trkpt lat="45.841460000000005" lon="-76.03027">
    <ele>172.91</ele>
   </trkpt>
   <trkpt lat="45.84087" lon="-76.03057000000001">
    <ele>172.67000000000002</ele>
   </trkpt>
   <trkpt lat="45.84069" lon="-76.03062000000001">
    <ele>172.85</ele>
   </trkpt>
   <trkpt lat="45.84048000000001" lon="-76.03071">
    <ele>172.79000000000002</ele>
   </trkpt>
   <trkpt lat="45.84" lon="-76.03098">
    <ele>172.19</ele>
   </trkpt>
   <trkpt lat="45.839760000000005" lon="-76.03107">
    <ele>170.35</ele>
   </trkpt>
   <trkpt lat="45.839400000000005" lon="-76.03116">
    <ele>167.82000000000002</ele>
   </trkpt>
   <trkpt lat="45.8393" lon="-76.03121">
    <ele>165.94</ele>
   </trkpt>
   <trkpt lat="45.839200000000005" lon="-76.03129000000001">
    <ele>164.70000000000002</ele>
   </trkpt>
   <trkpt lat="45.83885" lon="-76.03161">
    <ele>164.45000000000002</ele>
   </trkpt>
   <trkpt lat="45.838710000000006" lon="-76.0317">
    <ele>164.75</ele>
   </trkpt>
   <trkpt lat="45.83863" lon="-76.0317">
    <ele>164.94</ele>
   </trkpt>
   <trkpt lat="45.83851000000001" lon="-76.03166">
    <ele>165.38000000000002</ele>
   </trkpt>
   <trkpt lat="45.838390000000004" lon="-76.03157">
    <ele>165.99</ele>
   </trkpt>
   <trkpt lat="45.83818" lon="-76.03124000000001">
    <ele>168.17000000000002</ele>
   </trkpt>
   <trkpt lat="45.837950000000006" lon="-76.03067">
    <ele>169.63</ele>
   </trkpt>
   <trkpt lat="45.837860000000006" lon="-76.03054">
    <ele>170.09</ele>
   </trkpt>
   <trkpt lat="45.83762" lon="-76.03031">
    <ele>170.79000000000002</ele>
   </trkpt>
   <trkpt lat="45.83737000000001" lon="-76.03004">
    <ele>170.68000000000004</ele>
   </trkpt>
   <trkpt lat="45.83710000000001" lon="-76.02982">
    <ele>170.73000000000002</ele>
   </trkpt>
   <trkpt lat="45.836890000000004" lon="-76.02973">
    <ele>170.8</ele>
   </trkpt>
   <trkpt lat="45.83641500000771" lon="-76.02968499961578">
    <ele>170.13</ele>
   </trkpt>
   <trkpt lat="45.83594" lon="-76.02964">
    <ele>170.09</ele>
   </trkpt>
   <trkpt lat="45.83522000000001" lon="-76.02964">
    <ele>170.64000000000001</ele>
   </trkpt>
   <trkpt lat="45.834970000000006" lon="-76.02973">
    <ele>169.76000000000002</ele>
   </trkpt>
   <trkpt lat="45.83449" lon="-76.02973">
    <ele>173.76000000000002</ele>
   </trkpt>
   <trkpt lat="45.83437000000001" lon="-76.02969">
    <ele>174.33</ele>
   </trkpt>
   <trkpt lat="45.83429" lon="-76.02964">
    <ele>176.0</ele>
   </trkpt>
   <trkpt lat="45.83391" lon="-76.02924">
    <ele>177.79</ele>
   </trkpt>
   <trkpt lat="45.833580000000005" lon="-76.02915">
    <ele>179.42000000000002</ele>
   </trkpt>
   <trkpt lat="45.833470000000005" lon="-76.02915">
    <ele>179.89000000000001</ele>
   </trkpt>
   <trkpt lat="45.8333" lon="-76.02924">
    <ele>181.63000000000002</ele>
   </trkpt>
   <trkpt lat="45.832680000822734" lon="-76.02968500498679">
    <ele>184.53000000000003</ele>
   </trkpt>
   <trkpt lat="45.832060000000006" lon="-76.03013">
    <ele>180.67000000000002</ele>
   </trkpt>
   <trkpt lat="45.83131" lon="-76.03068">
    <ele>190.53</ele>
   </trkpt>
   <trkpt lat="45.831050000000005" lon="-76.0309">
    <ele>190.57000000000002</ele>
   </trkpt>
   <trkpt lat="45.83090000000001" lon="-76.03106000000001">
    <ele>189.29000000000002</ele>
   </trkpt>
   <trkpt lat="45.8307" lon="-76.0308">
    <ele>188.02</ele>
   </trkpt>
   <trkpt lat="45.830330000000004" lon="-76.03">
    <ele>186.00000000000003</ele>
   </trkpt>
   <trkpt lat="45.82977" lon="-76.02928">
    <ele>181.8</ele>
   </trkpt>
   <trkpt lat="45.829460000000005" lon="-76.02883">
    <ele>180.00000000000003</ele>
   </trkpt>
   <trkpt lat="45.82912500169539" lon="-76.02822999661316">
    <ele>179.92000000000002</ele>
   </trkpt>
   <trkpt lat="45.828790000000005" lon="-76.02763">
    <ele>179.26</ele>
   </trkpt>
   <trkpt lat="45.828630000000004" lon="-76.02718">
    <ele>176.32</ele>
   </trkpt>
   <trkpt lat="45.8286" lon="-76.02637">
    <ele>169.97</ele>
   </trkpt>
   <trkpt lat="45.82855000000001" lon="-76.0261">
    <ele>168.03</ele>
   </trkpt>
   <trkpt lat="45.82849" lon="-76.02592">
    <ele>167.45000000000002</ele>
   </trkpt>
   <trkpt lat="45.8284" lon="-76.02575">
    <ele>167.39000000000001</ele>
   </trkpt>
   <trkpt lat="45.827960000000004" lon="-76.02522">
    <ele>170.65000000000003</ele>
   </trkpt>
   <trkpt lat="45.82788" lon="-76.02507">
    <ele>170.99</ele>
   </trkpt>
   <trkpt lat="45.82781000000001" lon="-76.02476">
    <ele>171.17000000000002</ele>
   </trkpt>
   <trkpt lat="45.8278" lon="-76.0245">
    <ele>171.14000000000001</ele>
   </trkpt>
   <trkpt lat="45.827740000000006" lon="-76.02390000000001">
    <ele>170.73000000000002</ele>
   </trkpt>
   <trkpt lat="45.827630000000006" lon="-76.02354000000001">
    <ele>170.58</ele>
   </trkpt>
   <trkpt lat="45.827310000000004" lon="-76.02297">
    <ele>170.12</ele>
   </trkpt>
   <trkpt lat="45.827110000000005" lon="-76.02266">
    <ele>171.18000000000004</ele>
   </trkpt>
   <trkpt lat="45.82692" lon="-76.02243">
    <ele>171.75</ele>
   </trkpt>
   <trkpt lat="45.82674" lon="-76.02212">
    <ele>173.01000000000002</ele>
   </trkpt>
   <trkpt lat="45.82649000000001" lon="-76.02163">
    <ele>175.71</ele>
   </trkpt>
   <trkpt lat="45.82623" lon="-76.02105">
    <ele>173.65000000000003</ele>
   </trkpt>
   <trkpt lat="45.825900000000004" lon="-76.02047">
    <ele>172.58</ele>
   </trkpt>
   <trkpt lat="45.82565" lon="-76.0201">
    <ele>172.09</ele>
   </trkpt>
   <trkpt lat="45.82529" lon="-76.0198">
    <ele>171.95000000000002</ele>
   </trkpt>
   <trkpt lat="45.82513" lon="-76.01971">
    <ele>171.70000000000002</ele>
   </trkpt>
   <trkpt lat="45.82497" lon="-76.01969000000001">
    <ele>172.09</ele>
   </trkpt>
   <trkpt lat="45.82486" lon="-76.01961">
    <ele>172.07</ele>
   </trkpt>
   <trkpt lat="45.824600000000004" lon="-76.0193">
    <ele>172.21</ele>
   </trkpt>
   <trkpt lat="45.824400000000004" lon="-76.01921">
    <ele>172.24</ele>
   </trkpt>
   <trkpt lat="45.8243" lon="-76.01921">
    <ele>172.44</ele>
   </trkpt>
   <trkpt lat="45.82405000000001" lon="-76.01934">
    <ele>172.40000000000003</ele>
   </trkpt>
   <trkpt lat="45.8239" lon="-76.01957">
    <ele>172.14000000000001</ele>
   </trkpt>
   <trkpt lat="45.823710000000005" lon="-76.01975">
    <ele>170.83</ele>
   </trkpt>
   <trkpt lat="45.82348" lon="-76.01996000000001">
    <ele>170.06</ele>
   </trkpt>
   <trkpt lat="45.82338" lon="-76.01997">
    <ele>169.93000000000004</ele>
   </trkpt>
   <trkpt lat="45.823080000000004" lon="-76.01983000000001">
    <ele>169.35</ele>
   </trkpt>
   <trkpt lat="45.82262" lon="-76.0197">
    <ele>168.84</ele>
   </trkpt>
   <trkpt lat="45.822410000000005" lon="-76.01960000000001">
    <ele>168.62</ele>
   </trkpt>
   <trkpt lat="45.82215" lon="-76.01939">
    <ele>167.9</ele>
   </trkpt>
   <trkpt lat="45.82204" lon="-76.01934">
    <ele>167.75</ele>
   </trkpt>
   <trkpt lat="45.82144" lon="-76.01931">
    <ele>166.16</ele>
   </trkpt>
   <trkpt lat="45.82085000000001" lon="-76.01926">
    <ele>165.75</ele>
   </trkpt>
   <trkpt lat="45.820220000000006" lon="-76.01938000000001">
    <ele>165.75</ele>
   </trkpt>
   <trkpt lat="45.819445000341716" lon="-76.01965500382347">
    <ele>165.75</ele>
   </trkpt>
   <trkpt lat="45.818670000000004" lon="-76.01993">
    <ele>165.75</ele>
   </trkpt>
   <trkpt lat="45.81848" lon="-76.01997">
    <ele>165.75</ele>
   </trkpt>
   <trkpt lat="45.8177" lon="-76.02015">
    <ele>165.75</ele>
   </trkpt>
   <trkpt lat="45.81692400052362" lon="-76.02032000947182">
    <ele>165.75</ele>
   </trkpt>
   <trkpt lat="45.816148000795124" lon="-76.02049001420535">
    <ele>154.18</ele>
   </trkpt>
   <trkpt lat="45.81537200081451" lon="-76.02066001420083">
    <ele>154.18</ele>
   </trkpt>
   <trkpt lat="45.81459600058182" lon="-76.02083000945855">
    <ele>154.18</ele>
   </trkpt>
   <trkpt lat="45.81382000000001" lon="-76.021">
    <ele>154.18</ele>
   </trkpt>
   <trkpt lat="45.81293" lon="-76.02113">
    <ele>154.18</ele>
   </trkpt>
   <trkpt lat="45.81215500008722" lon="-76.02128000208943">
    <ele>154.14</ele>
   </trkpt>
   <trkpt lat="45.81138000000001" lon="-76.02143000000001">
    <ele>155.64</ele>
   </trkpt>
   <trkpt lat="45.811580000000006" lon="-76.02220000000001">
    <ele>157.23000000000002</ele>
   </trkpt>
   <trkpt lat="45.8117" lon="-76.0228">
    <ele>157.60999999999999</ele>
   </trkpt>
   <trkpt lat="45.81183500561419" lon="-76.02393499721103">
    <ele>158.48000000000002</ele>
   </trkpt>
   <trkpt lat="45.81197" lon="-76.02507">
    <ele>160.13000000000002</ele>
   </trkpt>
   <trkpt lat="45.81203500239933" lon="-76.02580999926076">
    <ele>161.57000000000002</ele>
   </trkpt>
   <trkpt lat="45.8121" lon="-76.02655">
    <ele>163.01000000000002</ele>
   </trkpt>
   <trkpt lat="45.81208" lon="-76.027">
    <ele>165.11</ele>
   </trkpt>
   <trkpt lat="45.81203000000001" lon="-76.02713">
    <ele>165.11</ele>
   </trkpt>
   <trkpt lat="45.811840000000004" lon="-76.02754">
    <ele>167.31</ele>
   </trkpt>
   <trkpt lat="45.811710000000005" lon="-76.02776">
    <ele>168.92000000000002</ele>
   </trkpt>
   <trkpt lat="45.811580000000006" lon="-76.02807">
    <ele>170.19</ele>
   </trkpt>
   <trkpt lat="45.81136" lon="-76.02888">
    <ele>173.38</ele>
   </trkpt>
   <trkpt lat="45.811260000000004" lon="-76.02915">
    <ele>173.8</ele>
   </trkpt>
   <trkpt lat="45.81116" lon="-76.02936000000001">
    <ele>173.98000000000002</ele>
   </trkpt>
   <trkpt lat="45.81105" lon="-76.02947">
    <ele>174.36</ele>
   </trkpt>
   <trkpt lat="45.81054" lon="-76.02969">
    <ele>174.92000000000002</ele>
   </trkpt>
   <trkpt lat="45.81044000000001" lon="-76.02977">
    <ele>174.82</ele>
   </trkpt>
   <trkpt lat="45.81006000000001" lon="-76.03009">
    <ele>175.72</ele>
   </trkpt>
   <trkpt lat="45.80984" lon="-76.03018">
    <ele>175.34000000000003</ele>
   </trkpt>
   <trkpt lat="45.80966" lon="-76.03023">
    <ele>175.18</ele>
   </trkpt>
   <trkpt lat="45.80950000000001" lon="-76.03023">
    <ele>174.8</ele>
   </trkpt>
   <trkpt lat="45.80922" lon="-76.03018">
    <ele>173.85</ele>
   </trkpt>
   <trkpt lat="45.808980000000005" lon="-76.03009">
    <ele>173.98000000000002</ele>
   </trkpt>
   <trkpt lat="45.80874" lon="-76.02995">
    <ele>174.29</ele>
   </trkpt>
   <trkpt lat="45.808490000000006" lon="-76.02986">
    <ele>174.3</ele>
   </trkpt>
   <trkpt lat="45.808240000000005" lon="-76.02984000000001">
    <ele>174.27</ele>
   </trkpt>
   <trkpt lat="45.80805" lon="-76.02991">
    <ele>174.3</ele>
   </trkpt>
   <trkpt lat="45.807950000000005" lon="-76.02991">
    <ele>174.53</ele>
   </trkpt>
   <trkpt lat="45.80751" lon="-76.03013">
    <ele>175.08</ele>
   </trkpt>
   <trkpt lat="45.80679000000001" lon="-76.03001">
    <ele>176.29</ele>
   </trkpt>
   <trkpt lat="45.806380000000004" lon="-76.02992">
    <ele>176.34000000000003</ele>
   </trkpt>
   <trkpt lat="45.806020000000004" lon="-76.02981000000001">
    <ele>176.81000000000003</ele>
   </trkpt>
   <trkpt lat="45.805420000000005" lon="-76.02950000000001">
    <ele>176.52</ele>
   </trkpt>
   <trkpt lat="45.80518000000001" lon="-76.02942">
    <ele>175.44</ele>
   </trkpt>
   <trkpt lat="45.80481" lon="-76.02924">
    <ele>174.63</ele>
   </trkpt>
   <trkpt lat="45.80462000000001" lon="-76.02916">
    <ele>174.52</ele>
   </trkpt>
   <trkpt lat="45.80416" lon="-76.02888">
    <ele>173.37000000000003</ele>
   </trkpt>
   <trkpt lat="45.80384" lon="-76.0287">
    <ele>172.06</ele>
   </trkpt>
   <trkpt lat="45.80371" lon="-76.02861">
    <ele>171.89000000000001</ele>
   </trkpt>
   <trkpt lat="45.803470000000004" lon="-76.02834">
    <ele>171.93000000000004</ele>
   </trkpt>
   <trkpt lat="45.803000000000004" lon="-76.02767">
    <ele>170.85</ele>
   </trkpt>
   <trkpt lat="45.802710000000005" lon="-76.02731">
    <ele>170.95000000000002</ele>
   </trkpt>
   <trkpt lat="45.802200000000006" lon="-76.02684">
    <ele>175.63</ele>
   </trkpt>
   <trkpt lat="45.80212" lon="-76.02681000000001">
    <ele>175.63</ele>
   </trkpt>
   <trkpt lat="45.801550000000006" lon="-76.02616">
    <ele>177.93</ele>
   </trkpt>
   <trkpt lat="45.80122" lon="-76.02588">
    <ele>177.37000000000003</ele>
   </trkpt>
   <trkpt lat="45.80111" lon="-76.02583">
    <ele>177.05</ele>
   </trkpt>
   <trkpt lat="45.800990000000006" lon="-76.0258">
    <ele>175.62000000000003</ele>
   </trkpt>
   <trkpt lat="45.8008" lon="-76.02583">
    <ele>175.51000000000002</ele>
   </trkpt>
   <trkpt lat="45.80059000000001" lon="-76.02589">
    <ele>174.83</ele>
   </trkpt>
   <trkpt lat="45.80053" lon="-76.02597">
    <ele>174.83</ele>
   </trkpt>
   <trkpt lat="45.80046" lon="-76.02598">
    <ele>174.83</ele>
   </trkpt>
   <trkpt lat="45.80033" lon="-76.0261">
    <ele>174.35</ele>
   </trkpt>
   <trkpt lat="45.80015" lon="-76.02619">
    <ele>174.31000000000003</ele>
   </trkpt>
   <trkpt lat="45.79954500079194" lon="-76.02661500461183">
    <ele>175.88</ele>
   </trkpt>
   <trkpt lat="45.79894" lon="-76.02704">
    <ele>175.68</ele>
   </trkpt>
   <trkpt lat="45.79891000000001" lon="-76.02709">
    <ele>175.6</ele>
   </trkpt>
   <trkpt lat="45.79853000000001" lon="-76.02719">
    <ele>175.72</ele>
   </trkpt>
   <trkpt lat="45.79782000009056" lon="-76.02720500018924">
    <ele>176.09000000000003</ele>
   </trkpt>
   <trkpt lat="45.79711" lon="-76.02722">
    <ele>177.15</ele>
   </trkpt>
   <trkpt lat="45.796290000000006" lon="-76.02727">
    <ele>178.25000000000003</ele>
   </trkpt>
   <trkpt lat="45.79540666668532" lon="-76.02729000063371">
    <ele>179.78000000000003</ele>
   </trkpt>
   <trkpt lat="45.79452333336715" lon="-76.02731000063336">
    <ele>180.09000000000003</ele>
   </trkpt>
   <trkpt lat="45.79364" lon="-76.02733">
    <ele>180.91000000000003</ele>
   </trkpt>
   <trkpt lat="45.79276000002482" lon="-76.02735500355259">
    <ele>178.39000000000001</ele>
   </trkpt>
   <trkpt lat="45.79188000004418" lon="-76.02738000631557">
    <ele>176.89000000000001</ele>
   </trkpt>
   <trkpt lat="45.791000000058084" lon="-76.02740500828901">
    <ele>176.55</ele>
   </trkpt>
   <trkpt lat="45.79012000006653" lon="-76.02743000947295">
    <ele>176.79</ele>
   </trkpt>
   <trkpt lat="45.78924000006952" lon="-76.02745500986745">
    <ele>177.06000000000003</ele>
   </trkpt>
   <trkpt lat="45.78836000006707" lon="-76.02748000947254">
    <ele>184.35000000000002</ele>
   </trkpt>
   <trkpt lat="45.78748000005917" lon="-76.02750500828829">
    <ele>174.75</ele>
   </trkpt>
   <trkpt lat="45.78660000004581" lon="-76.02753000631473">
    <ele>173.55</ele>
   </trkpt>
   <trkpt lat="45.785720000027" lon="-76.02755500355192">
    <ele>173.51000000000002</ele>
   </trkpt>
   <trkpt lat="45.78484" lon="-76.02758">
    <ele>172.66</ele>
   </trkpt>
   <trkpt lat="45.78484334487011" lon="-76.02872999990252">
    <ele>172.20000000000002</ele>
   </trkpt>
   <trkpt lat="45.78484667820357" lon="-76.02987999994282">
    <ele>170.68000000000004</ele>
   </trkpt>
   <trkpt lat="45.784850000000006" lon="-76.03103">
    <ele>168.60000000000002</ele>
   </trkpt>
   <trkpt lat="45.78426" lon="-76.03103">
    <ele>168.97</ele>
   </trkpt>
   <trkpt lat="45.783790000085986" lon="-76.03097999958645">
    <ele>168.31</ele>
   </trkpt>
   <trkpt lat="45.78332" lon="-76.03093000000001">
    <ele>166.81</ele>
   </trkpt>
   <trkpt lat="45.7826" lon="-76.03093000000001">
    <ele>165.72</ele>
   </trkpt>
   <trkpt lat="45.782430000000005" lon="-76.03089">
    <ele>165.21</ele>
   </trkpt>
   <trkpt lat="45.78231" lon="-76.03085">
    <ele>165.07000000000002</ele>
   </trkpt>
   <trkpt lat="45.782160000000005" lon="-76.03068">
    <ele>164.59</ele>
   </trkpt>
   <trkpt lat="45.782140000000005" lon="-76.03063">
    <ele>164.59</ele>
   </trkpt>
   <trkpt lat="45.782070000000004" lon="-76.03054">
    <ele>163.86</ele>
   </trkpt>
   <trkpt lat="45.781850000000006" lon="-76.0304">
    <ele>163.71</ele>
   </trkpt>
   <trkpt lat="45.781740000000006" lon="-76.03036">
    <ele>164.09</ele>
   </trkpt>
   <trkpt lat="45.78155" lon="-76.03036">
    <ele>164.83</ele>
   </trkpt>
   <trkpt lat="45.78084000019637" lon="-76.03047000137852">
    <ele>167.12</ele>
   </trkpt>
   <trkpt lat="45.78013000000001" lon="-76.03058">
    <ele>167.60000000000002</ele>
   </trkpt>
   <trkpt lat="45.780060000000006" lon="-76.03063">
    <ele>167.61</ele>
   </trkpt>
   <trkpt lat="45.78005" lon="-76.03066000000001">
    <ele>167.61</ele>
   </trkpt>
   <trkpt lat="45.779900000000005" lon="-76.03071">
    <ele>167.49</ele>
   </trkpt>
   <trkpt lat="45.779880000000006" lon="-76.03076">
    <ele>167.49</ele>
   </trkpt>
   <trkpt lat="45.779790000000006" lon="-76.03085">
    <ele>167.13</ele>
   </trkpt>
   <trkpt lat="45.77969" lon="-76.03107">
    <ele>166.89000000000001</ele>
   </trkpt>
   <trkpt lat="45.779590000000006" lon="-76.03121">
    <ele>166.66</ele>
   </trkpt>
   <trkpt lat="45.7792" lon="-76.03152">
    <ele>165.9</ele>
   </trkpt>
   <trkpt lat="45.77913" lon="-76.03152">
    <ele>165.96</ele>
   </trkpt>
   <trkpt lat="45.779" lon="-76.03160000000001">
    <ele>165.96</ele>
   </trkpt>
   <trkpt lat="45.778890000000004" lon="-76.03156000000001">
    <ele>166.06</ele>
   </trkpt>
   <trkpt lat="45.77884" lon="-76.03151000000001">
    <ele>166.17000000000002</ele>
   </trkpt>
   <trkpt lat="45.77864" lon="-76.03143">
    <ele>166.48000000000002</ele>
   </trkpt>
   <trkpt lat="45.77826" lon="-76.03120000000001">
    <ele>167.28</ele>
   </trkpt>
   <trkpt lat="45.77796" lon="-76.0308">
    <ele>168.16</ele>
   </trkpt>
   <trkpt lat="45.7779" lon="-76.03075000000001">
    <ele>168.42000000000002</ele>
   </trkpt>
   <trkpt lat="45.77779" lon="-76.03071">
    <ele>168.71000000000004</ele>
   </trkpt>
   <trkpt lat="45.77738" lon="-76.03071">
    <ele>169.47</ele>
   </trkpt>
   <trkpt lat="45.77652750002525" lon="-76.03068374719108">
    <ele>169.89000000000001</ele>
   </trkpt>
   <trkpt lat="45.77567500004453" lon="-76.03065749518484">
    <ele>174.25</ele>
   </trkpt>
   <trkpt lat="45.77482250005776" lon="-76.03063124398123">
    <ele>180.43</ele>
   </trkpt>
   <trkpt lat="45.773970000064985" lon="-76.03060499358021">
    <ele>184.22000000000003</ele>
   </trkpt>
   <trkpt lat="45.77311750006621" lon="-76.03057874398174">
    <ele>187.58</ele>
   </trkpt>
   <trkpt lat="45.77226500006142" lon="-76.03055249518574">
    <ele>185.64000000000001</ele>
   </trkpt>
   <trkpt lat="45.77141250005061" lon="-76.0305262471922">
    <ele>184.45</ele>
   </trkpt>
   <trkpt lat="45.77056" lon="-76.0305">
    <ele>189.58</ele>
   </trkpt>
   <trkpt lat="45.770360000000004" lon="-76.03049">
    <ele>189.56</ele>
   </trkpt>
   <trkpt lat="45.770270000000004" lon="-76.03048000000001">
    <ele>189.56</ele>
   </trkpt>
   <trkpt lat="45.77006" lon="-76.03049">
    <ele>189.49</ele>
   </trkpt>
   <trkpt lat="45.76993" lon="-76.03053000000001">
    <ele>189.11</ele>
   </trkpt>
   <trkpt lat="45.76975" lon="-76.03063">
    <ele>189.03</ele>
   </trkpt>
   <trkpt lat="45.76957" lon="-76.0308">
    <ele>188.97000000000003</ele>
   </trkpt>
   <trkpt lat="45.769380000000005" lon="-76.03107">
    <ele>188.47000000000003</ele>
   </trkpt>
   <trkpt lat="45.769110000000005" lon="-76.03125">
    <ele>188.04000000000002</ele>
   </trkpt>
   <trkpt lat="45.76863" lon="-76.0313">
    <ele>187.84</ele>
   </trkpt>
   <trkpt lat="45.768420000000006" lon="-76.03125">
    <ele>187.64000000000001</ele>
   </trkpt>
   <trkpt lat="45.768170000000005" lon="-76.03107">
    <ele>187.32000000000002</ele>
   </trkpt>
   <trkpt lat="45.767990000000005" lon="-76.0308">
    <ele>187.22000000000003</ele>
   </trkpt>
   <trkpt lat="45.76785" lon="-76.03066000000001">
    <ele>186.96</ele>
   </trkpt>
   <trkpt lat="45.767700000000005" lon="-76.03054">
    <ele>186.84</ele>
   </trkpt>
   <trkpt lat="45.767590000000006" lon="-76.03049">
    <ele>186.84</ele>
   </trkpt>
   <trkpt lat="45.76682" lon="-76.03049">
    <ele>185.92</ele>
   </trkpt>
   <trkpt lat="45.766300000008115" lon="-76.03046999981382">
    <ele>185.88000000000002</ele>
   </trkpt>
   <trkpt lat="45.76578000000001" lon="-76.03045">
    <ele>185.77</ele>
   </trkpt>
   <trkpt lat="45.76519000009393" lon="-76.03045">
    <ele>186.99</ele>
   </trkpt>
   <trkpt lat="45.7646" lon="-76.03045">
    <ele>187.53</ele>
   </trkpt>
   <trkpt lat="45.764450000000004" lon="-76.03044000000001">
    <ele>187.46</ele>
   </trkpt>
   <trkpt lat="45.76444" lon="-76.03044000000001">
    <ele>187.16000000000003</ele>
   </trkpt>
   <trkpt lat="45.76436" lon="-76.03034000000001">
    <ele>187.42</ele>
   </trkpt>
   <trkpt lat="45.76433" lon="-76.03023">
    <ele>187.95</ele>
   </trkpt>
   <trkpt lat="45.76433" lon="-76.03013">
    <ele>188.06</ele>
   </trkpt>
   <trkpt lat="45.76442" lon="-76.02986">
    <ele>187.57000000000002</ele>
   </trkpt>
   <trkpt lat="45.764450000000004" lon="-76.02955">
    <ele>187.14000000000001</ele>
   </trkpt>
   <trkpt lat="45.76444" lon="-76.02942">
    <ele>187.14000000000001</ele>
   </trkpt>
   <trkpt lat="45.76451" lon="-76.02834">
    <ele>186.2</ele>
   </trkpt>
   <trkpt lat="45.76455000000001" lon="-76.02794">
    <ele>185.88000000000002</ele>
   </trkpt>
   <trkpt lat="45.764590000000005" lon="-76.02772">
    <ele>185.65</ele>
   </trkpt>
   <trkpt lat="45.7646" lon="-76.02745">
    <ele>184.95</ele>
   </trkpt>
   <trkpt lat="45.764570000000006" lon="-76.02717000000001">
    <ele>183.8</ele>
   </trkpt>
   <trkpt lat="45.76436" lon="-76.02668000000001">
    <ele>180.95000000000002</ele>
   </trkpt>
   <trkpt lat="45.76433" lon="-76.02664">
    <ele>180.95000000000002</ele>
   </trkpt>
   <trkpt lat="45.7642" lon="-76.02615">
    <ele>180.12</ele>
   </trkpt>
   <trkpt lat="45.7642" lon="-76.02575">
    <ele>179.68</ele>
   </trkpt>
   <trkpt lat="45.76417000000001" lon="-76.02561">
    <ele>179.15</ele>
   </trkpt>
   <trkpt lat="45.76404" lon="-76.02538000000001">
    <ele>179.08</ele>
   </trkpt>
   <trkpt lat="45.76389" lon="-76.02495">
    <ele>179.02</ele>
   </trkpt>
   <trkpt lat="45.763690000000004" lon="-76.02458">
    <ele>178.58</ele>
   </trkpt>
   <trkpt lat="45.76355" lon="-76.02439000000001">
    <ele>178.11</ele>
   </trkpt>
   <trkpt lat="45.76343000000001" lon="-76.02427">
    <ele>177.93</ele>
   </trkpt>
   <trkpt lat="45.76332" lon="-76.02408000000001">
    <ele>177.95000000000002</ele>
   </trkpt>
   <trkpt lat="45.76324" lon="-76.02387">
    <ele>177.79</ele>
   </trkpt>
   <trkpt lat="45.763200000000005" lon="-76.02382">
    <ele>177.66</ele>
   </trkpt>
   <trkpt lat="45.763160000000006" lon="-76.02369">
    <ele>177.19</ele>
   </trkpt>
   <trkpt lat="45.76308" lon="-76.02359000000001">
    <ele>177.07</ele>
   </trkpt>
   <trkpt lat="45.762910000000005" lon="-76.02342">
    <ele>176.96</ele>
   </trkpt>
   <trkpt lat="45.76272" lon="-76.0232">
    <ele>177.29</ele>
   </trkpt>
   <trkpt lat="45.76267000000001" lon="-76.02319">
    <ele>177.29</ele>
   </trkpt>
   <trkpt lat="45.76252" lon="-76.02307">
    <ele>177.43</ele>
   </trkpt>
   <trkpt lat="45.76192" lon="-76.02279">
    <ele>178.57</ele>
   </trkpt>
   <trkpt lat="45.76176" lon="-76.02261">
    <ele>178.47000000000003</ele>
   </trkpt>
   <trkpt lat="45.761410000000005" lon="-76.02218">
    <ele>178.81000000000003</ele>
   </trkpt>
   <trkpt lat="45.76111" lon="-76.02188000000001">
    <ele>177.74</ele>
   </trkpt>
   <trkpt lat="45.761030000000005" lon="-76.02181">
    <ele>177.74</ele>
   </trkpt>
   <trkpt lat="45.760830000000006" lon="-76.02158">
    <ele>176.32</ele>
   </trkpt>
   <trkpt lat="45.760720000000006" lon="-76.0215">
    <ele>175.72</ele>
   </trkpt>
   <trkpt lat="45.76062" lon="-76.02141">
    <ele>175.72</ele>
   </trkpt>
   <trkpt lat="45.760470000000005" lon="-76.02133">
    <ele>174.99</ele>
   </trkpt>
   <trkpt lat="45.75987000000001" lon="-76.02113">
    <ele>174.98000000000002</ele>
   </trkpt>
   <trkpt lat="45.75976000000001" lon="-76.02113">
    <ele>175.20000000000002</ele>
   </trkpt>
   <trkpt lat="45.75954" lon="-76.02104">
    <ele>176.26000000000002</ele>
   </trkpt>
   <trkpt lat="45.759440000000005" lon="-76.02092">
    <ele>177.54</ele>
   </trkpt>
   <trkpt lat="45.758810000000004" lon="-76.02006">
    <ele>178.33</ele>
   </trkpt>
   <trkpt lat="45.75867" lon="-76.01979">
    <ele>177.35</ele>
   </trkpt>
   <trkpt lat="45.75842" lon="-76.01939">
    <ele>177.20000000000002</ele>
   </trkpt>
   <trkpt lat="45.75790000000001" lon="-76.01858">
    <ele>180.58</ele>
   </trkpt>
   <trkpt lat="45.757780000000004" lon="-76.01854">
    <ele>181.15</ele>
   </trkpt>
   <trkpt lat="45.757690000000004" lon="-76.01849">
    <ele>181.50000000000003</ele>
   </trkpt>
   <trkpt lat="45.75757" lon="-76.01831">
    <ele>183.48</ele>
   </trkpt>
   <trkpt lat="45.757340000000006" lon="-76.01769">
    <ele>188.01000000000002</ele>
   </trkpt>
   <trkpt lat="45.757310000000004" lon="-76.01756">
    <ele>188.38000000000002</ele>
   </trkpt>
   <trkpt lat="45.757290000000005" lon="-76.01733">
    <ele>188.50000000000003</ele>
   </trkpt>
   <trkpt lat="45.75723000000001" lon="-76.01702">
    <ele>188.49</ele>
   </trkpt>
   <trkpt lat="45.75723000000001" lon="-76.01688">
    <ele>188.49</ele>
   </trkpt>
   <trkpt lat="45.757180000000005" lon="-76.01647000000001">
    <ele>188.45</ele>
   </trkpt>
   <trkpt lat="45.757130000000004" lon="-76.01636">
    <ele>188.48000000000002</ele>
   </trkpt>
   <trkpt lat="45.75708" lon="-76.01634">
    <ele>188.69000000000003</ele>
   </trkpt>
   <trkpt lat="45.7569" lon="-76.01616">
    <ele>189.36</ele>
   </trkpt>
   <trkpt lat="45.75676000000001" lon="-76.01608">
    <ele>189.57000000000002</ele>
   </trkpt>
   <trkpt lat="45.756460000000004" lon="-76.01585">
    <ele>189.5</ele>
   </trkpt>
   <trkpt lat="45.756310000000006" lon="-76.01577">
    <ele>189.18</ele>
   </trkpt>
   <trkpt lat="45.75618" lon="-76.01581">
    <ele>188.76000000000002</ele>
   </trkpt>
   <trkpt lat="45.75591000000001" lon="-76.01594">
    <ele>187.68</ele>
   </trkpt>
   <trkpt lat="45.75576" lon="-76.01594">
    <ele>185.56</ele>
   </trkpt>
   <trkpt lat="45.755230000000005" lon="-76.01572">
    <ele>176.57</ele>
   </trkpt>
   <trkpt lat="45.754900000000006" lon="-76.01562000000001">
    <ele>174.78</ele>
   </trkpt>
   <trkpt lat="45.75415500001887" lon="-76.01544499763689">
    <ele>173.09000000000003</ele>
   </trkpt>
   <trkpt lat="45.75341" lon="-76.01527">
    <ele>174.12000000000003</ele>
   </trkpt>
   <trkpt lat="45.753170000000004" lon="-76.01519">
    <ele>174.39000000000001</ele>
   </trkpt>
   <trkpt lat="45.75291000000001" lon="-76.01513">
    <ele>175.0</ele>
   </trkpt>
   <trkpt lat="45.75262" lon="-76.01504000000001">
    <ele>175.51000000000002</ele>
   </trkpt>
   <trkpt lat="45.7524" lon="-76.01492">
    <ele>175.66</ele>
   </trkpt>
   <trkpt lat="45.75226000000001" lon="-76.01482">
    <ele>175.70000000000002</ele>
   </trkpt>
   <trkpt lat="45.75213" lon="-76.01478">
    <ele>175.88</ele>
   </trkpt>
   <trkpt lat="45.751990000000006" lon="-76.01478">
    <ele>175.92000000000002</ele>
   </trkpt>
   <trkpt lat="45.75189" lon="-76.01482">
    <ele>175.82</ele>
   </trkpt>
   <trkpt lat="45.751810000000006" lon="-76.01487">
    <ele>175.82</ele>
   </trkpt>
   <trkpt lat="45.75164" lon="-76.01495000000001">
    <ele>175.34000000000003</ele>
   </trkpt>
   <trkpt lat="45.75146" lon="-76.015">
    <ele>175.01000000000002</ele>
   </trkpt>
   <trkpt lat="45.75128" lon="-76.015">
    <ele>175.01000000000002</ele>
   </trkpt>
   <trkpt lat="45.750960000000006" lon="-76.01494000000001">
    <ele>175.81000000000003</ele>
   </trkpt>
   <trkpt lat="45.750184999988264" lon="-76.0148599988851">
    <ele>180.4</ele>
   </trkpt>
   <trkpt lat="45.749410000000005" lon="-76.01478">
    <ele>182.07</ele>
   </trkpt>
   <trkpt lat="45.748850000000004" lon="-76.01464">
    <ele>181.53000000000003</ele>
   </trkpt>
   <trkpt lat="45.748090000000005" lon="-76.01437">
    <ele>181.77</ele>
   </trkpt>
   <trkpt lat="45.74785000000001" lon="-76.01416">
    <ele>182.52</ele>
   </trkpt>
   <trkpt lat="45.7477" lon="-76.01397">
    <ele>183.18</ele>
   </trkpt>
   <trkpt lat="45.74728" lon="-76.01325">
    <ele>183.99</ele>
   </trkpt>
   <trkpt lat="45.74701" lon="-76.01294">
    <ele>184.33</ele>
   </trkpt>
   <trkpt lat="45.746460000000006" lon="-76.01254">
    <ele>186.31</ele>
   </trkpt>
   <trkpt lat="45.745760000000004" lon="-76.01222">
    <ele>189.52</ele>
   </trkpt>
   <trkpt lat="45.74512000000001" lon="-76.01204000000001">
    <ele>191.4</ele>
   </trkpt>
   <trkpt lat="45.744870000000006" lon="-76.01191">
    <ele>190.99</ele>
   </trkpt>
   <trkpt lat="45.7443250006699" lon="-76.01150999607447">
    <ele>190.70000000000002</ele>
   </trkpt>
   <trkpt lat="45.74378" lon="-76.01111">
    <ele>190.16000000000003</ele>
   </trkpt>
   <trkpt lat="45.743500000000004" lon="-76.01084">
    <ele>189.72000000000003</ele>
   </trkpt>
   <trkpt lat="45.74313" lon="-76.01039">
    <ele>189.97000000000003</ele>
   </trkpt>
   <trkpt lat="45.742920000000005" lon="-76.01002000000001">
    <ele>191.56</ele>
   </trkpt>
   <trkpt lat="45.742810000000006" lon="-76.00972">
    <ele>192.0</ele>
   </trkpt>
   <trkpt lat="45.74259000000001" lon="-76.00899000000001">
    <ele>192.99</ele>
   </trkpt>
   <trkpt lat="45.742490000000004" lon="-76.00856">
    <ele>193.25</ele>
   </trkpt>
   <trkpt lat="45.74228" lon="-76.00811">
    <ele>194.17000000000002</ele>
   </trkpt>
   <trkpt lat="45.742160000000005" lon="-76.00793">
    <ele>195.10000000000002</ele>
   </trkpt>
   <trkpt lat="45.74184" lon="-76.00771">
    <ele>197.0</ele>
   </trkpt>
   <trkpt lat="45.74147000000001" lon="-76.00765000000001">
    <ele>198.03</ele>
   </trkpt>
   <trkpt lat="45.74125" lon="-76.00752">
    <ele>197.91</ele>
   </trkpt>
   <trkpt lat="45.741080000000004" lon="-76.00734">
    <ele>197.69</ele>
   </trkpt>
   <trkpt lat="45.74100000000001" lon="-76.00717">
    <ele>197.39000000000001</ele>
   </trkpt>
   <trkpt lat="45.74096" lon="-76.00685">
    <ele>195.69</ele>
   </trkpt>
   <trkpt lat="45.740700000000004" lon="-76.00617000000001">
    <ele>189.43</ele>
   </trkpt>
   <trkpt lat="45.740640000000006" lon="-76.00605">
    <ele>188.77</ele>
   </trkpt>
   <trkpt lat="45.740570000000005" lon="-76.00573">
    <ele>187.8</ele>
   </trkpt>
   <trkpt lat="45.74056" lon="-76.00551">
    <ele>187.26000000000002</ele>
   </trkpt>
   <trkpt lat="45.74062667683958" lon="-76.00443000261876">
    <ele>183.08</ele>
   </trkpt>
   <trkpt lat="45.74069334350382" lon="-76.00335000265824">
    <ele>180.44000000000003</ele>
   </trkpt>
   <trkpt lat="45.74076" lon="-76.00227000000001">
    <ele>176.94</ele>
   </trkpt>
   <trkpt lat="45.74081" lon="-76.00179">
    <ele>178.00000000000003</ele>
   </trkpt>
   <trkpt lat="45.74094" lon="-76.00103">
    <ele>177.98000000000002</ele>
   </trkpt>
   <trkpt lat="45.740970000000004" lon="-76.00072">
    <ele>178.25000000000003</ele>
   </trkpt>
   <trkpt lat="45.74098" lon="-76.00001">
    <ele>179.62</ele>
   </trkpt>
   <trkpt lat="45.740930000000006" lon="-75.99956">
    <ele>182.54</ele>
   </trkpt>
   <trkpt lat="45.74083" lon="-75.99929">
    <ele>183.15</ele>
   </trkpt>
   <trkpt lat="45.74071000000001" lon="-75.99910000000001">
    <ele>183.78000000000003</ele>
   </trkpt>
   <trkpt lat="45.74058" lon="-75.99879">
    <ele>183.21</ele>
   </trkpt>
   <trkpt lat="45.74045" lon="-75.9983">
    <ele>180.65</ele>
   </trkpt>
   <trkpt lat="45.74038500186254" lon="-75.9976499994399">
    <ele>178.68</ele>
   </trkpt>
   <trkpt lat="45.740320000000004" lon="-75.997">
    <ele>178.61</ele>
   </trkpt>
   <trkpt lat="45.74032000184288" lon="-75.99635000018439">
    <ele>178.95000000000002</ele>
   </trkpt>
   <trkpt lat="45.740320000000004" lon="-75.9957">
    <ele>178.74</ele>
   </trkpt>
   <trkpt lat="45.7402" lon="-75.99472">
    <ele>178.03000000000003</ele>
   </trkpt>
   <trkpt lat="45.74022" lon="-75.9945">
    <ele>177.91</ele>
   </trkpt>
   <trkpt lat="45.740280000000006" lon="-75.99427">
    <ele>177.77</ele>
   </trkpt>
   <trkpt lat="45.740390000000005" lon="-75.99405">
    <ele>177.79</ele>
   </trkpt>
   <trkpt lat="45.740700000000004" lon="-75.99373">
    <ele>177.84000000000003</ele>
   </trkpt>
   <trkpt lat="45.740930000000006" lon="-75.99356">
    <ele>177.98000000000002</ele>
   </trkpt>
   <trkpt lat="45.741350000000004" lon="-75.99333">
    <ele>178.03000000000003</ele>
   </trkpt>
   <trkpt lat="45.74165000000001" lon="-75.99323000000001">
    <ele>178.06000000000003</ele>
   </trkpt>
   <trkpt lat="45.74188" lon="-75.99310000000001">
    <ele>178.26</ele>
   </trkpt>
   <trkpt lat="45.74203000000001" lon="-75.99293">
    <ele>178.33</ele>
   </trkpt>
   <trkpt lat="45.74221000000001" lon="-75.99262">
    <ele>178.61</ele>
   </trkpt>
   <trkpt lat="45.74237" lon="-75.99212">
    <ele>178.95000000000002</ele>
   </trkpt>
   <trkpt lat="45.742380000000004" lon="-75.99167">
    <ele>179.00000000000003</ele>
   </trkpt>
   <trkpt lat="45.74228" lon="-75.99115">
    <ele>179.87</ele>
   </trkpt>
   <trkpt lat="45.742160000000005" lon="-75.9907">
    <ele>180.15</ele>
   </trkpt>
   <trkpt lat="45.741890000000005" lon="-75.98984">
    <ele>181.31000000000003</ele>
   </trkpt>
   <trkpt lat="45.741730000000004" lon="-75.98947000000001">
    <ele>182.51</ele>
   </trkpt>
   <trkpt lat="45.74136" lon="-75.98877">
    <ele>184.9</ele>
   </trkpt>
   <trkpt lat="45.74091000000001" lon="-75.98818">
    <ele>183.61</ele>
   </trkpt>
   <trkpt lat="45.740280000000006" lon="-75.98787">
    <ele>183.89000000000001</ele>
   </trkpt>
   <trkpt lat="45.740190000000005" lon="-75.98778">
    <ele>184.15</ele>
   </trkpt>
   <trkpt lat="45.73969999996486" lon="-75.98784500057755">
    <ele>183.97000000000003</ele>
   </trkpt>
   <trkpt lat="45.73921000000001" lon="-75.98791">
    <ele>184.91000000000003</ele>
   </trkpt>
   <trkpt lat="45.73892" lon="-75.98787">
    <ele>183.98</ele>
   </trkpt>
   <trkpt lat="45.73877" lon="-75.98782">
    <ele>184.18</ele>
   </trkpt>
   <trkpt lat="45.738640000000004" lon="-75.98768000000001">
    <ele>184.47000000000003</ele>
   </trkpt>
   <trkpt lat="45.73846" lon="-75.98752">
    <ele>185.94000000000003</ele>
   </trkpt>
   <trkpt lat="45.73827000000001" lon="-75.98732000000001">
    <ele>187.96</ele>
   </trkpt>
   <trkpt lat="45.73816" lon="-75.98721">
    <ele>189.88000000000002</ele>
   </trkpt>
   <trkpt lat="45.738060000000004" lon="-75.98707">
    <ele>191.47000000000003</ele>
   </trkpt>
   <trkpt lat="45.73794" lon="-75.98679">
    <ele>193.05</ele>
   </trkpt>
   <trkpt lat="45.7379" lon="-75.98657">
    <ele>193.64000000000001</ele>
   </trkpt>
   <trkpt lat="45.73783" lon="-75.98635">
    <ele>192.72</ele>
   </trkpt>
   <trkpt lat="45.73774" lon="-75.98617">
    <ele>191.85999999999999</ele>
   </trkpt>
   <trkpt lat="45.73729" lon="-75.98536">
    <ele>191.53</ele>
   </trkpt>
   <trkpt lat="45.73692500151505" lon="-75.98477999628466">
    <ele>191.39000000000001</ele>
   </trkpt>
   <trkpt lat="45.736560000000004" lon="-75.9842">
    <ele>191.63000000000002</ele>
   </trkpt>
   <trkpt lat="45.73635" lon="-75.98393">
    <ele>192.17000000000002</ele>
   </trkpt>
   <trkpt lat="45.73615" lon="-75.98375">
    <ele>192.43</ele>
   </trkpt>
   <trkpt lat="45.73557" lon="-75.98334000000001">
    <ele>192.08</ele>
   </trkpt>
   <trkpt lat="45.73545000000001" lon="-75.98321">
    <ele>192.02</ele>
   </trkpt>
   <trkpt lat="45.734970000000004" lon="-75.9829">
    <ele>192.85000000000002</ele>
   </trkpt>
   <trkpt lat="45.734480000000005" lon="-75.98277">
    <ele>191.69000000000003</ele>
   </trkpt>
   <trkpt lat="45.734370000000006" lon="-75.98271000000001">
    <ele>191.16000000000003</ele>
   </trkpt>
   <trkpt lat="45.73409" lon="-75.98227">
    <ele>190.11</ele>
   </trkpt>
   <trkpt lat="45.73398" lon="-75.98218">
    <ele>189.77</ele>
   </trkpt>
   <trkpt lat="45.733830000000005" lon="-75.98195000000001">
    <ele>189.68</ele>
   </trkpt>
   <trkpt lat="45.733740000000004" lon="-75.9816">
    <ele>189.65</ele>
   </trkpt>
   <trkpt lat="45.733720000000005" lon="-75.98102">
    <ele>190.22000000000003</ele>
   </trkpt>
   <trkpt lat="45.73362" lon="-75.98079000000001">
    <ele>190.53</ele>
   </trkpt>
   <trkpt lat="45.733050000000006" lon="-75.98035">
    <ele>192.8</ele>
   </trkpt>
   <trkpt lat="45.732820000000004" lon="-75.98013">
    <ele>193.67000000000002</ele>
   </trkpt>
   <trkpt lat="45.73265000000001" lon="-75.97991">
    <ele>193.62</ele>
   </trkpt>
   <trkpt lat="45.73254" lon="-75.97968">
    <ele>193.04000000000002</ele>
   </trkpt>
   <trkpt lat="45.73246" lon="-75.97945">
    <ele>192.49</ele>
   </trkpt>
   <trkpt lat="45.73232" lon="-75.97892">
    <ele>191.8</ele>
   </trkpt>
   <trkpt lat="45.732310000000005" lon="-75.97882000000001">
    <ele>191.85000000000002</ele>
   </trkpt>
   <trkpt lat="45.732330000000005" lon="-75.97869">
    <ele>192.47</ele>
   </trkpt>
   <trkpt lat="45.73243" lon="-75.97843">
    <ele>193.0</ele>
   </trkpt>
   <trkpt lat="45.73283000000001" lon="-75.97766">
    <ele>190.59</ele>
   </trkpt>
   <trkpt lat="45.73293" lon="-75.9773">
    <ele>190.89</ele>
   </trkpt>
   <trkpt lat="45.73297" lon="-75.97689000000001">
    <ele>191.25</ele>
   </trkpt>
   <trkpt lat="45.732940000000006" lon="-75.97632">
    <ele>190.98000000000002</ele>
   </trkpt>
   <trkpt lat="45.732870000000005" lon="-75.97578">
    <ele>188.58</ele>
   </trkpt>
   <trkpt lat="45.73286" lon="-75.97552">
    <ele>186.74</ele>
   </trkpt>
   <trkpt lat="45.732870000000005" lon="-75.97479000000001">
    <ele>184.21</ele>
   </trkpt>
   <trkpt lat="45.732960000000006" lon="-75.97372">
    <ele>182.69000000000003</ele>
   </trkpt>
   <trkpt lat="45.733090000000004" lon="-75.97323">
    <ele>181.37</ele>
   </trkpt>
   <trkpt lat="45.73303000000001" lon="-75.97322000000001">
    <ele>180.59000000000003</ele>
   </trkpt>
   <trkpt lat="45.732870000000005" lon="-75.97322000000001">
    <ele>178.75000000000003</ele>
   </trkpt>
   <trkpt lat="45.73261" lon="-75.97327">
    <ele>176.88</ele>
   </trkpt>
   <trkpt lat="45.73232" lon="-75.97342">
    <ele>175.21</ele>
   </trkpt>
   <trkpt lat="45.732220000000005" lon="-75.97345">
    <ele>174.96</ele>
   </trkpt>
   <trkpt lat="45.73203" lon="-75.97340000000001">
    <ele>174.92000000000002</ele>
   </trkpt>
   <trkpt lat="45.73183" lon="-75.97323">
    <ele>175.29</ele>
   </trkpt>
   <trkpt lat="45.73122" lon="-75.9726">
    <ele>173.33</ele>
   </trkpt>
   <trkpt lat="45.730990000000006" lon="-75.97238">
    <ele>172.14000000000001</ele>
   </trkpt>
   <trkpt lat="45.73049" lon="-75.97202">
    <ele>169.67000000000002</ele>
   </trkpt>
   <trkpt lat="45.73001000000001" lon="-75.97171">
    <ele>168.12</ele>
   </trkpt>
   <trkpt lat="45.72959" lon="-75.97153">
    <ele>167.01000000000002</ele>
   </trkpt>
   <trkpt lat="45.729330000000004" lon="-75.97135">
    <ele>166.65</ele>
   </trkpt>
   <trkpt lat="45.729150000000004" lon="-75.97121">
    <ele>165.98000000000002</ele>
   </trkpt>
   <trkpt lat="45.728790000000004" lon="-75.97081">
    <ele>162.49</ele>
   </trkpt>
   <trkpt lat="45.72861" lon="-75.97051">
    <ele>161.02</ele>
   </trkpt>
   <trkpt lat="45.72836" lon="-75.97023">
    <ele>160.35000000000002</ele>
   </trkpt>
   <trkpt lat="45.728210000000004" lon="-75.97014">
    <ele>159.68</ele>
   </trkpt>
   <trkpt lat="45.72786000000001" lon="-75.97005">
    <ele>159.53</ele>
   </trkpt>
   <trkpt lat="45.72696499998823" lon="-75.96993999822962">
    <ele>161.81</ele>
   </trkpt>
   <trkpt lat="45.72607000000001" lon="-75.96983">
    <ele>166.37</ele>
   </trkpt>
   <trkpt lat="45.725840000000005" lon="-75.96978">
    <ele>167.25</ele>
   </trkpt>
   <trkpt lat="45.72563" lon="-75.9697">
    <ele>169.75</ele>
   </trkpt>
   <trkpt lat="45.725460000000005" lon="-75.9696">
    <ele>171.03</ele>
   </trkpt>
   <trkpt lat="45.72507" lon="-75.96924">
    <ele>172.34</ele>
   </trkpt>
   <trkpt lat="45.72495000000001" lon="-75.96919000000001">
    <ele>172.34</ele>
   </trkpt>
   <trkpt lat="45.72482" lon="-75.96916">
    <ele>172.68000000000004</ele>
   </trkpt>
   <trkpt lat="45.72469" lon="-75.96916">
    <ele>172.70000000000002</ele>
   </trkpt>
   <trkpt lat="45.72457000000001" lon="-75.9692">
    <ele>172.59</ele>
   </trkpt>
   <trkpt lat="45.724160000000005" lon="-75.96955000000001">
    <ele>170.6</ele>
   </trkpt>
   <trkpt lat="45.723960000000005" lon="-75.96965">
    <ele>169.38</ele>
   </trkpt>
   <trkpt lat="45.72374000000001" lon="-75.96969">
    <ele>168.35000000000002</ele>
   </trkpt>
   <trkpt lat="45.72288" lon="-75.96956">
    <ele>162.96</ele>
   </trkpt>
   <trkpt lat="45.7222" lon="-75.96942">
    <ele>161.96</ele>
   </trkpt>
   <trkpt lat="45.72170000038736" lon="-75.96925999865634">
    <ele>160.71</ele>
   </trkpt>
   <trkpt lat="45.7212" lon="-75.96910000000001">
    <ele>160.01000000000002</ele>
   </trkpt>
   <trkpt lat="45.720380000000006" lon="-75.96892000000001">
    <ele>158.42000000000002</ele>
   </trkpt>
   <trkpt lat="45.72021" lon="-75.9688">
    <ele>157.60999999999999</ele>
   </trkpt>
   <trkpt lat="45.72014" lon="-75.96870000000001">
    <ele>156.71</ele>
   </trkpt>
   <trkpt lat="45.71987000624113" lon="-75.96785332511126">
    <ele>155.61</ele>
   </trkpt>
   <trkpt lat="45.71960000622853" lon="-75.96700665840518">
    <ele>157.27</ele>
   </trkpt>
   <trkpt lat="45.71933000000001" lon="-75.96616">
    <ele>158.54000000000002</ele>
   </trkpt>
   <trkpt lat="45.719055002254784" lon="-75.96543999643949">
    <ele>157.82000000000002</ele>
   </trkpt>
   <trkpt lat="45.71878" lon="-75.96472">
    <ele>159.31</ele>
   </trkpt>
   <trkpt lat="45.71853500164627" lon="-75.96409499711264">
    <ele>161.44</ele>
   </trkpt>
   <trkpt lat="45.71829" lon="-75.96347">
    <ele>165.36</ele>
   </trkpt>
   <trkpt lat="45.717940000000006" lon="-75.96289">
    <ele>170.11</ele>
   </trkpt>
   <trkpt lat="45.717760000000006" lon="-75.96253">
    <ele>172.69</ele>
   </trkpt>
   <trkpt lat="45.717490000000005" lon="-75.96208">
    <ele>175.84000000000003</ele>
   </trkpt>
   <trkpt lat="45.71732" lon="-75.9619">
    <ele>176.57</ele>
   </trkpt>
   <trkpt lat="45.717150000000004" lon="-75.96178">
    <ele>177.34000000000003</ele>
   </trkpt>
   <trkpt lat="45.71669000010896" lon="-75.96161499863821">
    <ele>178.22000000000003</ele>
   </trkpt>
   <trkpt lat="45.71623" lon="-75.96145">
    <ele>179.22000000000003</ele>
   </trkpt>
   <trkpt lat="45.716010000000004" lon="-75.96136000000001">
    <ele>179.31000000000003</ele>
   </trkpt>
   <trkpt lat="45.715590000000006" lon="-75.96097">
    <ele>179.79</ele>
   </trkpt>
   <trkpt lat="45.71544" lon="-75.96078">
    <ele>178.89000000000001</ele>
   </trkpt>
   <trkpt lat="45.715230000000005" lon="-75.96064000000001">
    <ele>178.08</ele>
   </trkpt>
   <trkpt lat="45.71504" lon="-75.9606">
    <ele>174.75</ele>
   </trkpt>
   <trkpt lat="45.714850000000006" lon="-75.9606">
    <ele>174.75</ele>
   </trkpt>
   <trkpt lat="45.714340000175454" lon="-75.96076000144014">
    <ele>170.34</ele>
   </trkpt>
   <trkpt lat="45.71383" lon="-75.96092">
    <ele>168.11</ele>
   </trkpt>
   <trkpt lat="45.713640000000005" lon="-75.96096">
    <ele>165.10000000000002</ele>
   </trkpt>
   <trkpt lat="45.713260000000005" lon="-75.96097">
    <ele>163.19</ele>
   </trkpt>
   <trkpt lat="45.71303" lon="-75.96096">
    <ele>162.29000000000002</ele>
   </trkpt>
   <trkpt lat="45.71235999981855" lon="-75.96085499870527">
    <ele>159.82999999999998</ele>
   </trkpt>
   <trkpt lat="45.711690000000004" lon="-75.96075">
    <ele>160.13000000000002</ele>
   </trkpt>
   <trkpt lat="45.71123" lon="-75.96074">
    <ele>161.62</ele>
   </trkpt>
   <trkpt lat="45.711090000000006" lon="-75.96077000000001">
    <ele>162.53</ele>
   </trkpt>
   <trkpt lat="45.710860000000004" lon="-75.96091000000001">
    <ele>164.54000000000002</ele>
   </trkpt>
   <trkpt lat="45.71068" lon="-75.9611">
    <ele>165.94</ele>
   </trkpt>
   <trkpt lat="45.71007" lon="-75.96195">
    <ele>167.55</ele>
   </trkpt>
   <trkpt lat="45.709970000000006" lon="-75.96204">
    <ele>166.87</ele>
   </trkpt>
   <trkpt lat="45.70987" lon="-75.96209">
    <ele>166.58</ele>
   </trkpt>
   <trkpt lat="45.70973" lon="-75.96212000000001">
    <ele>164.93</ele>
   </trkpt>
   <trkpt lat="45.70957000000001" lon="-75.96208">
    <ele>163.62</ele>
   </trkpt>
   <trkpt lat="45.709410000000005" lon="-75.96203000000001">
    <ele>161.57000000000002</ele>
   </trkpt>
   <trkpt lat="45.70879" lon="-75.96159">
    <ele>155.52</ele>
   </trkpt>
   <trkpt lat="45.70835" lon="-75.96123">
    <ele>154.50000000000003</ele>
   </trkpt>
   <trkpt lat="45.70864" lon="-75.9606">
    <ele>155.81</ele>
   </trkpt>
   <trkpt lat="45.70862" lon="-75.96047">
    <ele>155.81</ele>
   </trkpt>
   <trkpt lat="45.70852000000001" lon="-75.96034">
    <ele>155.36</ele>
   </trkpt>
   <trkpt lat="45.70839" lon="-75.96028000000001">
    <ele>154.3</ele>
   </trkpt>
   <trkpt lat="45.7081" lon="-75.96024000000001">
    <ele>153.32000000000002</ele>
   </trkpt>
   <trkpt lat="45.70739000016377" lon="-75.96006499778466">
    <ele>153.02</ele>
   </trkpt>
   <trkpt lat="45.706680000000006" lon="-75.95989">
    <ele>154.67</ele>
   </trkpt>
   <trkpt lat="45.706390000000006" lon="-75.95979000000001">
    <ele>155.13000000000002</ele>
   </trkpt>
   <trkpt lat="45.705630000000006" lon="-75.95935">
    <ele>157.22000000000003</ele>
   </trkpt>
   <trkpt lat="45.704750000000004" lon="-75.95913">
    <ele>156.95000000000002</ele>
   </trkpt>
   <trkpt lat="45.70425000003616" lon="-75.95892999815591">
    <ele>157.34</ele>
   </trkpt>
   <trkpt lat="45.70375000000001" lon="-75.95873">
    <ele>158.81</ele>
   </trkpt>
   <trkpt lat="45.703320000000005" lon="-75.95872">
    <ele>159.47</ele>
   </trkpt>
   <trkpt lat="45.703030000000005" lon="-75.95882">
    <ele>159.60999999999999</ele>
   </trkpt>
   <trkpt lat="45.70228" lon="-75.95904">
    <ele>159.60999999999999</ele>
   </trkpt>
   <trkpt lat="45.701840000000004" lon="-75.95913">
    <ele>158.91000000000003</ele>
   </trkpt>
   <trkpt lat="45.70149000000001" lon="-75.95908">
    <ele>158.89</ele>
   </trkpt>
   <trkpt lat="45.701060000000005" lon="-75.95899">
    <ele>159.59</ele>
   </trkpt>
   <trkpt lat="45.70038" lon="-75.9589">
    <ele>162.09</ele>
   </trkpt>
   <trkpt lat="45.700030000000005" lon="-75.9589">
    <ele>164.41</ele>
   </trkpt>
   <trkpt lat="45.69973" lon="-75.95893000000001">
    <ele>165.41</ele>
   </trkpt>
   <trkpt lat="45.699580000000005" lon="-75.95891">
    <ele>165.59</ele>
   </trkpt>
   <trkpt lat="45.699450000000006" lon="-75.95886">
    <ele>165.53</ele>
   </trkpt>
   <trkpt lat="45.699110000000005" lon="-75.95863">
    <ele>164.57000000000002</ele>
   </trkpt>
   <trkpt lat="45.69881" lon="-75.95840000000001">
    <ele>163.34</ele>
   </trkpt>
   <trkpt lat="45.69858000000001" lon="-75.95815">
    <ele>163.17000000000002</ele>
   </trkpt>
   <trkpt lat="45.69808000084568" lon="-75.95769999594226">
    <ele>160.27</ele>
   </trkpt>
   <trkpt lat="45.69758" lon="-75.95725">
    <ele>156.47000000000003</ele>
   </trkpt>
   <trkpt lat="45.69716000103284" lon="-75.95679499672312">
    <ele>154.28</ele>
   </trkpt>
   <trkpt lat="45.696740000000005" lon="-75.95634000000001">
    <ele>150.29</ele>
   </trkpt>
   <trkpt lat="45.696400000000004" lon="-75.95599">
    <ele>148.37</ele>
   </trkpt>
   <trkpt lat="45.69601" lon="-75.95572">
    <ele>145.41</ele>
   </trkpt>
   <trkpt lat="45.69549500031192" lon="-75.95549499796769">
    <ele>142.22</ele>
   </trkpt>
   <trkpt lat="45.69498" lon="-75.95527000000001">
    <ele>144.31000000000003</ele>
   </trkpt>
   <trkpt lat="45.69446000023468" lon="-75.95500999755232">
    <ele>147.19000000000003</ele>
   </trkpt>
   <trkpt lat="45.693940000000005" lon="-75.95475">
    <ele>151.46</ele>
   </trkpt>
   <trkpt lat="45.69332000000001" lon="-75.95451000000001">
    <ele>151.45</ele>
   </trkpt>
   <trkpt lat="45.69303" lon="-75.95434">
    <ele>151.03000000000003</ele>
   </trkpt>
   <trkpt lat="45.69279" lon="-75.95416">
    <ele>150.91000000000003</ele>
   </trkpt>
   <trkpt lat="45.692620000000005" lon="-75.95398">
    <ele>151.11</ele>
   </trkpt>
   <trkpt lat="45.692400000000006" lon="-75.95370000000001">
    <ele>151.83</ele>
   </trkpt>
   <trkpt lat="45.69221" lon="-75.95339000000001">
    <ele>152.36</ele>
   </trkpt>
   <trkpt lat="45.691990000000004" lon="-75.95296">
    <ele>154.03</ele>
   </trkpt>
   <trkpt lat="45.69191000000001" lon="-75.95268">
    <ele>155.07000000000002</ele>
   </trkpt>
   <trkpt lat="45.69185" lon="-75.95233">
    <ele>157.27</ele>
   </trkpt>
   <trkpt lat="45.69183" lon="-75.95202">
    <ele>157.76000000000002</ele>
   </trkpt>
   <trkpt lat="45.691840002863586" lon="-75.95121000001112">
    <ele>159.85000000000002</ele>
   </trkpt>
   <trkpt lat="45.69185" lon="-75.9504">
    <ele>162.59</ele>
   </trkpt>
   <trkpt lat="45.691810000000004" lon="-75.95017">
    <ele>162.94</ele>
   </trkpt>
   <trkpt lat="45.691660000000006" lon="-75.94977">
    <ele>162.84</ele>
   </trkpt>
   <trkpt lat="45.691140000000004" lon="-75.94897">
    <ele>161.23000000000002</ele>
   </trkpt>
   <trkpt lat="45.69091" lon="-75.94855000000001">
    <ele>161.09</ele>
   </trkpt>
   <trkpt lat="45.69055333795496" lon="-75.94782332409595">
    <ele>159.73000000000002</ele>
   </trkpt>
   <trkpt lat="45.69019667130315" lon="-75.94709665745965">
    <ele>159.59</ele>
   </trkpt>
   <trkpt lat="45.689840000000004" lon="-75.94637">
    <ele>160.21</ele>
   </trkpt>
   <trkpt lat="45.689690000000006" lon="-75.94587">
    <ele>158.27</ele>
   </trkpt>
   <trkpt lat="45.689515001654264" lon="-75.9452399977516">
    <ele>157.19000000000003</ele>
   </trkpt>
   <trkpt lat="45.68934" lon="-75.94461000000001">
    <ele>158.16000000000003</ele>
   </trkpt>
   <trkpt lat="45.68921" lon="-75.94431">
    <ele>158.29000000000002</ele>
   </trkpt>
   <trkpt lat="45.68900000000001" lon="-75.94395">
    <ele>158.29000000000002</ele>
   </trkpt>
   <trkpt lat="45.688610000000004" lon="-75.9435">
    <ele>160.07000000000002</ele>
   </trkpt>
   <trkpt lat="45.68838" lon="-75.94328">
    <ele>160.59</ele>
   </trkpt>
   <trkpt lat="45.687780000000004" lon="-75.94285">
    <ele>161.03</ele>
   </trkpt>
   <trkpt lat="45.68751" lon="-75.94273000000001">
    <ele>162.49</ele>
   </trkpt>
   <trkpt lat="45.68737" lon="-75.94261">
    <ele>162.92000000000002</ele>
   </trkpt>
   <trkpt lat="45.687180000000005" lon="-75.94238">
    <ele>163.34</ele>
   </trkpt>
   <trkpt lat="45.687110000000004" lon="-75.94229">
    <ele>163.3</ele>
   </trkpt>
   <trkpt lat="45.68701" lon="-75.94207">
    <ele>162.60000000000002</ele>
   </trkpt>
   <trkpt lat="45.686710000000005" lon="-75.94104">
    <ele>159.03</ele>
   </trkpt>
   <trkpt lat="45.68647000000001" lon="-75.94033">
    <ele>157.3</ele>
   </trkpt>
   <trkpt lat="45.686170000000004" lon="-75.93964000000001">
    <ele>156.71</ele>
   </trkpt>
   <trkpt lat="45.68587" lon="-75.93907">
    <ele>156.85999999999999</ele>
   </trkpt>
   <trkpt lat="45.685460000000006" lon="-75.9384">
    <ele>156.73000000000002</ele>
   </trkpt>
   <trkpt lat="45.68533" lon="-75.93826">
    <ele>156.3</ele>
   </trkpt>
   <trkpt lat="45.684780000993754" lon="-75.9377699951348">
    <ele>150.77</ele>
   </trkpt>
   <trkpt lat="45.68423000000001" lon="-75.93728">
    <ele>144.0</ele>
   </trkpt>
   <trkpt lat="45.68412000000001" lon="-75.9371">
    <ele>141.11</ele>
   </trkpt>
   <trkpt lat="45.683930000000004" lon="-75.93642000000001">
    <ele>138.86</ele>
   </trkpt>
   <trkpt lat="45.683870000000006" lon="-75.93611">
    <ele>137.9</ele>
   </trkpt>
   <trkpt lat="45.683840000000004" lon="-75.93575000000001">
    <ele>135.74</ele>
   </trkpt>
   <trkpt lat="45.68383" lon="-75.93512000000001">
    <ele>132.28</ele>
   </trkpt>
   <trkpt lat="45.68375" lon="-75.93455">
    <ele>126.64</ele>
   </trkpt>
   <trkpt lat="45.68366" lon="-75.93405">
    <ele>122.60000000000001</ele>
   </trkpt>
   <trkpt lat="45.683460000000004" lon="-75.93338">
    <ele>117.80000000000001</ele>
   </trkpt>
   <trkpt lat="45.683130000000006" lon="-75.93249">
    <ele>113.93</ele>
   </trkpt>
   <trkpt lat="45.683060000000005" lon="-75.93209">
    <ele>112.23</ele>
   </trkpt>
   <trkpt lat="45.68303" lon="-75.93168">
    <ele>111.46000000000001</ele>
   </trkpt>
   <trkpt lat="45.683040000000005" lon="-75.93124">
    <ele>111.2</ele>
   </trkpt>
   <trkpt lat="45.68301" lon="-75.93095000000001">
    <ele>111.13000000000001</ele>
   </trkpt>
   <trkpt lat="45.68224000000001" lon="-75.93092">
    <ele>110.15</ele>
   </trkpt>
   <trkpt lat="45.681490000000004" lon="-75.93079">
    <ele>109.25000000000001</ele>
   </trkpt>
   <trkpt lat="45.68074000000001" lon="-75.93073000000001">
    <ele>106.43</ele>
   </trkpt>
   <trkpt lat="45.680264999781635" lon="-75.93076000026873">
    <ele>104.79</ele>
   </trkpt>
   <trkpt lat="45.679790000000004" lon="-75.93079">
    <ele>103.8</ele>
   </trkpt>
   <trkpt lat="45.679570000000005" lon="-75.93083">
    <ele>103.65</ele>
   </trkpt>
   <trkpt lat="45.679010000000005" lon="-75.93083">
    <ele>103.32000000000001</ele>
   </trkpt>
   <trkpt lat="45.67833" lon="-75.93065">
    <ele>103.58</ele>
   </trkpt>
   <trkpt lat="45.677960000000006" lon="-75.93051000000001">
    <ele>103.76</ele>
   </trkpt>
   <trkpt lat="45.67765000000001" lon="-75.93033000000001">
    <ele>103.79</ele>
   </trkpt>
   <trkpt lat="45.67706000078244" lon="-75.9300299936724">
    <ele>104.02000000000001</ele>
   </trkpt>
   <trkpt lat="45.676470000779695" lon="-75.92972999367109">
    <ele>103.93</ele>
   </trkpt>
   <trkpt lat="45.67588000000001" lon="-75.92943000000001">
    <ele>104.09</ele>
   </trkpt>
   <trkpt lat="45.67533" lon="-75.92926">
    <ele>102.66000000000001</ele>
   </trkpt>
   <trkpt lat="45.674980000000005" lon="-75.92921000000001">
    <ele>102.31000000000002</ele>
   </trkpt>
   <trkpt lat="45.67441499996184" lon="-75.92916999959297">
    <ele>101.29</ele>
   </trkpt>
   <trkpt lat="45.67385" lon="-75.92913">
    <ele>100.80000000000001</ele>
   </trkpt>
   <trkpt lat="45.67347" lon="-75.92908000000001">
    <ele>100.26</ele>
   </trkpt>
   <trkpt lat="45.673210000000005" lon="-75.92901">
    <ele>100.27000000000001</ele>
   </trkpt>
   <trkpt lat="45.67256333344369" lon="-75.92890666428147">
    <ele>99.31</ele>
   </trkpt>
   <trkpt lat="45.6719166667942" lon="-75.92880333095093">
    <ele>99.84</ele>
   </trkpt>
   <trkpt lat="45.67127000000001" lon="-75.9287">
    <ele>101.15</ele>
   </trkpt>
   <trkpt lat="45.670450000218025" lon="-75.9285859933182">
    <ele>101.43</ele>
   </trkpt>
   <trkpt lat="45.66963000032266" lon="-75.92847198997687">
    <ele>101.46000000000001</ele>
   </trkpt>
   <trkpt lat="45.66881000031393" lon="-75.92835798997585">
    <ele>101.47</ele>
   </trkpt>
   <trkpt lat="45.66799000019179" lon="-75.92824399331492">
    <ele>100.75</ele>
   </trkpt>
   <trkpt lat="45.667170000000006" lon="-75.92813000000001">
    <ele>100.96000000000001</ele>
   </trkpt>
   <trkpt lat="45.6666" lon="-75.92806">
    <ele>100.30000000000001</ele>
   </trkpt>
   <trkpt lat="45.666410000000006" lon="-75.92806">
    <ele>100.58</ele>
   </trkpt>
   <trkpt lat="45.66593500001769" lon="-75.92810500038101">
    <ele>100.96000000000001</ele>
   </trkpt>
   <trkpt lat="45.66546" lon="-75.92815">
    <ele>101.57000000000001</ele>
   </trkpt>
   <trkpt lat="45.66527000000001" lon="-75.92815">
    <ele>101.76</ele>
   </trkpt>
   <trkpt lat="45.66508" lon="-75.9281">
    <ele>101.84000000000002</ele>
   </trkpt>
   <trkpt lat="45.66471000000001" lon="-75.92800000000001">
    <ele>101.73000000000002</ele>
   </trkpt>
   <trkpt lat="45.66452" lon="-75.92791000000001">
    <ele>101.62</ele>
   </trkpt>
   <trkpt lat="45.664170000000006" lon="-75.92765">
    <ele>101.34000000000002</ele>
   </trkpt>
   <trkpt lat="45.66398" lon="-75.92748">
    <ele>101.41000000000001</ele>
   </trkpt>
   <trkpt lat="45.663320000000006" lon="-75.92671">
    <ele>101.48000000000002</ele>
   </trkpt>
   <trkpt lat="45.663000000000004" lon="-75.92641">
    <ele>101.65</ele>
   </trkpt>
   <trkpt lat="45.662670000000006" lon="-75.92621000000001">
    <ele>101.94</ele>
   </trkpt>
   <trkpt lat="45.66246" lon="-75.92609">
    <ele>102.22</ele>
   </trkpt>
   <trkpt lat="45.6621" lon="-75.92598000000001">
    <ele>102.95000000000002</ele>
   </trkpt>
   <trkpt lat="45.66174" lon="-75.92595">
    <ele>102.59000000000002</ele>
   </trkpt>
   <trkpt lat="45.661370000000005" lon="-75.926">
    <ele>103.06000000000002</ele>
   </trkpt>
   <trkpt lat="45.660990000000005" lon="-75.92613">
    <ele>103.14</ele>
   </trkpt>
   <trkpt lat="45.66064" lon="-75.92635">
    <ele>102.49000000000001</ele>
   </trkpt>
   <trkpt lat="45.660470000000004" lon="-75.92648000000001">
    <ele>102.05</ele>
   </trkpt>
   <trkpt lat="45.65999" lon="-75.92694">
    <ele>101.17</ele>
   </trkpt>
   <trkpt lat="45.659440001369994" lon="-75.92750000549873">
    <ele>101.01</ele>
   </trkpt>
   <trkpt lat="45.65889000000001" lon="-75.92806">
    <ele>102.02000000000001</ele>
   </trkpt>
   <trkpt lat="45.65880000000001" lon="-75.92818000000001">
    <ele>102.02000000000001</ele>
   </trkpt>
   <trkpt lat="45.658350000000006" lon="-75.9286">
    <ele>103.02000000000001</ele>
   </trkpt>
   <trkpt lat="45.657990000000005" lon="-75.92886">
    <ele>102.78</ele>
   </trkpt>
   <trkpt lat="45.6578" lon="-75.92895">
    <ele>102.58</ele>
   </trkpt>
   <trkpt lat="45.657410000000006" lon="-75.929">
    <ele>102.18</ele>
   </trkpt>
   <trkpt lat="45.65722" lon="-75.92896">
    <ele>102.42000000000002</ele>
   </trkpt>
   <trkpt lat="45.65704" lon="-75.92891">
    <ele>103.09000000000002</ele>
   </trkpt>
   <trkpt lat="45.65677" lon="-75.92877">
    <ele>104.75000000000001</ele>
   </trkpt>
   <trkpt lat="45.656270000000006" lon="-75.92836000000001">
    <ele>108.26</ele>
   </trkpt>
   <trkpt lat="45.656020000000005" lon="-75.92819">
    <ele>109.55000000000001</ele>
   </trkpt>
   <trkpt lat="45.655280000000005" lon="-75.92784">
    <ele>109.66000000000001</ele>
   </trkpt>
   <trkpt lat="45.65489" lon="-75.92761">
    <ele>108.42</ele>
   </trkpt>
   <trkpt lat="45.65473" lon="-75.92744">
    <ele>108.42</ele>
   </trkpt>
   <trkpt lat="45.65458" lon="-75.92725">
    <ele>108.21000000000001</ele>
   </trkpt>
   <trkpt lat="45.65410000000001" lon="-75.92654">
    <ele>106.91</ele>
   </trkpt>
   <trkpt lat="45.65371000181598" lon="-75.92588499534541">
    <ele>105.42000000000002</ele>
   </trkpt>
   <trkpt lat="45.65332" lon="-75.92523">
    <ele>103.48</ele>
   </trkpt>
   <trkpt lat="45.65319" lon="-75.92506">
    <ele>102.22</ele>
   </trkpt>
   <trkpt lat="45.65296" lon="-75.92488">
    <ele>101.15</ele>
   </trkpt>
   <trkpt lat="45.652710000000006" lon="-75.92478000000001">
    <ele>100.76</ele>
   </trkpt>
   <trkpt lat="45.652330000000006" lon="-75.92469000000001">
    <ele>100.24000000000001</ele>
   </trkpt>
   <trkpt lat="45.65193000000001" lon="-75.92466">
    <ele>100.49000000000001</ele>
   </trkpt>
   <trkpt lat="45.65146000000001" lon="-75.92474">
    <ele>101.04</ele>
   </trkpt>
   <trkpt lat="45.65084500030028" lon="-75.92498000261618">
    <ele>102.34000000000002</ele>
   </trkpt>
   <trkpt lat="45.65023" lon="-75.92522000000001">
    <ele>104.75000000000001</ele>
   </trkpt>
   <trkpt lat="45.649750000100724" lon="-75.9254350018877">
    <ele>104.47</ele>
   </trkpt>
   <trkpt lat="45.64927" lon="-75.92565">
    <ele>104.19</ele>
   </trkpt>
   <trkpt lat="45.64904000000001" lon="-75.92578">
    <ele>104.41</ele>
   </trkpt>
   <trkpt lat="45.64871" lon="-75.92601">
    <ele>104.57000000000001</ele>
   </trkpt>
   <trkpt lat="45.64846000000001" lon="-75.92622">
    <ele>104.39000000000001</ele>
   </trkpt>
   <trkpt lat="45.648250000000004" lon="-75.92641">
    <ele>104.47</ele>
   </trkpt>
   <trkpt lat="45.647845001304276" lon="-75.92693500366376">
    <ele>103.79</ele>
   </trkpt>
   <trkpt lat="45.64744" lon="-75.92746000000001">
    <ele>103.51</ele>
   </trkpt>
   <trkpt lat="45.647240000000004" lon="-75.9277">
    <ele>103.08</ele>
   </trkpt>
   <trkpt lat="45.647130000000004" lon="-75.92779">
    <ele>102.89</ele>
   </trkpt>
   <trkpt lat="45.6469" lon="-75.92796000000001">
    <ele>102.87</ele>
   </trkpt>
   <trkpt lat="45.64652" lon="-75.92815">
    <ele>102.88000000000001</ele>
   </trkpt>
   <trkpt lat="45.64632" lon="-75.92819">
    <ele>103.0</ele>
   </trkpt>
   <trkpt lat="45.64612" lon="-75.9282">
    <ele>103.0</ele>
   </trkpt>
   <trkpt lat="45.64558" lon="-75.9282">
    <ele>103.70000000000002</ele>
   </trkpt>
   <trkpt lat="45.644960000015" lon="-75.92817499972381">
    <ele>104.45000000000002</ele>
   </trkpt>
   <trkpt lat="45.64434000000001" lon="-75.92815">
    <ele>103.79</ele>
   </trkpt>
   <trkpt lat="45.643880000185455" lon="-75.92805499925014">
    <ele>103.45000000000002</ele>
   </trkpt>
   <trkpt lat="45.643420000000006" lon="-75.92796000000001">
    <ele>102.43</ele>
   </trkpt>
   <trkpt lat="45.64274" lon="-75.92776">
    <ele>101.07000000000001</ele>
   </trkpt>
   <trkpt lat="45.642210000000006" lon="-75.92765">
    <ele>99.65</ele>
   </trkpt>
   <trkpt lat="45.641980000000004" lon="-75.92765">
    <ele>99.59</ele>
   </trkpt>
   <trkpt lat="45.64157" lon="-75.92769000000001">
    <ele>99.67</ele>
   </trkpt>
   <trkpt lat="45.641000000000005" lon="-75.92787000000001">
    <ele>99.85000000000001</ele>
   </trkpt>
   <trkpt lat="45.640440000000005" lon="-75.92806">
    <ele>100.36</ele>
   </trkpt>
   <trkpt lat="45.640330000000006" lon="-75.92815">
    <ele>100.36</ele>
   </trkpt>
   <trkpt lat="45.64020000000001" lon="-75.92832">
    <ele>100.38000000000001</ele>
   </trkpt>
   <trkpt lat="45.639920000000004" lon="-75.92909">
    <ele>100.56</ele>
   </trkpt>
   <trkpt lat="45.63984000000001" lon="-75.92922">
    <ele>100.42</ele>
   </trkpt>
   <trkpt lat="45.639660000000006" lon="-75.92931">
    <ele>100.4</ele>
   </trkpt>
   <trkpt lat="45.63953" lon="-75.92935">
    <ele>100.57000000000001</ele>
   </trkpt>
   <trkpt lat="45.63915" lon="-75.92935">
    <ele>100.57000000000001</ele>
   </trkpt>
   <trkpt lat="45.639010000000006" lon="-75.92936">
    <ele>100.64</ele>
   </trkpt>
   <trkpt lat="45.638600000000004" lon="-75.92949">
    <ele>100.99000000000001</ele>
   </trkpt>
   <trkpt lat="45.63832" lon="-75.92962">
    <ele>101.12</ele>
   </trkpt>
   <trkpt lat="45.63796000000001" lon="-75.92984000000001">
    <ele>101.28</ele>
   </trkpt>
   <trkpt lat="45.637660000000004" lon="-75.92998">
    <ele>100.83</ele>
   </trkpt>
   <trkpt lat="45.63734" lon="-75.93004">
    <ele>100.68</ele>
   </trkpt>
   <trkpt lat="45.636790000000005" lon="-75.93012">
    <ele>100.5</ele>
   </trkpt>
   <trkpt lat="45.636340000000004" lon="-75.93007">
    <ele>100.5</ele>
   </trkpt>
   <trkpt lat="45.636100000000006" lon="-75.92998">
    <ele>101.18</ele>
   </trkpt>
   <trkpt lat="45.635690000000004" lon="-75.92976">
    <ele>101.26</ele>
   </trkpt>
   <trkpt lat="45.635560000000005" lon="-75.92966000000001">
    <ele>101.38000000000001</ele>
   </trkpt>
   <trkpt lat="45.635220000000004" lon="-75.92931">
    <ele>101.58</ele>
   </trkpt>
   <trkpt lat="45.6349" lon="-75.92904">
    <ele>101.42</ele>
   </trkpt>
   <trkpt lat="45.634280000000004" lon="-75.92865">
    <ele>101.18</ele>
   </trkpt>
   <trkpt lat="45.63394" lon="-75.92841">
    <ele>101.17</ele>
   </trkpt>
   <trkpt lat="45.6336" lon="-75.92809000000001">
    <ele>101.44</ele>
   </trkpt>
   <trkpt lat="45.633190000000006" lon="-75.92761">
    <ele>101.98000000000002</ele>
   </trkpt>
   <trkpt lat="45.633140000000004" lon="-75.9277">
    <ele>101.87</ele>
   </trkpt>
   <trkpt lat="45.63284" lon="-75.9285">
    <ele>100.86</ele>
   </trkpt>
   <trkpt lat="45.63256500131754" lon="-75.92908500324349">
    <ele>101.16000000000001</ele>
   </trkpt>
   <trkpt lat="45.632290000000005" lon="-75.92967">
    <ele>102.0</ele>
   </trkpt>
   <trkpt lat="45.631870002537624" lon="-75.93045000606138">
    <ele>103.20000000000002</ele>
   </trkpt>
   <trkpt lat="45.63145" lon="-75.93123">
    <ele>105.08</ele>
   </trkpt>
   <trkpt lat="45.63111000000001" lon="-75.93177">
    <ele>106.68</ele>
   </trkpt>
   <trkpt lat="45.63078" lon="-75.93222">
    <ele>108.11000000000001</ele>
   </trkpt>
   <trkpt lat="45.630610000000004" lon="-75.9324">
    <ele>108.49</ele>
   </trkpt>
   <trkpt lat="45.63011" lon="-75.93284000000001">
    <ele>112.66000000000001</ele>
   </trkpt>
   <trkpt lat="45.62950750257935" lon="-75.93328251425719">
    <ele>118.51</ele>
   </trkpt>
   <trkpt lat="45.628905003450285" lon="-75.93372501900107">
    <ele>123.53000000000002</ele>
   </trkpt>
   <trkpt lat="45.628302502612904" lon="-75.9341675142321">
    <ele>130.21</ele>
   </trkpt>
   <trkpt lat="45.627700000000004" lon="-75.93461">
    <ele>134.69</ele>
   </trkpt>
   <trkpt lat="45.627480000000006" lon="-75.93476000000001">
    <ele>136.4</ele>
   </trkpt>
   <trkpt lat="45.62738" lon="-75.93477">
    <ele>136.82000000000002</ele>
   </trkpt>
   <trkpt lat="45.62682" lon="-75.93514">
    <ele>139.57</ele>
   </trkpt>
   <trkpt lat="45.626720000000006" lon="-75.93516000000001">
    <ele>139.58</ele>
   </trkpt>
   <trkpt lat="45.626380000000005" lon="-75.93513">
    <ele>139.77</ele>
   </trkpt>
   <trkpt lat="45.625690000000006" lon="-75.9351">
    <ele>141.51000000000002</ele>
   </trkpt>
   <trkpt lat="45.625510000000006" lon="-75.93508">
    <ele>141.67000000000002</ele>
   </trkpt>
   <trkpt lat="45.6251" lon="-75.93496">
    <ele>142.86</ele>
   </trkpt>
   <trkpt lat="45.624590000000005" lon="-75.93468">
    <ele>142.77</ele>
   </trkpt>
   <trkpt lat="45.62411" lon="-75.93428">
    <ele>142.93</ele>
   </trkpt>
   <trkpt lat="45.624120000000005" lon="-75.93428">
    <ele>142.93</ele>
   </trkpt>
   <trkpt lat="45.623740000000005" lon="-75.93387000000001">
    <ele>143.37000000000003</ele>
   </trkpt>
   <trkpt lat="45.623450000000005" lon="-75.93343">
    <ele>143.34000000000003</ele>
   </trkpt>
   <trkpt lat="45.623160000000006" lon="-75.9329">
    <ele>144.26</ele>
   </trkpt>
   <trkpt lat="45.62280333907326" lon="-75.9320899897295">
    <ele>145.95000000000002</ele>
   </trkpt>
   <trkpt lat="45.62244667242223" lon="-75.93127998976517">
    <ele>147.42000000000002</ele>
   </trkpt>
   <trkpt lat="45.62209000000001" lon="-75.93047">
    <ele>150.09</ele>
   </trkpt>
   <trkpt lat="45.62168002565428" lon="-75.92947995656466">
    <ele>152.60000000000002</ele>
   </trkpt>
   <trkpt lat="45.62127004275694" lon="-75.92848992760852">
    <ele>153.95</ele>
   </trkpt>
   <trkpt lat="45.62086005130825" lon="-75.92749991313151">
    <ele>153.39000000000001</ele>
   </trkpt>
   <trkpt lat="45.620450051308474" lon="-75.92650991313344">
    <ele>150.34</ele>
   </trkpt>
   <trkpt lat="45.62004004275782" lon="-75.92551992761425">
    <ele>146.75000000000003</ele>
   </trkpt>
   <trkpt lat="45.619630025656576" lon="-75.92452995657379">
    <ele>144.86</ele>
   </trkpt>
   <trkpt lat="45.619220000000006" lon="-75.92354">
    <ele>143.97</ele>
   </trkpt>
   <trkpt lat="45.61881" lon="-75.9226">
    <ele>143.41</ele>
   </trkpt>
   <trkpt lat="45.618300000000005" lon="-75.92155000000001">
    <ele>142.91</ele>
   </trkpt>
   <trkpt lat="45.61775" lon="-75.92057000000001">
    <ele>142.42000000000002</ele>
   </trkpt>
   <trkpt lat="45.61726" lon="-75.91974">
    <ele>142.36</ele>
   </trkpt>
   <trkpt lat="45.61692500100564" lon="-75.91924499694936">
    <ele>142.63</ele>
   </trkpt>
   <trkpt lat="45.61659" lon="-75.91875">
    <ele>142.66</ele>
   </trkpt>
   <trkpt lat="45.61595201425317" lon="-75.91784595885076">
    <ele>140.96</ele>
   </trkpt>
   <trkpt lat="45.61531402137595" lon="-75.91694193827188">
    <ele>135.01000000000002</ele>
   </trkpt>
   <trkpt lat="45.614676021368666" lon="-75.91603793826269">
    <ele>124.97000000000001</ele>
   </trkpt>
   <trkpt lat="45.61403801423162" lon="-75.9151339588225">
    <ele>119.19</ele>
   </trkpt>
   <trkpt lat="45.613400000000006" lon="-75.91423">
    <ele>116.23000000000002</ele>
   </trkpt>
   <trkpt lat="45.612960001255665" lon="-75.91371499607503">
    <ele>116.02000000000001</ele>
   </trkpt>
   <trkpt lat="45.61252" lon="-75.9132">
    <ele>117.21000000000001</ele>
   </trkpt>
   <trkpt lat="45.61180000613521" lon="-75.91251497361354">
    <ele>118.45000000000002</ele>
   </trkpt>
   <trkpt lat="45.61108000817638" lon="-75.91182996481501">
    <ele>120.21000000000001</ele>
   </trkpt>
   <trkpt lat="45.610360006123706" lon="-75.9111449736036">
    <ele>122.26</ele>
   </trkpt>
   <trkpt lat="45.609640000000006" lon="-75.91046">
    <ele>123.04</ele>
   </trkpt>
   <trkpt lat="45.60899858156674" lon="-75.90983710010569">
    <ele>123.88</ele>
   </trkpt>
   <trkpt lat="45.608357159748344" lon="-75.90921421445746">
    <ele>125.25</ele>
   </trkpt>
   <trkpt lat="45.60771573454497" lon="-75.9085913430548">
    <ele>128.32000000000002</ele>
   </trkpt>
   <trkpt lat="45.60707430595676" lon="-75.9079684858971">
    <ele>131.76999999999998</ele>
   </trkpt>
   <trkpt lat="45.60643287398389" lon="-75.90734564298378">
    <ele>135.05</ele>
   </trkpt>
   <trkpt lat="45.60579143862648" lon="-75.90672281431429">
    <ele>137.64000000000001</ele>
   </trkpt>
   <trkpt lat="45.60515" lon="-75.90610000000001">
    <ele>136.4</ele>
   </trkpt>
   <trkpt lat="45.604487792070906" lon="-75.90545993956106">
    <ele>132.21</ele>
   </trkpt>
   <trkpt lat="45.60382558056759" lon="-75.90481989423276">
    <ele>126.74000000000002</ele>
   </trkpt>
   <trkpt lat="45.603163365490204" lon="-75.90417986401451">
    <ele>120.34000000000002</ele>
   </trkpt>
   <trkpt lat="45.60250114683892" lon="-75.90353984890564">
    <ele>117.77000000000001</ele>
   </trkpt>
   <trkpt lat="45.601838924613915" lon="-75.90289984890558">
    <ele>117.32000000000001</ele>
   </trkpt>
   <trkpt lat="45.60117669881536" lon="-75.90225986401366">
    <ele>120.59000000000002</ele>
   </trkpt>
   <trkpt lat="45.60051446944338" lon="-75.90161989422927">
    <ele>125.45</ele>
   </trkpt>
   <trkpt lat="45.5998522364982" lon="-75.9009799395518">
    <ele>129.77</ele>
   </trkpt>
   <trkpt lat="45.59919000000001" lon="-75.90034">
    <ele>132.79000000000002</ele>
   </trkpt>
   <trkpt lat="45.59877" lon="-75.89985">
    <ele>133.70000000000002</ele>
   </trkpt>
   <trkpt lat="45.59828" lon="-75.89916000000001">
    <ele>133.18</ele>
   </trkpt>
   <trkpt lat="45.597762508082035" lon="-75.8983749783074">
    <ele>131.56</ele>
   </trkpt>
   <trkpt lat="45.59724501078745" lon="-75.8975899710943">
    <ele>129.36</ele>
   </trkpt>
   <trkpt lat="45.596727508116466" lon="-75.89680497836031">
    <ele>125.66000000000003</ele>
   </trkpt>
   <trkpt lat="45.596210000000006" lon="-75.89602000000001">
    <ele>125.46000000000001</ele>
   </trkpt>
   <trkpt lat="45.595800001578375" lon="-75.8954149955526">
    <ele>126.78</ele>
   </trkpt>
   <trkpt lat="45.59539" lon="-75.89481">
    <ele>129.39000000000001</ele>
   </trkpt>
   <trkpt lat="45.594980001081915" lon="-75.89428999607698">
    <ele>132.12</ele>
   </trkpt>
   <trkpt lat="45.594570000000004" lon="-75.89377">
    <ele>133.91</ele>
   </trkpt>
   <trkpt lat="45.594080000000005" lon="-75.89327">
    <ele>135.33</ele>
   </trkpt>
   <trkpt lat="45.59366000058773" lon="-75.89288999711795">
    <ele>135.31</ele>
   </trkpt>
   <trkpt lat="45.59324" lon="-75.89251">
    <ele>135.17000000000002</ele>
   </trkpt>
   <trkpt lat="45.59272000000001" lon="-75.8921">
    <ele>135.3</ele>
   </trkpt>
   <trkpt lat="45.592235000512844" lon="-75.89175999706785">
    <ele>136.25</ele>
   </trkpt>
   <trkpt lat="45.591750000000005" lon="-75.89142000000001">
    <ele>137.71</ele>
   </trkpt>
   <trkpt lat="45.59101500338673" lon="-75.89090997995194">
    <ele>139.93</ele>
   </trkpt>
   <trkpt lat="45.59028000450404" lon="-75.8903999732617">
    <ele>140.04</ele>
   </trkpt>
   <trkpt lat="45.58954500335201" lon="-75.88988997992858">
    <ele>139.75</ele>
   </trkpt>
   <trkpt lat="45.58881" lon="-75.88938">
    <ele>139.43</ele>
   </trkpt>
   <trkpt lat="45.588480000000004" lon="-75.88919">
    <ele>139.39000000000001</ele>
   </trkpt>
   <trkpt lat="45.588010000000004" lon="-75.88897">
    <ele>139.38</ele>
   </trkpt>
   <trkpt lat="45.58766000000001" lon="-75.88884">
    <ele>139.48000000000002</ele>
   </trkpt>
   <trkpt lat="45.5871200001707" lon="-75.88866999837866">
    <ele>139.15000000000003</ele>
   </trkpt>
   <trkpt lat="45.586580000000005" lon="-75.88850000000001">
    <ele>139.39000000000001</ele>
   </trkpt>
   <trkpt lat="45.58587500012775" lon="-75.8882899973434">
    <ele>140.42000000000002</ele>
   </trkpt>
   <trkpt lat="45.585170000000005" lon="-75.88808">
    <ele>142.05</ele>
   </trkpt>
   <trkpt lat="45.58482" lon="-75.88795">
    <ele>142.36</ele>
   </trkpt>
   <trkpt lat="45.58444" lon="-75.88777">
    <ele>142.3</ele>
   </trkpt>
   <trkpt lat="45.584250000000004" lon="-75.88767">
    <ele>142.12000000000003</ele>
   </trkpt>
   <trkpt lat="45.583890000000004" lon="-75.8874">
    <ele>141.19</ele>
   </trkpt>
   <trkpt lat="45.58372000000001" lon="-75.88726000000001">
    <ele>140.42000000000002</ele>
   </trkpt>
   <trkpt lat="45.58325000000001" lon="-75.88673">
    <ele>139.42000000000002</ele>
   </trkpt>
   <trkpt lat="45.583000000000006" lon="-75.88637">
    <ele>138.87</ele>
   </trkpt>
   <trkpt lat="45.58261" lon="-75.8857">
    <ele>137.33</ele>
   </trkpt>
   <trkpt lat="45.58214667294507" lon="-75.88484998592398">
    <ele>136.48000000000002</ele>
   </trkpt>
   <trkpt lat="45.58168333958634" lon="-75.8839999858776">
    <ele>135.75</ele>
   </trkpt>
   <trkpt lat="45.58122" lon="-75.88315">
    <ele>134.8</ele>
   </trkpt>
   <trkpt lat="45.58077" lon="-75.88222">
    <ele>133.23000000000002</ele>
   </trkpt>
   <trkpt lat="45.580450000000006" lon="-75.88131">
    <ele>131.33</ele>
   </trkpt>
   <trkpt lat="45.58023000820441" lon="-75.88033999237724">
    <ele>127.77000000000002</ele>
   </trkpt>
   <trkpt lat="45.58001000819953" lon="-75.87936999235588">
    <ele>125.10000000000001</ele>
   </trkpt>
   <trkpt lat="45.57979" lon="-75.8784">
    <ele>124.73</ele>
   </trkpt>
   <trkpt lat="45.57963" lon="-75.87788">
    <ele>126.5</ele>
   </trkpt>
   <trkpt lat="45.57943" lon="-75.87746">
    <ele>129.29999999999998</ele>
   </trkpt>
   <trkpt lat="45.57931000000001" lon="-75.87724">
    <ele>130.58</ele>
   </trkpt>
   <trkpt lat="45.57902000000001" lon="-75.87688">
    <ele>135.46</ele>
   </trkpt>
   <trkpt lat="45.578770000000006" lon="-75.87663">
    <ele>137.12</ele>
   </trkpt>
   <trkpt lat="45.57808000121084" lon="-75.87607999315473">
    <ele>145.54</ele>
   </trkpt>
   <trkpt lat="45.57739" lon="-75.87553000000001">
    <ele>151.8</ele>
   </trkpt>
   <trkpt lat="45.576800000000006" lon="-75.87488">
    <ele>154.8</ele>
   </trkpt>
   <trkpt lat="45.576325001910334" lon="-75.87421999443117">
    <ele>153.34</ele>
   </trkpt>
   <trkpt lat="45.57585" lon="-75.87356000000001">
    <ele>151.04</ele>
   </trkpt>
   <trkpt lat="45.57527" lon="-75.87267">
    <ele>148.88</ele>
   </trkpt>
   <trkpt lat="45.574780000000004" lon="-75.87209">
    <ele>147.17000000000002</ele>
   </trkpt>
   <trkpt lat="45.57424000254654" lon="-75.8713249926349">
    <ele>146.63</ele>
   </trkpt>
   <trkpt lat="45.5737" lon="-75.87056000000001">
    <ele>146.09000000000003</ele>
   </trkpt>
   <trkpt lat="45.57314000522408" lon="-75.86978665125292">
    <ele>146.43</ele>
   </trkpt>
   <trkpt lat="45.57258000523021" lon="-75.86901331792828">
    <ele>148.56000000000003</ele>
   </trkpt>
   <trkpt lat="45.57202" lon="-75.86824">
    <ele>149.24</ele>
   </trkpt>
   <trkpt lat="45.57182" lon="-75.86792000000001">
    <ele>148.50000000000003</ele>
   </trkpt>
   <trkpt lat="45.57166" lon="-75.86757">
    <ele>147.01</ele>
   </trkpt>
   <trkpt lat="45.57148" lon="-75.86707000000001">
    <ele>144.77</ele>
   </trkpt>
   <trkpt lat="45.57142" lon="-75.86677">
    <ele>143.11</ele>
   </trkpt>
   <trkpt lat="45.57133" lon="-75.86609">
    <ele>140.18</ele>
   </trkpt>
   <trkpt lat="45.57128" lon="-75.86542">
    <ele>138.81</ele>
   </trkpt>
   <trkpt lat="45.57126000218868" lon="-75.86470999937703">
    <ele>137.62</ele>
   </trkpt>
   <trkpt lat="45.57124" lon="-75.864">
    <ele>136.06</ele>
   </trkpt>
   <trkpt lat="45.57121" lon="-75.86368">
    <ele>135.75</ele>
   </trkpt>
   <trkpt lat="45.571020000000004" lon="-75.86280000000001">
    <ele>134.48000000000002</ele>
   </trkpt>
   <trkpt lat="45.570730000000005" lon="-75.86207">
    <ele>132.10000000000002</ele>
   </trkpt>
   <trkpt lat="45.570250003970514" lon="-75.86112499207113">
    <ele>130.89000000000001</ele>
   </trkpt>
   <trkpt lat="45.569770000000005" lon="-75.86018">
    <ele>131.22</ele>
   </trkpt>
   <trkpt lat="45.569590000000005" lon="-75.85952">
    <ele>132.10000000000002</ele>
   </trkpt>
   <trkpt lat="45.56942" lon="-75.85858">
    <ele>135.44</ele>
   </trkpt>
   <trkpt lat="45.56937500301617" lon="-75.85774999953553">
    <ele>137.48000000000002</ele>
   </trkpt>
   <trkpt lat="45.56933" lon="-75.85692">
    <ele>141.06</ele>
   </trkpt>
   <trkpt lat="45.569230000000005" lon="-75.85612">
    <ele>143.31000000000003</ele>
   </trkpt>
   <trkpt lat="45.56909" lon="-75.85553">
    <ele>144.08</ele>
   </trkpt>
   <trkpt lat="45.56898" lon="-75.85521">
    <ele>144.12</ele>
   </trkpt>
   <trkpt lat="45.568735001727454" lon="-75.85458499733346">
    <ele>143.06000000000003</ele>
   </trkpt>
   <trkpt lat="45.568490000000004" lon="-75.85396">
    <ele>141.67000000000002</ele>
   </trkpt>
   <trkpt lat="45.56815667208715" lon="-75.85316999056515">
    <ele>139.85</ele>
   </trkpt>
   <trkpt lat="45.56782333872901" lon="-75.85237999050648">
    <ele>139.19</ele>
   </trkpt>
   <trkpt lat="45.56749000000001" lon="-75.85159">
    <ele>138.20000000000002</ele>
   </trkpt>
   <trkpt lat="45.567170000000004" lon="-75.85096">
    <ele>138.14000000000001</ele>
   </trkpt>
   <trkpt lat="45.56698" lon="-75.85061">
    <ele>138.74</ele>
   </trkpt>
   <trkpt lat="45.56638500308339" lon="-75.84977999131748">
    <ele>141.69</ele>
   </trkpt>
   <trkpt lat="45.56579000000001" lon="-75.84895">
    <ele>143.84000000000003</ele>
   </trkpt>
   <trkpt lat="45.565670000000004" lon="-75.84877">
    <ele>144.09000000000003</ele>
   </trkpt>
   <trkpt lat="45.56535" lon="-75.84805">
    <ele>143.82</ele>
   </trkpt>
   <trkpt lat="45.565105001898914" lon="-75.84737999691548">
    <ele>142.8</ele>
   </trkpt>
   <trkpt lat="45.56486" lon="-75.84671">
    <ele>142.1</ele>
   </trkpt>
   <trkpt lat="45.564640000000004" lon="-75.84622">
    <ele>141.63</ele>
   </trkpt>
   <trkpt lat="45.56443" lon="-75.84585000000001">
    <ele>141.44</ele>
   </trkpt>
   <trkpt lat="45.56381001437746" lon="-75.84494195990324">
    <ele>143.29</ele>
   </trkpt>
   <trkpt lat="45.56319002156103" lon="-75.84403393984839">
    <ele>147.94000000000003</ele>
   </trkpt>
   <trkpt lat="45.56257002155101" lon="-75.84312593983485">
    <ele>146.41</ele>
   </trkpt>
   <trkpt lat="45.561950014347744" lon="-75.84221795986193">
    <ele>141.06</ele>
   </trkpt>
   <trkpt lat="45.561330000000005" lon="-75.84131000000001">
    <ele>134.56</ele>
   </trkpt>
   <trkpt lat="45.56079000256383" lon="-75.84053999256712">
    <ele>132.17000000000002</ele>
   </trkpt>
   <trkpt lat="45.56025" lon="-75.83977">
    <ele>133.39000000000001</ele>
   </trkpt>
   <trkpt lat="45.55997000000001" lon="-75.83931000000001">
    <ele>136.04000000000002</ele>
   </trkpt>
   <trkpt lat="45.559760000000004" lon="-75.83878">
    <ele>138.62</ele>
   </trkpt>
   <trkpt lat="45.55970000000001" lon="-75.83856">
    <ele>139.39000000000001</ele>
   </trkpt>
   <trkpt lat="45.55950000000001" lon="-75.83751000000001">
    <ele>141.42000000000002</ele>
   </trkpt>
   <trkpt lat="45.559290000000004" lon="-75.83664">
    <ele>141.66</ele>
   </trkpt>
   <trkpt lat="45.55904" lon="-75.8361">
    <ele>141.41</ele>
   </trkpt>
   <trkpt lat="45.55883" lon="-75.83577000000001">
    <ele>141.31</ele>
   </trkpt>
   <trkpt lat="45.55839" lon="-75.83533000000001">
    <ele>139.66</ele>
   </trkpt>
   <trkpt lat="45.557640000000006" lon="-75.83465000000001">
    <ele>132.37</ele>
   </trkpt>
   <trkpt lat="45.55756" lon="-75.83461000000001">
    <ele>130.74</ele>
   </trkpt>
   <trkpt lat="45.557140000000004" lon="-75.83417">
    <ele>127.65</ele>
   </trkpt>
   <trkpt lat="45.556920000000005" lon="-75.83399">
    <ele>126.72</ele>
   </trkpt>
   <trkpt lat="45.556470000000004" lon="-75.83337">
    <ele>128.29999999999998</ele>
   </trkpt>
   <trkpt lat="45.55613" lon="-75.83269">
    <ele>132.72</ele>
   </trkpt>
   <trkpt lat="45.555785002840075" lon="-75.83187999497508">
    <ele>135.39000000000001</ele>
   </trkpt>
   <trkpt lat="45.555440000000004" lon="-75.83107000000001">
    <ele>135.36</ele>
   </trkpt>
   <trkpt lat="45.5551250020582" lon="-75.83036499580184">
    <ele>134.84</ele>
   </trkpt>
   <trkpt lat="45.55481" lon="-75.82966">
    <ele>134.46</ele>
   </trkpt>
   <trkpt lat="45.55465" lon="-75.82938">
    <ele>134.56</ele>
   </trkpt>
   <trkpt lat="45.55435000000001" lon="-75.82897000000001">
    <ele>134.58</ele>
   </trkpt>
   <trkpt lat="45.554010000000005" lon="-75.82858">
    <ele>134.41</ele>
   </trkpt>
   <trkpt lat="45.55361000068535" lon="-75.82818999724542">
    <ele>133.86</ele>
   </trkpt>
   <trkpt lat="45.55321000000001" lon="-75.82780000000001">
    <ele>133.32000000000002</ele>
   </trkpt>
   <trkpt lat="45.55276500081977" lon="-75.82737999672182">
    <ele>132.73000000000002</ele>
   </trkpt>
   <trkpt lat="45.55232" lon="-75.82696">
    <ele>132.39000000000001</ele>
   </trkpt>
   <trkpt lat="45.551970000000004" lon="-75.82647">
    <ele>132.11</ele>
   </trkpt>
   <trkpt lat="45.55189" lon="-75.8263">
    <ele>132.19</ele>
   </trkpt>
   <trkpt lat="45.551790000000004" lon="-75.82602">
    <ele>131.86</ele>
   </trkpt>
   <trkpt lat="45.551750000000006" lon="-75.82594">
    <ele>131.86</ele>
   </trkpt>
   <trkpt lat="45.55163" lon="-75.82553">
    <ele>131.57000000000002</ele>
   </trkpt>
   <trkpt lat="45.55156" lon="-75.82508">
    <ele>131.38000000000002</ele>
   </trkpt>
   <trkpt lat="45.55148500269651" lon="-75.82429499903851">
    <ele>131.54000000000002</ele>
   </trkpt>
   <trkpt lat="45.551410000000004" lon="-75.82351000000001">
    <ele>130.81</ele>
   </trkpt>
   <trkpt lat="45.55131" lon="-75.82300000000001">
    <ele>129.42000000000002</ele>
   </trkpt>
   <trkpt lat="45.551230000000004" lon="-75.82275">
    <ele>128.95000000000002</ele>
   </trkpt>
   <trkpt lat="45.551050000000004" lon="-75.82233000000001">
    <ele>126.19</ele>
   </trkpt>
   <trkpt lat="45.55091" lon="-75.82208">
    <ele>125.27000000000002</ele>
   </trkpt>
   <trkpt lat="45.550610000000006" lon="-75.82177">
    <ele>123.80000000000001</ele>
   </trkpt>
   <trkpt lat="45.550340000000006" lon="-75.82159">
    <ele>121.9</ele>
   </trkpt>
   <trkpt lat="45.55008" lon="-75.82146">
    <ele>120.92000000000002</ele>
   </trkpt>
   <trkpt lat="45.549585000070415" lon="-75.82134999903518">
    <ele>120.04</ele>
   </trkpt>
   <trkpt lat="45.54909000000001" lon="-75.82124">
    <ele>119.61</ele>
   </trkpt>
   <trkpt lat="45.54841500003518" lon="-75.82112999867617">
    <ele>120.72</ele>
   </trkpt>
   <trkpt lat="45.547740000000005" lon="-75.82102">
    <ele>122.8</ele>
   </trkpt>
   <trkpt lat="45.54742" lon="-75.82102">
    <ele>123.62</ele>
   </trkpt>
   <trkpt lat="45.546870000000006" lon="-75.82113000000001">
    <ele>125.55000000000003</ele>
   </trkpt>
   <trkpt lat="45.54608" lon="-75.82141">
    <ele>128.15</ele>
   </trkpt>
   <trkpt lat="45.54562000000001" lon="-75.82155">
    <ele>129.61</ele>
   </trkpt>
   <trkpt lat="45.54525" lon="-75.82164">
    <ele>130.01000000000002</ele>
   </trkpt>
   <trkpt lat="45.544760000000004" lon="-75.82155">
    <ele>130.68</ele>
   </trkpt>
   <trkpt lat="45.5446" lon="-75.82149000000001">
    <ele>130.73000000000002</ele>
   </trkpt>
   <trkpt lat="45.544200000000004" lon="-75.82123">
    <ele>131.04000000000002</ele>
   </trkpt>
   <trkpt lat="45.54395" lon="-75.82096">
    <ele>131.01000000000002</ele>
   </trkpt>
   <trkpt lat="45.54388" lon="-75.82083">
    <ele>130.97</ele>
   </trkpt>
   <trkpt lat="45.54355" lon="-75.82034">
    <ele>130.31</ele>
   </trkpt>
   <trkpt lat="45.54306000907848" lon="-75.81950747824598">
    <ele>129.64000000000001</ele>
   </trkpt>
   <trkpt lat="45.542570012109785" lon="-75.81867497100383">
    <ele>128.91</ele>
   </trkpt>
   <trkpt lat="45.5420800090941" lon="-75.8178424782732">
    <ele>128.78</ele>
   </trkpt>
   <trkpt lat="45.54159000000001" lon="-75.81701000000001">
    <ele>128.16000000000003</ele>
   </trkpt>
   <trkpt lat="45.54123000142853" lon="-75.81643499629617">
    <ele>127.17</ele>
   </trkpt>
   <trkpt lat="45.540870000000005" lon="-75.81586">
    <ele>126.36</ele>
   </trkpt>
   <trkpt lat="45.54052500081594" lon="-75.81538999691477">
    <ele>126.83</ele>
   </trkpt>
   <trkpt lat="45.54018000000001" lon="-75.81492">
    <ele>128.35000000000002</ele>
   </trkpt>
   <trkpt lat="45.53981500076029" lon="-75.81447999704206">
    <ele>130.95000000000002</ele>
   </trkpt>
   <trkpt lat="45.53945" lon="-75.81404">
    <ele>135.68</ele>
   </trkpt>
   <trkpt lat="45.53909" lon="-75.81367">
    <ele>137.25</ele>
   </trkpt>
   <trkpt lat="45.53855667031392" lon="-75.8130233210643">
    <ele>136.43</ele>
   </trkpt>
   <trkpt lat="45.53802333697914" lon="-75.81237665439605">
    <ele>134.32000000000002</ele>
   </trkpt>
   <trkpt lat="45.537490000000005" lon="-75.81173000000001">
    <ele>131.62</ele>
   </trkpt>
   <trkpt lat="45.53716000222744" lon="-75.81101999589411">
    <ele>130.25</ele>
   </trkpt>
   <trkpt lat="45.53683" lon="-75.81031">
    <ele>129.4</ele>
   </trkpt>
   <trkpt lat="45.53656500232146" lon="-75.80958999676973">
    <ele>129.13000000000002</ele>
   </trkpt>
   <trkpt lat="45.536300000000004" lon="-75.80887000000001">
    <ele>129.86</ele>
   </trkpt>
   <trkpt lat="45.536010000000005" lon="-75.80816">
    <ele>130.93</ele>
   </trkpt>
   <trkpt lat="45.53596" lon="-75.80806000000001">
    <ele>131.04000000000002</ele>
   </trkpt>
   <trkpt lat="45.5356" lon="-75.80749">
    <ele>132.20000000000002</ele>
   </trkpt>
   <trkpt lat="45.53529" lon="-75.80724000000001">
    <ele>132.31</ele>
   </trkpt>
   <trkpt lat="45.53528" lon="-75.80723">
    <ele>132.32000000000002</ele>
   </trkpt>
   <trkpt lat="45.53451000014925" lon="-75.80703999739646">
    <ele>131.88</ele>
   </trkpt>
   <trkpt lat="45.53374" lon="-75.80685000000001">
    <ele>130.9</ele>
   </trkpt>
   <trkpt lat="45.53318500028087" lon="-75.80663499790896">
    <ele>129.71</ele>
   </trkpt>
   <trkpt lat="45.532630000000005" lon="-75.80642">
    <ele>129.26000000000002</ele>
   </trkpt>
   <trkpt lat="45.53197" lon="-75.80601">
    <ele>128.84</ele>
   </trkpt>
   <trkpt lat="45.53149500066224" lon="-75.80560499653407">
    <ele>130.0</ele>
   </trkpt>
   <trkpt lat="45.531020000000005" lon="-75.8052">
    <ele>130.87</ele>
   </trkpt>
   <trkpt lat="45.53081" lon="-75.80506000000001">
    <ele>131.06</ele>
   </trkpt>
   <trkpt lat="45.53045" lon="-75.80489">
    <ele>130.76000000000002</ele>
   </trkpt>
   <trkpt lat="45.53027" lon="-75.80485">
    <ele>131.03</ele>
   </trkpt>
   <trkpt lat="45.529810000000005" lon="-75.8048">
    <ele>131.81</ele>
   </trkpt>
   <trkpt lat="45.529164999912595" lon="-75.80486500075604">
    <ele>133.3</ele>
   </trkpt>
   <trkpt lat="45.52852" lon="-75.80493000000001">
    <ele>134.87</ele>
   </trkpt>
   <trkpt lat="45.52803" lon="-75.80485">
    <ele>135.64000000000001</ele>
   </trkpt>
   <trkpt lat="45.52752" lon="-75.80467">
    <ele>135.98000000000002</ele>
   </trkpt>
   <trkpt lat="45.52722000000001" lon="-75.80449">
    <ele>136.33</ele>
   </trkpt>
   <trkpt lat="45.526970000000006" lon="-75.80436">
    <ele>136.51000000000002</ele>
   </trkpt>
   <trkpt lat="45.52671" lon="-75.80426">
    <ele>137.47</ele>
   </trkpt>
   <trkpt lat="45.526540000000004" lon="-75.80417">
    <ele>137.86</ele>
   </trkpt>
   <trkpt lat="45.526270000000004" lon="-75.80391">
    <ele>139.56</ele>
   </trkpt>
   <trkpt lat="45.525940000000006" lon="-75.80368">
    <ele>141.17000000000002</ele>
   </trkpt>
   <trkpt lat="45.52568" lon="-75.80363000000001">
    <ele>142.02</ele>
   </trkpt>
   <trkpt lat="45.525400000000005" lon="-75.80373">
    <ele>142.5</ele>
   </trkpt>
   <trkpt lat="45.52487000000001" lon="-75.80420000000001">
    <ele>143.38</ele>
   </trkpt>
   <trkpt lat="45.524510000420854" lon="-75.80458500270522">
    <ele>144.11</ele>
   </trkpt>
   <trkpt lat="45.524150000000006" lon="-75.80497000000001">
    <ele>146.17000000000002</ele>
   </trkpt>
   <trkpt lat="45.52377000062342" lon="-75.80532500232911">
    <ele>147.44000000000003</ele>
   </trkpt>
   <trkpt lat="45.523390000000006" lon="-75.80568000000001">
    <ele>149.61</ele>
   </trkpt>
   <trkpt lat="45.52279" lon="-75.80623">
    <ele>152.50000000000003</ele>
   </trkpt>
   <trkpt lat="45.522330000674955" lon="-75.80659500290996">
    <ele>154.93</ele>
   </trkpt>
   <trkpt lat="45.52187000000001" lon="-75.80696">
    <ele>156.68</ele>
   </trkpt>
   <trkpt lat="45.52141" lon="-75.80727">
    <ele>158.65</ele>
   </trkpt>
   <trkpt lat="45.520770000000006" lon="-75.80767">
    <ele>160.32999999999998</ele>
   </trkpt>
   <trkpt lat="45.51997" lon="-75.80807">
    <ele>161.39000000000001</ele>
   </trkpt>
   <trkpt lat="45.519435000013694" lon="-75.80826000185766">
    <ele>161.48000000000002</ele>
   </trkpt>
   <trkpt lat="45.5189" lon="-75.80845000000001">
    <ele>161.05</ele>
   </trkpt>
   <trkpt lat="45.518530000000005" lon="-75.80854000000001">
    <ele>160.17000000000002</ele>
   </trkpt>
   <trkpt lat="45.517779999915206" lon="-75.80867500182897">
    <ele>157.28</ele>
   </trkpt>
   <trkpt lat="45.517030000000005" lon="-75.80881000000001">
    <ele>154.14</ele>
   </trkpt>
   <trkpt lat="45.51691" lon="-75.80878000000001">
    <ele>153.76</ele>
   </trkpt>
   <trkpt lat="45.51623999986586" lon="-75.80887500115573">
    <ele>150.87</ele>
   </trkpt>
   <trkpt lat="45.515570000000004" lon="-75.80897">
    <ele>148.07</ele>
   </trkpt>
   <trkpt lat="45.515150000000006" lon="-75.80905">
    <ele>146.86</ele>
   </trkpt>
   <trkpt lat="45.51464000000001" lon="-75.8092">
    <ele>146.22000000000003</ele>
   </trkpt>
   <trkpt lat="45.51418" lon="-75.80937">
    <ele>146.13</ele>
   </trkpt>
   <trkpt lat="45.5137400004563" lon="-75.80962500189366">
    <ele>145.38</ele>
   </trkpt>
   <trkpt lat="45.5133" lon="-75.80988">
    <ele>145.46</ele>
   </trkpt>
   <trkpt lat="45.51276000000001" lon="-75.81022">
    <ele>144.49</ele>
   </trkpt>
   <trkpt lat="45.512570000000004" lon="-75.8104">
    <ele>144.49</ele>
   </trkpt>
   <trkpt lat="45.512060000000005" lon="-75.81071">
    <ele>143.4</ele>
   </trkpt>
   <trkpt lat="45.51142" lon="-75.81088000000001">
    <ele>141.70000000000002</ele>
   </trkpt>
   <trkpt lat="45.5112" lon="-75.81088000000001">
    <ele>141.47</ele>
   </trkpt>
   <trkpt lat="45.51104" lon="-75.8109">
    <ele>141.44</ele>
   </trkpt>
   <trkpt lat="45.51082" lon="-75.81098">
    <ele>141.44</ele>
   </trkpt>
   <trkpt lat="45.510580000000004" lon="-75.81107">
    <ele>141.36</ele>
   </trkpt>
   <trkpt lat="45.510270000000006" lon="-75.81125">
    <ele>141.27</ele>
   </trkpt>
   <trkpt lat="45.50981" lon="-75.81147">
    <ele>140.97</ele>
   </trkpt>
   <trkpt lat="45.50945" lon="-75.81161">
    <ele>140.99</ele>
   </trkpt>
   <trkpt lat="45.50920000000001" lon="-75.81166">
    <ele>141.11</ele>
   </trkpt>
   <trkpt lat="45.50844" lon="-75.81174">
    <ele>141.52</ele>
   </trkpt>
   <trkpt lat="45.507690000000004" lon="-75.81176">
    <ele>142.87000000000003</ele>
   </trkpt>
   <trkpt lat="45.50706" lon="-75.81175">
    <ele>142.93</ele>
   </trkpt>
   <trkpt lat="45.50634999997431" lon="-75.8116949993033">
    <ele>141.58</ele>
   </trkpt>
   <trkpt lat="45.50564000000001" lon="-75.81164000000001">
    <ele>139.01000000000002</ele>
   </trkpt>
   <trkpt lat="45.50491000015923" lon="-75.81155999897699">
    <ele>136.97</ele>
   </trkpt>
   <trkpt lat="45.504180000000005" lon="-75.81148">
    <ele>136.54000000000002</ele>
   </trkpt>
   <trkpt lat="45.503624999987395" lon="-75.81142999950497">
    <ele>136.26000000000002</ele>
   </trkpt>
   <trkpt lat="45.50307" lon="-75.81138">
    <ele>135.86</ele>
   </trkpt>
   <trkpt lat="45.503170000000004" lon="-75.8122">
    <ele>136.12</ele>
   </trkpt>
   <trkpt lat="45.503260000000004" lon="-75.8126">
    <ele>136.70000000000002</ele>
   </trkpt>
   <trkpt lat="45.502520000000004" lon="-75.81282">
    <ele>137.34</ele>
   </trkpt>
   <trkpt lat="45.50207000000333" lon="-75.81290500068471">
    <ele>136.05</ele>
   </trkpt>
   <trkpt lat="45.50162" lon="-75.81299">
    <ele>133.4</ele>
   </trkpt>
   <trkpt lat="45.50124" lon="-75.81312000000001">
    <ele>132.29000000000002</ele>
   </trkpt>
   <trkpt lat="45.50108" lon="-75.81318">
    <ele>132.12</ele>
   </trkpt>
   <trkpt lat="45.50094000000001" lon="-75.81331">
    <ele>132.08</ele>
   </trkpt>
   <trkpt lat="45.500620000000005" lon="-75.81375000000001">
    <ele>132.53</ele>
   </trkpt>
   <trkpt lat="45.50000000000001" lon="-75.81464000000001">
    <ele>134.79000000000002</ele>
   </trkpt>
   <trkpt lat="45.499110909818526" lon="-75.8145108887081">
    <ele>132.17000000000002</ele>
   </trkpt>
   <trkpt lat="45.49822181949161" lon="-75.81438178149352">
    <ele>130.18</ele>
   </trkpt>
   <trkpt lat="45.497332729019256" lon="-75.81425267835604">
    <ele>128.91</ele>
   </trkpt>
   <trkpt lat="45.496443638401466" lon="-75.81412357929538">
    <ele>127.74000000000002</ele>
   </trkpt>
   <trkpt lat="45.49555454763828" lon="-75.81399448431132">
    <ele>127.53</ele>
   </trkpt>
   <trkpt lat="45.49466545672966" lon="-75.81386539340357">
    <ele>127.8</ele>
   </trkpt>
   <trkpt lat="45.49377636567566" lon="-75.8137363065719">
    <ele>128.02</ele>
   </trkpt>
   <trkpt lat="45.492887274476274" lon="-75.81360722381606">
    <ele>128.63000000000002</ele>
   </trkpt>
   <trkpt lat="45.49199818313149" lon="-75.81347814513576">
    <ele>129.79000000000002</ele>
   </trkpt>
   <trkpt lat="45.49110909164134" lon="-75.81334907053078">
    <ele>132.76000000000002</ele>
   </trkpt>
   <trkpt lat="45.49022" lon="-75.81322">
    <ele>135.28</ele>
   </trkpt>
   <trkpt lat="45.489396666810705" lon="-75.81308332933477">
    <ele>135.22</ele>
   </trkpt>
   <trkpt lat="45.48857333345844" lon="-75.81294666266504">
    <ele>134.69</ele>
   </trkpt>
   <trkpt lat="45.487750000000005" lon="-75.81281000000001">
    <ele>134.59</ele>
   </trkpt>
   <trkpt lat="45.48781000362251" lon="-75.81190000082113">
    <ele>133.51000000000002</ele>
   </trkpt>
   <trkpt lat="45.48787" lon="-75.81099">
    <ele>134.27</ele>
   </trkpt>
   <trkpt lat="45.48785" lon="-75.81070000000001">
    <ele>134.41</ele>
   </trkpt>
   <trkpt lat="45.48762000000001" lon="-75.80999">
    <ele>134.83</ele>
   </trkpt>
   <trkpt lat="45.487120000000004" lon="-75.80919">
    <ele>135.44</ele>
   </trkpt>
   <trkpt lat="45.48697000000001" lon="-75.80901">
    <ele>135.35</ele>
   </trkpt>
   <trkpt lat="45.486850000000004" lon="-75.80891000000001">
    <ele>134.81</ele>
   </trkpt>
   <trkpt lat="45.486670000000004" lon="-75.80888">
    <ele>133.93</ele>
   </trkpt>
   <trkpt lat="45.48595" lon="-75.8091">
    <ele>132.67000000000002</ele>
   </trkpt>
   <trkpt lat="45.485640000000004" lon="-75.8091">
    <ele>130.29000000000002</ele>
   </trkpt>
   <trkpt lat="45.48534" lon="-75.80897">
    <ele>129.29000000000002</ele>
   </trkpt>
   <trkpt lat="45.48518000000001" lon="-75.80883">
    <ele>128.4</ele>
   </trkpt>
   <trkpt lat="45.484970000000004" lon="-75.80856">
    <ele>127.56</ele>
   </trkpt>
   <trkpt lat="45.48462000000001" lon="-75.80781">
    <ele>125.47</ele>
   </trkpt>
   <trkpt lat="45.48443" lon="-75.80749">
    <ele>124.05000000000001</ele>
   </trkpt>
   <trkpt lat="45.483810000000005" lon="-75.80677">
    <ele>120.29</ele>
   </trkpt>
   <trkpt lat="45.48350000000001" lon="-75.80646">
    <ele>120.8</ele>
   </trkpt>
   <trkpt lat="45.48292000000001" lon="-75.80579">
    <ele>121.41</ele>
   </trkpt>
   <trkpt lat="45.48263" lon="-75.80555000000001">
    <ele>121.34</ele>
   </trkpt>
   <trkpt lat="45.482380000000006" lon="-75.80535">
    <ele>121.34</ele>
   </trkpt>
   <trkpt lat="45.482240000000004" lon="-75.80517">
    <ele>121.38000000000001</ele>
   </trkpt>
   <trkpt lat="45.48199" lon="-75.80449">
    <ele>119.56000000000002</ele>
   </trkpt>
   <trkpt lat="45.481550000000006" lon="-75.80355">
    <ele>117.89</ele>
   </trkpt>
   <trkpt lat="45.481500000000004" lon="-75.80338">
    <ele>117.26</ele>
   </trkpt>
   <trkpt lat="45.48147" lon="-75.80319">
    <ele>117.26</ele>
   </trkpt>
   <trkpt lat="45.48149" lon="-75.80292">
    <ele>116.9</ele>
   </trkpt>
   <trkpt lat="45.48153000000001" lon="-75.80269000000001">
    <ele>116.43</ele>
   </trkpt>
   <trkpt lat="45.481700000000004" lon="-75.80197000000001">
    <ele>115.51000000000002</ele>
   </trkpt>
   <trkpt lat="45.481700000000004" lon="-75.80160000000001">
    <ele>114.98</ele>
   </trkpt>
   <trkpt lat="45.481640000000006" lon="-75.80135">
    <ele>114.03</ele>
   </trkpt>
   <trkpt lat="45.48138000539563" lon="-75.80056332606051">
    <ele>112.76</ele>
   </trkpt>
   <trkpt lat="45.481120005391524" lon="-75.79977665938151">
    <ele>112.47000000000001</ele>
   </trkpt>
   <trkpt lat="45.48086000000001" lon="-75.79899">
    <ele>113.23</ele>
   </trkpt>
   <trkpt lat="45.48066500193079" lon="-75.7983149974666">
    <ele>113.75</ele>
   </trkpt>
   <trkpt lat="45.480470000000004" lon="-75.79764">
    <ele>114.31</ele>
   </trkpt>
   <trkpt lat="45.48037" lon="-75.79737">
    <ele>114.36</ele>
   </trkpt>
   <trkpt lat="45.48028" lon="-75.7972">
    <ele>114.29</ele>
   </trkpt>
   <trkpt lat="45.479910000000004" lon="-75.79665">
    <ele>113.17</ele>
   </trkpt>
   <trkpt lat="45.4797" lon="-75.79616">
    <ele>113.18</ele>
   </trkpt>
   <trkpt lat="45.479510000000005" lon="-75.7958">
    <ele>112.98</ele>
   </trkpt>
   <trkpt lat="45.47934" lon="-75.79554">
    <ele>112.95</ele>
   </trkpt>
   <trkpt lat="45.4791" lon="-75.79523">
    <ele>112.80000000000001</ele>
   </trkpt>
   <trkpt lat="45.478730000000006" lon="-75.79469">
    <ele>112.60000000000001</ele>
   </trkpt>
   <trkpt lat="45.478550000000006" lon="-75.79438">
    <ele>112.18</ele>
   </trkpt>
   <trkpt lat="45.478320000000004" lon="-75.79394">
    <ele>112.16000000000001</ele>
   </trkpt>
   <trkpt lat="45.47795000000001" lon="-75.7933">
    <ele>111.24000000000001</ele>
   </trkpt>
   <trkpt lat="45.47777000000001" lon="-75.79293000000001">
    <ele>110.46</ele>
   </trkpt>
   <trkpt lat="45.47753" lon="-75.79205">
    <ele>110.31</ele>
   </trkpt>
   <trkpt lat="45.477430000000005" lon="-75.79215">
    <ele>110.50000000000001</ele>
   </trkpt>
   <trkpt lat="45.477050000000006" lon="-75.79267">
    <ele>111.03</ele>
   </trkpt>
   <trkpt lat="45.476980000000005" lon="-75.79271">
    <ele>111.03</ele>
   </trkpt>
   <trkpt lat="45.476870000000005" lon="-75.79276">
    <ele>111.36000000000001</ele>
   </trkpt>
   <trkpt lat="45.47608" lon="-75.79297000000001">
    <ele>113.13000000000001</ele>
   </trkpt>
   <trkpt lat="45.47535000009589" lon="-75.79302500070624">
    <ele>116.08</ele>
   </trkpt>
   <trkpt lat="45.47462" lon="-75.79308">
    <ele>118.78</ele>
   </trkpt>
   <trkpt lat="45.474450000000004" lon="-75.79307">
    <ele>118.93</ele>
   </trkpt>
   <trkpt lat="45.474340000000005" lon="-75.79303">
    <ele>118.8</ele>
   </trkpt>
   <trkpt lat="45.47388000028384" lon="-75.79275999777607">
    <ele>117.34000000000002</ele>
   </trkpt>
   <trkpt lat="45.473420000000004" lon="-75.79249">
    <ele>117.11</ele>
   </trkpt>
   <trkpt lat="45.473150000000004" lon="-75.7924">
    <ele>117.36</ele>
   </trkpt>
   <trkpt lat="45.47308" lon="-75.79239000000001">
    <ele>117.43</ele>
   </trkpt>
   <trkpt lat="45.472970000000004" lon="-75.7924">
    <ele>117.9</ele>
   </trkpt>
   <trkpt lat="45.472730000000006" lon="-75.7925">
    <ele>118.70000000000002</ele>
   </trkpt>
   <trkpt lat="45.47202" lon="-75.79292000000001">
    <ele>120.98</ele>
   </trkpt>
   <trkpt lat="45.471270000000004" lon="-75.79321">
    <ele>122.28000000000002</ele>
   </trkpt>
   <trkpt lat="45.47063000000001" lon="-75.79351000000001">
    <ele>123.28000000000002</ele>
   </trkpt>
   <trkpt lat="45.470470000000006" lon="-75.79352">
    <ele>123.05</ele>
   </trkpt>
   <trkpt lat="45.47023" lon="-75.79348">
    <ele>122.83000000000001</ele>
   </trkpt>
   <trkpt lat="45.46985" lon="-75.79347">
    <ele>122.66</ele>
   </trkpt>
   <trkpt lat="45.46963" lon="-75.79352">
    <ele>122.44</ele>
   </trkpt>
   <trkpt lat="45.46956" lon="-75.79351000000001">
    <ele>122.17000000000002</ele>
   </trkpt>
   <trkpt lat="45.46951000000001" lon="-75.79346000000001">
    <ele>122.17000000000002</ele>
   </trkpt>
   <trkpt lat="45.469480000000004" lon="-75.79333000000001">
    <ele>122.01</ele>
   </trkpt>
   <trkpt lat="45.46942000000001" lon="-75.79262">
    <ele>122.07000000000001</ele>
   </trkpt>
   <trkpt lat="45.469370000000005" lon="-75.7924">
    <ele>122.18</ele>
   </trkpt>
   <trkpt lat="45.469300000000004" lon="-75.79226000000001">
    <ele>122.12</ele>
   </trkpt>
   <trkpt lat="45.4688" lon="-75.7916">
    <ele>120.55</ele>
   </trkpt>
   <trkpt lat="45.46858" lon="-75.79146">
    <ele>120.48</ele>
   </trkpt>
   <trkpt lat="45.46810000000001" lon="-75.79124">
    <ele>120.37</ele>
   </trkpt>
   <trkpt lat="45.46792000000001" lon="-75.7912">
    <ele>120.59000000000002</ele>
   </trkpt>
   <trkpt lat="45.46786" lon="-75.79115">
    <ele>120.59000000000002</ele>
   </trkpt>
   <trkpt lat="45.46761" lon="-75.79079">
    <ele>120.82000000000001</ele>
   </trkpt>
   <trkpt lat="45.46752" lon="-75.79056">
    <ele>120.99000000000001</ele>
   </trkpt>
   <trkpt lat="45.46735" lon="-75.78978000000001">
    <ele>122.22000000000001</ele>
   </trkpt>
   <trkpt lat="45.466770000000004" lon="-75.79003">
    <ele>123.31000000000002</ele>
   </trkpt>
   <trkpt lat="45.46652" lon="-75.79012">
    <ele>124.37</ele>
   </trkpt>
   <trkpt lat="45.46616" lon="-75.79014000000001">
    <ele>123.59</ele>
   </trkpt>
   <trkpt lat="45.46611" lon="-75.79017">
    <ele>123.17000000000002</ele>
   </trkpt>
   <trkpt lat="45.465990000000005" lon="-75.79032000000001">
    <ele>122.74000000000001</ele>
   </trkpt>
   <trkpt lat="45.46538" lon="-75.78995">
    <ele>121.87</ele>
   </trkpt>
   <trkpt lat="45.46490000000001" lon="-75.7898">
    <ele>121.4</ele>
   </trkpt>
   <trkpt lat="45.46448" lon="-75.78975000000001">
    <ele>121.50000000000001</ele>
   </trkpt>
   <trkpt lat="45.4639" lon="-75.78972">
    <ele>121.29</ele>
   </trkpt>
   <trkpt lat="45.46332" lon="-75.78981">
    <ele>121.27000000000001</ele>
   </trkpt>
   <trkpt lat="45.46284000000001" lon="-75.79002000000001">
    <ele>121.60000000000001</ele>
   </trkpt>
   <trkpt lat="45.46224" lon="-75.79039">
    <ele>122.72000000000001</ele>
   </trkpt>
   <trkpt lat="45.46168500065868" lon="-75.79078500390403">
    <ele>123.57000000000001</ele>
   </trkpt>
   <trkpt lat="45.461130000000004" lon="-75.79118000000001">
    <ele>124.28000000000002</ele>
   </trkpt>
   <trkpt lat="45.46063" lon="-75.79128">
    <ele>125.04</ele>
   </trkpt>
   <trkpt lat="45.460080000000005" lon="-75.79129">
    <ele>125.53</ele>
   </trkpt>
   <trkpt lat="45.45947" lon="-75.7912">
    <ele>126.58</ele>
   </trkpt>
   <trkpt lat="45.459010000000006" lon="-75.79109000000001">
    <ele>127.35000000000002</ele>
   </trkpt>
   <trkpt lat="45.458670000000005" lon="-75.79092">
    <ele>127.76</ele>
   </trkpt>
   <trkpt lat="45.458310000000004" lon="-75.79061">
    <ele>128.06</ele>
   </trkpt>
   <trkpt lat="45.458040000000004" lon="-75.79027">
    <ele>128.82000000000002</ele>
   </trkpt>
   <trkpt lat="45.457730000000005" lon="-75.78967">
    <ele>129.46</ele>
   </trkpt>
   <trkpt lat="45.457485001915636" lon="-75.78899999697185">
    <ele>131.35000000000002</ele>
   </trkpt>
   <trkpt lat="45.457240000000006" lon="-75.78833">
    <ele>132.61</ele>
   </trkpt>
   <trkpt lat="45.45705" lon="-75.78798">
    <ele>133.8</ele>
   </trkpt>
   <trkpt lat="45.456790000000005" lon="-75.78765">
    <ele>135.41</ele>
   </trkpt>
   <trkpt lat="45.45649" lon="-75.78739">
    <ele>136.23000000000002</ele>
   </trkpt>
   <trkpt lat="45.45622" lon="-75.78721">
    <ele>136.72</ele>
   </trkpt>
   <trkpt lat="45.455670000000005" lon="-75.78691">
    <ele>137.1</ele>
   </trkpt>
   <trkpt lat="45.45524000004261" lon="-75.78669499828108">
    <ele>136.48000000000002</ele>
   </trkpt>
   <trkpt lat="45.45481" lon="-75.78648000000001">
    <ele>135.73000000000002</ele>
   </trkpt>
   <trkpt lat="45.45438" lon="-75.78609">
    <ele>133.98000000000002</ele>
   </trkpt>
   <trkpt lat="45.454100000000004" lon="-75.78573">
    <ele>133.19</ele>
   </trkpt>
   <trkpt lat="45.45394" lon="-75.78545000000001">
    <ele>133.08</ele>
   </trkpt>
   <trkpt lat="45.453790000000005" lon="-75.7851">
    <ele>133.44</ele>
   </trkpt>
   <trkpt lat="45.453590000000005" lon="-75.78443">
    <ele>134.79000000000002</ele>
   </trkpt>
   <trkpt lat="45.453520000000005" lon="-75.7836">
    <ele>137.6</ele>
   </trkpt>
   <trkpt lat="45.45351001282807" lon="-75.78260999949303">
    <ele>139.1</ele>
   </trkpt>
   <trkpt lat="45.453500017104226" lon="-75.78161999933684">
    <ele>139.09</ele>
   </trkpt>
   <trkpt lat="45.45349001282847" lon="-75.78062999953175">
    <ele>137.14000000000001</ele>
   </trkpt>
   <trkpt lat="45.453480000000006" lon="-75.77964">
    <ele>136.33</ele>
   </trkpt>
   <trkpt lat="45.453570004267064" lon="-75.77865000167773">
    <ele>137.35</ele>
   </trkpt>
   <trkpt lat="45.453660000000006" lon="-75.77766000000001">
    <ele>140.24</ele>
   </trkpt>
   <trkpt lat="45.45367" lon="-75.77726000000001">
    <ele>140.6</ele>
   </trkpt>
   <trkpt lat="45.45364000000001" lon="-75.77682">
    <ele>141.33</ele>
   </trkpt>
   <trkpt lat="45.45355000000001" lon="-75.77642">
    <ele>142.14000000000001</ele>
   </trkpt>
   <trkpt lat="45.453430000000004" lon="-75.77605000000001">
    <ele>142.61</ele>
   </trkpt>
   <trkpt lat="45.45317000000001" lon="-75.77561">
    <ele>142.32</ele>
   </trkpt>
   <trkpt lat="45.45266" lon="-75.77510000000001">
    <ele>141.20000000000002</ele>
   </trkpt>
   <trkpt lat="45.45246" lon="-75.7749">
    <ele>140.48000000000002</ele>
   </trkpt>
   <trkpt lat="45.452040000000004" lon="-75.7744">
    <ele>138.26000000000002</ele>
   </trkpt>
   <trkpt lat="45.45177" lon="-75.77395">
    <ele>135.33</ele>
   </trkpt>
   <trkpt lat="45.45152" lon="-75.77333">
    <ele>130.74</ele>
   </trkpt>
   <trkpt lat="45.4513" lon="-75.77266">
    <ele>126.37</ele>
   </trkpt>
   <trkpt lat="45.450980002843096" lon="-75.77184999535537">
    <ele>121.3</ele>
   </trkpt>
   <trkpt lat="45.450660000000006" lon="-75.77104">
    <ele>115.94000000000001</ele>
   </trkpt>
   <trkpt lat="45.450520000000004" lon="-75.77051">
    <ele>112.14</ele>
   </trkpt>
   <trkpt lat="45.45028000640307" lon="-75.76929999492954">
    <ele>107.97000000000001</ele>
   </trkpt>
   <trkpt lat="45.45004" lon="-75.76809">
    <ele>106.57000000000001</ele>
   </trkpt>
   <trkpt lat="45.44989" lon="-75.76756">
    <ele>107.45</ele>
   </trkpt>
   <trkpt lat="45.44970000000001" lon="-75.76706">
    <ele>108.69000000000001</ele>
   </trkpt>
   <trkpt lat="45.44944" lon="-75.76661">
    <ele>111.05000000000001</ele>
   </trkpt>
   <trkpt lat="45.44908" lon="-75.76616">
    <ele>113.27000000000001</ele>
   </trkpt>
   <trkpt lat="45.448420000000006" lon="-75.76559">
    <ele>114.17</ele>
   </trkpt>
   <trkpt lat="45.447930000680834" lon="-75.76518499645307">
    <ele>113.64</ele>
   </trkpt>
   <trkpt lat="45.44744" lon="-75.76478">
    <ele>112.61000000000001</ele>
   </trkpt>
   <trkpt lat="45.44704" lon="-75.76438">
    <ele>110.80000000000001</ele>
   </trkpt>
   <trkpt lat="45.446580000000004" lon="-75.76379">
    <ele>109.1</ele>
   </trkpt>
   <trkpt lat="45.44644" lon="-75.76358">
    <ele>107.66</ele>
   </trkpt>
   <trkpt lat="45.446095001526174" lon="-75.76298999640444">
    <ele>105.46000000000001</ele>
   </trkpt>
   <trkpt lat="45.445750000000004" lon="-75.7624">
    <ele>102.71000000000001</ele>
   </trkpt>
   <trkpt lat="45.44539" lon="-75.76171000000001">
    <ele>98.82000000000001</ele>
   </trkpt>
   <trkpt lat="45.445" lon="-75.76102">
    <ele>96.03</ele>
   </trkpt>
   <trkpt lat="45.444720000000004" lon="-75.76066">
    <ele>92.59</ele>
   </trkpt>
   <trkpt lat="45.4444" lon="-75.76043">
    <ele>91.12</ele>
   </trkpt>
   <trkpt lat="45.44404" lon="-75.76029000000001">
    <ele>90.29</ele>
   </trkpt>
   <trkpt lat="45.443830000000005" lon="-75.76025">
    <ele>90.05</ele>
   </trkpt>
   <trkpt lat="45.443630000000006" lon="-75.76025">
    <ele>89.99</ele>
   </trkpt>
   <trkpt lat="45.44288" lon="-75.76038000000001">
    <ele>90.05</ele>
   </trkpt>
   <trkpt lat="45.442640000000004" lon="-75.76043">
    <ele>90.07000000000001</ele>
   </trkpt>
   <trkpt lat="45.442280000000004" lon="-75.76061">
    <ele>89.95</ele>
   </trkpt>
   <trkpt lat="45.44192" lon="-75.76096000000001">
    <ele>90.01</ele>
   </trkpt>
   <trkpt lat="45.44135000000001" lon="-75.76173">
    <ele>90.78000000000002</ele>
   </trkpt>
   <trkpt lat="45.44106" lon="-75.76208000000001">
    <ele>91.71000000000001</ele>
   </trkpt>
   <trkpt lat="45.440940000000005" lon="-75.76218">
    <ele>91.71000000000001</ele>
   </trkpt>
   <trkpt lat="45.44066" lon="-75.76232">
    <ele>92.81</ele>
   </trkpt>
   <trkpt lat="45.44035" lon="-75.7624">
    <ele>93.79</ele>
   </trkpt>
   <trkpt lat="45.440200000000004" lon="-75.76237">
    <ele>94.01</ele>
   </trkpt>
   <trkpt lat="45.439960000000006" lon="-75.76229000000001">
    <ele>94.19000000000001</ele>
   </trkpt>
   <trkpt lat="45.439370000000004" lon="-75.76192">
    <ele>94.25000000000001</ele>
   </trkpt>
   <trkpt lat="45.439350000000005" lon="-75.762">
    <ele>94.25000000000001</ele>
   </trkpt>
   <trkpt lat="45.43919" lon="-75.76227">
    <ele>94.29</ele>
   </trkpt>
   <trkpt lat="45.43891000280461" lon="-75.7630800041868">
    <ele>94.54</ele>
   </trkpt>
   <trkpt lat="45.43863" lon="-75.76389">
    <ele>93.82000000000001</ele>
   </trkpt>
   <trkpt lat="45.438480000000006" lon="-75.76428">
    <ele>93.30000000000001</ele>
   </trkpt>
   <trkpt lat="45.43838" lon="-75.76447">
    <ele>93.03</ele>
   </trkpt>
   <trkpt lat="45.43791" lon="-75.76518">
    <ele>90.42000000000002</ele>
   </trkpt>
   <trkpt lat="45.43769" lon="-75.76563">
    <ele>89.63</ele>
   </trkpt>
   <trkpt lat="45.437430000000006" lon="-75.76634">
    <ele>89.14000000000001</ele>
   </trkpt>
   <trkpt lat="45.43733" lon="-75.76638000000001">
    <ele>88.87</ele>
   </trkpt>
   <trkpt lat="45.43674" lon="-75.76595">
    <ele>88.29</ele>
   </trkpt>
   <trkpt lat="45.43641" lon="-75.76575000000001">
    <ele>88.50000000000001</ele>
   </trkpt>
   <trkpt lat="45.43634" lon="-75.76575000000001">
    <ele>88.69</ele>
   </trkpt>
   <trkpt lat="45.436280000000004" lon="-75.76576">
    <ele>88.69</ele>
   </trkpt>
   <trkpt lat="45.436240000000005" lon="-75.76563">
    <ele>88.86000000000001</ele>
   </trkpt>
   <trkpt lat="45.436080000000004" lon="-75.7655">
    <ele>88.66</ele>
   </trkpt>
   <trkpt lat="45.436020000000006" lon="-75.76549">
    <ele>88.66</ele>
   </trkpt>
   <trkpt lat="45.435930000000006" lon="-75.76553000000001">
    <ele>88.57000000000001</ele>
   </trkpt>
   <trkpt lat="45.435900000000004" lon="-75.76541">
    <ele>88.38000000000001</ele>
   </trkpt>
   <trkpt lat="45.43585" lon="-75.76532">
    <ele>88.34</ele>
   </trkpt>
   <trkpt lat="45.435460000000006" lon="-75.765">
    <ele>88.23</ele>
   </trkpt>
   <trkpt lat="45.43491000143404" lon="-75.76459332539983">
    <ele>88.0</ele>
   </trkpt>
   <trkpt lat="45.43436000142501" lon="-75.7641866587266">
    <ele>86.8</ele>
   </trkpt>
   <trkpt lat="45.43381" lon="-75.76378000000001">
    <ele>84.10000000000001</ele>
   </trkpt>
   <trkpt lat="45.433095000606926" lon="-75.76340499524561">
    <ele>79.92999999999999</ele>
   </trkpt>
   <trkpt lat="45.43238" lon="-75.76303">
    <ele>76.56</ele>
   </trkpt>
   <trkpt lat="45.43166" lon="-75.76276">
    <ele>72.54</ele>
   </trkpt>
   <trkpt lat="45.430910000000004" lon="-75.76259">
    <ele>68.17</ele>
   </trkpt>
   <trkpt lat="45.43057" lon="-75.76254">
    <ele>67.17</ele>
   </trkpt>
   <trkpt lat="45.43025" lon="-75.76246">
    <ele>66.94</ele>
   </trkpt>
   <trkpt lat="45.42998" lon="-75.76243000000001">
    <ele>66.22</ele>
   </trkpt>
   <trkpt lat="45.429790000000004" lon="-75.76244000000001">
    <ele>65.89</ele>
   </trkpt>
   <trkpt lat="45.42934" lon="-75.76232">
    <ele>65.21000000000001</ele>
   </trkpt>
   <trkpt lat="45.42868000000001" lon="-75.76223">
    <ele>65.11</ele>
   </trkpt>
   <trkpt lat="45.42799500002905" lon="-75.76210999853784">
    <ele>66.15</ele>
   </trkpt>
   <trkpt lat="45.427310000000006" lon="-75.76199000000001">
    <ele>69.19</ele>
   </trkpt>
   <trkpt lat="45.42654" lon="-75.76188">
    <ele>71.0</ele>
   </trkpt>
   <trkpt lat="45.42656" lon="-75.76159000000001">
    <ele>70.78</ele>
   </trkpt>
   <trkpt lat="45.426640000000006" lon="-75.7616">
    <ele>70.78</ele>
   </trkpt>
   <trkpt lat="45.42671000000001" lon="-75.76055000000001">
    <ele>69.69</ele>
   </trkpt>
   <trkpt lat="45.426730000000006" lon="-75.76008">
    <ele>68.65</ele>
   </trkpt>
   <trkpt lat="45.426750000000006" lon="-75.75994">
    <ele>68.2</ele>
   </trkpt>
   <trkpt lat="45.42676" lon="-75.75941">
    <ele>66.0</ele>
   </trkpt>
   <trkpt lat="45.42669" lon="-75.75908000000001">
    <ele>65.44000000000001</ele>
   </trkpt>
   <trkpt lat="45.42663" lon="-75.75892">
    <ele>65.44000000000001</ele>
   </trkpt>
   <trkpt lat="45.426460000000006" lon="-75.75867000000001">
    <ele>64.58</ele>
   </trkpt>
   <trkpt lat="45.42649" lon="-75.75855">
    <ele>64.22</ele>
   </trkpt>
   <trkpt lat="45.42647" lon="-75.75828">
    <ele>63.77</ele>
   </trkpt>
   <trkpt lat="45.42654" lon="-75.75775">
    <ele>63.40000000000001</ele>
   </trkpt>
   <trkpt lat="45.42665" lon="-75.75752">
    <ele>63.37000000000001</ele>
   </trkpt>
   <trkpt lat="45.42678" lon="-75.75717">
    <ele>63.33000000000001</ele>
   </trkpt>
   <trkpt lat="45.426790000000004" lon="-75.75685">
    <ele>63.410000000000004</ele>
   </trkpt>
   <trkpt lat="45.42667" lon="-75.756">
    <ele>63.35</ele>
   </trkpt>
   <trkpt lat="45.4266" lon="-75.75529">
    <ele>63.45</ele>
   </trkpt>
   <trkpt lat="45.426590000000004" lon="-75.75484">
    <ele>63.45</ele>
   </trkpt>
   <trkpt lat="45.42669" lon="-75.7543">
    <ele>63.27</ele>
   </trkpt>
   <trkpt lat="45.42689" lon="-75.75386">
    <ele>62.97000000000001</ele>
   </trkpt>
   <trkpt lat="45.42701" lon="-75.75368">
    <ele>63.11</ele>
   </trkpt>
   <trkpt lat="45.427110000000006" lon="-75.75345">
    <ele>63.11</ele>
   </trkpt>
   <trkpt lat="45.427200000000006" lon="-75.75330000000001">
    <ele>63.32</ele>
   </trkpt>
   <trkpt lat="45.427260000000004" lon="-75.75326000000001">
    <ele>63.31</ele>
   </trkpt>
   <trkpt lat="45.42737" lon="-75.75326000000001">
    <ele>62.99</ele>
   </trkpt>
   <trkpt lat="45.427490000000006" lon="-75.75335000000001">
    <ele>62.90000000000001</ele>
   </trkpt>
   <trkpt lat="45.427730000000004" lon="-75.75327">
    <ele>63.27</ele>
   </trkpt>
   <trkpt lat="45.428090000000005" lon="-75.75309">
    <ele>64.80000000000001</ele>
   </trkpt>
   <trkpt lat="45.428700000000006" lon="-75.75258000000001">
    <ele>67.69</ele>
   </trkpt>
  </trkseg>
 </trk>
</gpx>
