n,radius,numberActivity,center,randomCenter,centerShift,endpoints,EPZs,EPZsFreq,distance,preprocessingTime,normalProcessingTime
0,200,37,"[33.64025067958688, -117.83443429448087]","[33.64137170079565, -117.83517442375165]",142.03815068279906,"[[33.63958, -117.83295], [33.63995, -117.83384], [33.63989, -117.83375], [33.63999, -117.83371], [33.64, -117.83372], [33.6395, -117.83306], [33.63993, -117.83369], [33.63986, -117.83349], [33.6399, -117.83371], [33.63999, -117.83371], [33.64001, -117.83375], [33.6399, -117.83371], [33.63984, -117.83344], [33.64119, -117.83734], [33.63997, -117.83378], [33.63984, -117.83362], [33.63952, -117.83304], [33.64122, -117.83736], [33.63971, -117.83339], [33.6399, -117.83379], [33.63956, -117.83302], [33.63988, -117.83351], [33.63996, -117.83383], [33.63993, -117.83361], [33.63991, -117.83355], [33.63985, -117.83348], [33.63987, -117.83366], [33.64123, -117.83735], [33.63973, -117.83333], [33.63964, -117.83446], [33.63978, -117.83341], [33.6412, -117.83733], [33.63955, -117.83292], [33.63986, -117.83368], [33.63995, -117.8337], [33.6285, -117.8061], [33.63993, -117.83366], [33.64134, -117.83739], [33.63993, -117.83385], [33.6412, -117.83734], [33.63985, -117.83348], [33.64121, -117.83734], [33.63953, -117.83295], [33.63995, -117.83367], [33.63962, -117.83435], [33.56461, -117.8299], [33.6396, -117.83305], [33.63978, -117.83352], [33.63954, -117.83296], [33.63998, -117.83372], [33.63987, -117.83354], [33.64119, -117.83732], [33.63986, -117.83349], [33.64123, -117.83735], [33.63988, -117.83349], [33.64119, -117.83732], [33.63995, -117.83358], [33.63968, -117.83338], [33.67733, -117.85939], [33.64114, -117.83735], [33.62832, -117.80591], [33.64253, -117.83684], [33.63974, -117.83326], [33.63965, -117.83442], [33.63976, -117.83336], [33.63993, -117.83364], [33.63993, -117.8336], [33.63953, -117.83313], [33.63993, -117.8336], [33.63973, -117.83342], [33.63955, -117.83284], [33.63963, -117.83441], [33.6395, -117.83303], [33.63946, -117.83571]]","[[33.64138299208816, -117.83517654262627], [33.64124765317118, -117.83211336020277], [33.636028095794046, -117.83419619652871]]","[33, 13, 6]","[1.2677168682779791, 284.3118976309191, 599.5986174125445]",0.2976818084716797,126.47860956192017
1,200,109,"[33.64025067958688, -117.83443429448087]","[33.64084596696187, -117.83546533287866]",116.22723895198737,"[[33.63985, -117.83352], [33.64182, -117.83733], [33.64256, -117.83614], [33.64156, -117.83745], [33.63983, -117.83357], [33.63904, -117.83342], [33.63991, -117.83362], [33.63983, -117.83362], [33.63958, -117.83311], [33.64181, -117.83741], [33.63977, -117.83338], [33.63977, -117.83331], [33.63957, -117.83298], [33.63984, -117.83362], [33.63976, -117.83336], [33.63982, -117.83345], [33.63974, -117.83342], [33.64254, -117.83645], [33.63947, -117.83283], [33.63976, -117.83345], [33.63979, -117.83337], [33.64176, -117.83735], [33.63977, -117.83345], [33.64212, -117.8373], [33.63975, -117.83329], [33.64186, -117.83744], [33.63919, -117.83457], [33.56461, -117.8299], [33.63981, -117.83347], [33.64166, -117.8374], [33.63954, -117.83296], [33.63965, -117.83315], [33.63983, -117.83358], [33.63989, -117.83354], [33.63973, -117.83333], [33.63934, -117.83391], [33.63982, -117.8334], [33.63885, -117.83567], [33.63994, -117.8335], [33.64172, -117.83736], [33.63971, -117.83324], [33.63969, -117.83335], [33.63988, -117.83345], [33.64248, -117.83638], [33.63984, -117.83345], [33.63977, -117.83352], [33.63954, -117.83307], [33.6418, -117.83738], [33.63972, -117.8333], [33.63973, -117.83345], [33.63991, -117.83355], [33.63985, -117.83348], [33.63982, -117.8335], [33.63979, -117.83349], [33.63979, -117.83357], [33.6418, -117.83737], [33.67733, -117.85939], [33.64153, -117.8375], [33.67638, -117.86301], [33.64192, -117.83738], [33.63962, -117.83306], [33.6397, -117.83337], [33.6398, -117.83346], [33.63977, -117.83332], [33.63993, -117.8336], [33.63953, -117.83313], [33.63995, -117.83358], [33.63968, -117.83338], [33.63977, -117.83341], [33.63978, -117.83339], [33.63984, -117.83344], [33.64168, -117.83741], [33.63976, -117.83332], [33.63981, -117.83346], [33.63955, -117.83292], [33.6395, -117.8331], [33.6398, -117.83346], [33.63982, -117.83365], [33.63983, -117.8335], [33.63986, -117.83356], [33.63955, -117.83296], [33.64191, -117.83741], [33.63976, -117.83342], [33.64159, -117.83745], [33.6396, -117.83305], [33.63978, -117.83352], [33.63953, -117.83299], [33.64186, -117.8373], [33.63984, -117.83357], [33.63945, -117.83303], [33.63964, -117.83323], [33.64184, -117.83746], [33.63955, -117.83298], [33.64173, -117.83741], [33.63954, -117.83315], [33.6398, -117.83336], [33.63954, -117.83293], [33.64185, -117.83734], [33.63955, -117.83284], [33.64155, -117.83746], [33.63974, -117.83335], [33.64254, -117.83647], [33.64267, -117.83627], [33.63913, -117.83631], [33.63993, -117.8336], [33.63973, -117.83342], [33.63987, -117.83354], [33.6417, -117.83739], [33.63956, -117.83302], [33.63988, -117.83351], [33.63983, -117.83349], [33.64161, -117.83744], [33.63981, -117.83352], [33.63989, -117.83354], [33.63979, -117.83351], [33.63914, -117.83462], [33.6398, -117.8335], [33.64168, -117.83748], [33.63977, -117.83332], [33.63979, -117.83337], [33.63974, -117.83326], [33.64181, -117.83736], [33.63962, -117.83323], [33.64166, -117.83739], [33.63989, -117.83349], [33.64165, -117.83747], [33.63986, -117.83349], [33.64189, -117.83733], [33.64265, -117.83624], [33.64155, -117.83753], [33.64264, -117.83622], [33.64253, -117.83637], [33.63979, -117.83344], [33.63971, -117.83324], [33.6395, -117.83303], [33.63973, -117.8374], [33.63976, -117.8333], [33.63978, -117.83335], [33.63973, -117.83338], [33.64177, -117.83738], [33.63951, -117.83302], [33.63979, -117.83334], [33.63951, -117.83289], [33.64157, -117.83744], [33.63988, -117.83352], [33.64253, -117.83643], [33.63983, -117.83352], [33.64175, -117.83746], [33.63986, -117.83349], [33.63971, -117.83323], [33.63963, -117.83313], [33.6395, -117.83306], [33.6399, -117.83346], [33.64192, -117.83734], [33.63976, -117.83353], [33.64146, -117.83755], [33.63956, -117.83287], [33.63966, -117.83338], [33.63986, -117.8335], [33.64251, -117.83641], [33.6395, -117.83297], [33.64165, -117.8374], [33.6427, -117.83621], [33.64249, -117.83646], [33.63976, -117.83333], [33.63963, -117.83323], [33.63984, -117.8335], [33.64136, -117.83756], [33.63963, -117.83321], [33.63952, -117.83313], [33.64263, -117.83623], [33.63902, -117.83574], [33.63987, -117.83348], [33.63946, -117.83306], [33.64271, -117.83628], [33.64247, -117.83641], [33.63976, -117.83336], [33.63963, -117.83327], [33.63982, -117.83353], [33.64182, -117.83737], [33.63979, -117.83347], [33.6398, -117.83362], [33.63995, -117.83357], [33.63958, -117.83322], [33.63951, -117.83298], [33.64166, -117.8374], [33.63976, -117.83334], [33.63971, -117.83337], [33.63952, -117.83304], [33.64177, -117.83746], [33.63958, -117.83295], [33.63961, -117.83324], [33.64251, -117.83645], [33.64252, -117.83645], [33.63971, -117.83339], [33.63966, -117.83335], [33.63986, -117.83355], [33.64181, -117.83739], [33.63988, -117.83349], [33.64152, -117.83748], [33.63985, -117.83348], [33.6416, -117.83743], [33.63978, -117.83341], [33.64189, -117.83733], [33.63985, -117.83351], [33.64156, -117.83746], [33.63984, -117.8335], [33.64184, -117.83735], [33.63974, -117.83335], [33.6285, -117.8061], [33.63958, -117.83301], [33.63972, -117.83331], [33.62832, -117.80591], [33.64253, -117.83684], [33.63958, -117.83308], [33.64185, -117.83745], [33.63986, -117.83352], [33.63986, -117.83349]]","[[33.64084232731563, -117.83548227679786], [33.64119421987414, -117.83195889691098], [33.64573128635269, -117.8283848890321]]","[107, 8, 6]","[1.6229276374022783, 327.58294243080513, 851.5044735451262]",1.2262203693389893,832.2097706794739
2,200,70,"[33.64025067958688, -117.83443429448087]","[33.64133642751733, -117.83438120008266]",120.52741701909257,"[[33.64263, -117.83623], [33.63902, -117.83574], [33.63977, -117.83318], [33.64253, -117.83643], [33.63958, -117.83311], [33.64181, -117.83739], [33.63954, -117.83313], [33.64146, -117.83755], [33.63956, -117.83304], [33.63963, -117.83327], [33.63954, -117.83313], [33.6418, -117.83737], [33.63951, -117.83293], [33.63948, -117.83307], [33.64271, -117.83628], [33.64247, -117.83641], [33.63965, -117.83326], [33.63947, -117.83289], [33.6395, -117.83303], [33.63973, -117.8374], [33.63973, -117.83334], [33.64189, -117.83733], [33.63974, -117.83335], [33.6285, -117.8061], [33.63964, -117.83309], [33.64172, -117.83736], [33.63947, -117.83283], [33.6396, -117.83318], [33.64256, -117.83614], [33.64156, -117.83745], [33.63967, -117.83327], [33.63904, -117.83342], [33.63954, -117.83297], [33.64184, -117.83735], [33.63961, -117.83311], [33.6395, -117.83314], [33.63956, -117.83287], [33.63966, -117.83338], [33.63976, -117.83332], [33.63954, -117.83303], [33.63977, -117.8332], [33.64192, -117.83734], [33.63956, -117.83302], [33.6395, -117.83287], [33.63963, -117.83321], [33.63952, -117.83313], [33.63956, -117.83307], [33.63946, -117.83288], [33.64267, -117.83627], [33.63913, -117.83631], [33.63951, -117.83289], [33.64157, -117.83744], [33.6396, -117.83305], [33.63965, -117.8333], [33.63958, -117.83311], [33.64181, -117.83741], [33.63945, -117.83287], [33.64159, -117.83745], [33.63955, -117.83304], [33.63971, -117.83337], [33.6395, -117.83296], [33.64129, -117.83664], [33.63971, -117.83324], [33.63969, -117.83335], [33.63955, -117.83291], [33.63946, -117.83306], [33.6427, -117.83621], [33.64249, -117.83646], [33.63958, -117.83294], [33.64165, -117.83747], [33.63951, -117.83306], [33.64168, -117.83748], [33.63974, -117.83326], [33.64181, -117.83736], [33.63975, -117.83329], [33.64186, -117.83744], [33.63971, -117.83339], [33.63966, -117.83335], [33.63951, -117.83299], [33.64212, -117.8373], [33.6395, -117.83292], [33.64128, -117.83673], [33.63953, -117.83297], [33.63971, -117.83324], [33.63951, -117.83302], [33.63953, -117.83295], [33.63955, -117.83292], [33.6395, -117.8331], [33.63954, -117.83309], [33.64254, -117.83645], [33.63974, -117.83336], [33.6417, -117.83739], [33.63951, -117.83291], [33.64166, -117.8374], [33.63956, -117.83296], [33.63971, -117.83323], [33.63957, -117.83308], [33.64175, -117.83746], [33.63919, -117.83457], [33.56461, -117.8299], [33.63976, -117.8333], [33.63948, -117.83289], [33.6396, -117.83306], [33.64161, -117.83744], [33.63973, -117.83324], [33.63967, -117.83336], [33.63972, -117.8333], [33.6395, -117.8331], [33.63958, -117.83304], [33.6395, -117.83292], [33.63967, -117.83323], [33.63945, -117.83303], [33.63976, -117.83333], [33.63963, -117.83323], [33.63952, -117.83296], [33.64136, -117.83756], [33.63952, -117.8329], [33.64176, -117.83735], [33.63959, -117.83306], [33.63953, -117.83313], [33.63958, -117.83295], [33.63961, -117.83324], [33.63962, -117.83314], [33.63968, -117.83338], [33.63955, -117.83298], [33.64173, -117.83741], [33.67638, -117.86301], [33.64192, -117.83738], [33.63962, -117.83306], [33.6397, -117.83337], [33.63962, -117.83323], [33.64166, -117.83739], [33.63954, -117.83293], [33.64185, -117.83734], [33.63962, -117.83306], [33.64152, -117.83748], [33.63955, -117.83284], [33.64155, -117.83746], [33.63964, -117.83323], [33.64184, -117.83746]]","[[33.646969400390674, -117.82671566698643], [33.64128298534142, -117.83448419184103], [33.64452790929779, -117.83012270866197]]","[7, 6, 4]","[946.5976538327949, 11.244027752774484, 530.4501033309826]",0.20341920852661133,233.01186084747314
3,200,95,"[33.64025067958688, -117.83443429448087]","[33.640719778318555, -117.83528185688559]",94.28617236340932,"[[33.63962, -117.83319], [33.6395, -117.83293], [33.63954, -117.83309], [33.64254, -117.83645], [33.63962, -117.83323], [33.64166, -117.83739], [33.64265, -117.83624], [33.64155, -117.83753], [33.63957, -117.83308], [33.64175, -117.83746], [33.63954, -117.83297], [33.64184, -117.83735], [33.63958, -117.83311], [33.64181, -117.83741], [33.67638, -117.86301], [33.64192, -117.83738], [33.63973, -117.83324], [33.63967, -117.83336], [33.6427, -117.83621], [33.64249, -117.83646], [33.63975, -117.83329], [33.64186, -117.83744], [33.63964, -117.83309], [33.64172, -117.83736], [33.63962, -117.83306], [33.6397, -117.83337], [33.63956, -117.83296], [33.63971, -117.83323], [33.63952, -117.8331], [33.63879, -117.83407], [33.63954, -117.83296], [33.63965, -117.83315], [33.63951, -117.83302], [33.63953, -117.83295], [33.6395, -117.83297], [33.64165, -117.8374], [33.63958, -117.83304], [33.6395, -117.83292], [33.63956, -117.83287], [33.63966, -117.83338], [33.63951, -117.83289], [33.64157, -117.83744], [33.6395, -117.83303], [33.63973, -117.8374], [33.63973, -117.83338], [33.64177, -117.83738], [33.63961, -117.83311], [33.6395, -117.83314], [33.64256, -117.83614], [33.64156, -117.83745], [33.63955, -117.83304], [33.63971, -117.83337], [33.6395, -117.83296], [33.64122, -117.83736], [33.63962, -117.83307], [33.63973, -117.83342], [33.67733, -117.85939], [33.64153, -117.8375], [33.63957, -117.83298], [33.63967, -117.8333], [33.63958, -117.83294], [33.64165, -117.83747], [33.63969, -117.83327], [33.6391, -117.83349], [33.63976, -117.8333], [33.63948, -117.83289], [33.63954, -117.83299], [33.64251, -117.83641], [33.63951, -117.83298], [33.64166, -117.8374], [33.63982, -117.8334], [33.63885, -117.83567], [33.63977, -117.83318], [33.64253, -117.83643], [33.63955, -117.83296], [33.64191, -117.83741], [33.64267, -117.83627], [33.63913, -117.83631], [33.63973, -117.83333], [33.63916, -117.83362], [33.63956, -117.83304], [33.63963, -117.83327], [33.63977, -117.83338], [33.63977, -117.83331], [33.63951, -117.83306], [33.64168, -117.83748], [33.64263, -117.83623], [33.63882, -117.83566], [33.63976, -117.83332], [33.63954, -117.83303], [33.63954, -117.83315], [33.6398, -117.83336], [33.63953, -117.83299], [33.64186, -117.8373], [33.63973, -117.83334], [33.64189, -117.83733], [33.63957, -117.83314], [33.64182, -117.83737], [33.6395, -117.83292], [33.64131, -117.8374], [33.63978, -117.83341], [33.64189, -117.83733], [33.63953, -117.83297], [33.63971, -117.83324], [33.63951, -117.83293], [33.63948, -117.83307], [33.63954, -117.83308], [33.63971, -117.83342], [33.63974, -117.83335], [33.6285, -117.8061], [33.63955, -117.83291], [33.63946, -117.83306], [33.64264, -117.83622], [33.64253, -117.83637], [33.63964, -117.83323], [33.64184, -117.83746], [33.63963, -117.83313], [33.6395, -117.83306], [33.63955, -117.83298], [33.64173, -117.83741], [33.63953, -117.83305], [33.63954, -117.83315], [33.63957, -117.83313], [33.64123, -117.83735], [33.63958, -117.83295], [33.63961, -117.83324], [33.63952, -117.83296], [33.64136, -117.83756], [33.63963, -117.83321], [33.63952, -117.83313], [33.63971, -117.83324], [33.63969, -117.83335], [33.63962, -117.83306], [33.64152, -117.83748], [33.64271, -117.83628], [33.64247, -117.83641], [33.63974, -117.83326], [33.64181, -117.83736], [33.63951, -117.83291], [33.64166, -117.8374], [33.63977, -117.83341], [33.63978, -117.83339], [33.63957, -117.83295], [33.64248, -117.83638], [33.63953, -117.83295], [33.63962, -117.83316], [33.63947, -117.83283], [33.6396, -117.83318], [33.63974, -117.83335], [33.64254, -117.83647], [33.63972, -117.8333], [33.6395, -117.8331], [33.63961, -117.83312], [33.64156, -117.83746], [33.6396, -117.83305], [33.63965, -117.8333], [33.63966, -117.8332], [33.64168, -117.83741], [33.63957, -117.83305], [33.63948, -117.83289], [33.63959, -117.83306], [33.63953, -117.83313], [33.63952, -117.8329], [33.64176, -117.83735], [33.63954, -117.83313], [33.64146, -117.83755], [33.63977, -117.8332], [33.64192, -117.83734], [33.63894, -117.83459], [33.56461, -117.8299], [33.63958, -117.83311], [33.64181, -117.83739], [33.63965, -117.83326], [33.63947, -117.83289], [33.63954, -117.83293], [33.64185, -117.83734], [33.62832, -117.80591], [33.64253, -117.83684], [33.63955, -117.83292], [33.6395, -117.8331], [33.63956, -117.83307], [33.63946, -117.83288], [33.6396, -117.83307], [33.6416, -117.83743], [33.63977, -117.83332], [33.63979, -117.83337], [33.63976, -117.83333], [33.63963, -117.83323], [33.6396, -117.83306], [33.64161, -117.83744]]","[[33.64697414785551, -117.8267187125542], [33.64452383840955, -117.83011360090391], [33.64577280583255, -117.82841918194929]]","[4, 4, 4]","[1054.651208159688, 638.6752798386113, 848.1943629689805]",0.20425105094909668,699.1582455635071
4,200,80,"[33.64025067958688, -117.83443429448087]","[33.64097221482667, -117.83376359264966]",101.37249305815183,"[[33.63969, -117.83217], [33.63976, -117.83164], [33.6397, -117.8322], [33.6398, -117.83173], [33.63975, -117.83154], [33.63973, -117.8374], [33.63964, -117.83208], [33.64254, -117.83647], [33.6398, -117.83158], [33.64152, -117.83748], [33.63963, -117.83211], [33.6397, -117.83144], [33.63984, -117.83199], [33.64123, -117.83735], [33.63987, -117.83205], [33.63973, -117.83153], [33.63969, -117.83141], [33.64212, -117.8373], [33.63948, -117.8313], [33.63908, -117.83148], [33.63964, -117.83132], [33.64182, -117.83737], [33.63979, -117.83165], [33.63971, -117.83149], [33.63959, -117.83183], [33.64254, -117.83645], [33.63973, -117.83151], [33.64176, -117.83735], [33.63979, -117.83162], [33.63976, -117.8316], [33.63986, -117.8319], [33.64173, -117.83741], [33.63985, -117.83199], [33.6391, -117.83349], [33.63958, -117.832], [33.63982, -117.83196], [33.63967, -117.83213], [33.63972, -117.83154], [33.67638, -117.86301], [33.64192, -117.83738], [33.6397, -117.83135], [33.64186, -117.83744], [33.63967, -117.83109], [33.64172, -117.83736], [33.6398, -117.83166], [33.63978, -117.83171], [33.64267, -117.83627], [33.63913, -117.83631], [33.63982, -117.83176], [33.64191, -117.83741], [33.63975, -117.83216], [33.6397, -117.83151], [33.6396, -117.83124], [33.64177, -117.83738], [33.63946, -117.83125], [33.63975, -117.83165], [33.64271, -117.83628], [33.64247, -117.83641], [33.63977, -117.83184], [33.64184, -117.83746], [33.63976, -117.83151], [33.6416, -117.83743], [33.63971, -117.83134], [33.64189, -117.83733], [33.63968, -117.83139], [33.64248, -117.83638], [33.63986, -117.83197], [33.64175, -117.83746], [33.63984, -117.83202], [33.63949, -117.83139], [33.63968, -117.83214], [33.63977, -117.83167], [33.63936, -117.83114], [33.63985, -117.83197], [33.63988, -117.83195], [33.64165, -117.83747], [33.63985, -117.83201], [33.64181, -117.83741], [33.67733, -117.85939], [33.64153, -117.8375], [33.63936, -117.83103], [33.63972, -117.83161], [33.6396, -117.83118], [33.6418, -117.83737], [33.63933, -117.83103], [33.63879, -117.83407], [33.63972, -117.8321], [33.63976, -117.83173], [33.63941, -117.83118], [33.63916, -117.83362], [33.63978, -117.83156], [33.64185, -117.83734], [33.63982, -117.83158], [33.63975, -117.83159], [33.63963, -117.83123], [33.6418, -117.83738], [33.63955, -117.83169], [33.63973, -117.83152], [33.6398, -117.83166], [33.63974, -117.83158], [33.63979, -117.83167], [33.63974, -117.83154], [33.63978, -117.83155], [33.63972, -117.83148], [33.63971, -117.83146], [33.64186, -117.8373], [33.6427, -117.83621], [33.64249, -117.83646], [33.63986, -117.83206], [33.64181, -117.83739], [33.63974, -117.83149], [33.64181, -117.83736], [33.63827, -117.83413], [33.63906, -117.83341], [33.63958, -117.83181], [33.63978, -117.83159], [33.63977, -117.83151], [33.6397, -117.83153], [33.63985, -117.83196], [33.64251, -117.83641], [33.63971, -117.8316], [33.64168, -117.83748], [33.63967, -117.83141], [33.64146, -117.83755], [33.63954, -117.83159], [33.63846, -117.83387], [33.63981, -117.8318], [33.64157, -117.83744], [33.62832, -117.80591], [33.64253, -117.83684], [33.6394, -117.83116], [33.63985, -117.83197], [33.63913, -117.83324], [33.63918, -117.83326], [33.63965, -117.83214], [33.63904, -117.83342], [33.63974, -117.83148], [33.63965, -117.832], [33.63972, -117.83147], [33.64185, -117.83745], [33.64264, -117.83622], [33.64253, -117.83637], [33.64263, -117.83623], [33.63882, -117.83566], [33.64251, -117.83645], [33.64252, -117.83645], [33.63958, -117.8311], [33.63971, -117.83147], [33.6398, -117.83163], [33.64184, -117.83735], [33.63987, -117.83202], [33.64192, -117.83734], [33.63966, -117.83203], [33.6398, -117.83173], [33.63969, -117.83134], [33.64166, -117.83739], [33.63938, -117.8311], [33.63986, -117.83195], [33.63976, -117.83164], [33.64166, -117.8374]]","[[33.64095883400891, -117.83376929037748], [33.6410982261445, -117.81391454870545], [33.6451448245798, -117.83044045459474]]","[4, 3, 3]","[1.5754660464823675, 1841.4800884414112, 556.0864506828335]",0.6418874263763428,585.2604472637177
5,200,95,"[33.64025067958688, -117.83443429448087]","[33.64086347312513, -117.83347417121188]",112.04311356816157,"[[33.63977, -117.83164], [33.64189, -117.83733], [33.63979, -117.83161], [33.64155, -117.83746], [33.63953, -117.83151], [33.63962, -117.83128], [33.63979, -117.83167], [33.63974, -117.83154], [33.63971, -117.83146], [33.64186, -117.8373], [33.63957, -117.83152], [33.6397, -117.83151], [33.63977, -117.83163], [33.63973, -117.83153], [33.63977, -117.83151], [33.6397, -117.83153], [33.63946, -117.83125], [33.63975, -117.83165], [33.63936, -117.83114], [33.63978, -117.83165], [33.63976, -117.8316], [33.64253, -117.83643], [33.6398, -117.83163], [33.64184, -117.83735], [33.63968, -117.83133], [33.64156, -117.83746], [33.6427, -117.83621], [33.64249, -117.83646], [33.63959, -117.83112], [33.64181, -117.83739], [33.63967, -117.83141], [33.64146, -117.83755], [33.64256, -117.83614], [33.64156, -117.83745], [33.63972, -117.83145], [33.63978, -117.83168], [33.6398, -117.83166], [33.63974, -117.83158], [33.63808, -117.83428], [33.63844, -117.83401], [33.63948, -117.83144], [33.63972, -117.83147], [33.63975, -117.83154], [33.64159, -117.83745], [33.63977, -117.83151], [33.64105, -117.83586], [33.63966, -117.83137], [33.63976, -117.83164], [33.6398, -117.83166], [33.63978, -117.83171], [33.63952, -117.83153], [33.63976, -117.83164], [33.63941, -117.83118], [33.64101, -117.83577], [33.63967, -117.83109], [33.64172, -117.83736], [33.63933, -117.83103], [33.63879, -117.83407], [33.63979, -117.83162], [33.63976, -117.8316], [33.63969, -117.83141], [33.64212, -117.8373], [33.63976, -117.83167], [33.63949, -117.83139], [33.63969, -117.83134], [33.64166, -117.83739], [33.64265, -117.83624], [33.64155, -117.83753], [33.64267, -117.83627], [33.63913, -117.83631], [33.63978, -117.83164], [33.64165, -117.8374], [33.63972, -117.83147], [33.64185, -117.83745], [33.63974, -117.83149], [33.64181, -117.83736], [33.63937, -117.83113], [33.6398, -117.83173], [33.63936, -117.83103], [33.63972, -117.83161], [33.63975, -117.83154], [33.63973, -117.8374], [33.6398, -117.83154], [33.63975, -117.83154], [33.63974, -117.83159], [33.64123, -117.83735], [33.63979, -117.83165], [33.63971, -117.83149], [33.63978, -117.83159], [33.64166, -117.8374], [33.6394, -117.83107], [33.63973, -117.83157], [33.6398, -117.83158], [33.64152, -117.83748], [33.6394, -117.83116], [33.6398, -117.83167], [33.63935, -117.83113], [33.63977, -117.83167], [33.63973, -117.83151], [33.64176, -117.83735], [33.63977, -117.83162], [33.64131, -117.8374], [33.63978, -117.83155], [33.63972, -117.83148], [33.63954, -117.83159], [33.63846, -117.83387], [33.63933, -117.83098], [33.63885, -117.83567], [33.64271, -117.83628], [33.64247, -117.83641], [33.63963, -117.83123], [33.6418, -117.83738], [33.63978, -117.83156], [33.64185, -117.83734], [33.63976, -117.83158], [33.64192, -117.83734], [33.63973, -117.83143], [33.64168, -117.83741], [33.63971, -117.8316], [33.64168, -117.83748], [33.63953, -117.83159], [33.64254, -117.83647], [33.63951, -117.83148], [33.63974, -117.83155], [33.6397, -117.83135], [33.64186, -117.83744], [33.63943, -117.83132], [33.63904, -117.83342], [33.63976, -117.83156], [33.64175, -117.83746], [33.64175, -117.83548], [33.6285, -117.8061], [33.64263, -117.83623], [33.63882, -117.83566], [33.63974, -117.83148], [33.63948, -117.83139], [33.63976, -117.83151], [33.6416, -117.83743], [33.64251, -117.83645], [33.64252, -117.83645], [33.6397, -117.83151], [33.64177, -117.83746], [33.63959, -117.83175], [33.63974, -117.83156], [33.63964, -117.83132], [33.64182, -117.83737], [33.67638, -117.86301], [33.64192, -117.83738], [33.63945, -117.83127], [33.63978, -117.83164], [33.63942, -117.83138], [33.63976, -117.83166], [33.63961, -117.83179], [33.63976, -117.83173], [33.63955, -117.83169], [33.63973, -117.83152], [33.63942, -117.83129], [33.64136, -117.83756], [33.63976, -117.83157], [33.64157, -117.83744], [33.63894, -117.83459], [33.56461, -117.8299], [33.63976, -117.83164], [33.64166, -117.8374], [33.64264, -117.83622], [33.64253, -117.83637], [33.63954, -117.83162], [33.63974, -117.83165], [33.6394, -117.83118], [33.63978, -117.83171], [33.63966, -117.83123], [33.64191, -117.83741], [33.63974, -117.83148], [33.64251, -117.83641], [33.63958, -117.8311], [33.63971, -117.83147], [33.67733, -117.85939], [33.64153, -117.8375], [33.63958, -117.83169], [33.6417, -117.83739], [33.63982, -117.83158], [33.63975, -117.83159], [33.63976, -117.83156], [33.64122, -117.83736], [33.63958, -117.83181], [33.63978, -117.83159], [33.6396, -117.83118], [33.6418, -117.83737], [33.63959, -117.83191], [33.63972, -117.83154]]","[[33.64514563787779, -117.83044534329079], [33.63767619403578, -117.83192854449821], [33.64823056847027, -117.82769679568781]]","[7, 4, 3]","[551.8502253550474, 381.49430785382185, 977.2135690982371]",0.37526869773864746,740.8494884967804
6,200,84,"[33.64025067958688, -117.83443429448087]","[33.63944661081174, -117.8344265759953]",89.186884732233,"[[33.63968, -117.83139], [33.64248, -117.83638], [33.63974, -117.83148], [33.64251, -117.83641], [33.63986, -117.8319], [33.64173, -117.83741], [33.63977, -117.83151], [33.64105, -117.83586], [33.67733, -117.85939], [33.64153, -117.8375], [33.63979, -117.83165], [33.63971, -117.83149], [33.64175, -117.83548], [33.6285, -117.8061], [33.63974, -117.83159], [33.64123, -117.83735], [33.63946, -117.83125], [33.63975, -117.83165], [33.63977, -117.83162], [33.64131, -117.8374], [33.6398, -117.83158], [33.64152, -117.83748], [33.63974, -117.83149], [33.64181, -117.83736], [33.63978, -117.83155], [33.63972, -117.83148], [33.6398, -117.83154], [33.63975, -117.83154], [33.63763, -117.83471], [33.56461, -117.8299], [33.63948, -117.8313], [33.63908, -117.83148], [33.63979, -117.83167], [33.63974, -117.83154], [33.62832, -117.80591], [33.64253, -117.83684], [33.64251, -117.83645], [33.64252, -117.83645], [33.63951, -117.83148], [33.63974, -117.83155], [33.63747, -117.83489], [33.63735, -117.83506], [33.64263, -117.83623], [33.63746, -117.83368], [33.63953, -117.83151], [33.63962, -117.83128], [33.63978, -117.83164], [33.64165, -117.8374], [33.63998, -117.83224], [33.64161, -117.83744], [33.63935, -117.83113], [33.63977, -117.83167], [33.63973, -117.83143], [33.64168, -117.83741], [33.63948, -117.83144], [33.63972, -117.83147], [33.63976, -117.83151], [33.6416, -117.83743], [33.6397, -117.83135], [33.64186, -117.83744], [33.6398, -117.83163], [33.64184, -117.83735], [33.63964, -117.83132], [33.64182, -117.83737], [33.6397, -117.83151], [33.64177, -117.83746], [33.63937, -117.83113], [33.6398, -117.83173], [33.63977, -117.83164], [33.64189, -117.83733], [33.63979, -117.83161], [33.64155, -117.83746], [33.63991, -117.8322], [33.64182, -117.83733], [33.63976, -117.83158], [33.64192, -117.83734], [33.63963, -117.83123], [33.6418, -117.83738], [33.63975, -117.83154], [33.64159, -117.83745], [33.63971, -117.83146], [33.64186, -117.8373], [33.63974, -117.83148], [33.63948, -117.83139], [33.63958, -117.8311], [33.63971, -117.83147], [33.64256, -117.83614], [33.64156, -117.83745], [33.63966, -117.83137], [33.63976, -117.83164], [33.63971, -117.8316], [33.64168, -117.83748], [33.6394, -117.83118], [33.63978, -117.83171], [33.63973, -117.83151], [33.64176, -117.83735], [33.63996, -117.83229], [33.63997, -117.83235], [33.63953, -117.83159], [33.64254, -117.83647], [33.67638, -117.86301], [33.64192, -117.83738], [33.63972, -117.83145], [33.63978, -117.83168], [33.63958, -117.83169], [33.6417, -117.83739], [33.63936, -117.83103], [33.63972, -117.83161], [33.63976, -117.83167], [33.63949, -117.83139], [33.63985, -117.83201], [33.64181, -117.83741], [33.63933, -117.83098], [33.63974, -117.83152], [33.63942, -117.83138], [33.63976, -117.83166], [33.64265, -117.83624], [33.64155, -117.83753], [33.63936, -117.83114], [33.63978, -117.83165], [33.63954, -117.83162], [33.63974, -117.83165], [33.6394, -117.83116], [33.6398, -117.83167], [33.63968, -117.83133], [33.64156, -117.83746], [33.63945, -117.83127], [33.63978, -117.83164], [33.63967, -117.83109], [33.64172, -117.83736], [33.63976, -117.8316], [33.64253, -117.83643], [33.6398, -117.83166], [33.63978, -117.83171], [33.6396, -117.83118], [33.6418, -117.83737], [33.63971, -117.83134], [33.64189, -117.83733], [33.6427, -117.83621], [33.64249, -117.83646], [33.63978, -117.83159], [33.64166, -117.8374], [33.6398, -117.83166], [33.63974, -117.83158], [33.63979, -117.83162], [33.63976, -117.8316], [33.63976, -117.83164], [33.64166, -117.8374], [33.64271, -117.83628], [33.64247, -117.83641], [33.63933, -117.83103], [33.6376, -117.83485], [33.63975, -117.83154], [33.63973, -117.8374], [33.63955, -117.83169], [33.63973, -117.83152], [33.63952, -117.83153], [33.63976, -117.83164], [33.63972, -117.83147], [33.64185, -117.83745], [33.63954, -117.83159], [33.63738, -117.83504], [33.6396, -117.83124], [33.64177, -117.83738], [33.63958, -117.83181], [33.63978, -117.83159], [33.63943, -117.83132], [33.6396, -117.83211]]","[[33.64518120731824, -117.83046271332655], [33.64158850977054, -117.83126568593433], [33.643241674708435, -117.83882085977201]]","[4, 3, 3]","[734.7068361366698, 377.40030273768843, 585.9811139731842]",0.217498779296875,678.7278587818146
7,200,88,"[33.64025067958688, -117.83443429448087]","[33.6388195859482, -117.83394420162865]",165.11459758084163,"[[33.63935, -117.83113], [33.63977, -117.83167], [33.63946, -117.83125], [33.63975, -117.83165], [33.63959, -117.83175], [33.63974, -117.83156], [33.63957, -117.8318], [33.63982, -117.83196], [33.63976, -117.8316], [33.64253, -117.83643], [33.63967, -117.83109], [33.64172, -117.83736], [33.63945, -117.83127], [33.63978, -117.83164], [33.63958, -117.8311], [33.63971, -117.83147], [33.63961, -117.83179], [33.63976, -117.83173], [33.63974, -117.83159], [33.64123, -117.83735], [33.6398, -117.83158], [33.64152, -117.83748], [33.63952, -117.83153], [33.63976, -117.83164], [33.63972, -117.83145], [33.63978, -117.83168], [33.63973, -117.83143], [33.64168, -117.83741], [33.63959, -117.83191], [33.63972, -117.83154], [33.63998, -117.83224], [33.64161, -117.83744], [33.63977, -117.83164], [33.64189, -117.83733], [33.64265, -117.83624], [33.64155, -117.83753], [33.63966, -117.83123], [33.64191, -117.83741], [33.63941, -117.83118], [33.64101, -117.83577], [33.64267, -117.83627], [33.63913, -117.83631], [33.63978, -117.83155], [33.63972, -117.83148], [33.63976, -117.83164], [33.64166, -117.8374], [33.64271, -117.83628], [33.64247, -117.83641], [33.63959, -117.83112], [33.64181, -117.83739], [33.67638, -117.86301], [33.64192, -117.83738], [33.63976, -117.83151], [33.6416, -117.83743], [33.64175, -117.83548], [33.6285, -117.8061], [33.63974, -117.83148], [33.63948, -117.83139], [33.64256, -117.83614], [33.64156, -117.83745], [33.63975, -117.83154], [33.64159, -117.83745], [33.63943, -117.83132], [33.63935, -117.83125], [33.6396, -117.83124], [33.64177, -117.83738], [33.63935, -117.83123], [33.6397, -117.83144], [33.63971, -117.83146], [33.64186, -117.8373], [33.63971, -117.83134], [33.64189, -117.83733], [33.64264, -117.83622], [33.64253, -117.83637], [33.63978, -117.83156], [33.64185, -117.83734], [33.63972, -117.83147], [33.64185, -117.83745], [33.63979, -117.83165], [33.63971, -117.83149], [33.6398, -117.83166], [33.63974, -117.83158], [33.63976, -117.83156], [33.64175, -117.83746], [33.6397, -117.83135], [33.64186, -117.83744], [33.64263, -117.83623], [33.63807, -117.83188], [33.6427, -117.83621], [33.64249, -117.83646], [33.63977, -117.83163], [33.63973, -117.83153], [33.63953, -117.83151], [33.63962, -117.83128], [33.63958, -117.83181], [33.63978, -117.83159], [33.6398, -117.83154], [33.63975, -117.83154], [33.6394, -117.83107], [33.63973, -117.83157], [33.63968, -117.83133], [33.64156, -117.83746], [33.63977, -117.83151], [33.6397, -117.83153], [33.67733, -117.85939], [33.64153, -117.8375], [33.63936, -117.83114], [33.63978, -117.83165], [33.63976, -117.83157], [33.64157, -117.83744], [33.63969, -117.83141], [33.64212, -117.8373], [33.63948, -117.8313], [33.63908, -117.83148], [33.63979, -117.83167], [33.63974, -117.83154], [33.63974, -117.83148], [33.64251, -117.83641], [33.62832, -117.80591], [33.64253, -117.83684], [33.63976, -117.83158], [33.64192, -117.83734], [33.63957, -117.83152], [33.6397, -117.83151], [33.63942, -117.83129], [33.64136, -117.83756], [33.6395, -117.83145], [33.6398, -117.83173], [33.63976, -117.83156], [33.64122, -117.83736], [33.63979, -117.83162], [33.63976, -117.8316], [33.63977, -117.83184], [33.64184, -117.83746], [33.63937, -117.83113], [33.6398, -117.83173], [33.63942, -117.83138], [33.63976, -117.83166], [33.63982, -117.83158], [33.63975, -117.83159], [33.63933, -117.83098], [33.63974, -117.83152], [33.63975, -117.83154], [33.63973, -117.8374], [33.63959, -117.83183], [33.64254, -117.83645], [33.63722, -117.83516], [33.6372, -117.83518], [33.63964, -117.83132], [33.64182, -117.83737], [33.64251, -117.83645], [33.64252, -117.83645], [33.63979, -117.83161], [33.64155, -117.83746], [33.63966, -117.83137], [33.63976, -117.83164], [33.63719, -117.83511], [33.56461, -117.8299], [33.63986, -117.8319], [33.64173, -117.83741], [33.63978, -117.83159], [33.64166, -117.8374], [33.63951, -117.83148], [33.63974, -117.83155], [33.63978, -117.83164], [33.64165, -117.8374], [33.63974, -117.83149], [33.64181, -117.83736], [33.63985, -117.83201], [33.64181, -117.83741], [33.63969, -117.83134], [33.64166, -117.83739], [33.6394, -117.83118], [33.63978, -117.83171], [33.63936, -117.83103], [33.63972, -117.83161]]","[[33.64518878245598, -117.8304873290989], [33.64823056847027, -117.82769679568781]]","[4, 3]","[775.8292117841524, 1193.93169550974]",0.17407441139221191,791.9733319282532
8,200,43,"[33.64025067958688, -117.83443429448087]","[33.640356156661994, -117.83537552614976]",88.1005123133362,"[[33.63958, -117.8311], [33.63971, -117.83147], [33.63955, -117.83169], [33.63973, -117.83152], [33.63971, -117.83146], [33.64186, -117.8373], [33.64251, -117.83645], [33.64252, -117.83645], [33.63958, -117.83181], [33.63978, -117.83159], [33.63971, -117.83134], [33.64189, -117.83733], [33.63933, -117.83103], [33.6376, -117.83485], [33.63972, -117.83145], [33.63978, -117.83168], [33.6395, -117.83145], [33.6398, -117.83173], [33.63978, -117.83164], [33.64165, -117.8374], [33.63976, -117.83151], [33.6416, -117.83743], [33.63977, -117.83163], [33.63973, -117.83153], [33.62832, -117.80591], [33.64253, -117.83684], [33.64263, -117.83623], [33.63807, -117.83188], [33.67733, -117.85939], [33.64153, -117.8375], [33.63959, -117.83191], [33.63972, -117.83154], [33.63976, -117.83156], [33.64175, -117.83746], [33.63938, -117.8311], [33.63986, -117.83195], [33.63978, -117.83155], [33.63972, -117.83148], [33.63978, -117.83156], [33.64185, -117.83734], [33.63982, -117.83158], [33.63975, -117.83159], [33.63985, -117.83201], [33.64181, -117.83741], [33.63941, -117.83118], [33.64122, -117.83732], [33.6398, -117.83166], [33.63978, -117.83171], [33.63827, -117.83413], [33.63906, -117.83341], [33.63936, -117.83103], [33.63972, -117.83161], [33.63968, -117.83139], [33.64248, -117.83638], [33.63977, -117.83151], [33.64123, -117.8373], [33.63954, -117.83162], [33.63974, -117.83165], [33.64267, -117.83627], [33.63827, -117.83591], [33.63936, -117.83114], [33.63978, -117.83165], [33.63935, -117.83123], [33.6397, -117.83144], [33.63976, -117.83156], [33.64122, -117.83736], [33.63969, -117.83134], [33.64166, -117.83739], [33.63979, -117.83161], [33.64155, -117.83746], [33.6397, -117.83151], [33.64177, -117.83746], [33.63937, -117.83113], [33.6398, -117.83173], [33.6427, -117.83621], [33.64249, -117.83646], [33.6397, -117.83135], [33.64186, -117.83744], [33.63959, -117.83175], [33.63974, -117.83156], [33.63948, -117.83144], [33.63972, -117.83147], [33.63996, -117.83229], [33.63997, -117.83235], [33.6398, -117.83163], [33.64184, -117.83735]]","[[33.64513722956519, -117.83043597681123], [33.652671545616585, -117.82374628961516], [33.63942504336936, -117.83756544191999]]","[4, 3, 3]","[700.85640817725, 1740.5980876183346, 227.90709547479634]",0.12064075469970703,216.24912190437317
9,200,78,"[33.64025067958688, -117.83443429448087]","[33.63974482863662, -117.83295683643804]",148.1065643542737,"[[33.63941, -117.83065], [33.64166, -117.8374], [33.63929, -117.83036], [33.64185, -117.83734], [33.63919, -117.83063], [33.63938, -117.83057], [33.63925, -117.83074], [33.64254, -117.83645], [33.63937, -117.83052], [33.63939, -117.83066], [33.63935, -117.8306], [33.64177, -117.83746], [33.63929, -117.83036], [33.64253, -117.83643], [33.63938, -117.83054], [33.64175, -117.83746], [33.63933, -117.8304], [33.64189, -117.83733], [33.63942, -117.83058], [33.64152, -117.83748], [33.6427, -117.83621], [33.64249, -117.83646], [33.64267, -117.83627], [33.63827, -117.83591], [33.63921, -117.83078], [33.63944, -117.83074], [33.64175, -117.83548], [33.6285, -117.8061], [33.63926, -117.83084], [33.63947, -117.8308], [33.63934, -117.83049], [33.64185, -117.83745], [33.63929, -117.8304], [33.64157, -117.83744], [33.6391, -117.83055], [33.63939, -117.83063], [33.67733, -117.85939], [33.64153, -117.8375], [33.63916, -117.83054], [33.6394, -117.83068], [33.63923, -117.8304], [33.64184, -117.83746], [33.64256, -117.83614], [33.64156, -117.83745], [33.6392, -117.8306], [33.63867, -117.83116], [33.63783, -117.83455], [33.63806, -117.83433], [33.63947, -117.83077], [33.6394, -117.83065], [33.63915, -117.83055], [33.63913, -117.83065], [33.63937, -117.83054], [33.6394, -117.83061], [33.63941, -117.83064], [33.6394, -117.83066], [33.63936, -117.83046], [33.63937, -117.83056], [33.63917, -117.83051], [33.63939, -117.83064], [33.67638, -117.86301], [33.64192, -117.83738], [33.63923, -117.83084], [33.63936, -117.83057], [33.63938, -117.83055], [33.63922, -117.83071], [33.63924, -117.83088], [33.63939, -117.83064], [33.63924, -117.83074], [33.6389, -117.82961], [33.63935, -117.83041], [33.64172, -117.83736], [33.63945, -117.83074], [33.64176, -117.83735], [33.63934, -117.83052], [33.63973, -117.8374], [33.63914, -117.83065], [33.63916, -117.8302], [33.63944, -117.8307], [33.64251, -117.83641], [33.63934, -117.83059], [33.64212, -117.8373], [33.63915, -117.83065], [33.63945, -117.83074], [33.63926, -117.83043], [33.64146, -117.83755], [33.64263, -117.83623], [33.63807, -117.83188], [33.6393, -117.83043], [33.64184, -117.83735], [33.63944, -117.83071], [33.64189, -117.83733], [33.63914, -117.83054], [33.64122, -117.83732], [33.6393, -117.83033], [33.64186, -117.83744], [33.63942, -117.83057], [33.63939, -117.83059], [33.63916, -117.83061], [33.6394, -117.83063], [33.6392, -117.83065], [33.63937, -117.83063], [33.63932, -117.83037], [33.64168, -117.83741], [33.63931, -117.83034], [33.64165, -117.83747], [33.63913, -117.8306], [33.63935, -117.83052], [33.63942, -117.83064], [33.6416, -117.83743], [33.6394, -117.83064], [33.63943, -117.8306], [33.63937, -117.83055], [33.64182, -117.83733], [33.63913, -117.83058], [33.64254, -117.83647], [33.63932, -117.83085], [33.63938, -117.83062], [33.63914, -117.83056], [33.63942, -117.83067], [33.63942, -117.83063], [33.64181, -117.83736], [33.6393, -117.83038], [33.64123, -117.83735], [33.63943, -117.83066], [33.63934, -117.83059], [33.63922, -117.83078], [33.64136, -117.83756], [33.63928, -117.8304], [33.64165, -117.8374], [33.63939, -117.83059], [33.63938, -117.83065], [33.63941, -117.83058], [33.6394, -117.83064], [33.63936, -117.83062], [33.64182, -117.83737], [33.63948, -117.83077], [33.64122, -117.83736], [33.63722, -117.83516], [33.6372, -117.83518], [33.64271, -117.83628], [33.64247, -117.83641], [33.63939, -117.83061], [33.64186, -117.8373], [33.63907, -117.83057], [33.63938, -117.83063], [33.63944, -117.83063], [33.64161, -117.83744], [33.63931, -117.83038], [33.64131, -117.8374], [33.63911, -117.83056], [33.6417, -117.83739], [33.63924, -117.8308], [33.6376, -117.83485], [33.63943, -117.83065], [33.63942, -117.83068]]","[[33.64960418910934, -117.82625076141004], [33.651124848422185, -117.82497210038176], [33.65266339663939, -117.82373718964215]]","[9, 9, 8]","[1258.130365343947, 1463.516154572862, 1668.7182449830377]",0.3769054412841797,596.0498614311218
0,400,55,"[33.64025067958688, -117.83443429448087]","[33.640699860185485, -117.83257360707972]",179.66588275782743,"[[33.64273, -117.83628], [33.64156, -117.83745], [33.64354, -117.82944], [33.64184, -117.83746], [33.64333, -117.82948], [33.64159, -117.83745], [33.64421, -117.82934], [33.64175, -117.83746], [33.63719, -117.83511], [33.56461, -117.8299], [33.63841, -117.8288], [33.63854, -117.82896], [33.63823, -117.82909], [33.63859, -117.82904], [33.63831, -117.82911], [33.63844, -117.82888], [33.64348, -117.82946], [33.64254, -117.83647], [33.63854, -117.82894], [33.6385, -117.82895], [33.64325, -117.82948], [33.64122, -117.83736], [33.64324, -117.82948], [33.64123, -117.83735], [33.6433, -117.82949], [33.6416, -117.83743], [33.63825, -117.82909], [33.63846, -117.8289], [33.64267, -117.83627], [33.63827, -117.83591], [33.6433, -117.82948], [33.6418, -117.83738], [33.63835, -117.82875], [33.63849, -117.82894], [33.64339, -117.82949], [33.64172, -117.83736], [33.64351, -117.82944], [33.64186, -117.8373], [33.64419, -117.82934], [33.64182, -117.83733], [33.64416, -117.82932], [33.64168, -117.83741], [33.63824, -117.8291], [33.63846, -117.82888], [33.64322, -117.82947], [33.64185, -117.83745], [33.63858, -117.82903], [33.63846, -117.82894], [33.64265, -117.83624], [33.64155, -117.83753], [33.64401, -117.82934], [33.64189, -117.83733], [33.63836, -117.82912], [33.63738, -117.83504], [33.64337, -117.82945], [33.64332, -117.82943], [33.6437, -117.82945], [33.64192, -117.83734], [33.64355, -117.82943], [33.64212, -117.8373], [33.63827, -117.82918], [33.6385, -117.82895], [33.63846, -117.82882], [33.63851, -117.82895], [33.63843, -117.82878], [33.63851, -117.82893], [33.64323, -117.82948], [33.64191, -117.83741], [33.64325, -117.82949], [33.64185, -117.83734], [33.63809, -117.82888], [33.6385, -117.82899], [33.63848, -117.82882], [33.6385, -117.8289], [33.63835, -117.82919], [33.63859, -117.82905], [33.63817, -117.82894], [33.63848, -117.82896], [33.63857, -117.82902], [33.63858, -117.82901], [33.63823, -117.82907], [33.63855, -117.82903], [33.63838, -117.82926], [33.63855, -117.82901], [33.64334, -117.82952], [33.64251, -117.83641], [33.63822, -117.82904], [33.63834, -117.82929], [33.64348, -117.82947], [33.64166, -117.8374], [33.64251, -117.83645], [33.64252, -117.83645], [33.64264, -117.83622], [33.64253, -117.83637], [33.64375, -117.82944], [33.64176, -117.83735], [33.63833, -117.82921], [33.63847, -117.8289], [33.64412, -117.82936], [33.64156, -117.83746], [33.6427, -117.83621], [33.64249, -117.83646], [33.63833, -117.8292], [33.63855, -117.82901], [33.67733, -117.85939], [33.64153, -117.8375], [33.64381, -117.82943], [33.64248, -117.83638], [33.63826, -117.82903], [33.63844, -117.82889]]","[[33.64072389964904, -117.83256732111661], [33.64141504753495, -117.82338730207721], [33.64224215564537, -117.81439399771509]]","[25, 15, 9]","[2.729385868552638, 855.911623719676, 1695.1958019426415]",0.6160585880279541,313.66779589653015
1,400,85,"[33.64025067958688, -117.83443429448087]","[33.64231813445965, -117.83271077018377]",279.55450541562595,"[[33.63928, -117.83031], [33.64165, -117.8374], [33.64477, -117.82933], [33.64247, -117.83706], [33.67733, -117.85939], [33.64153, -117.8375], [33.63841, -117.8288], [33.63854, -117.82896], [33.63914, -117.83054], [33.64122, -117.83732], [33.63929, -117.83035], [33.64181, -117.83741], [33.64468, -117.82928], [33.64131, -117.8374], [33.64463, -117.82933], [33.64166, -117.8374], [33.63931, -117.8303], [33.64123, -117.8373], [33.63838, -117.82926], [33.63855, -117.82901], [33.63719, -117.83511], [33.56461, -117.8299], [33.64505, -117.82929], [33.64189, -117.83733], [33.63831, -117.82911], [33.63844, -117.82888], [33.64544, -117.83521], [33.6285, -117.8061], [33.63846, -117.82882], [33.63851, -117.82895], [33.63833, -117.8292], [33.63855, -117.82901], [33.64535, -117.83525], [33.64156, -117.83745], [33.63879, -117.83], [33.63922, -117.83024], [33.6391, -117.83048], [33.63918, -117.83023], [33.64508, -117.82931], [33.64182, -117.83733], [33.64487, -117.82931], [33.64156, -117.83746], [33.64472, -117.82928], [33.64471, -117.82926], [33.64438, -117.82904], [33.63918, -117.83024], [33.64535, -117.83519], [33.64155, -117.83753], [33.64464, -117.82933], [33.64181, -117.83736], [33.64539, -117.83522], [33.64237, -117.83715], [33.64484, -117.82932], [33.64165, -117.83747], [33.64486, -117.82931], [33.64175, -117.83746], [33.6448, -117.82933], [33.64159, -117.83745], [33.64485, -117.82933], [33.64267, -117.83707], [33.63912, -117.83044], [33.63881, -117.82948], [33.63822, -117.82904], [33.63834, -117.82929], [33.63783, -117.83455], [33.63806, -117.83433], [33.63836, -117.82912], [33.63738, -117.83504], [33.63911, -117.83056], [33.6417, -117.83739], [33.63848, -117.82882], [33.6385, -117.8289], [33.64495, -117.82931], [33.64191, -117.83741], [33.64487, -117.82928], [33.64238, -117.83713], [33.63924, -117.83032], [33.63915, -117.83024], [33.64548, -117.83517], [33.64541, -117.83539], [33.63722, -117.83516], [33.6372, -117.83518], [33.63883, -117.83002], [33.63867, -117.83116], [33.64483, -117.82932], [33.64176, -117.83735], [33.63827, -117.82918], [33.6385, -117.82895], [33.63916, -117.8301], [33.63923, -117.83031], [33.64479, -117.82932], [33.64152, -117.83748], [33.63929, -117.83035], [33.64146, -117.83755], [33.64481, -117.8293], [33.64212, -117.8373], [33.63927, -117.83039], [33.63973, -117.8374], [33.64475, -117.82933], [33.64192, -117.83734], [33.6445, -117.82906], [33.64239, -117.83717], [33.63809, -117.82888], [33.6385, -117.82899], [33.63823, -117.82907], [33.63855, -117.82903], [33.63928, -117.83038], [33.6418, -117.83737], [33.6391, -117.83055], [33.63922, -117.8303], [33.6388, -117.83003], [33.63919, -117.83027], [33.63824, -117.8291], [33.63846, -117.82888], [33.64592, -117.83515], [33.63827, -117.83591], [33.6391, -117.83058], [33.63903, -117.82989], [33.63927, -117.83036], [33.64181, -117.83739], [33.63932, -117.83031], [33.64157, -117.83744], [33.6391, -117.83052], [33.63895, -117.82969], [33.63858, -117.82903], [33.63846, -117.82894], [33.64578, -117.83516], [33.6424, -117.83713], [33.63887, -117.83012], [33.63895, -117.82969], [33.6393, -117.83033], [33.64186, -117.83744], [33.63825, -117.82909], [33.63846, -117.8289], [33.64482, -117.82931], [33.64239, -117.83708], [33.63908, -117.8305], [33.6376, -117.83485], [33.67638, -117.86301], [33.64192, -117.83738], [33.64477, -117.82931], [33.64184, -117.83746], [33.63854, -117.82894], [33.6385, -117.82895], [33.63897, -117.82972], [33.63894, -117.82967], [33.64465, -117.82932], [33.64185, -117.83734], [33.64505, -117.82931], [33.64168, -117.83741], [33.64468, -117.82932], [33.64185, -117.83745], [33.6393, -117.83033], [33.64155, -117.83746], [33.63911, -117.83054], [33.64136, -117.83756], [33.64504, -117.82936], [33.64186, -117.8373], [33.63931, -117.83033], [33.64161, -117.83744], [33.64483, -117.82932], [33.64122, -117.83736], [33.6393, -117.83032], [33.64166, -117.8374], [33.62832, -117.80591], [33.64247, -117.8371], [33.6391, -117.83051], [33.63885, -117.82956], [33.63926, -117.8304], [33.64177, -117.83746]]","[[33.642337231905024, -117.83264830874988], [33.64227237367302, -117.8327706209994], [33.640220839708434, -117.82815950129185]]","[22, 22, 18]","[6.169581185008108, 7.522670693029089, 482.06791745813507]",0.698033332824707,858.4626815319061
2,400,65,"[33.64025067958688, -117.83443429448087]","[33.63865384804992, -117.83446317336514]",177.13425498845007,"[[33.64468, -117.82932], [33.64185, -117.83745], [33.63854, -117.82894], [33.6385, -117.82895], [33.62832, -117.80591], [33.64247, -117.8371], [33.63835, -117.82919], [33.63859, -117.82905], [33.64535, -117.83525], [33.64156, -117.83745], [33.67733, -117.85939], [33.64153, -117.8375], [33.63878, -117.83007], [33.6389, -117.82957], [33.63947, -117.83024], [33.63906, -117.83886], [33.63951, -117.83023], [33.64168, -117.83748], [33.63879, -117.83], [33.63893, -117.8296], [33.63817, -117.82894], [33.63848, -117.82896], [33.63838, -117.82926], [33.63855, -117.82901], [33.64481, -117.8293], [33.64212, -117.8373], [33.64485, -117.82933], [33.64267, -117.83707], [33.64592, -117.83515], [33.64251, -117.83639], [33.64324, -117.82948], [33.64139, -117.83742], [33.63841, -117.8288], [33.63854, -117.82896], [33.64508, -117.82931], [33.64182, -117.83733], [33.64009, -117.83013], [33.6418, -117.83737], [33.64539, -117.83522], [33.64237, -117.83715], [33.63823, -117.82909], [33.63859, -117.82904], [33.63955, -117.83023], [33.64177, -117.83746], [33.63974, -117.83016], [33.64181, -117.83741], [33.63961, -117.8302], [33.64253, -117.83643], [33.64484, -117.82932], [33.64165, -117.83747], [33.63971, -117.8302], [33.64146, -117.83755], [33.63809, -117.82888], [33.6385, -117.82899], [33.6433, -117.82949], [33.6416, -117.83743], [33.63833, -117.82921], [33.63847, -117.8289], [33.63494, -117.83543], [33.63551, -117.83681], [33.63887, -117.83012], [33.63895, -117.82969], [33.63881, -117.82997], [33.63881, -117.82948], [33.63874, -117.82993], [33.63779, -117.83024], [33.63953, -117.83022], [33.64155, -117.83746], [33.63877, -117.83], [33.63911, -117.83002], [33.63973, -117.83023], [33.64184, -117.83735], [33.64477, -117.82931], [33.64184, -117.83746], [33.63947, -117.83022], [33.64181, -117.83739], [33.64438, -117.82904], [33.63917, -117.83018], [33.64487, -117.82928], [33.64238, -117.83713], [33.63964, -117.83019], [33.64173, -117.83741], [33.63827, -117.82918], [33.6385, -117.82895], [33.635, -117.83542], [33.6355, -117.8369], [33.64535, -117.83519], [33.64155, -117.83753], [33.64548, -117.83517], [33.64541, -117.83539], [33.64468, -117.82928], [33.64131, -117.8374], [33.63881, -117.83011], [33.63903, -117.82992], [33.64486, -117.82931], [33.64175, -117.83746], [33.63883, -117.83002], [33.63538, -117.83246], [33.63549, -117.83683], [33.56461, -117.8299], [33.64505, -117.82929], [33.64189, -117.83733], [33.6388, -117.83003], [33.63896, -117.82975], [33.6388, -117.83011], [33.63903, -117.82989], [33.63873, -117.82929], [33.63887, -117.82958], [33.64339, -117.82949], [33.64172, -117.83736], [33.63976, -117.83015], [33.64157, -117.83744], [33.63833, -117.8292], [33.63855, -117.82901], [33.64464, -117.82933], [33.64181, -117.83736], [33.63824, -117.8291], [33.63846, -117.82888], [33.63944, -117.83024], [33.64137, -117.83738], [33.63823, -117.82907], [33.63855, -117.82903], [33.63886, -117.83015], [33.63885, -117.82956], [33.64505, -117.82931], [33.64168, -117.83741], [33.63917, -117.83014], [33.6391, -117.82992], [33.64483, -117.82932], [33.64133, -117.83741]]","[[33.64319374806481, -117.84592654994637], [33.63857982765176, -117.83444854168543], [33.64015936604072, -117.82797578903222]]","[8, 8, 5]","[1176.6659608009275, 8.321499905141529, 624.5919860077275]",0.28301000595092773,529.0523626804352
3,400,45,"[33.64025067958688, -117.83443429448087]","[33.63987327880256, -117.83154355344764]",271.42884154954385,"[[33.63727, -117.82829], [33.63752, -117.8281], [33.64312, -117.82954], [33.6418, -117.83737], [33.63737, -117.82835], [33.63759, -117.82817], [33.64535, -117.83525], [33.64156, -117.83745], [33.64317, -117.82952], [33.64137, -117.83738], [33.64322, -117.82951], [33.64253, -117.83643], [33.63756, -117.82807], [33.63733, -117.82803], [33.63731, -117.82837], [33.63727, -117.828], [33.64468, -117.82932], [33.64185, -117.83745], [33.63724, -117.82826], [33.63743, -117.82804], [33.6432, -117.82953], [33.64166, -117.8374], [33.64465, -117.82932], [33.64185, -117.83734], [33.64324, -117.82948], [33.64139, -117.83742], [33.63748, -117.82807], [33.63738, -117.82805], [33.64487, -117.82931], [33.64156, -117.83746], [33.64329, -117.8295], [33.64146, -117.83755], [33.64321, -117.82952], [33.64122, -117.83732], [33.6448, -117.82933], [33.64159, -117.83745], [33.64472, -117.82928], [33.64471, -117.82926], [33.63718, -117.82822], [33.63731, -117.82802], [33.64309, -117.82954], [33.64155, -117.83746], [33.63758, -117.82809], [33.63752, -117.82811], [33.64485, -117.82933], [33.64267, -117.83707], [33.63715, -117.8282], [33.63717, -117.82796], [33.63719, -117.82827], [33.6374, -117.82806], [33.63744, -117.82804], [33.63759, -117.82813], [33.63764, -117.82815], [33.6375, -117.82811], [33.64578, -117.83516], [33.6424, -117.83713], [33.64482, -117.82931], [33.64239, -117.83708], [33.63549, -117.83683], [33.56461, -117.8299], [33.63722, -117.82829], [33.63744, -117.82806], [33.6373, -117.82797], [33.63743, -117.82807], [33.6433, -117.82949], [33.6416, -117.83743], [33.62832, -117.80591], [33.64247, -117.8371], [33.64438, -117.82904], [33.64299, -117.82931], [33.63715, -117.82825], [33.63749, -117.82811], [33.63738, -117.82832], [33.63758, -117.82817], [33.63728, -117.82798], [33.63747, -117.8281], [33.63715, -117.82827], [33.63728, -117.82801], [33.64592, -117.83515], [33.64251, -117.83639], [33.67638, -117.86301], [33.64192, -117.83738], [33.64535, -117.83519], [33.64155, -117.83753], [33.64318, -117.82948], [33.64182, -117.83737], [33.64484, -117.82932], [33.64165, -117.83747], [33.6372, -117.82823], [33.63735, -117.82804]]","[[33.64192204460871, -117.81165001022454], [33.642891636949464, -117.83919610639916], [33.64414996395259, -117.8313913620517]]","[6, 6, 4]","[1859.495524394744, 784.9141342999682, 474.56261358515786]",0.3312230110168457,219.00259733200073
4,400,52,"[33.64025067958688, -117.83443429448087]","[33.64285458879329, -117.8360398086817]",324.9596553278925,"[[33.63836, -117.82912], [33.63738, -117.83504], [33.63923, -117.83084], [33.63936, -117.83057], [33.63758, -117.82809], [33.63752, -117.82811], [33.64318, -117.82948], [33.64341, -117.84046], [33.63911, -117.83056], [33.6435, -117.84062], [33.64674, -117.83513], [33.64343, -117.84051], [33.67733, -117.85939], [33.64343, -117.8405], [33.64483, -117.82932], [33.64351, -117.84061], [33.63951, -117.83023], [33.64334, -117.84036], [33.6445, -117.82906], [33.64345, -117.84048], [33.63973, -117.83023], [33.64358, -117.8407], [33.63719, -117.82827], [33.6374, -117.82806], [33.64479, -117.82932], [33.64357, -117.84064], [33.63976, -117.83015], [33.64337, -117.84036], [33.63738, -117.82832], [33.63758, -117.82817], [33.63931, -117.83033], [33.64338, -117.84039], [33.64472, -117.82928], [33.64471, -117.82926], [33.63764, -117.82815], [33.6375, -117.82811], [33.64324, -117.82948], [33.64352, -117.84062], [33.6372, -117.82823], [33.63735, -117.82804], [33.64468, -117.82928], [33.64332, -117.84033], [33.63835, -117.82919], [33.63859, -117.82905], [33.63724, -117.82826], [33.63743, -117.82804], [33.63494, -117.83543], [33.63551, -117.83681], [33.6448, -117.82933], [33.64344, -117.84052], [33.6476, -117.83518], [33.64252, -117.84136], [33.64505, -117.82929], [33.64344, -117.84053], [33.63947, -117.83024], [33.63906, -117.83886], [33.6393, -117.83033], [33.64346, -117.84048], [33.63933, -117.8304], [33.64342, -117.84048], [33.6396, -117.83124], [33.64345, -117.84049], [33.63826, -117.82903], [33.63844, -117.82889], [33.63748, -117.82807], [33.63738, -117.82805], [33.64715, -117.83519], [33.6285, -117.8061], [33.64317, -117.82952], [33.64338, -117.84041], [33.63873, -117.82929], [33.63887, -117.82958], [33.64485, -117.82933], [33.64353, -117.84053], [33.64495, -117.82931], [33.64356, -117.84065], [33.64322, -117.82951], [33.64335, -117.84039], [33.63715, -117.82827], [33.63728, -117.82801], [33.63718, -117.82822], [33.63731, -117.82802], [33.64483, -117.82932], [33.6433, -117.84036], [33.64486, -117.82931], [33.64372, -117.84071], [33.64464, -117.82933], [33.64332, -117.84035], [33.64504, -117.82936], [33.64338, -117.84036], [33.64688, -117.83517], [33.64269, -117.84065], [33.6433, -117.82949], [33.64346, -117.84056], [33.63831, -117.82911], [33.63844, -117.82888], [33.6373, -117.82797], [33.63743, -117.82807], [33.63964, -117.83019], [33.64341, -117.84045], [33.63974, -117.83016], [33.64343, -117.84043], [33.64487, -117.82931], [33.64348, -117.84052]]","[[33.636864386452146, -117.83039852104172], [33.64130771225287, -117.82339615235125], [33.64173029126432, -117.82104752527307]]","[9, 7, 4]","[845.7793668138066, 1185.4396601359317, 1396.4167395138948]",0.7233250141143799,327.2731966972351
5,400,58,"[33.64025067958688, -117.83443429448087]","[33.641870808384255, -117.8343896587826]",179.74578034911156,"[[33.64592, -117.83515], [33.64265, -117.83872], [33.64324, -117.82948], [33.64352, -117.84062], [33.63841, -117.8288], [33.63854, -117.82896], [33.64486, -117.82931], [33.64372, -117.84071], [33.64674, -117.83513], [33.64343, -117.84051], [33.63947, -117.83024], [33.63906, -117.83886], [33.64464, -117.82933], [33.64332, -117.84035], [33.63964, -117.83019], [33.64341, -117.84045], [33.6372, -117.82823], [33.63735, -117.82804], [33.63758, -117.82809], [33.63752, -117.82811], [33.64483, -117.82932], [33.64351, -117.84061], [33.63731, -117.82837], [33.63727, -117.828], [33.63934, -117.83058], [33.64345, -117.84049], [33.63933, -117.8304], [33.64342, -117.84048], [33.64505, -117.82931], [33.64268, -117.83897], [33.63722, -117.82829], [33.63744, -117.82806], [33.63947, -117.83022], [33.64267, -117.83904], [33.635, -117.83542], [33.6355, -117.8369], [33.63874, -117.82993], [33.63779, -117.83024], [33.64339, -117.82949], [33.64271, -117.8389], [33.63764, -117.82815], [33.6375, -117.82811], [33.63737, -117.82835], [33.63759, -117.82817], [33.64487, -117.82928], [33.6427, -117.83906], [33.64465, -117.82932], [33.64268, -117.83903], [33.63846, -117.82882], [33.63851, -117.82895], [33.64505, -117.82929], [33.64344, -117.84053], [33.64548, -117.83517], [33.64541, -117.83539], [33.63836, -117.82912], [33.63738, -117.83504], [33.63549, -117.83683], [33.56461, -117.8299], [33.63715, -117.82825], [33.63749, -117.82811], [33.64309, -117.82954], [33.64266, -117.83874], [33.63873, -117.82929], [33.63887, -117.82958], [33.63928, -117.83031], [33.64264, -117.83863], [33.63727, -117.82829], [33.63752, -117.8281], [33.6391, -117.83052], [33.63895, -117.82969], [33.63923, -117.83084], [33.63936, -117.83057], [33.63831, -117.82911], [33.63844, -117.82888], [33.6393, -117.83033], [33.64346, -117.84048], [33.63494, -117.83543], [33.63551, -117.83681], [33.64468, -117.82932], [33.64265, -117.83878], [33.64312, -117.82954], [33.64271, -117.83899], [33.63835, -117.82875], [33.63849, -117.82894], [33.64472, -117.82928], [33.64471, -117.82926], [33.63724, -117.82826], [33.63743, -117.82804], [33.63955, -117.83023], [33.64265, -117.83874], [33.63911, -117.83054], [33.64264, -117.83869], [33.64475, -117.82933], [33.64269, -117.83903], [33.64485, -117.82933], [33.64353, -117.84053], [33.64468, -117.82928], [33.64332, -117.84033], [33.63718, -117.82822], [33.63731, -117.82802], [33.64487, -117.82931], [33.64348, -117.84052], [33.64495, -117.82931], [33.64356, -117.84065], [33.64551, -117.83517], [33.63807, -117.83188], [33.6433, -117.82949], [33.64346, -117.84056], [33.63976, -117.83015], [33.64337, -117.84036], [33.6448, -117.82933], [33.64344, -117.84052], [33.64482, -117.82931], [33.64269, -117.83898], [33.64317, -117.82952], [33.64338, -117.84041]]","[[33.64139984356105, -117.82340847467607], [33.63977002721152, -117.84527144533591], [33.64249482344356, -117.81659057494885]]","[12, 7, 7]","[1020.0730745163779, 1036.0648262031416, 1652.677057431715]",0.21644043922424316,459.74651050567627
6,400,104,"[33.64025067958688, -117.83443429448087]","[33.63995198266808, -117.83617550533761]",164.89903250403202,"[[33.64481, -117.8293], [33.6427, -117.83899], [33.64486, -117.82931], [33.64372, -117.84071], [33.64472, -117.82928], [33.64471, -117.82926], [33.63951, -117.83023], [33.64334, -117.84036], [33.64309, -117.82954], [33.6427, -117.83909], [33.63737, -117.82835], [33.63759, -117.82817], [33.6393, -117.83033], [33.64346, -117.84048], [33.64438, -117.82904], [33.64299, -117.82931], [33.64468, -117.82928], [33.64332, -117.84033], [33.64485, -117.82933], [33.64353, -117.84053], [33.6391, -117.83052], [33.63895, -117.82969], [33.63809, -117.82888], [33.6385, -117.82899], [33.64339, -117.82949], [33.64273, -117.8391], [33.6432, -117.82953], [33.64272, -117.83919], [33.64477, -117.82933], [33.64278, -117.83906], [33.64592, -117.83515], [33.6427, -117.83897], [33.63826, -117.82903], [33.63844, -117.82889], [33.63758, -117.82809], [33.63752, -117.82811], [33.64482, -117.82931], [33.64279, -117.83915], [33.63748, -117.82807], [33.63738, -117.82805], [33.64465, -117.82932], [33.64268, -117.83903], [33.63969, -117.83134], [33.6427, -117.83911], [33.63934, -117.83058], [33.64345, -117.84049], [33.63974, -117.83016], [33.64343, -117.84043], [33.6391, -117.83055], [33.63922, -117.8303], [33.64715, -117.83519], [33.6285, -117.8061], [33.64321, -117.82952], [33.64268, -117.83914], [33.6476, -117.83518], [33.64252, -117.84136], [33.6373, -117.82797], [33.63743, -117.82807], [33.63917, -117.83014], [33.6391, -117.82992], [33.64548, -117.83517], [33.64541, -117.83539], [33.63715, -117.82827], [33.63728, -117.82801], [33.6433, -117.82949], [33.64346, -117.84056], [33.63722, -117.82829], [33.63744, -117.82806], [33.64504, -117.82936], [33.64338, -117.84036], [33.64484, -117.82932], [33.64273, -117.83921], [33.63886, -117.83015], [33.63885, -117.82956], [33.63976, -117.83015], [33.64337, -117.84036], [33.64468, -117.82932], [33.64268, -117.83915], [33.64508, -117.82931], [33.64275, -117.83908], [33.63931, -117.83033], [33.64338, -117.84039], [33.63911, -117.83054], [33.6427, -117.83901], [33.63715, -117.8282], [33.63717, -117.82796], [33.64483, -117.82932], [33.6433, -117.84036], [33.64324, -117.82948], [33.64352, -117.84062], [33.63973, -117.83023], [33.64358, -117.8407], [33.63923, -117.83084], [33.63936, -117.83057], [33.64495, -117.82931], [33.64356, -117.84065], [33.63724, -117.82826], [33.63743, -117.82804], [33.64318, -117.82948], [33.64341, -117.84046], [33.67733, -117.85939], [33.64343, -117.8405], [33.64477, -117.82931], [33.64273, -117.83904], [33.63715, -117.82825], [33.63749, -117.82811], [33.63873, -117.82929], [33.63887, -117.82958], [33.63825, -117.82909], [33.63846, -117.8289], [33.63947, -117.83024], [33.63679, -117.83931], [33.6388, -117.83003], [33.63896, -117.82975], [33.63883, -117.83002], [33.63538, -117.83246], [33.64475, -117.82933], [33.64269, -117.83903], [33.63964, -117.83019], [33.64341, -117.84045], [33.64551, -117.83517], [33.63807, -117.83188], [33.63846, -117.82882], [33.63851, -117.82895], [33.63764, -117.82815], [33.6375, -117.82811], [33.63727, -117.82829], [33.63752, -117.8281], [33.64312, -117.82954], [33.64271, -117.83899], [33.63823, -117.82907], [33.63855, -117.82903], [33.6372, -117.82823], [33.63735, -117.82804], [33.64487, -117.82928], [33.6427, -117.83906], [33.6433, -117.82948], [33.64276, -117.83902], [33.64322, -117.82951], [33.64335, -117.84039], [33.64674, -117.83513], [33.64343, -117.84051], [33.63756, -117.82807], [33.63733, -117.82803], [33.63744, -117.82804], [33.63759, -117.82813], [33.64688, -117.83517], [33.64269, -117.84065], [33.64505, -117.82929], [33.64344, -117.84053], [33.63738, -117.82832], [33.63758, -117.82817], [33.63928, -117.83031], [33.64271, -117.83919], [33.63718, -117.82822], [33.63731, -117.82802], [33.63494, -117.83543], [33.63551, -117.83681], [33.64464, -117.82933], [33.64332, -117.84035], [33.64479, -117.82932], [33.64357, -117.84064], [33.64483, -117.82932], [33.64351, -117.84061], [33.64505, -117.82931], [33.64277, -117.83911], [33.63838, -117.82926], [33.63855, -117.82901], [33.63822, -117.82904], [33.63834, -117.82929], [33.63549, -117.83683], [33.56461, -117.8299], [33.64487, -117.82931], [33.64348, -117.84052], [33.64329, -117.8295], [33.64269, -117.83904], [33.64539, -117.83522], [33.6427, -117.83905], [33.63947, -117.83022], [33.64267, -117.83904], [33.64317, -117.82952], [33.64338, -117.84041], [33.63835, -117.82875], [33.63849, -117.82894], [33.635, -117.83542], [33.6355, -117.8369], [33.64463, -117.82933], [33.64274, -117.83921], [33.63841, -117.8288], [33.63854, -117.82896], [33.63933, -117.8304], [33.64342, -117.84048], [33.63731, -117.82837], [33.63727, -117.828], [33.6448, -117.82933], [33.64344, -117.84052], [33.63854, -117.82894], [33.6385, -117.82895], [33.62832, -117.80591], [33.64276, -117.83908], [33.63836, -117.82912], [33.63621, -117.83722], [33.63911, -117.83056], [33.6435, -117.84062], [33.67638, -117.86301], [33.64273, -117.83906], [33.63719, -117.82827], [33.6374, -117.82806]]","[[33.64112611709489, -117.82320692846514], [33.644543975741, -117.83872362254279], [33.64006670328077, -117.82497029908887]]","[15, 12, 9]","[1210.1499511734125, 561.5088620043961, 1039.6148207494398]",0.3300492763519287,1321.3440647125244
7,400,70,"[33.64025067958688, -117.83443429448087]","[33.642454932376175, -117.8352476342579]",255.86549431090694,"[[33.6388, -117.83011], [33.63903, -117.82989], [33.64486, -117.82931], [33.64372, -117.84071], [33.63822, -117.82904], [33.63834, -117.82929], [33.64504, -117.82936], [33.64338, -117.84036], [33.64718, -117.83516], [33.63807, -117.83188], [33.64309, -117.82954], [33.64287, -117.8398], [33.63731, -117.82837], [33.63727, -117.828], [33.64317, -117.82952], [33.64338, -117.84041], [33.63846, -117.82882], [33.63851, -117.82895], [33.64465, -117.82932], [33.64287, -117.83962], [33.63917, -117.83014], [33.6391, -117.82992], [33.635, -117.83542], [33.6355, -117.8369], [33.63955, -117.83023], [33.64288, -117.83979], [33.6388, -117.83003], [33.63896, -117.82975], [33.64479, -117.82932], [33.64357, -117.84064], [33.63719, -117.82827], [33.6374, -117.82806], [33.63823, -117.82907], [33.63855, -117.82903], [33.64329, -117.8295], [33.64286, -117.83973], [33.63947, -117.83024], [33.63679, -117.83931], [33.64477, -117.82931], [33.64291, -117.83979], [33.63738, -117.82832], [33.63758, -117.82817], [33.64472, -117.82928], [33.64471, -117.82926], [33.64321, -117.82952], [33.64288, -117.8397], [33.64481, -117.8293], [33.64284, -117.83976], [33.63974, -117.83016], [33.64343, -117.84043], [33.64468, -117.82932], [33.64286, -117.83965], [33.6433, -117.82948], [33.64301, -117.83975], [33.6433, -117.82949], [33.64346, -117.84056], [33.67733, -117.85939], [33.64343, -117.8405], [33.63728, -117.82798], [33.63747, -117.8281], [33.63951, -117.83023], [33.64334, -117.84036], [33.64312, -117.82954], [33.643, -117.83953], [33.64438, -117.82904], [33.64299, -117.82931], [33.63825, -117.82909], [33.63846, -117.8289], [33.63744, -117.82804], [33.63759, -117.82813], [33.63873, -117.82929], [33.63887, -117.82958], [33.64484, -117.82932], [33.64286, -117.83982], [33.63911, -117.83054], [33.64274, -117.83972], [33.64505, -117.82929], [33.64344, -117.84053], [33.63835, -117.82919], [33.63859, -117.82905], [33.6391, -117.83055], [33.63922, -117.8303], [33.63933, -117.8304], [33.64342, -117.84048], [33.64339, -117.82949], [33.64288, -117.8398], [33.64475, -117.82933], [33.64289, -117.83956], [33.64617, -117.83514], [33.64642, -117.83535], [33.64487, -117.82931], [33.64348, -117.84052], [33.63826, -117.82903], [33.63844, -117.82889], [33.63931, -117.83033], [33.64338, -117.84039], [33.6373, -117.82797], [33.63743, -117.82807], [33.63831, -117.82911], [33.63844, -117.82888], [33.63727, -117.82829], [33.63752, -117.8281], [33.6445, -117.82906], [33.64345, -117.84048], [33.64485, -117.82933], [33.64353, -117.84053], [33.62832, -117.80591], [33.64278, -117.83977], [33.64715, -117.83519], [33.6285, -117.8061], [33.63737, -117.82835], [33.63759, -117.82817], [33.63854, -117.82894], [33.6385, -117.82895], [33.6432, -117.82953], [33.64288, -117.83981], [33.6391, -117.83052], [33.63895, -117.82969], [33.63923, -117.83084], [33.63936, -117.83057], [33.6448, -117.82933], [33.64344, -117.84052], [33.64482, -117.82931], [33.64288, -117.83977], [33.63494, -117.83543], [33.63551, -117.83681], [33.6476, -117.83518], [33.64252, -117.84136], [33.63549, -117.83683], [33.56461, -117.8299], [33.63758, -117.82809], [33.63752, -117.82811], [33.63886, -117.83015], [33.63885, -117.82956], [33.63724, -117.82826], [33.63743, -117.82804], [33.64505, -117.82931], [33.64286, -117.8397], [33.63874, -117.82993], [33.63779, -117.83024]]","[[33.64472957035567, -117.83892036395298], [33.64213278563928, -117.81173484262918], [33.64257606293751, -117.81192826042953]]","[5, 5, 4]","[423.95600997864, 2181.5795793773145, 2163.3797098940427]",0.1875462532043457,510.5021159648895
0,600,65,"[33.64025067958688, -117.83443429448087]","[33.63959715206121, -117.83091231155173]",334.6879313991966,"[[33.64505, -117.82931], [33.64335, -117.84039], [33.63469, -117.82765], [33.63492, -117.82735], [33.63488, -117.8273], [33.63483, -117.82727], [33.63464, -117.8276], [33.63491, -117.82732], [33.63484, -117.82774], [33.6349, -117.82732], [33.64491, -117.82932], [33.6427, -117.83911], [33.64545, -117.82934], [33.64357, -117.84064], [33.64489, -117.8293], [33.64341, -117.84046], [33.64508, -117.82931], [33.64275, -117.83908], [33.63505, -117.82739], [33.63496, -117.82734], [33.63477, -117.82766], [33.63503, -117.82742], [33.64493, -117.82931], [33.64345, -117.84049], [33.63459, -117.82759], [33.63488, -117.82731], [33.64715, -117.83519], [33.6285, -117.8061], [33.63473, -117.82774], [33.63492, -117.82732], [33.63465, -117.82747], [33.64274, -117.83972], [33.63549, -117.83683], [33.56461, -117.8299], [33.63473, -117.82752], [33.63621, -117.83722], [33.6476, -117.83518], [33.64252, -117.84136], [33.63469, -117.82764], [33.63492, -117.82735], [33.635, -117.83542], [33.6355, -117.8369], [33.63486, -117.82729], [33.63485, -117.82729], [33.64505, -117.82931], [33.64286, -117.8397], [33.64556, -117.82935], [33.64344, -117.84052], [33.64486, -117.82931], [33.64372, -117.84071], [33.64515, -117.82933], [33.64334, -117.84036], [33.64561, -117.82932], [33.64337, -117.84036], [33.64485, -117.82929], [33.64271, -117.83919], [33.63474, -117.82765], [33.63492, -117.82732], [33.64511, -117.82935], [33.643, -117.83953], [33.64497, -117.82932], [33.64346, -117.84056], [33.63474, -117.82765], [33.63481, -117.82727], [33.64501, -117.82931], [33.64341, -117.84045], [33.67733, -117.85939], [33.64343, -117.8405], [33.64477, -117.82902], [33.64345, -117.84048], [33.64526, -117.82931], [33.64352, -117.84062], [33.64502, -117.82928], [33.64495, -117.82926], [33.64718, -117.83516], [33.64255, -117.8364], [33.63461, -117.82755], [33.63482, -117.82729], [33.64495, -117.82934], [33.64288, -117.8397], [33.64549, -117.82934], [33.64288, -117.83977], [33.635, -117.82736], [33.63492, -117.82734], [33.63472, -117.82766], [33.63502, -117.8274], [33.63481, -117.82729], [33.63487, -117.82732], [33.67638, -117.86301], [33.64273, -117.83906], [33.64511, -117.82927], [33.64332, -117.84033], [33.64513, -117.82933], [33.64332, -117.84035], [33.64487, -117.82928], [33.6427, -117.83906], [33.64493, -117.8293], [33.63679, -117.83931], [33.64536, -117.82932], [33.64342, -117.84048], [33.63477, -117.82767], [33.63466, -117.82764], [33.64487, -117.82932], [33.64288, -117.83981], [33.64674, -117.83513], [33.64343, -117.84051], [33.63481, -117.82725], [33.63491, -117.82733], [33.63482, -117.82769], [33.63473, -117.82769], [33.64561, -117.82938], [33.64358, -117.8407], [33.63462, -117.82754], [33.63491, -117.82734], [33.63482, -117.82726], [33.63492, -117.82732], [33.63506, -117.82739], [33.63482, -117.82728], [33.6347, -117.82767], [33.63501, -117.82738], [33.64499, -117.82932], [33.64274, -117.83921], [33.64516, -117.82932], [33.64288, -117.83979], [33.64592, -117.83515], [33.6427, -117.83897], [33.64527, -117.82933], [33.64289, -117.83956], [33.64496, -117.82929], [33.64287, -117.8398]]","[[33.63958997084622, -117.81330429849187], [33.63959706160333, -117.83091176443932], [33.62661189314535, -117.81883509329892]]","[14, 6, 5]","[1633.550502364831, 0.05173945572945143, 1824.8163552672213]",0.5485498905181885,434.3826107978821
1,600,55,"[33.64025067958688, -117.83443429448087]","[33.6389523139405, -117.83237300473469]",239.39190000129238,"[[33.63496, -117.82734], [33.63529, -117.82748], [33.63485, -117.82772], [33.63534, -117.82751], [33.64527, -117.82933], [33.64289, -117.83956], [33.64511, -117.82927], [33.64332, -117.84033], [33.64491, -117.82932], [33.6427, -117.83911], [33.64561, -117.82932], [33.64337, -117.84036], [33.63505, -117.82739], [33.63496, -117.82734], [33.6349, -117.82728], [33.63527, -117.82749], [33.64496, -117.82929], [33.64287, -117.8398], [33.64511, -117.82935], [33.643, -117.83953], [33.64545, -117.82934], [33.64357, -117.84064], [33.635, -117.82736], [33.63492, -117.82734], [33.64381, -117.82942], [33.64286, -117.83973], [33.62832, -117.80591], [33.64278, -117.83977], [33.63509, -117.8278], [33.63497, -117.82733], [33.64493, -117.8293], [33.63679, -117.83931], [33.64483, -117.82932], [33.6433, -117.84036], [33.64561, -117.82938], [33.64358, -117.8407], [33.63474, -117.82765], [33.63492, -117.82732], [33.63482, -117.82726], [33.63492, -117.82732], [33.6348, -117.82771], [33.63532, -117.82752], [33.63479, -117.82768], [33.63518, -117.82746], [33.63489, -117.82775], [33.6349, -117.82733], [33.64412, -117.82939], [33.64338, -117.84041], [33.63484, -117.82774], [33.6349, -117.82732], [33.63495, -117.82777], [33.63533, -117.82751], [33.63491, -117.82772], [33.63513, -117.82745], [33.63468, -117.8276], [33.63489, -117.82733], [33.64505, -117.82931], [33.64335, -117.84039], [33.64536, -117.82932], [33.64342, -117.84048], [33.64414, -117.82937], [33.64301, -117.83975], [33.64516, -117.82932], [33.64288, -117.83979], [33.64495, -117.82931], [33.64356, -117.84065], [33.63477, -117.82766], [33.63503, -117.82742], [33.63473, -117.82774], [33.63492, -117.82732], [33.63482, -117.82769], [33.63473, -117.82769], [33.64484, -117.82932], [33.64286, -117.83982], [33.64526, -117.82931], [33.64352, -117.84062], [33.63472, -117.82766], [33.63502, -117.8274], [33.64485, -117.82933], [33.64353, -117.84053], [33.63489, -117.82731], [33.63497, -117.82736], [33.64487, -117.82932], [33.64288, -117.83981], [33.64487, -117.82931], [33.64348, -117.84052], [33.64715, -117.83519], [33.6285, -117.8061], [33.64486, -117.82931], [33.64372, -117.84071], [33.63498, -117.82782], [33.63493, -117.82737], [33.63488, -117.8273], [33.63483, -117.82727], [33.64539, -117.83522], [33.6427, -117.83905], [33.63472, -117.82768], [33.63494, -117.82732], [33.63469, -117.82764], [33.63492, -117.82735], [33.63459, -117.82759], [33.63488, -117.82731], [33.64497, -117.82932], [33.64346, -117.84056], [33.63477, -117.82767], [33.6353, -117.8275], [33.63508, -117.82783], [33.63488, -117.82732], [33.64489, -117.8293], [33.64341, -117.84046]]","[[33.63581164803434, -117.82543290590117], [33.64423579404323, -117.825059698578], [33.64210762951861, -117.81229500065164]]","[18, 16, 15]","[732.0638229997211, 896.5117541857456, 1895.2717591192095]",0.26639747619628906,356.2627601623535
2,600,50,"[33.64025067958688, -117.83443429448087]","[33.640135490936714, -117.8370635844313]",244.26010765309857,"[[33.63496, -117.82734], [33.63529, -117.82748], [33.63489, -117.82775], [33.6349, -117.82733], [33.63822, -117.82904], [33.63834, -117.82929], [33.6347, -117.82767], [33.63501, -117.82738], [33.63878, -117.83007], [33.6389, -117.82957], [33.64487, -117.82932], [33.64352, -117.8424], [33.64497, -117.82932], [33.6436, -117.84206], [33.64674, -117.83513], [33.64357, -117.84213], [33.63486, -117.82729], [33.63485, -117.82729], [33.6348, -117.82771], [33.63532, -117.82752], [33.64339, -117.82949], [33.64358, -117.84232], [33.64561, -117.82932], [33.64355, -117.84228], [33.64485, -117.82929], [33.64365, -117.84205], [33.63456, -117.83771], [33.56461, -117.8299], [33.63509, -117.8278], [33.63497, -117.82733], [33.64513, -117.82933], [33.64363, -117.84206], [33.64495, -117.82931], [33.64369, -117.84204], [33.64485, -117.82933], [33.64353, -117.84231], [33.64508, -117.82931], [33.64364, -117.84201], [33.64511, -117.82927], [33.64352, -117.84226], [33.64502, -117.82928], [33.64495, -117.82926], [33.63465, -117.82747], [33.64179, -117.84363], [33.64381, -117.82942], [33.64358, -117.84214], [33.63505, -117.82739], [33.63496, -117.82734], [33.64505, -117.82931], [33.64359, -117.84206], [33.64504, -117.82936], [33.64359, -117.84225], [33.63498, -117.82782], [33.63493, -117.82737], [33.64715, -117.83519], [33.6285, -117.8061], [33.63468, -117.83546], [33.63464, -117.83772], [33.63473, -117.82752], [33.63428, -117.83994], [33.6349, -117.82728], [33.63527, -117.82749], [33.64501, -117.82931], [33.64363, -117.84201], [33.64481, -117.8293], [33.64362, -117.8421], [33.63479, -117.82768], [33.63518, -117.82746], [33.63485, -117.82772], [33.63534, -117.82751], [33.64515, -117.82933], [33.64356, -117.84232], [33.63482, -117.82726], [33.63492, -117.82732], [33.64499, -117.82932], [33.64354, -117.84221], [33.63974, -117.83016], [33.64374, -117.84189], [33.64477, -117.82933], [33.6437, -117.84195], [33.64511, -117.82935], [33.64375, -117.84189], [33.64493, -117.82931], [33.64352, -117.84254], [33.64491, -117.82932], [33.6436, -117.84206], [33.64438, -117.82904], [33.64299, -117.82931], [33.67733, -117.85939], [33.64354, -117.84222], [33.63477, -117.82766], [33.63503, -117.82742], [33.64487, -117.82931], [33.64353, -117.84221], [33.63911, -117.83056], [33.64355, -117.8423], [33.64412, -117.82939], [33.64352, -117.84273], [33.64484, -117.82932], [33.64352, -117.84245]]","[[33.6400318664546, -117.83719882545975], [33.64111319792448, -117.81657092597284], [33.63583594208002, -117.82543744131638]]","[8, 7, 6]","[17.015334621838324, 1904.2355533655616, 1179.3344169398165]",0.359513521194458,335.9457194805145
3,600,73,"[33.64025067958688, -117.83443429448087]","[33.638147269713016, -117.83334120895984]",254.38846756248418,"[[33.63482, -117.82726], [33.63492, -117.82732], [33.6351, -117.82789], [33.63551, -117.82759], [33.63477, -117.82767], [33.6353, -117.8275], [33.64545, -117.82934], [33.64357, -117.84064], [33.64497, -117.82932], [33.6436, -117.84206], [33.63535, -117.82751], [33.63551, -117.82759], [33.64496, -117.82929], [33.64287, -117.8398], [33.64715, -117.83519], [33.6285, -117.8061], [33.64674, -117.83513], [33.64357, -117.84213], [33.63477, -117.82766], [33.63503, -117.82742], [33.64505, -117.82931], [33.64359, -117.84206], [33.64486, -117.82931], [33.64372, -117.84071], [33.63469, -117.82765], [33.63492, -117.82735], [33.64412, -117.82939], [33.64352, -117.84273], [33.63469, -117.82764], [33.63492, -117.82735], [33.63496, -117.82734], [33.63529, -117.82748], [33.64516, -117.82932], [33.64288, -117.83979], [33.63464, -117.8276], [33.63491, -117.82732], [33.64468, -117.82932], [33.64286, -117.83965], [33.64339, -117.82949], [33.64358, -117.84232], [33.64493, -117.82931], [33.64352, -117.84254], [33.64485, -117.82933], [33.64353, -117.84231], [33.63472, -117.82768], [33.63494, -117.82732], [33.64485, -117.82929], [33.64365, -117.84205], [33.64502, -117.82928], [33.64495, -117.82926], [33.63498, -117.82782], [33.63493, -117.82737], [33.63489, -117.82731], [33.63497, -117.82736], [33.6347, -117.82767], [33.63501, -117.82738], [33.64493, -117.8293], [33.63847, -117.84001], [33.635, -117.82736], [33.63492, -117.82734], [33.64495, -117.82934], [33.64288, -117.8397], [33.64549, -117.82934], [33.64288, -117.83977], [33.64495, -117.82931], [33.64369, -117.84204], [33.64526, -117.82931], [33.64352, -117.84062], [33.63474, -117.82765], [33.63481, -117.82727], [33.64283, -117.82965], [33.64374, -117.84189], [33.62832, -117.80591], [33.64278, -117.83977], [33.63481, -117.82725], [33.63491, -117.82733], [33.63477, -117.82767], [33.63466, -117.82764], [33.64501, -117.82931], [33.64363, -117.84201], [33.64505, -117.82929], [33.64344, -117.84053], [33.64489, -117.8293], [33.64341, -117.84046], [33.64592, -117.83515], [33.6427, -117.83897], [33.64309, -117.82952], [33.64267, -117.83904], [33.63508, -117.82785], [33.64355, -117.8423], [33.64275, -117.82967], [33.64338, -117.84039], [33.64536, -117.82932], [33.64342, -117.84048], [33.64483, -117.82932], [33.6433, -117.84036], [33.64484, -117.82932], [33.64352, -117.84245], [33.64477, -117.82902], [33.64345, -117.84048], [33.63473, -117.82774], [33.63492, -117.82732], [33.64499, -117.82932], [33.64354, -117.84221], [33.63431, -117.83795], [33.56461, -117.8299], [33.64312, -117.82952], [33.64346, -117.84048], [33.64527, -117.82933], [33.64289, -117.83956], [33.63481, -117.82729], [33.63487, -117.82732], [33.63509, -117.8278], [33.63497, -117.82733], [33.63495, -117.82777], [33.63533, -117.82751], [33.64561, -117.82932], [33.64355, -117.84228], [33.6476, -117.83518], [33.64252, -117.84136], [33.64487, -117.82932], [33.64352, -117.8424], [33.63484, -117.82774], [33.6349, -117.82732], [33.63465, -117.82747], [33.64179, -117.84363], [33.64515, -117.82933], [33.64356, -117.84232], [33.6348, -117.82771], [33.63532, -117.82752], [33.63331, -117.83632], [33.63414, -117.83827], [33.67638, -117.86301], [33.64273, -117.83906], [33.64491, -117.82932], [33.6436, -117.84206], [33.64481, -117.8293], [33.64362, -117.8421], [33.64477, -117.82933], [33.6437, -117.84195], [33.63516, -117.82791], [33.63546, -117.82757], [33.63505, -117.82739], [33.63496, -117.82734], [33.64264, -117.82951], [33.63551, -117.82756]]","[[33.63643672969489, -117.8234066309613], [33.637052783360964, -117.82136144697174], [33.63579967767628, -117.825432300065]]","[45, 40, 33]","[941.010958003546, 1118.0356080410818, 778.5877273420422]",0.27870821952819824,748.0274221897125
4,600,66,"[33.64025067958688, -117.83443429448087]","[33.64314253696081, -117.83422133787923]",321.36089867161917,"[[33.63469, -117.82764], [33.63492, -117.82735], [33.6475, -117.82986], [33.64353, -117.84083], [33.64678, -117.8294], [33.64667, -117.82929], [33.63498, -117.82782], [33.63493, -117.82737], [33.64867, -117.8352], [33.64357, -117.84213], [33.64733, -117.82984], [33.64358, -117.8407], [33.63488, -117.8273], [33.63483, -117.82727], [33.64769, -117.82993], [33.63847, -117.84001], [33.64911, -117.83533], [33.64238, -117.8414], [33.64687, -117.82941], [33.63551, -117.82756], [33.63489, -117.82775], [33.6349, -117.82733], [33.64813, -117.83006], [33.64358, -117.84232], [33.64714, -117.82977], [33.64372, -117.84071], [33.64889, -117.83537], [33.64246, -117.84144], [33.63509, -117.8278], [33.63497, -117.82733], [33.62832, -117.80591], [33.64242, -117.8414], [33.63477, -117.82767], [33.63466, -117.82764], [33.64733, -117.8298], [33.64359, -117.84206], [33.63469, -117.82765], [33.63492, -117.82735], [33.63462, -117.82754], [33.63491, -117.82734], [33.63464, -117.8276], [33.63491, -117.82732], [33.6471, -117.82977], [33.64375, -117.84189], [33.63508, -117.82783], [33.63488, -117.82732], [33.64712, -117.82982], [33.64379, -117.84076], [33.6483, -117.83013], [33.64352, -117.8424], [33.63474, -117.82765], [33.63492, -117.82732], [33.63481, -117.82725], [33.63491, -117.82733], [33.64734, -117.82979], [33.64365, -117.84205], [33.64723, -117.82979], [33.64372, -117.84079], [33.63482, -117.82769], [33.63473, -117.82769], [33.64895, -117.83532], [33.64252, -117.84136], [33.63535, -117.82751], [33.63551, -117.82759], [33.63485, -117.82772], [33.63534, -117.82751], [33.64737, -117.82984], [33.64353, -117.84221], [33.63459, -117.82759], [33.63488, -117.82731], [33.64842, -117.83017], [33.64352, -117.84254], [33.64707, -117.82976], [33.64374, -117.84189], [33.64755, -117.82989], [33.64352, -117.84245], [33.63461, -117.82755], [33.63482, -117.82729], [33.6473, -117.82984], [33.64359, -117.84225], [33.63465, -117.82747], [33.64179, -117.84363], [33.64788, -117.83], [33.64358, -117.84214], [33.63489, -117.82731], [33.63497, -117.82736], [33.64757, -117.8299], [33.64364, -117.84201], [33.64858, -117.83521], [33.64394, -117.84099], [33.63477, -117.82767], [33.6353, -117.8275], [33.64719, -117.82981], [33.64353, -117.84231], [33.63484, -117.82774], [33.6349, -117.82732], [33.6471, -117.82973], [33.64353, -117.84075], [33.63516, -117.82791], [33.63546, -117.82757], [33.64756, -117.82988], [33.64356, -117.8407], [33.6348, -117.82771], [33.63532, -117.82752], [33.64956, -117.83537], [33.64824, -117.83759], [33.64756, -117.82993], [33.64356, -117.84232], [33.63481, -117.82729], [33.63487, -117.82732], [33.64712, -117.82976], [33.64355, -117.84072], [33.64738, -117.82979], [33.64363, -117.84206], [33.64787, -117.82996], [33.6435, -117.84081], [33.64682, -117.82938], [33.64709, -117.82963], [33.67733, -117.85939], [33.64354, -117.84222], [33.63482, -117.82726], [33.63492, -117.82732], [33.64742, -117.8298], [33.64363, -117.84201], [33.64747, -117.82988], [33.6436, -117.84206], [33.64719, -117.82978], [33.64354, -117.84075], [33.64875, -117.83027], [33.64357, -117.84073], [33.63472, -117.82766], [33.63502, -117.8274]]","[[33.63643624116966, -117.82340817581841], [33.636998017000586, -117.82135412582636], [33.65035328674197, -117.82186158195474]]","[33, 27, 20]","[1248.8543894275433, 1374.5745723823334, 1397.9471470295625]",0.3622896671295166,461.6890642642975
5,600,51,"[33.64025067958688, -117.83443429448087]","[33.64025439515819, -117.83028699287092]",384.7554001422741,"[[33.64742, -117.8298], [33.64363, -117.84201], [33.63464, -117.8276], [33.63491, -117.82732], [33.63482, -117.82726], [33.63492, -117.82732], [33.64911, -117.83533], [33.64238, -117.8414], [33.63472, -117.82766], [33.63502, -117.8274], [33.64707, -117.82976], [33.64374, -117.84189], [33.64757, -117.8299], [33.64364, -117.84201], [33.64755, -117.82989], [33.64352, -117.84245], [33.64747, -117.82988], [33.6436, -117.84206], [33.6459, -117.82939], [33.64287, -117.83962], [33.64586, -117.82939], [33.64354, -117.84221], [33.63481, -117.82725], [33.63491, -117.82733], [33.63496, -117.82734], [33.63529, -117.82748], [33.63469, -117.82764], [33.63492, -117.82735], [33.67733, -117.85939], [33.64354, -117.84222], [33.64756, -117.82988], [33.64356, -117.8407], [33.64733, -117.8298], [33.64359, -117.84206], [33.63485, -117.82772], [33.63534, -117.82751], [33.64769, -117.82993], [33.63847, -117.84001], [33.64875, -117.83027], [33.64357, -117.84073], [33.63477, -117.82767], [33.63466, -117.82764], [33.63489, -117.82775], [33.6349, -117.82733], [33.63516, -117.82791], [33.63497, -117.82735], [33.64858, -117.83521], [33.64394, -117.84099], [33.64607, -117.82945], [33.64344, -117.84052], [33.63468, -117.83546], [33.63464, -117.83772], [33.64738, -117.82979], [33.64363, -117.84206], [33.63509, -117.8278], [33.63497, -117.82733], [33.63477, -117.82766], [33.63503, -117.82742], [33.63469, -117.82765], [33.63492, -117.82735], [33.64867, -117.8352], [33.64357, -117.84213], [33.64719, -117.82978], [33.64354, -117.84075], [33.63491, -117.82772], [33.63513, -117.82745], [33.63535, -117.82751], [33.63517, -117.82747], [33.63484, -117.82774], [33.6349, -117.82732], [33.63482, -117.82769], [33.63473, -117.82769], [33.635, -117.82736], [33.63492, -117.82734], [33.6348, -117.82771], [33.63532, -117.82752], [33.64599, -117.82941], [33.64369, -117.84204], [33.63331, -117.83632], [33.63414, -117.83827], [33.63486, -117.82729], [33.63485, -117.82729], [33.63473, -117.82752], [33.63428, -117.83994], [33.64578, -117.82936], [33.64287, -117.8398], [33.63479, -117.82768], [33.63518, -117.82746], [33.63468, -117.8276], [33.63489, -117.82733], [33.63473, -117.82774], [33.63492, -117.82732], [33.63508, -117.82783], [33.63488, -117.82732], [33.6351, -117.82789], [33.63508, -117.82742], [33.63474, -117.82765], [33.63481, -117.82727], [33.64733, -117.82984], [33.64358, -117.8407], [33.64577, -117.82938], [33.64288, -117.83979]]","[[33.63634215222424, -117.82336496298453], [33.635755040089, -117.825409393183], [33.636962201229906, -117.82133675814138]]","[22, 17, 17]","[775.0486606753677, 673.6643898305061, 907.0951088314719]",0.09195446968078613,333.44005250930786
6,600,41,"[33.64025067958688, -117.83443429448087]","[33.63790286291344, -117.83264801841788]",308.6687054699446,"[[33.64756, -117.82988], [33.64356, -117.8407], [33.64536, -117.82932], [33.64342, -117.84048], [33.64813, -117.83006], [33.64358, -117.84232], [33.63479, -117.82723], [33.63484, -117.82731], [33.64687, -117.82941], [33.6347, -117.82716], [33.63486, -117.82729], [33.63485, -117.82729], [33.63478, -117.82723], [33.63482, -117.82725], [33.63433, -117.82726], [33.63471, -117.82718], [33.64489, -117.8293], [33.64341, -117.84046], [33.6345, -117.82745], [33.63482, -117.82729], [33.63445, -117.82742], [33.63459, -117.82707], [33.63481, -117.82729], [33.6347, -117.82719], [33.63451, -117.82749], [33.63472, -117.8272], [33.64756, -117.82993], [33.64356, -117.84232], [33.64911, -117.83533], [33.64238, -117.8414], [33.64842, -117.83017], [33.64352, -117.84254], [33.67638, -117.86301], [33.64273, -117.83906], [33.64889, -117.83537], [33.64246, -117.84144], [33.64607, -117.82945], [33.64344, -117.84052], [33.64757, -117.8299], [33.64364, -117.84201], [33.63451, -117.82744], [33.63468, -117.82718], [33.64723, -117.82979], [33.64372, -117.84079], [33.64715, -117.83519], [33.6285, -117.8061], [33.63472, -117.82717], [33.63476, -117.82724], [33.64714, -117.82977], [33.64372, -117.84071], [33.63456, -117.82754], [33.63478, -117.82725], [33.64738, -117.82979], [33.64363, -117.84206], [33.64867, -117.8352], [33.64357, -117.84213], [33.63431, -117.83795], [33.56461, -117.8299], [33.63454, -117.82748], [33.63426, -117.82724], [33.63465, -117.82747], [33.64179, -117.84363], [33.6345, -117.82748], [33.63473, -117.8272], [33.64505, -117.82929], [33.64344, -117.84053], [33.63443, -117.82742], [33.63483, -117.8273], [33.64682, -117.82938], [33.64709, -117.82963], [33.63447, -117.82751], [33.63476, -117.82722], [33.64875, -117.83027], [33.64357, -117.84073], [33.63448, -117.82744], [33.63464, -117.8271], [33.63441, -117.82741], [33.63454, -117.82746], [33.64577, -117.82938], [33.64288, -117.83979], [33.64586, -117.82939], [33.64354, -117.84221]]","[[33.641796113222206, -117.81466920442872], [33.64144035973293, -117.81703990310157], [33.6421412543462, -117.81236891699194]]","[11, 9, 6]","[1722.9377161468617, 1500.2298056670422, 1939.1911197056909]",0.11626267433166504,166.80805802345276
7,600,55,"[33.64025067958688, -117.83443429448087]","[33.63615955377089, -117.83624929530133]",484.0059460103497,"[[33.63473, -117.82752], [33.63396, -117.8422], [33.63456, -117.82754], [33.63478, -117.82725], [33.64477, -117.82931], [33.64291, -117.83979], [33.63485, -117.82772], [33.63534, -117.82751], [33.64481, -117.8293], [33.64362, -117.8421], [33.64592, -117.83515], [33.6427, -117.83897], [33.64477, -117.82902], [33.64345, -117.84048], [33.64483, -117.82932], [33.6433, -117.84036], [33.63508, -117.82785], [33.64355, -117.8423], [33.64715, -117.83519], [33.6285, -117.8061], [33.6471, -117.82977], [33.64375, -117.84189], [33.63477, -117.82767], [33.63466, -117.82764], [33.64682, -117.82938], [33.64709, -117.82963], [33.6459, -117.82939], [33.64287, -117.83962], [33.62832, -117.80591], [33.64242, -117.8414], [33.6347, -117.82767], [33.63501, -117.82738], [33.64842, -117.83017], [33.64352, -117.84254], [33.6345, -117.82748], [33.63473, -117.8272], [33.63498, -117.82782], [33.63493, -117.82737], [33.64714, -117.82977], [33.64372, -117.84071], [33.64607, -117.82945], [33.64344, -117.84052], [33.64895, -117.83532], [33.64252, -117.84136], [33.64757, -117.8299], [33.64364, -117.84201], [33.64747, -117.82988], [33.6436, -117.84206], [33.63481, -117.82725], [33.63491, -117.82733], [33.6345, -117.82745], [33.63482, -117.82729], [33.64505, -117.82929], [33.64344, -117.84053], [33.63433, -117.82726], [33.63471, -117.82718], [33.635, -117.82736], [33.63492, -117.82734], [33.63488, -117.8273], [33.63483, -117.82727], [33.64723, -117.82979], [33.64372, -117.84079], [33.64769, -117.82993], [33.64034, -117.84048], [33.64858, -117.83521], [33.64394, -117.84099], [33.64875, -117.83027], [33.64357, -117.84073], [33.63472, -117.82768], [33.63494, -117.82732], [33.63451, -117.82749], [33.63472, -117.8272], [33.6475, -117.82986], [33.64353, -117.84083], [33.64742, -117.8298], [33.64363, -117.84201], [33.63464, -117.8276], [33.63491, -117.82732], [33.64737, -117.82984], [33.64353, -117.84221], [33.63454, -117.82748], [33.63426, -117.82724], [33.6321, -117.84069], [33.63206, -117.84081], [33.63489, -117.82775], [33.6349, -117.82733], [33.63506, -117.82739], [33.63482, -117.82728], [33.63445, -117.82742], [33.63459, -117.82707], [33.63441, -117.82741], [33.63454, -117.82746], [33.64756, -117.82993], [33.64356, -117.84232], [33.64733, -117.82984], [33.64358, -117.8407], [33.64712, -117.82976], [33.64355, -117.84072], [33.63478, -117.82723], [33.63482, -117.82725], [33.64511, -117.82927], [33.64352, -117.84226], [33.63472, -117.82717], [33.63476, -117.82724], [33.63474, -117.82765], [33.63481, -117.82727], [33.64599, -117.82941], [33.64369, -117.84204], [33.64489, -117.8293], [33.64341, -117.84046]]","[[33.63570725592767, -117.82537797462693], [33.64528333729653, -117.83141595174546], [33.64629668060828, -117.82511369946114]]","[20, 7, 5]","[1009.8558592873081, 1106.8650072725195, 1526.9012066056844]",0.14875006675720215,319.58868765830994
8,600,89,"[33.64025067958688, -117.83443429448087]","[33.6390053019467, -117.83120119349881]",330.2231796092099,"[[33.63454, -117.82746], [33.63456, -117.82707], [33.62832, -117.80591], [33.64242, -117.8414], [33.63448, -117.82745], [33.63472, -117.8272], [33.6473, -117.82984], [33.64359, -117.84225], [33.64599, -117.82941], [33.64369, -117.84204], [33.63427, -117.82712], [33.64179, -117.84363], [33.64875, -117.83027], [33.64357, -117.84073], [33.64757, -117.8299], [33.64364, -117.84201], [33.63453, -117.82749], [33.63472, -117.82719], [33.63448, -117.82744], [33.63464, -117.8271], [33.64586, -117.82939], [33.64354, -117.84221], [33.63431, -117.83795], [33.56461, -117.8299], [33.64956, -117.83537], [33.64824, -117.83759], [33.63441, -117.82688], [33.63464, -117.82712], [33.6345, -117.82745], [33.6347, -117.82718], [33.6345, -117.82748], [33.63473, -117.8272], [33.64481, -117.8293], [33.64362, -117.8421], [33.6483, -117.83013], [33.64352, -117.8424], [33.63468, -117.82714], [33.6346, -117.82709], [33.63438, -117.82687], [33.63472, -117.82717], [33.63445, -117.82742], [33.63459, -117.82707], [33.6321, -117.84069], [33.63206, -117.84081], [33.64607, -117.82945], [33.64344, -117.84052], [33.64477, -117.82931], [33.64291, -117.83979], [33.63453, -117.82746], [33.63476, -117.82719], [33.63423, -117.82712], [33.63443, -117.82684], [33.63457, -117.8274], [33.63396, -117.8422], [33.64687, -117.82941], [33.6347, -117.82716], [33.64592, -117.83515], [33.6427, -117.83897], [33.64682, -117.82938], [33.64709, -117.82963], [33.63441, -117.82689], [33.63456, -117.82703], [33.63331, -117.83632], [33.63414, -117.83827], [33.64678, -117.8294], [33.64667, -117.82929], [33.64747, -117.82988], [33.6436, -117.84206], [33.67638, -117.86301], [33.64273, -117.83906], [33.64737, -117.82984], [33.64353, -117.84221], [33.64561, -117.82932], [33.64355, -117.84228], [33.6475, -117.82986], [33.64353, -117.84083], [33.63449, -117.8275], [33.63454, -117.82703], [33.64813, -117.83006], [33.64358, -117.84232], [33.64756, -117.82988], [33.64356, -117.8407], [33.63443, -117.82742], [33.63457, -117.82708], [33.64483, -117.82932], [33.6433, -117.84036], [33.64719, -117.82981], [33.64353, -117.84231], [33.63451, -117.82745], [33.6347, -117.8272], [33.64858, -117.83521], [33.64394, -117.84099], [33.64487, -117.82928], [33.6427, -117.83906], [33.64911, -117.83533], [33.64238, -117.8414], [33.64733, -117.8298], [33.64359, -117.84206], [33.64479, -117.82934], [33.64352, -117.84273], [33.63451, -117.82746], [33.63465, -117.82712], [33.64788, -117.83], [33.64358, -117.84214], [33.64437, -117.82935], [33.64338, -117.84039], [33.63448, -117.82748], [33.63474, -117.82722], [33.64769, -117.82993], [33.64034, -117.84048], [33.63474, -117.82721], [33.63468, -117.82711], [33.64489, -117.8293], [33.64341, -117.84046], [33.64511, -117.82927], [33.64352, -117.84226], [33.6344, -117.8269], [33.63465, -117.82716], [33.64755, -117.82989], [33.64352, -117.84245], [33.63446, -117.82745], [33.63468, -117.82716], [33.63441, -117.82741], [33.63454, -117.82746], [33.64842, -117.83017], [33.64352, -117.84254], [33.63454, -117.82749], [33.63471, -117.82721], [33.63448, -117.82742], [33.63466, -117.8271], [33.63451, -117.82748], [33.63464, -117.82713], [33.64712, -117.82976], [33.64355, -117.84072], [33.64468, -117.82932], [33.64286, -117.83965], [33.64714, -117.82977], [33.64372, -117.84071], [33.63459, -117.82709], [33.6347, -117.82719], [33.63472, -117.82717], [33.63462, -117.82712], [33.63445, -117.82691], [33.63462, -117.82711], [33.64867, -117.8352], [33.64357, -117.84213], [33.63451, -117.82749], [33.63472, -117.8272], [33.63447, -117.82751], [33.63462, -117.82709], [33.64719, -117.82978], [33.64354, -117.84075], [33.63433, -117.82726], [33.63471, -117.82718], [33.64707, -117.82976], [33.64374, -117.84189], [33.64497, -117.82932], [33.6436, -117.84206], [33.6459, -117.82939], [33.64287, -117.83962], [33.63454, -117.82748], [33.63426, -117.82724], [33.63472, -117.82717], [33.6347, -117.82719], [33.64505, -117.82929], [33.64344, -117.84053], [33.6471, -117.82973], [33.64353, -117.84075], [33.64577, -117.82938], [33.64288, -117.83979], [33.63471, -117.82717], [33.6347, -117.82717], [33.63446, -117.82749], [33.63448, -117.82703], [33.63444, -117.82738], [33.63474, -117.82722], [33.64734, -117.82979], [33.64365, -117.84205]]","[[33.64808404867024, -117.82782610746986], [33.65035278753986, -117.82186124506373], [33.65102035232627, -117.81984786887648]]","[18, 13, 12]","[1054.532146722863, 1528.0200962066535, 1698.603166497874]",0.23899292945861816,883.7013721466064
9,600,105,"[33.64025067958688, -117.83443429448087]","[33.63698053640862, -117.83195789130306]",429.35120583707896,"[[33.64956, -117.83537], [33.64824, -117.83759], [33.64867, -117.8352], [33.64357, -117.84213], [33.63387, -117.82631], [33.63574, -117.82553], [33.6339, -117.82647], [33.63559, -117.82565], [33.64678, -117.8294], [33.64667, -117.82929], [33.64769, -117.82993], [33.64034, -117.84048], [33.6473, -117.82984], [33.64359, -117.84225], [33.64483, -117.82932], [33.6433, -117.84036], [33.64477, -117.82933], [33.6437, -117.84195], [33.63391, -117.82643], [33.63559, -117.82563], [33.64733, -117.8298], [33.64359, -117.84206], [33.64714, -117.82977], [33.64372, -117.84071], [33.64586, -117.82939], [33.64354, -117.84221], [33.63381, -117.82619], [33.63568, -117.82556], [33.64747, -117.82988], [33.6436, -117.84206], [33.63388, -117.82633], [33.63561, -117.82564], [33.63389, -117.82646], [33.63583, -117.82549], [33.64495, -117.82934], [33.64288, -117.8397], [33.64577, -117.82938], [33.64288, -117.83979], [33.63382, -117.82615], [33.63543, -117.82574], [33.63387, -117.82633], [33.63557, -117.82566], [33.64755, -117.82989], [33.64352, -117.84245], [33.63431, -117.83795], [33.56461, -117.8299], [33.64911, -117.83533], [33.64238, -117.8414], [33.64813, -117.83006], [33.64358, -117.84232], [33.64712, -117.82976], [33.64355, -117.84072], [33.63386, -117.82632], [33.63549, -117.82572], [33.6471, -117.82973], [33.64353, -117.84075], [33.64477, -117.82902], [33.64345, -117.84048], [33.63385, -117.8263], [33.63602, -117.8253], [33.63386, -117.82626], [33.63566, -117.82559], [33.64497, -117.82932], [33.6436, -117.84206], [33.64719, -117.82981], [33.64353, -117.84231], [33.64757, -117.8299], [33.64364, -117.84201], [33.64707, -117.82976], [33.64374, -117.84189], [33.63394, -117.8265], [33.63549, -117.82571], [33.64842, -117.83017], [33.64352, -117.84254], [33.67733, -117.85939], [33.64354, -117.84222], [33.63396, -117.82657], [33.63574, -117.82554], [33.64712, -117.82982], [33.64379, -117.84076], [33.64737, -117.82984], [33.64353, -117.84221], [33.64756, -117.82993], [33.64356, -117.84232], [33.64788, -117.83], [33.64358, -117.84214], [33.63387, -117.82627], [33.63517, -117.82586], [33.64561, -117.82932], [33.64355, -117.84228], [33.63303, -117.83757], [33.63414, -117.83827], [33.64723, -117.82979], [33.64372, -117.84079], [33.64895, -117.83532], [33.64252, -117.84136], [33.63392, -117.82641], [33.64179, -117.84363], [33.63383, -117.82626], [33.63529, -117.82579], [33.63384, -117.82629], [33.6361, -117.82526], [33.6459, -117.82939], [33.64287, -117.83962], [33.6483, -117.83013], [33.64352, -117.8424], [33.6338, -117.82626], [33.63555, -117.82568], [33.64738, -117.82979], [33.64363, -117.84206], [33.64505, -117.82929], [33.64344, -117.84053], [33.64468, -117.82932], [33.64286, -117.83965], [33.63383, -117.82617], [33.63551, -117.82569], [33.63387, -117.82636], [33.63378, -117.82627], [33.63386, -117.82622], [33.63539, -117.82574], [33.64477, -117.82931], [33.64291, -117.83979], [33.6339, -117.82638], [33.63573, -117.82556], [33.6321, -117.84069], [33.63206, -117.84081], [33.64742, -117.8298], [33.64363, -117.84201], [33.64719, -117.82978], [33.64354, -117.84075], [33.63383, -117.82619], [33.63568, -117.82558], [33.64682, -117.82938], [33.64709, -117.82963], [33.64875, -117.83027], [33.64357, -117.84073], [33.64489, -117.8293], [33.64341, -117.84046], [33.63384, -117.82624], [33.63637, -117.82507], [33.64858, -117.83521], [33.64394, -117.84099], [33.63388, -117.82639], [33.63562, -117.82565], [33.64481, -117.8293], [33.64362, -117.8421], [33.64487, -117.82928], [33.6427, -117.83906], [33.63384, -117.82612], [33.63577, -117.82551], [33.64511, -117.82927], [33.64352, -117.84226], [33.63385, -117.82633], [33.63548, -117.82571], [33.67638, -117.86301], [33.64273, -117.83906], [33.64437, -117.82935], [33.64338, -117.84039], [33.64715, -117.83519], [33.6285, -117.8061], [33.64733, -117.82984], [33.64358, -117.8407], [33.62832, -117.80591], [33.64242, -117.8414], [33.6339, -117.82632], [33.63579, -117.82548], [33.63386, -117.8262], [33.6356, -117.82563], [33.6471, -117.82977], [33.64375, -117.84189], [33.63384, -117.82621], [33.63565, -117.82562], [33.64787, -117.82996], [33.6435, -117.84081], [33.63389, -117.82641], [33.63602, -117.82535], [33.63384, -117.82621], [33.63525, -117.82582], [33.63385, -117.82621], [33.6355, -117.8257], [33.64889, -117.83537], [33.64246, -117.84144], [33.6475, -117.82986], [33.64353, -117.84083], [33.63386, -117.82631], [33.63563, -117.8256], [33.63388, -117.82638], [33.63584, -117.82548], [33.64592, -117.83515], [33.6427, -117.83897], [33.64687, -117.82941], [33.63559, -117.82565], [33.63394, -117.82646], [33.63396, -117.8422], [33.64607, -117.82945], [33.64344, -117.84052], [33.63383, -117.82628], [33.63562, -117.82562], [33.63389, -117.82649], [33.63553, -117.82569], [33.63386, -117.82628], [33.63597, -117.82537], [33.64536, -117.82932], [33.64342, -117.84048], [33.64479, -117.82934], [33.64352, -117.84273], [33.63385, -117.82627], [33.6358, -117.82549], [33.64599, -117.82941], [33.64369, -117.84204]]","[[33.63391319313128, -117.82181579712211], [33.63478240786411, -117.82371038013659], [33.65037515844179, -117.82187277089164]]","[43, 25, 20]","[1000.575350624596, 803.0832278958839, 1755.7205737873162]",0.5403616428375244,1337.6988289356232
10,600,93,"[33.64025067958688, -117.83443429448087]","[33.64313092583005, -117.83257252954537]",363.1657519627461,"[[33.63389, -117.82641], [33.63602, -117.82535], [33.63383, -117.82628], [33.63562, -117.82562], [33.64865, -117.83025], [33.64358, -117.84214], [33.64869, -117.83026], [33.64354, -117.84075], [33.64836, -117.83014], [33.64286, -117.83965], [33.6489, -117.83034], [33.6436, -117.84206], [33.63385, -117.82633], [33.63548, -117.82571], [33.64762, -117.82842], [33.64821, -117.82976], [33.64885, -117.83038], [33.64374, -117.84189], [33.63386, -117.8262], [33.6356, -117.82563], [33.63384, -117.82621], [33.63525, -117.82582], [33.63384, -117.82621], [33.63565, -117.82562], [33.63385, -117.82621], [33.6355, -117.8257], [33.63384, -117.82612], [33.63577, -117.82551], [33.64814, -117.83007], [33.64287, -117.83962], [33.64855, -117.83017], [33.6435, -117.84081], [33.64767, -117.82833], [33.63559, -117.82565], [33.63386, -117.82622], [33.63539, -117.82574], [33.63383, -117.82617], [33.63551, -117.82569], [33.63387, -117.82627], [33.63517, -117.82586], [33.64833, -117.83014], [33.64338, -117.84039], [33.64812, -117.83007], [33.64363, -117.84206], [33.63396, -117.82657], [33.63574, -117.82554], [33.64834, -117.8353], [33.6285, -117.8061], [33.64858, -117.83521], [33.64394, -117.84099], [33.64834, -117.8301], [33.64344, -117.84053], [33.64819, -117.83004], [33.64362, -117.8421], [33.63389, -117.82646], [33.63583, -117.82549], [33.63391, -117.82643], [33.63559, -117.82563], [33.6483, -117.83013], [33.64352, -117.8424], [33.63387, -117.82636], [33.63378, -117.82627], [33.64825, -117.82983], [33.64345, -117.84048], [33.6339, -117.82632], [33.63579, -117.82548], [33.64818, -117.83006], [33.64363, -117.84201], [33.63385, -117.8263], [33.63602, -117.8253], [33.63392, -117.82641], [33.64179, -117.84363], [33.63388, -117.82639], [33.63562, -117.82565], [33.64816, -117.83006], [33.64353, -117.84075], [33.6339, -117.82638], [33.63573, -117.82556], [33.64889, -117.83537], [33.64246, -117.84144], [33.63394, -117.8265], [33.63549, -117.82571], [33.64835, -117.83011], [33.64372, -117.84071], [33.63394, -117.82646], [33.63396, -117.8422], [33.64842, -117.83017], [33.64352, -117.84254], [33.63388, -117.82638], [33.63584, -117.82548], [33.63387, -117.82633], [33.63557, -117.82566], [33.63431, -117.83795], [33.56461, -117.8299], [33.64956, -117.83537], [33.64824, -117.83759], [33.64815, -117.83008], [33.64288, -117.83979], [33.64906, -117.83034], [33.64365, -117.84205], [33.64826, -117.8301], [33.64353, -117.84231], [33.63386, -117.82631], [33.63563, -117.8256], [33.64845, -117.83019], [33.64354, -117.84221], [33.64846, -117.83018], [33.64352, -117.84273], [33.63381, -117.82619], [33.63568, -117.82556], [33.64905, -117.83033], [33.64034, -117.84048], [33.63382, -117.82615], [33.63543, -117.82574], [33.63384, -117.82624], [33.63637, -117.82507], [33.64834, -117.83009], [33.64342, -117.84048], [33.64846, -117.83019], [33.64355, -117.84072], [33.64842, -117.83013], [33.64352, -117.84226], [33.64895, -117.83532], [33.64252, -117.84136], [33.63451, -117.82748], [33.63464, -117.82713], [33.64841, -117.83019], [33.64291, -117.83979], [33.64814, -117.83011], [33.64288, -117.8397], [33.63386, -117.82628], [33.63597, -117.82537], [33.64891, -117.83032], [33.64372, -117.84079], [33.64862, -117.83023], [33.64353, -117.84221], [33.64883, -117.83026], [33.64287, -117.8398], [33.64814, -117.83006], [33.64356, -117.8407], [33.63389, -117.82649], [33.63553, -117.82569], [33.63441, -117.82741], [33.63454, -117.82746], [33.64873, -117.83028], [33.64352, -117.84245], [33.64861, -117.83028], [33.64356, -117.84232], [33.64843, -117.83019], [33.64379, -117.84076], [33.62832, -117.80591], [33.64242, -117.8414], [33.63383, -117.82626], [33.63529, -117.82579], [33.63508, -117.82785], [33.64355, -117.8423], [33.64868, -117.83026], [33.64364, -117.84201], [33.64875, -117.83027], [33.64357, -117.84073], [33.64748, -117.82863], [33.64833, -117.83003], [33.63386, -117.82626], [33.63566, -117.82559], [33.63388, -117.82633], [33.63561, -117.82564], [33.67733, -117.85939], [33.64354, -117.84222], [33.64872, -117.8303], [33.6437, -117.84195], [33.64813, -117.83006], [33.64358, -117.84232], [33.67638, -117.86301], [33.64273, -117.83906], [33.64832, -117.83012], [33.64359, -117.84206], [33.6345, -117.82745], [33.6347, -117.82718], [33.63385, -117.82627], [33.6358, -117.82549], [33.63387, -117.82631], [33.63574, -117.82553], [33.64821, -117.83011], [33.64369, -117.84204], [33.64841, -117.83016], [33.6433, -117.84036]]","[[33.63389238950926, -117.82181557994888], [33.63463885459783, -117.82379996196234], [33.64947302467614, -117.82824571516136]]","[40, 29, 11]","[1430.3675750271934, 1244.8142557565707, 809.8981088983859]",0.2944159507751465,903.5211834907532
11,600,107,"[33.64025067958688, -117.83443429448087]","[33.639670451355464, -117.83773788248517]",313.16690627823266,"[[33.64819, -117.83004], [33.64353, -117.84251], [33.63387, -117.82627], [33.63517, -117.82586], [33.64891, -117.83032], [33.64351, -117.84243], [33.64842, -117.83013], [33.64351, -117.84237], [33.64843, -117.83019], [33.64368, -117.84221], [33.64825, -117.82983], [33.64358, -117.84223], [33.64867, -117.8352], [33.64351, -117.84235], [33.64841, -117.83016], [33.64351, -117.84253], [33.64826, -117.8301], [33.64353, -117.84231], [33.64812, -117.83007], [33.64353, -117.84228], [33.63441, -117.82741], [33.63454, -117.82746], [33.64841, -117.83019], [33.64352, -117.84271], [33.64834, -117.8301], [33.64351, -117.8425], [33.63394, -117.82646], [33.63396, -117.8422], [33.64747, -117.82988], [33.64354, -117.84235], [33.64956, -117.83537], [33.64824, -117.83759], [33.64835, -117.83011], [33.64355, -117.8423], [33.64834, -117.8353], [33.6285, -117.8061], [33.63381, -117.82619], [33.63568, -117.82556], [33.64883, -117.83026], [33.64357, -117.84232], [33.6345, -117.82745], [33.6347, -117.82718], [33.63383, -117.82619], [33.63568, -117.82558], [33.64489, -117.8293], [33.64357, -117.84239], [33.64865, -117.83025], [33.64352, -117.84235], [33.63386, -117.82622], [33.63539, -117.82574], [33.63385, -117.82621], [33.6355, -117.8257], [33.63389, -117.82646], [33.63583, -117.82549], [33.63384, -117.82629], [33.6361, -117.82526], [33.63383, -117.82626], [33.63529, -117.82579], [33.64607, -117.82945], [33.64351, -117.84261], [33.67638, -117.86301], [33.64353, -117.84239], [33.64818, -117.83006], [33.64356, -117.84231], [33.63385, -117.82633], [33.63548, -117.82571], [33.63388, -117.82638], [33.63584, -117.82548], [33.63451, -117.82744], [33.63468, -117.82718], [33.63387, -117.82636], [33.63378, -117.82627], [33.6321, -117.84069], [33.63206, -117.84081], [33.63388, -117.82633], [33.63561, -117.82564], [33.64868, -117.83026], [33.64352, -117.84258], [33.64762, -117.82842], [33.64821, -117.82976], [33.6483, -117.83013], [33.64352, -117.8424], [33.64846, -117.83018], [33.64352, -117.84273], [33.62832, -117.80591], [33.64164, -117.84417], [33.64814, -117.83006], [33.64353, -117.84236], [33.6473, -117.82984], [33.64359, -117.84225], [33.64748, -117.82863], [33.64833, -117.83003], [33.6338, -117.82626], [33.63555, -117.82568], [33.63386, -117.8262], [33.6356, -117.82563], [33.64833, -117.83014], [33.64357, -117.84223], [33.64911, -117.83533], [33.64167, -117.84389], [33.64873, -117.83028], [33.64352, -117.84245], [33.63387, -117.82633], [33.63557, -117.82566], [33.64815, -117.83008], [33.6435, -117.8425], [33.63384, -117.82621], [33.63525, -117.82582], [33.64889, -117.83537], [33.64176, -117.84385], [33.63508, -117.82785], [33.64355, -117.8423], [33.64895, -117.83532], [33.64182, -117.84385], [33.64858, -117.83521], [33.64372, -117.84203], [33.63388, -117.82639], [33.63562, -117.82565], [33.63386, -117.82631], [33.63563, -117.8256], [33.64832, -117.83012], [33.64352, -117.84242], [33.64906, -117.83034], [33.64356, -117.84225], [33.63303, -117.83757], [33.63414, -117.83827], [33.67733, -117.85939], [33.64348, -117.84265], [33.64846, -117.83019], [33.64352, -117.8423], [33.63386, -117.82632], [33.63549, -117.82572], [33.64816, -117.83006], [33.64357, -117.84224], [33.64733, -117.82984], [33.64351, -117.84281], [33.63415, -117.8382], [33.56461, -117.8299], [33.63389, -117.82649], [33.63553, -117.82569], [33.63451, -117.82748], [33.63464, -117.82713], [33.64836, -117.83014], [33.64353, -117.84235], [33.64561, -117.82932], [33.64355, -117.84228], [33.6339, -117.82647], [33.63559, -117.82565], [33.64767, -117.82833], [33.63559, -117.82565], [33.64869, -117.83026], [33.64354, -117.84232], [33.6471, -117.82977], [33.64376, -117.842], [33.64487, -117.82928], [33.64352, -117.84243], [33.64834, -117.83009], [33.64351, -117.84274], [33.63384, -117.82621], [33.63565, -117.82562], [33.63396, -117.82657], [33.63574, -117.82554], [33.64842, -117.83017], [33.64352, -117.84254], [33.64861, -117.83028], [33.64356, -117.84232], [33.64814, -117.83011], [33.64352, -117.84283], [33.64592, -117.83515], [33.64171, -117.84379], [33.63382, -117.82615], [33.63543, -117.82574], [33.64872, -117.8303], [33.64368, -117.84208], [33.63385, -117.8263], [33.63602, -117.8253], [33.64875, -117.83027], [33.64354, -117.84234], [33.64905, -117.83033], [33.64351, -117.84263], [33.64813, -117.83006], [33.64358, -117.84232], [33.63384, -117.82624], [33.63637, -117.82507], [33.63387, -117.82631], [33.63574, -117.82553], [33.63391, -117.82643], [33.63559, -117.82563], [33.64821, -117.83011], [33.64358, -117.84223], [33.63383, -117.82628], [33.63562, -117.82562], [33.63384, -117.82612], [33.63577, -117.82551], [33.63386, -117.82628], [33.63597, -117.82537], [33.6489, -117.83034], [33.64352, -117.84232], [33.64862, -117.83023], [33.64351, -117.84242], [33.63386, -117.82626], [33.63566, -117.82559], [33.64855, -117.83017], [33.64353, -117.84238], [33.6339, -117.82632], [33.63579, -117.82548], [33.6475, -117.82986], [33.64354, -117.84257], [33.63383, -117.82617], [33.63551, -117.82569], [33.64814, -117.83007], [33.64352, -117.84245], [33.6339, -117.82638], [33.63573, -117.82556]]","[[33.63389849504001, -117.82180925512665], [33.63471720401914, -117.8237598931047], [33.64947135534321, -117.828233642447]]","[38, 30, 11]","[1610.5092811594266, 1408.3924893951605, 1399.681611708183]",0.4802827835083008,1222.053335428238
12,600,79,"[33.64025067958688, -117.83443429448087]","[33.642596905871805, -117.83273338097456]",304.3372308022613,"[[33.64865, -117.83025], [33.64352, -117.84235], [33.64816, -117.83006], [33.64357, -117.84224], [33.64875, -117.83027], [33.64354, -117.84234], [33.64836, -117.83014], [33.64353, -117.84235], [33.63386, -117.82628], [33.63597, -117.82537], [33.64843, -117.83019], [33.64368, -117.84221], [33.63386, -117.82632], [33.63549, -117.82572], [33.63386, -117.82631], [33.63563, -117.8256], [33.64764, -117.8352], [33.64171, -117.84379], [33.64818, -117.83006], [33.64356, -117.84231], [33.63384, -117.82621], [33.63525, -117.82582], [33.63508, -117.82785], [33.64355, -117.8423], [33.63303, -117.83757], [33.63414, -117.83827], [33.63384, -117.82612], [33.63577, -117.82551], [33.64891, -117.83032], [33.64351, -117.84243], [33.64751, -117.82991], [33.64351, -117.84281], [33.63382, -117.82615], [33.63543, -117.82574], [33.64956, -117.83537], [33.64824, -117.83759], [33.64869, -117.83026], [33.64354, -117.84232], [33.64905, -117.83033], [33.64351, -117.84263], [33.63383, -117.82617], [33.63551, -117.82569], [33.63385, -117.82627], [33.6358, -117.82549], [33.64834, -117.8301], [33.64351, -117.8425], [33.64873, -117.83028], [33.64352, -117.84245], [33.64748, -117.82863], [33.64833, -117.83003], [33.64885, -117.83038], [33.64374, -117.84189], [33.64814, -117.83007], [33.64352, -117.84245], [33.63388, -117.82639], [33.63562, -117.82565], [33.64846, -117.83019], [33.64352, -117.8423], [33.64895, -117.83532], [33.64182, -117.84385], [33.63384, -117.82624], [33.63637, -117.82507], [33.63451, -117.82748], [33.63464, -117.82713], [33.63383, -117.82628], [33.63562, -117.82562], [33.63387, -117.82631], [33.63574, -117.82553], [33.63384, -117.82629], [33.6361, -117.82526], [33.64819, -117.83004], [33.64353, -117.84251], [33.63392, -117.82641], [33.64179, -117.84363], [33.63388, -117.82638], [33.63584, -117.82548], [33.6321, -117.84069], [33.63206, -117.84081], [33.64826, -117.8301], [33.64353, -117.84231], [33.64774, -117.82994], [33.64359, -117.84225], [33.63388, -117.82633], [33.63561, -117.82564], [33.64868, -117.83026], [33.64352, -117.84258], [33.64833, -117.83014], [33.64357, -117.84223], [33.63394, -117.82646], [33.63396, -117.8422], [33.64747, -117.82983], [33.64355, -117.84228], [33.62832, -117.80591], [33.64164, -117.84417], [33.63394, -117.8265], [33.63549, -117.82571], [33.64841, -117.83016], [33.64351, -117.84253], [33.64767, -117.82833], [33.63559, -117.82565], [33.63384, -117.82621], [33.63565, -117.82562], [33.64841, -117.83019], [33.64352, -117.84271], [33.63386, -117.82622], [33.63539, -117.82574], [33.64858, -117.83521], [33.64372, -117.84203], [33.64754, -117.82993], [33.64376, -117.842], [33.64855, -117.83017], [33.64353, -117.84238], [33.64862, -117.83023], [33.64351, -117.84242], [33.64835, -117.83011], [33.64355, -117.8423], [33.64756, -117.82991], [33.64351, -117.84261], [33.63381, -117.82619], [33.63568, -117.82556], [33.64815, -117.83008], [33.6435, -117.8425], [33.64825, -117.82983], [33.64358, -117.84223], [33.63415, -117.8382], [33.56461, -117.8299], [33.64834, -117.8353], [33.6285, -117.8061], [33.6475, -117.82986], [33.64354, -117.84257], [33.64883, -117.83026], [33.64357, -117.84232], [33.64889, -117.83537], [33.64176, -117.84385], [33.64834, -117.83009], [33.64351, -117.84274], [33.67638, -117.86301], [33.64353, -117.84239], [33.6489, -117.83034], [33.64352, -117.84232], [33.64762, -117.82842], [33.64821, -117.82976], [33.63441, -117.82741], [33.63454, -117.82746], [33.63396, -117.82657], [33.63574, -117.82554], [33.64747, -117.82988], [33.64354, -117.84235], [33.63385, -117.82633], [33.63548, -117.82571], [33.64867, -117.8352], [33.64351, -117.84235], [33.6339, -117.82647], [33.63559, -117.82565], [33.6338, -117.82626], [33.63555, -117.82568], [33.64812, -117.83007], [33.64353, -117.84228]]","[[33.63395678187365, -117.82179258591577], [33.647438572427355, -117.83206110007708], [33.63479188136361, -117.82370636244747]]","[34, 10, 9]","[1395.9478778008802, 540.627479565669, 1204.4916430647354]",0.18975353240966797,692.8496809005737
13,600,51,"[33.64025067958688, -117.83443429448087]","[33.641191713042325, -117.8316136642321]",281.7236294223144,"[[33.64842, -117.83013], [33.64351, -117.84237], [33.63508, -117.82785], [33.64355, -117.8423], [33.64812, -117.83007], [33.64353, -117.84228], [33.64764, -117.8352], [33.64171, -117.84379], [33.64767, -117.82833], [33.63559, -117.82565], [33.64842, -117.83017], [33.64352, -117.84254], [33.64861, -117.83028], [33.64356, -117.84232], [33.64891, -117.83032], [33.64351, -117.84243], [33.64814, -117.83006], [33.64353, -117.84236], [33.64774, -117.82994], [33.64359, -117.84225], [33.63382, -117.82615], [33.63543, -117.82574], [33.64826, -117.8301], [33.64353, -117.84231], [33.64911, -117.83533], [33.64167, -117.84389], [33.64869, -117.83026], [33.64354, -117.84232], [33.63385, -117.82633], [33.63548, -117.82571], [33.63386, -117.82626], [33.63566, -117.82559], [33.63383, -117.82628], [33.63562, -117.82562], [33.64868, -117.83026], [33.64352, -117.84258], [33.63381, -117.82619], [33.63568, -117.82556], [33.63388, -117.82633], [33.63561, -117.82564], [33.64751, -117.82991], [33.64351, -117.84281], [33.6339, -117.82647], [33.63559, -117.82565], [33.63389, -117.82649], [33.63553, -117.82569], [33.63388, -117.82638], [33.63584, -117.82548], [33.63389, -117.82641], [33.63602, -117.82535], [33.63383, -117.82619], [33.63568, -117.82558], [33.63396, -117.82657], [33.63574, -117.82554], [33.64895, -117.83532], [33.64182, -117.84385], [33.64865, -117.83025], [33.64352, -117.84235], [33.6339, -117.82632], [33.63579, -117.82548], [33.63384, -117.82629], [33.6361, -117.82526], [33.64846, -117.83019], [33.64352, -117.8423], [33.64814, -117.83007], [33.64352, -117.84245], [33.6475, -117.82986], [33.64354, -117.84257], [33.63387, -117.82636], [33.63378, -117.82627], [33.63451, -117.82744], [33.63468, -117.82718], [33.6483, -117.83013], [33.64352, -117.8424], [33.64867, -117.8352], [33.64351, -117.84235], [33.64885, -117.83038], [33.64374, -117.84189], [33.63384, -117.82621], [33.63565, -117.82562], [33.64814, -117.83011], [33.64352, -117.84283], [33.64834, -117.8301], [33.64351, -117.8425], [33.64841, -117.83019], [33.64352, -117.84271], [33.64748, -117.82863], [33.64833, -117.83003], [33.64834, -117.83009], [33.64351, -117.84274], [33.63386, -117.8262], [33.6356, -117.82563], [33.64833, -117.83014], [33.64357, -117.84223], [33.64843, -117.83019], [33.64368, -117.84221], [33.6339, -117.82638], [33.63573, -117.82556], [33.63303, -117.83757], [33.63414, -117.83827], [33.6338, -117.82626], [33.63555, -117.82568]]","[[33.6338819596704, -117.82183932614653], [33.64180820788151, -117.84163734181413], [33.6368186414996, -117.8272785123303]]","[8, 6, 4]","[1216.4135066546642, 932.4180294482587, 630.0970008108768]",0.0722653865814209,255.16596460342407
14,600,112,"[33.64025067958688, -117.83443429448087]","[33.64249160889703, -117.83342714977809]",265.53602726544904,"[[33.63385, -117.8263], [33.63602, -117.8253], [33.64833, -117.83014], [33.64357, -117.84223], [33.63396, -117.82657], [33.63574, -117.82554], [33.64862, -117.83023], [33.64351, -117.84242], [33.64693, -117.82971], [33.64357, -117.84239], [33.63391, -117.82643], [33.63559, -117.82563], [33.64861, -117.83028], [33.64356, -117.84232], [33.62832, -117.80591], [33.64164, -117.84417], [33.64842, -117.83017], [33.64352, -117.84254], [33.63451, -117.82744], [33.63468, -117.82718], [33.63384, -117.82624], [33.63637, -117.82507], [33.64721, -117.82976], [33.64352, -117.84243], [33.63387, -117.82631], [33.63574, -117.82553], [33.63388, -117.82638], [33.63584, -117.82548], [33.63387, -117.82633], [33.63557, -117.82566], [33.64835, -117.83011], [33.64355, -117.8423], [33.6475, -117.82986], [33.64354, -117.84257], [33.64816, -117.83006], [33.64357, -117.84224], [33.63389, -117.82649], [33.63553, -117.82569], [33.63415, -117.8382], [33.56461, -117.8299], [33.63387, -117.82627], [33.63517, -117.82586], [33.63386, -117.82628], [33.63597, -117.82537], [33.64858, -117.83521], [33.64372, -117.84203], [33.6339, -117.82632], [33.63579, -117.82548], [33.64747, -117.82983], [33.64355, -117.84228], [33.63392, -117.82641], [33.64179, -117.84363], [33.64891, -117.83032], [33.64351, -117.84243], [33.63394, -117.82646], [33.63396, -117.8422], [33.64747, -117.82988], [33.64354, -117.84235], [33.64756, -117.82991], [33.64351, -117.84261], [33.64825, -117.82983], [33.64358, -117.84223], [33.64767, -117.82833], [33.63559, -117.82565], [33.64855, -117.83017], [33.64353, -117.84238], [33.64834, -117.8301], [33.64351, -117.8425], [33.64821, -117.83011], [33.64358, -117.84223], [33.64819, -117.83004], [33.64353, -117.84251], [33.64771, -117.83519], [33.64171, -117.84379], [33.6321, -117.84069], [33.63206, -117.84081], [33.63381, -117.82619], [33.63568, -117.82556], [33.64818, -117.83006], [33.64356, -117.84231], [33.63382, -117.82615], [33.63543, -117.82574], [33.63385, -117.82633], [33.63548, -117.82571], [33.64836, -117.83014], [33.64353, -117.84235], [33.64751, -117.82991], [33.64351, -117.84281], [33.64895, -117.83532], [33.64182, -117.84385], [33.63388, -117.82639], [33.63562, -117.82565], [33.64846, -117.83018], [33.64352, -117.84273], [33.64834, -117.83009], [33.64351, -117.84274], [33.64832, -117.83012], [33.64352, -117.84242], [33.64883, -117.83026], [33.64357, -117.84232], [33.64873, -117.83028], [33.64352, -117.84245], [33.63303, -117.83757], [33.63414, -117.83827], [33.64754, -117.82993], [33.64376, -117.842], [33.63383, -117.82617], [33.63551, -117.82569], [33.67638, -117.86301], [33.64353, -117.84239], [33.6489, -117.83034], [33.64352, -117.84232], [33.64826, -117.8301], [33.64353, -117.84231], [33.63451, -117.82748], [33.63464, -117.82713], [33.63383, -117.82628], [33.63562, -117.82562], [33.63386, -117.82626], [33.63566, -117.82559], [33.64867, -117.8352], [33.64351, -117.84235], [33.67733, -117.85939], [33.64348, -117.84265], [33.6345, -117.82745], [33.6347, -117.82718], [33.6339, -117.82638], [33.63573, -117.82556], [33.63508, -117.82785], [33.64355, -117.8423], [33.64906, -117.83034], [33.64356, -117.84225], [33.6339, -117.82647], [33.63559, -117.82565], [33.63388, -117.82633], [33.63561, -117.82564], [33.64834, -117.8353], [33.6285, -117.8061], [33.63384, -117.82621], [33.63565, -117.82562], [33.63386, -117.82622], [33.63539, -117.82574], [33.63384, -117.82612], [33.63577, -117.82551], [33.64956, -117.83537], [33.64824, -117.83759], [33.63387, -117.82636], [33.63378, -117.82627], [33.64843, -117.83019], [33.64368, -117.84221], [33.64814, -117.83011], [33.64352, -117.84283], [33.63384, -117.82629], [33.6361, -117.82526], [33.63441, -117.82741], [33.63454, -117.82746], [33.64841, -117.83016], [33.64351, -117.84253], [33.64762, -117.82842], [33.64821, -117.82976], [33.64841, -117.83019], [33.64352, -117.84271], [33.64774, -117.82994], [33.64359, -117.84225], [33.64869, -117.83026], [33.64354, -117.84232], [33.63385, -117.82627], [33.6358, -117.82549], [33.64813, -117.83006], [33.64358, -117.84232], [33.6338, -117.82626], [33.63555, -117.82568], [33.64865, -117.83025], [33.64352, -117.84235], [33.64815, -117.83008], [33.6435, -117.8425], [33.64905, -117.83033], [33.64351, -117.84263], [33.63389, -117.82641], [33.63602, -117.82535], [33.63386, -117.82632], [33.63549, -117.82572], [33.64889, -117.83537], [33.64176, -117.84385], [33.63386, -117.8262], [33.6356, -117.82563], [33.64872, -117.8303], [33.64368, -117.84208], [33.64868, -117.83026], [33.64352, -117.84258], [33.64814, -117.83007], [33.64352, -117.84245], [33.63385, -117.82621], [33.6355, -117.8257], [33.63383, -117.82626], [33.63529, -117.82579], [33.6483, -117.83013], [33.64352, -117.8424], [33.63383, -117.82619], [33.63568, -117.82558], [33.64842, -117.83013], [33.64351, -117.84237], [33.63386, -117.82631], [33.63563, -117.8256], [33.64911, -117.83533], [33.64167, -117.84389], [33.64845, -117.83019], [33.64354, -117.84221], [33.64846, -117.83019], [33.64352, -117.8423], [33.64885, -117.83038], [33.64374, -117.84189], [33.64748, -117.82863], [33.64833, -117.83003], [33.63384, -117.82621], [33.63525, -117.82582], [33.63389, -117.82646], [33.63583, -117.82549], [33.63394, -117.8265], [33.63549, -117.82571], [33.64812, -117.83007], [33.64353, -117.84228], [33.64814, -117.83006], [33.64353, -117.84236]]","[[33.633942637469964, -117.82180192712606], [33.63474970145612, -117.82373336424219], [33.634708814577216, -117.8237636991104]]","[43, 21, 12]","[1436.08203054411, 1243.4492398423895, 1244.5566772364054]",0.23216605186462402,1210.4793927669525
15,600,87,"[33.64025067958688, -117.83443429448087]","[33.639556083193185, -117.83893796855077]",424.86191977233324,"[[33.64816, -117.83006], [33.64372, -117.8438], [33.6489, -117.83034], [33.64362, -117.84363], [33.64814, -117.83007], [33.64355, -117.84333], [33.64814, -117.83011], [33.64361, -117.84339], [33.63384, -117.82621], [33.63565, -117.82562], [33.64747, -117.82983], [33.6436, -117.84346], [33.64762, -117.82842], [33.64821, -117.82976], [33.64693, -117.82971], [33.64364, -117.84371], [33.64855, -117.83017], [33.64358, -117.84355], [33.64721, -117.82976], [33.64357, -117.84344], [33.63384, -117.82624], [33.63637, -117.82507], [33.63303, -117.83757], [33.63414, -117.83827], [33.6345, -117.82745], [33.6347, -117.82718], [33.64813, -117.83006], [33.64365, -117.84351], [33.63394, -117.8265], [33.63549, -117.82571], [33.64841, -117.83016], [33.64358, -117.84349], [33.64869, -117.83026], [33.64353, -117.84339], [33.64834, -117.8353], [33.6285, -117.8061], [33.63441, -117.82741], [33.63454, -117.82746], [33.64862, -117.83023], [33.64356, -117.84341], [33.63385, -117.8263], [33.63602, -117.8253], [33.64818, -117.83006], [33.64362, -117.84366], [33.63394, -117.82646], [33.63396, -117.8422], [33.63386, -117.82622], [33.63539, -117.82574], [33.64815, -117.83008], [33.64353, -117.84333], [33.67733, -117.85939], [33.64354, -117.84343], [33.64873, -117.83028], [33.64354, -117.84332], [33.64891, -117.83032], [33.64356, -117.8434], [33.64846, -117.83019], [33.64354, -117.8434], [33.63383, -117.82628], [33.63562, -117.82562], [33.63384, -117.82612], [33.63577, -117.82551], [33.63387, -117.82627], [33.63517, -117.82586], [33.64868, -117.83026], [33.64355, -117.84331], [33.63386, -117.82632], [33.63549, -117.82572], [33.64826, -117.8301], [33.64363, -117.84362], [33.64834, -117.83009], [33.64357, -117.84342], [33.64841, -117.83019], [33.64356, -117.84335], [33.64889, -117.83537], [33.64159, -117.84568], [33.6321, -117.84069], [33.63206, -117.84081], [33.6475, -117.82986], [33.64358, -117.84342], [33.6483, -117.83013], [33.64356, -117.84333], [33.63415, -117.8382], [33.56461, -117.8299], [33.64771, -117.83519], [33.64153, -117.84553], [33.63386, -117.82628], [33.63597, -117.82537], [33.63451, -117.82744], [33.63468, -117.82718], [33.64812, -117.83007], [33.64369, -117.84384], [33.6339, -117.82647], [33.63559, -117.82565], [33.64905, -117.83033], [33.64358, -117.84341], [33.64834, -117.8301], [33.64356, -117.84337], [33.63385, -117.82627], [33.6358, -117.82549], [33.64846, -117.83018], [33.6436, -117.84343], [33.63386, -117.82631], [33.63563, -117.8256], [33.63389, -117.82646], [33.63583, -117.82549], [33.63388, -117.82638], [33.63584, -117.82548], [33.64835, -117.83011], [33.64361, -117.84363], [33.64819, -117.83004], [33.6436, -117.8434], [33.64883, -117.83026], [33.64358, -117.84341], [33.64821, -117.83011], [33.64356, -117.84338], [33.63388, -117.82639], [33.63562, -117.82565], [33.64911, -117.83533], [33.64154, -117.84515], [33.63389, -117.82641], [33.63602, -117.82535], [33.63385, -117.82621], [33.6355, -117.8257], [33.64751, -117.82991], [33.64355, -117.84336], [33.63382, -117.82615], [33.63543, -117.82574], [33.64885, -117.83038], [33.64362, -117.84324], [33.64754, -117.82993], [33.64364, -117.84341], [33.63388, -117.82633], [33.63561, -117.82564], [33.63508, -117.82785], [33.64358, -117.84344], [33.64814, -117.83006], [33.64358, -117.84333], [33.64836, -117.83014], [33.64357, -117.84335], [33.64906, -117.83034], [33.64355, -117.84332], [33.63383, -117.82617], [33.63551, -117.82569], [33.63383, -117.82626], [33.63529, -117.82579], [33.64833, -117.83014], [33.64356, -117.8434], [33.63451, -117.82748], [33.63464, -117.82713], [33.64865, -117.83025], [33.64354, -117.84341], [33.63386, -117.8262], [33.6356, -117.82563], [33.63385, -117.82633], [33.63548, -117.82571], [33.63389, -117.82649], [33.63553, -117.82569], [33.6339, -117.82632], [33.63579, -117.82548], [33.64872, -117.8303], [33.64363, -117.8433], [33.63384, -117.82629], [33.6361, -117.82526], [33.64825, -117.82983], [33.64371, -117.8438], [33.64747, -117.82988], [33.64357, -117.84339], [33.63391, -117.82643], [33.63559, -117.82563], [33.63381, -117.82619], [33.63568, -117.82556], [33.67638, -117.86301], [33.64356, -117.84336]]","[[33.633934866747914, -117.82179461042372], [33.639516903444054, -117.83900969415863], [33.63468903670463, -117.82377277840855]]","[25, 11, 11]","[1708.3338837983958, 7.9475330501730115, 1506.9710776162574]",0.25463080406188965,806.6241247653961
16,600,79,"[33.64025067958688, -117.83443429448087]","[33.63809660081383, -117.83273703038967]",286.1425423895109,"[[33.64834, -117.8353], [33.6285, -117.8061], [33.64891, -117.83032], [33.64356, -117.8434], [33.64751, -117.82991], [33.64355, -117.84336], [33.63394, -117.82646], [33.63396, -117.8422], [33.64868, -117.83026], [33.64355, -117.84331], [33.64762, -117.82842], [33.64821, -117.82976], [33.63303, -117.83757], [33.63414, -117.83827], [33.63381, -117.82619], [33.63568, -117.82556], [33.64821, -117.83011], [33.64356, -117.84338], [33.64869, -117.83026], [33.64353, -117.84339], [33.64843, -117.83019], [33.64368, -117.84221], [33.64885, -117.83038], [33.64362, -117.84324], [33.63384, -117.82624], [33.63637, -117.82507], [33.63384, -117.82621], [33.63565, -117.82562], [33.6345, -117.82745], [33.6347, -117.82718], [33.6338, -117.82626], [33.63555, -117.82568], [33.63389, -117.82649], [33.63553, -117.82569], [33.64721, -117.82976], [33.64357, -117.84344], [33.63461, -117.8276], [33.64358, -117.84344], [33.63388, -117.82638], [33.63584, -117.82548], [33.64895, -117.83532], [33.64182, -117.84385], [33.6339, -117.82632], [33.63579, -117.82548], [33.64747, -117.82988], [33.64357, -117.84339], [33.63415, -117.8382], [33.56461, -117.8299], [33.63387, -117.82633], [33.63557, -117.82566], [33.64835, -117.83011], [33.64361, -117.84363], [33.64814, -117.83007], [33.64355, -117.84333], [33.63383, -117.82628], [33.63562, -117.82562], [33.64756, -117.82991], [33.64351, -117.84261], [33.63384, -117.82612], [33.63577, -117.82551], [33.67733, -117.85939], [33.64354, -117.84343], [33.63389, -117.82646], [33.63583, -117.82549], [33.64767, -117.82833], [33.63559, -117.82565], [33.63386, -117.82628], [33.63597, -117.82537], [33.63396, -117.82657], [33.63574, -117.82554], [33.63391, -117.82643], [33.63559, -117.82563], [33.64875, -117.83027], [33.64354, -117.84234], [33.63394, -117.8265], [33.63549, -117.82571], [33.63388, -117.82633], [33.63561, -117.82564], [33.64872, -117.8303], [33.64363, -117.8433], [33.64889, -117.83537], [33.64159, -117.84568], [33.64841, -117.83019], [33.64356, -117.84335], [33.6483, -117.83013], [33.64356, -117.84333], [33.63451, -117.82744], [33.63468, -117.82718], [33.64818, -117.83006], [33.64362, -117.84366], [33.64813, -117.83006], [33.64365, -117.84351], [33.64748, -117.82863], [33.64833, -117.83003], [33.63385, -117.8263], [33.63602, -117.8253], [33.63385, -117.82621], [33.6355, -117.8257], [33.64883, -117.83026], [33.64358, -117.84341], [33.64774, -117.82994], [33.64359, -117.84225], [33.63392, -117.82641], [33.64179, -117.84363], [33.63382, -117.82615], [33.63543, -117.82574], [33.63385, -117.82627], [33.6358, -117.82549], [33.6339, -117.82638], [33.63573, -117.82556], [33.64816, -117.83006], [33.64372, -117.8438], [33.63384, -117.82629], [33.6361, -117.82526], [33.64826, -117.8301], [33.64363, -117.84362], [33.64956, -117.83537], [33.64824, -117.83759], [33.64845, -117.83019], [33.64354, -117.84221], [33.63383, -117.82619], [33.63568, -117.82558], [33.63441, -117.82741], [33.63454, -117.82746], [33.6339, -117.82647], [33.63559, -117.82565], [33.64747, -117.82983], [33.6436, -117.84346], [33.64846, -117.83018], [33.6436, -117.84343], [33.64825, -117.82983], [33.64371, -117.8438], [33.64855, -117.83017], [33.64358, -117.84355], [33.63388, -117.82639], [33.63562, -117.82565], [33.63386, -117.8262], [33.6356, -117.82563], [33.64833, -117.83014], [33.64356, -117.8434], [33.64814, -117.83006], [33.64358, -117.84333], [33.63385, -117.82633], [33.63548, -117.82571], [33.62832, -117.80591], [33.64164, -117.84417], [33.64832, -117.83012], [33.64352, -117.84242], [33.63451, -117.82748], [33.63464, -117.82713], [33.64834, -117.8301], [33.64356, -117.84337], [33.63386, -117.82626], [33.63566, -117.82559], [33.64841, -117.83016], [33.64358, -117.84349], [33.63387, -117.82636], [33.63378, -117.82627]]","[[33.64750404279747, -117.83207745817363], [33.633925722426326, -117.8218099062373], [33.63647687481426, -117.82754676151696]]","[12, 11, 9]","[1045.2279108432715, 1114.3494766935744, 513.9520519171799]",0.1304464340209961,642.4592010974884
0,800,68,"[33.64025067958688, -117.83443429448087]","[33.645166827233815, -117.8325583252545]",572.3783359838479,"[[33.65245, -117.83032], [33.6436, -117.84343], [33.65247, -117.83024], [33.64356, -117.84338], [33.63384, -117.82621], [33.63565, -117.82562], [33.63381, -117.82619], [33.63568, -117.82556], [33.63394, -117.82646], [33.63396, -117.8422], [33.63386, -117.82626], [33.63566, -117.82559], [33.6518, -117.83635], [33.64153, -117.84553], [33.6526, -117.82999], [33.64356, -117.84232], [33.6526, -117.83003], [33.64352, -117.84242], [33.6526, -117.83001], [33.64351, -117.84261], [33.63386, -117.82632], [33.63549, -117.82572], [33.65263, -117.82994], [33.64351, -117.84237], [33.65256, -117.83005], [33.64354, -117.8434], [33.65262, -117.83001], [33.64356, -117.84333], [33.63383, -117.82626], [33.63529, -117.82579], [33.65242, -117.83034], [33.64362, -117.84363], [33.67733, -117.85939], [33.64354, -117.84343], [33.63415, -117.8382], [33.56461, -117.8299], [33.63303, -117.83757], [33.63414, -117.83827], [33.67638, -117.86301], [33.64356, -117.84336], [33.63387, -117.82631], [33.63574, -117.82553], [33.65246, -117.82969], [33.64371, -117.8438], [33.63386, -117.8262], [33.6356, -117.82563], [33.65265, -117.83002], [33.64358, -117.84342], [33.65259, -117.83], [33.64361, -117.84363], [33.63388, -117.82638], [33.63584, -117.82548], [33.65252, -117.83021], [33.64354, -117.84332], [33.63388, -117.82639], [33.63562, -117.82565], [33.65255, -117.82997], [33.64356, -117.84335], [33.65185, -117.83643], [33.6285, -117.8061], [33.65255, -117.83009], [33.64361, -117.84339], [33.65263, -117.82998], [33.64356, -117.84341], [33.65261, -117.83], [33.64357, -117.84335], [33.63385, -117.82627], [33.6358, -117.82549], [33.65226, -117.83058], [33.64354, -117.84341], [33.65257, -117.83003], [33.64358, -117.84333], [33.65252, -117.83008], [33.64354, -117.84221], [33.63388, -117.82633], [33.63561, -117.82564], [33.63389, -117.82646], [33.63583, -117.82549], [33.65263, -117.82992], [33.64353, -117.84333], [33.63391, -117.82643], [33.63559, -117.82563], [33.63384, -117.82621], [33.63525, -117.82582], [33.65258, -117.83003], [33.64355, -117.84333], [33.6339, -117.82638], [33.63573, -117.82556], [33.63392, -117.82641], [33.64179, -117.84363], [33.65223, -117.8307], [33.64353, -117.84339], [33.63396, -117.82657], [33.63574, -117.82554], [33.63386, -117.82628], [33.63597, -117.82537], [33.62832, -117.80591], [33.64164, -117.84417], [33.63386, -117.82622], [33.63539, -117.82574], [33.6339, -117.82647], [33.63559, -117.82565], [33.63389, -117.82641], [33.63602, -117.82535], [33.63382, -117.82615], [33.63543, -117.82574], [33.65239, -117.83037], [33.64358, -117.84349], [33.63441, -117.82741], [33.63454, -117.82746], [33.63385, -117.82621], [33.6355, -117.8257], [33.64971, -117.82568], [33.64975, -117.82545], [33.65223, -117.83069], [33.64365, -117.84351], [33.63394, -117.8265], [33.63549, -117.82571], [33.63383, -117.82628], [33.63562, -117.82562], [33.65251, -117.83008], [33.64364, -117.84371], [33.63384, -117.82624], [33.63637, -117.82507], [33.65233, -117.83361], [33.64351, -117.84235], [33.65248, -117.83017], [33.64352, -117.84254], [33.6524, -117.83032], [33.64359, -117.84225], [33.64987, -117.82501], [33.63559, -117.82565], [33.6321, -117.84069], [33.63206, -117.84081], [33.63387, -117.82636], [33.63378, -117.82627]]","[[33.63398922331347, -117.82176716927479], [33.636338727798844, -117.82761109192262], [33.63466056040415, -117.82378274754217]]","[29, 8, 7]","[1593.5179379689416, 1081.4042305005605, 1421.5370038057079]",0.44471096992492676,504.772656917572
1,800,99,"[33.64025067958688, -117.83443429448087]","[33.63549013352835, -117.8376636138787]",607.0958387422639,"[[33.63382, -117.82615], [33.63543, -117.82574], [33.65258, -117.83003], [33.64355, -117.84333], [33.63386, -117.82622], [33.63539, -117.82574], [33.6345, -117.82745], [33.6347, -117.82718], [33.64751, -117.82991], [33.64355, -117.84336], [33.63387, -117.82631], [33.63574, -117.82553], [33.63461, -117.8276], [33.64358, -117.84344], [33.62832, -117.80591], [33.64164, -117.84417], [33.63383, -117.82626], [33.63529, -117.82579], [33.63451, -117.82744], [33.63468, -117.82718], [33.62991, -117.84423], [33.56461, -117.8299], [33.64911, -117.83533], [33.64154, -117.84515], [33.64905, -117.83033], [33.64358, -117.84341], [33.65185, -117.83643], [33.6285, -117.8061], [33.6338, -117.82626], [33.63555, -117.82568], [33.63015, -117.84377], [33.63021, -117.84367], [33.64747, -117.82983], [33.6436, -117.84346], [33.65239, -117.83037], [33.64358, -117.84349], [33.63387, -117.82627], [33.63517, -117.82586], [33.63385, -117.82627], [33.6358, -117.82549], [33.63389, -117.82649], [33.63553, -117.82569], [33.64895, -117.83532], [33.64182, -117.84385], [33.65255, -117.83009], [33.64361, -117.84339], [33.65252, -117.83021], [33.64354, -117.84332], [33.63392, -117.82641], [33.64179, -117.84363], [33.63387, -117.82633], [33.63557, -117.82566], [33.63384, -117.82624], [33.63637, -117.82507], [33.64987, -117.82501], [33.63559, -117.82565], [33.64819, -117.83004], [33.6436, -117.8434], [33.6339, -117.82647], [33.63559, -117.82565], [33.6339, -117.82632], [33.63579, -117.82548], [33.64885, -117.83038], [33.64362, -117.84324], [33.65223, -117.83069], [33.64365, -117.84351], [33.65256, -117.83005], [33.64354, -117.8434], [33.64834, -117.8301], [33.64356, -117.84337], [33.63396, -117.82657], [33.63574, -117.82554], [33.63386, -117.82626], [33.63566, -117.82559], [33.64855, -117.83017], [33.64358, -117.84355], [33.64721, -117.82976], [33.64357, -117.84344], [33.64843, -117.83019], [33.64368, -117.84221], [33.64833, -117.83014], [33.64356, -117.8434], [33.6526, -117.82999], [33.64356, -117.84232], [33.65263, -117.82994], [33.64351, -117.84237], [33.64747, -117.82988], [33.64357, -117.84339], [33.64889, -117.83537], [33.64159, -117.84568], [33.65255, -117.82997], [33.64356, -117.84335], [33.64754, -117.82993], [33.64364, -117.84341], [33.64868, -117.83026], [33.64355, -117.84331], [33.63007, -117.84383], [33.63022, -117.84362], [33.65251, -117.83008], [33.64364, -117.84371], [33.65262, -117.83001], [33.64356, -117.84333], [33.64883, -117.83026], [33.64358, -117.84341], [33.63384, -117.82629], [33.6361, -117.82526], [33.63386, -117.82631], [33.63563, -117.8256], [33.63383, -117.82617], [33.63551, -117.82569], [33.65257, -117.83003], [33.64358, -117.84333], [33.64858, -117.83521], [33.64372, -117.84203], [33.64748, -117.82863], [33.64833, -117.83003], [33.65245, -117.83032], [33.6436, -117.84343], [33.6524, -117.83032], [33.64359, -117.84225], [33.65265, -117.83002], [33.64358, -117.84342], [33.67638, -117.86301], [33.64356, -117.84336], [33.64875, -117.83027], [33.64354, -117.84234], [33.65242, -117.83034], [33.64362, -117.84363], [33.64818, -117.83006], [33.64362, -117.84366], [33.65233, -117.83361], [33.64351, -117.84235], [33.63388, -117.82639], [33.63562, -117.82565], [33.65223, -117.8307], [33.64353, -117.84339], [33.63384, -117.82621], [33.63565, -117.82562], [33.6518, -117.83635], [33.64153, -117.84553], [33.63388, -117.82633], [33.63561, -117.82564], [33.63384, -117.82621], [33.63525, -117.82582], [33.63385, -117.82633], [33.63548, -117.82571], [33.65252, -117.83008], [33.64354, -117.84221], [33.65263, -117.82998], [33.64356, -117.84341], [33.63385, -117.8263], [33.63602, -117.8253], [33.63389, -117.82641], [33.63602, -117.82535], [33.6526, -117.83001], [33.64351, -117.84261], [33.63389, -117.82646], [33.63583, -117.82549], [33.65246, -117.82969], [33.64371, -117.8438], [33.64872, -117.8303], [33.64363, -117.8433], [33.64906, -117.83034], [33.64355, -117.84332], [33.64816, -117.83006], [33.64372, -117.8438], [33.64971, -117.82568], [33.64975, -117.82545], [33.65248, -117.83017], [33.64352, -117.84254], [33.65247, -117.83024], [33.64356, -117.84338], [33.63384, -117.82612], [33.63577, -117.82551], [33.65263, -117.82992], [33.64353, -117.84333], [33.67733, -117.85939], [33.64354, -117.84343], [33.63385, -117.82621], [33.6355, -117.8257], [33.63391, -117.82643], [33.63559, -117.82563], [33.63441, -117.82741], [33.63454, -117.82746], [33.65259, -117.83], [33.64361, -117.84363], [33.64826, -117.8301], [33.64363, -117.84362], [33.65226, -117.83058], [33.64354, -117.84341], [33.64834, -117.83009], [33.64357, -117.84342], [33.63386, -117.82628], [33.63597, -117.82537], [33.63388, -117.82638], [33.63584, -117.82548], [33.63394, -117.8265], [33.63549, -117.82571]]","[[33.63391848863664, -117.82180970978722], [33.63471582558042, -117.82376107973886], [33.64755796761881, -117.83208588845014]]","[33, 27, 10]","[1481.1928318913815, 1292.7044601494304, 1435.0534632806712]",0.22113370895385742,1103.9647073745728
2,800,54,"[33.64025067958688, -117.83443429448087]","[33.64174360600413, -117.82932056008664]",502.4779541984804,"[[33.63385, -117.8263], [33.64535, -117.82183], [33.64961, -117.83052], [33.64356, -117.8434], [33.67638, -117.86301], [33.64356, -117.84336], [33.63389, -117.82641], [33.64546, -117.82192], [33.6339, -117.82647], [33.64554, -117.82194], [33.6345, -117.82745], [33.6347, -117.82718], [33.64926, -117.83038], [33.64363, -117.84362], [33.63386, -117.82632], [33.64665, -117.82241], [33.64895, -117.83532], [33.64182, -117.84385], [33.63386, -117.82626], [33.64546, -117.82189], [33.65246, -117.82969], [33.64371, -117.8438], [33.63388, -117.82638], [33.64546, -117.82188], [33.64924, -117.83037], [33.64362, -117.84366], [33.63384, -117.82629], [33.64549, -117.82191], [33.6492, -117.83035], [33.64369, -117.84384], [33.67733, -117.85939], [33.64354, -117.84343], [33.65242, -117.83034], [33.64362, -117.84363], [33.64896, -117.82817], [33.64904, -117.82875], [33.65247, -117.83024], [33.64356, -117.84338], [33.65251, -117.83008], [33.64364, -117.84371], [33.64919, -117.83038], [33.64358, -117.84355], [33.63387, -117.82633], [33.64548, -117.82189], [33.64905, -117.83033], [33.64358, -117.84341], [33.64904, -117.83039], [33.64362, -117.84324], [33.63384, -117.82621], [33.64542, -117.82189], [33.62991, -117.84423], [33.56461, -117.8299], [33.64898, -117.83032], [33.64358, -117.84341], [33.63384, -117.82624], [33.64582, -117.82207], [33.64906, -117.83036], [33.64354, -117.84234], [33.6339, -117.82632], [33.64549, -117.82191], [33.63015, -117.84377], [33.63021, -117.84367], [33.6518, -117.83635], [33.64153, -117.84553], [33.63383, -117.82617], [33.64591, -117.8221], [33.63007, -117.84383], [33.63022, -117.84362], [33.6524, -117.83032], [33.64359, -117.84225], [33.64889, -117.83537], [33.64159, -117.84568], [33.63385, -117.82627], [33.64542, -117.82188], [33.64987, -117.82501], [33.64588, -117.82205], [33.64917, -117.83037], [33.6436, -117.84346], [33.63388, -117.82633], [33.64546, -117.82187], [33.64909, -117.83037], [33.64357, -117.84342], [33.6492, -117.83038], [33.64357, -117.84339], [33.64906, -117.83034], [33.64355, -117.84332], [33.65255, -117.82997], [33.64356, -117.84335], [33.65223, -117.8307], [33.64353, -117.84339], [33.65252, -117.83021], [33.64354, -117.84332], [33.65245, -117.83032], [33.6436, -117.84343], [33.64892, -117.83035], [33.64363, -117.8433], [33.65265, -117.83002], [33.64358, -117.84342], [33.63441, -117.82741], [33.63454, -117.82746], [33.63387, -117.82627], [33.64599, -117.82216], [33.65185, -117.83643], [33.6285, -117.8061], [33.64858, -117.83521], [33.64372, -117.84203], [33.63385, -117.82633], [33.64549, -117.82195]]","[[33.62215704932547, -117.83201062240502], [33.62005783146631, -117.83138071714433], [33.635442807929635, -117.8252157256014]]","[8, 8, 5]","[2186.747941814532, 2412.876824146971, 795.882643808296]",0.44857263565063477,322.0142366886139
3,800,81,"[33.64025067958688, -117.83443429448087]","[33.63629286405071, -117.83805701170809]",552.8724090324777,"[[33.65255, -117.83009], [33.64361, -117.84339], [33.63451, -117.82748], [33.63464, -117.82713], [33.65245, -117.83032], [33.6436, -117.84343], [33.6518, -117.83635], [33.64153, -117.84553], [33.64924, -117.83037], [33.64362, -117.84366], [33.65259, -117.83], [33.64361, -117.84363], [33.63387, -117.82631], [33.63574, -117.82553], [33.63394, -117.82646], [33.64165, -117.84402], [33.64843, -117.83019], [33.64368, -117.84221], [33.63383, -117.82626], [33.63529, -117.82579], [33.6339, -117.82632], [33.64549, -117.82191], [33.64896, -117.82817], [33.64904, -117.82875], [33.63383, -117.82628], [33.63562, -117.82562], [33.64721, -117.82976], [33.64357, -117.84344], [33.65252, -117.83021], [33.64354, -117.84332], [33.63015, -117.84377], [33.63021, -117.84367], [33.64906, -117.83034], [33.64355, -117.84332], [33.64898, -117.83032], [33.64358, -117.84341], [33.64834, -117.8301], [33.64356, -117.84337], [33.63384, -117.82621], [33.63565, -117.82562], [33.65265, -117.83002], [33.64358, -117.84342], [33.64987, -117.82501], [33.64588, -117.82205], [33.63386, -117.82631], [33.63563, -117.8256], [33.65258, -117.83003], [33.64355, -117.84333], [33.64868, -117.83026], [33.64355, -117.84331], [33.67638, -117.86301], [33.64356, -117.84336], [33.63384, -117.82629], [33.64549, -117.82191], [33.63441, -117.82741], [33.63454, -117.82746], [33.63385, -117.8263], [33.64535, -117.82183], [33.64904, -117.83039], [33.64362, -117.84324], [33.65185, -117.83643], [33.6285, -117.8061], [33.63387, -117.82627], [33.64599, -117.82216], [33.63384, -117.82624], [33.64582, -117.82207], [33.63461, -117.8276], [33.64358, -117.84344], [33.64892, -117.83035], [33.64363, -117.8433], [33.63388, -117.82639], [33.63562, -117.82565], [33.63386, -117.8262], [33.6356, -117.82563], [33.64819, -117.83004], [33.6436, -117.8434], [33.65263, -117.82998], [33.64356, -117.84341], [33.63387, -117.82633], [33.64548, -117.82189], [33.64926, -117.83038], [33.64363, -117.84362], [33.62832, -117.80591], [33.64164, -117.84417], [33.63391, -117.82643], [33.63559, -117.82563], [33.64858, -117.83521], [33.64372, -117.84203], [33.65242, -117.83034], [33.64362, -117.84363], [33.65252, -117.83008], [33.64354, -117.84221], [33.63383, -117.82619], [33.63568, -117.82558], [33.64891, -117.83032], [33.64356, -117.8434], [33.63007, -117.84383], [33.63022, -117.84362], [33.63392, -117.82641], [33.64167, -117.84397], [33.63383, -117.82617], [33.64591, -117.8221], [33.64905, -117.83033], [33.64358, -117.84341], [33.63386, -117.82628], [33.63597, -117.82537], [33.63385, -117.82627], [33.64542, -117.82188], [33.65263, -117.82992], [33.64353, -117.84333], [33.6345, -117.82745], [33.6347, -117.82718], [33.67733, -117.85939], [33.64354, -117.84343], [33.63387, -117.82636], [33.63378, -117.82627], [33.65261, -117.83], [33.64357, -117.84335], [33.64961, -117.83052], [33.64356, -117.8434], [33.65233, -117.83361], [33.64351, -117.84235], [33.64751, -117.82991], [33.64355, -117.84336], [33.64909, -117.83037], [33.64357, -117.84342], [33.6526, -117.82999], [33.64356, -117.84232], [33.65256, -117.83005], [33.64354, -117.8434], [33.64895, -117.83532], [33.64182, -117.84385], [33.6339, -117.82638], [33.63573, -117.82556], [33.65255, -117.82997], [33.64356, -117.84335], [33.64754, -117.82993], [33.64364, -117.84341], [33.64911, -117.83533], [33.64154, -117.84515], [33.65223, -117.83069], [33.64365, -117.84351], [33.65247, -117.83024], [33.64356, -117.84338], [33.63381, -117.82619], [33.63568, -117.82556], [33.64971, -117.82568], [33.64975, -117.82545], [33.64816, -117.83006], [33.64372, -117.8438], [33.6492, -117.83035], [33.64369, -117.84384], [33.63389, -117.82641], [33.64546, -117.82192], [33.63389, -117.82649], [33.63553, -117.82569], [33.65239, -117.83037], [33.64358, -117.84349], [33.65248, -117.83017], [33.64352, -117.84254], [33.65226, -117.83058], [33.64354, -117.84341]]","[[33.63380290902627, -117.82187869960478], [33.633339374737, -117.81972970841834], [33.63396073739146, -117.82178978601048]]","[14, 11, 8]","[1526.187365975296, 1731.643570371392, 1531.2455668770763]",0.17337346076965332,664.4245591163635
4,800,85,"[33.64025067958688, -117.83443429448087]","[33.63834165398144, -117.83138139075093]",353.6278828382555,"[[33.64895, -117.83532], [33.64182, -117.84385], [33.63376, -117.82468], [33.63973, -117.82284], [33.64816, -117.83006], [33.64372, -117.8438], [33.6492, -117.83035], [33.64369, -117.84384], [33.63371, -117.82438], [33.64006, -117.82262], [33.65259, -117.83], [33.64361, -117.84363], [33.65246, -117.82969], [33.64371, -117.8438], [33.6337, -117.82434], [33.64549, -117.82195], [33.6492, -117.83038], [33.64357, -117.84339], [33.64898, -117.83032], [33.64358, -117.84341], [33.63376, -117.82469], [33.63985, -117.82275], [33.65263, -117.82992], [33.64353, -117.84333], [33.63376, -117.82458], [33.63996, -117.82266], [33.65226, -117.83058], [33.64354, -117.84341], [33.63378, -117.82461], [33.64546, -117.82187], [33.64906, -117.83036], [33.64354, -117.84234], [33.64917, -117.83037], [33.6436, -117.84346], [33.64987, -117.82501], [33.64588, -117.82205], [33.63371, -117.82438], [33.63968, -117.82285], [33.65233, -117.83361], [33.64351, -117.84235], [33.63366, -117.8244], [33.63973, -117.82284], [33.6337, -117.82438], [33.64549, -117.82191], [33.64924, -117.83037], [33.64362, -117.84366], [33.63378, -117.82454], [33.63993, -117.82272], [33.63372, -117.8245], [33.63984, -117.82277], [33.6526, -117.83001], [33.64351, -117.84261], [33.65223, -117.83069], [33.64365, -117.84351], [33.67638, -117.86301], [33.64356, -117.84336], [33.63371, -117.82436], [33.63369, -117.82459], [33.65252, -117.83021], [33.64354, -117.84332], [33.64971, -117.82568], [33.64975, -117.82545], [33.65263, -117.82998], [33.64356, -117.84341], [33.65242, -117.83034], [33.64362, -117.84363], [33.64906, -117.83034], [33.64355, -117.84332], [33.63379, -117.82467], [33.64546, -117.82189], [33.64843, -117.83019], [33.64368, -117.84221], [33.65261, -117.83], [33.64357, -117.84335], [33.64904, -117.83039], [33.64362, -117.84324], [33.65245, -117.83032], [33.6436, -117.84343], [33.6526, -117.83003], [33.64352, -117.84242], [33.63379, -117.82465], [33.64599, -117.82216], [33.63376, -117.82444], [33.63968, -117.82284], [33.63376, -117.82464], [33.64665, -117.82241], [33.62832, -117.80591], [33.64164, -117.84417], [33.63376, -117.82465], [33.63972, -117.82287], [33.63372, -117.82437], [33.64548, -117.82189], [33.64911, -117.83533], [33.64154, -117.84515], [33.63372, -117.82442], [33.64542, -117.82188], [33.6526, -117.82999], [33.64356, -117.84232], [33.63376, -117.82457], [33.64008, -117.82259], [33.63375, -117.8245], [33.64582, -117.82207], [33.64961, -117.83052], [33.64356, -117.8434], [33.65185, -117.83643], [33.6285, -117.8061], [33.63373, -117.82452], [33.64007, -117.8226], [33.65255, -117.82997], [33.64356, -117.84335], [33.63375, -117.82455], [33.64591, -117.8221], [33.63375, -117.82443], [33.64008, -117.82261], [33.65248, -117.83017], [33.64352, -117.84254], [33.65257, -117.83003], [33.64358, -117.84333], [33.64751, -117.82991], [33.64355, -117.84336], [33.63371, -117.82435], [33.64358, -117.84344], [33.64889, -117.83537], [33.64159, -117.84568], [33.63371, -117.8243], [33.64006, -117.82261], [33.6524, -117.83032], [33.64359, -117.84225], [33.63376, -117.82453], [33.63983, -117.82277], [33.65258, -117.83003], [33.64355, -117.84333], [33.63377, -117.82463], [33.64007, -117.8226], [33.64721, -117.82976], [33.64357, -117.84344], [33.63374, -117.82458], [33.63987, -117.82272], [33.63378, -117.82465], [33.64542, -117.82189], [33.65247, -117.83024], [33.64356, -117.84338], [33.64905, -117.83033], [33.64358, -117.84341], [33.63373, -117.82425], [33.64167, -117.84397], [33.64896, -117.82817], [33.64904, -117.82875], [33.63369, -117.82434], [33.64535, -117.82183], [33.64754, -117.82993], [33.64364, -117.84341], [33.65263, -117.82994], [33.64351, -117.84237], [33.65265, -117.83002], [33.64358, -117.84342], [33.63379, -117.82457], [33.64165, -117.84402], [33.62991, -117.84423], [33.56461, -117.8299], [33.63366, -117.82416], [33.64546, -117.82192], [33.64868, -117.83026], [33.64355, -117.84331], [33.65252, -117.83008], [33.64354, -117.84221], [33.65239, -117.83037], [33.64358, -117.84349], [33.63375, -117.82454], [33.63985, -117.82271]]","[[33.643014651692624, -117.82508918902275], [33.63784165611132, -117.82893496053285], [33.6383455753275, -117.83133515224132]]","[24, 12, 12]","[780.6390255160945, 233.64402827223628, 4.311745739612969]",0.5829756259918213,713.8552539348602
5,800,59,"[33.64025067958688, -117.83443429448087]","[33.63689433369824, -117.83175637047418]",447.56010490377105,"[[33.63355, -117.82381], [33.64358, -117.84344], [33.65233, -117.83361], [33.64351, -117.84235], [33.65259, -117.83], [33.64361, -117.84363], [33.64956, -117.83537], [33.64824, -117.83759], [33.6526, -117.82999], [33.64356, -117.84232], [33.64987, -117.82501], [33.64588, -117.82205], [33.64906, -117.83034], [33.64355, -117.84332], [33.63352, -117.82375], [33.63987, -117.82272], [33.63353, -117.82364], [33.63993, -117.82272], [33.67638, -117.86301], [33.64356, -117.84336], [33.6492, -117.83035], [33.64369, -117.84384], [33.64858, -117.83521], [33.64372, -117.84203], [33.63352, -117.8237], [33.64549, -117.82191], [33.63354, -117.82383], [33.64554, -117.82194], [33.63353, -117.82374], [33.64007, -117.8226], [33.63355, -117.82384], [33.63968, -117.82285], [33.64754, -117.82993], [33.64364, -117.84341], [33.64971, -117.82568], [33.64975, -117.82545], [33.65239, -117.83037], [33.64358, -117.84349], [33.65247, -117.83024], [33.64356, -117.84338], [33.63364, -117.82406], [33.63907, -117.82329], [33.64898, -117.83032], [33.64358, -117.84341], [33.64911, -117.83533], [33.64154, -117.84515], [33.64895, -117.83532], [33.64182, -117.84385], [33.63353, -117.82371], [33.63936, -117.82312], [33.63355, -117.82382], [33.63939, -117.82308], [33.63351, -117.82366], [33.63972, -117.82287], [33.63015, -117.84377], [33.63021, -117.84367], [33.65245, -117.83032], [33.6436, -117.84343], [33.63351, -117.82373], [33.63345, -117.82367], [33.64961, -117.83052], [33.64356, -117.8434], [33.63356, -117.82385], [33.64546, -117.82189], [33.63007, -117.84383], [33.63022, -117.84362], [33.64868, -117.83026], [33.64355, -117.84331], [33.65252, -117.83021], [33.64354, -117.84332], [33.65256, -117.83005], [33.64354, -117.8434], [33.65223, -117.83069], [33.64365, -117.84351], [33.64909, -117.83037], [33.64357, -117.84342], [33.65252, -117.83008], [33.64354, -117.84221], [33.63349, -117.82369], [33.63985, -117.82275], [33.65185, -117.83643], [33.6285, -117.8061], [33.6524, -117.83032], [33.64359, -117.84225], [33.65263, -117.82994], [33.64351, -117.84237], [33.63353, -117.82369], [33.64599, -117.82216], [33.65255, -117.83009], [33.64361, -117.84339], [33.6335, -117.82367], [33.64542, -117.82189], [33.63363, -117.82375], [33.64165, -117.84402], [33.63333, -117.82397], [33.63929, -117.82316], [33.63351, -117.82371], [33.64665, -117.82241], [33.63355, -117.82381], [33.64006, -117.82261], [33.63359, -117.8239], [33.63968, -117.82284], [33.63354, -117.82377], [33.64546, -117.82192], [33.63356, -117.82388], [33.63933, -117.82312], [33.65263, -117.82998], [33.64356, -117.84341], [33.64904, -117.83039], [33.64362, -117.84324], [33.65251, -117.83008], [33.64364, -117.84371], [33.64819, -117.83004], [33.6436, -117.8434], [33.64906, -117.83036], [33.64354, -117.84234], [33.63356, -117.82353], [33.64167, -117.84397]]","[[33.64225488608332, -117.82858345732964], [33.63582377287725, -117.81309693259978], [33.6472319892298, -117.8430097972481]]","[8, 7, 5]","[663.4474296226603, 1735.2265393742528, 1550.684487112224]",0.18648386001586914,428.57521414756775
6,800,104,"[33.64025067958688, -117.83443429448087]","[33.645864847478585, -117.83263151087003]",644.7686071036769,"[[33.65283, -117.82973], [33.64363, -117.8433], [33.65228, -117.83714], [33.64153, -117.84553], [33.63389, -117.82646], [33.63583, -117.82549], [33.65277, -117.82989], [33.64353, -117.84339], [33.62991, -117.84423], [33.56461, -117.8299], [33.65275, -117.82986], [33.64358, -117.84349], [33.65276, -117.82985], [33.64356, -117.84338], [33.65287, -117.82967], [33.64369, -117.84384], [33.65291, -117.8297], [33.64362, -117.84363], [33.63354, -117.82377], [33.64546, -117.82192], [33.63375, -117.82454], [33.63985, -117.82271], [33.6528, -117.82977], [33.64365, -117.84351], [33.65276, -117.82985], [33.64357, -117.84335], [33.63359, -117.8239], [33.63968, -117.82284], [33.65284, -117.82969], [33.64355, -117.84333], [33.63372, -117.82442], [33.64542, -117.82188], [33.65276, -117.82985], [33.64359, -117.84225], [33.63355, -117.82384], [33.63968, -117.82285], [33.65275, -117.82981], [33.64354, -117.84341], [33.65277, -117.82985], [33.64361, -117.84339], [33.63353, -117.82374], [33.64007, -117.8226], [33.63353, -117.82371], [33.63936, -117.82312], [33.65276, -117.82984], [33.64356, -117.84232], [33.63371, -117.82438], [33.64006, -117.82262], [33.65273, -117.82986], [33.64356, -117.8434], [33.64985, -117.82514], [33.64986, -117.82502], [33.65215, -117.83698], [33.65035, -117.83946], [33.63356, -117.82385], [33.64546, -117.82189], [33.65284, -117.82979], [33.6436, -117.84343], [33.65309, -117.83364], [33.64372, -117.84203], [33.65285, -117.82969], [33.64358, -117.84341], [33.63353, -117.82369], [33.64599, -117.82216], [33.63376, -117.82457], [33.64008, -117.82259], [33.65284, -117.8297], [33.64362, -117.84366], [33.65287, -117.8297], [33.64363, -117.84362], [33.63352, -117.82375], [33.63987, -117.82272], [33.65217, -117.83698], [33.6285, -117.8061], [33.63351, -117.82371], [33.64665, -117.82241], [33.63355, -117.82381], [33.64006, -117.82261], [33.63376, -117.82458], [33.63996, -117.82266], [33.63372, -117.82437], [33.64548, -117.82189], [33.6529, -117.82966], [33.64354, -117.84332], [33.65287, -117.8297], [33.64356, -117.84337], [33.6345, -117.82745], [33.6347, -117.82718], [33.6527, -117.82984], [33.64356, -117.84335], [33.63354, -117.82383], [33.64554, -117.82194], [33.63376, -117.82453], [33.63983, -117.82277], [33.65278, -117.82981], [33.64364, -117.84341], [33.6529, -117.82966], [33.64356, -117.8434], [33.65277, -117.8298], [33.64355, -117.84331], [33.63333, -117.82397], [33.63929, -117.82316], [33.63351, -117.82366], [33.63972, -117.82287], [33.63375, -117.82455], [33.64591, -117.8221], [33.65242, -117.8373], [33.64159, -117.84568], [33.65275, -117.82982], [33.64351, -117.84237], [33.63375, -117.82443], [33.64008, -117.82261], [33.65286, -117.82979], [33.64358, -117.84342], [33.63351, -117.82373], [33.63345, -117.82367], [33.63376, -117.82468], [33.63973, -117.82284], [33.6337, -117.82434], [33.64549, -117.82195], [33.63372, -117.8245], [33.63984, -117.82277], [33.65238, -117.83729], [33.64154, -117.84515], [33.65274, -117.82987], [33.64356, -117.84341], [33.63375, -117.8245], [33.64582, -117.82207], [33.63015, -117.84377], [33.63021, -117.84367], [33.65273, -117.8299], [33.64351, -117.84261], [33.65272, -117.82987], [33.64368, -117.84221], [33.64988, -117.82486], [33.6499, -117.82466], [33.6335, -117.82367], [33.64542, -117.82189], [33.63378, -117.82461], [33.64546, -117.82187], [33.65282, -117.82976], [33.64352, -117.84242], [33.65278, -117.82977], [33.64357, -117.84342], [33.63388, -117.82638], [33.64546, -117.82188], [33.63007, -117.84383], [33.63022, -117.84362], [33.65275, -117.82979], [33.64355, -117.84332], [33.65273, -117.82985], [33.64354, -117.84221], [33.63369, -117.82434], [33.64535, -117.82183], [33.65276, -117.82982], [33.6436, -117.84346], [33.65316, -117.83382], [33.64351, -117.84235], [33.65287, -117.8297], [33.64358, -117.84355], [33.65275, -117.82987], [33.64355, -117.84336], [33.63355, -117.82381], [33.64358, -117.84344], [33.63356, -117.82353], [33.64167, -117.84397], [33.65274, -117.8299], [33.64362, -117.84324], [33.63364, -117.82406], [33.63907, -117.82329], [33.6337, -117.82438], [33.64549, -117.82191], [33.65273, -117.82986], [33.6436, -117.8434], [33.62832, -117.80591], [33.64164, -117.84417], [33.63363, -117.82375], [33.64165, -117.84402], [33.65276, -117.82983], [33.64372, -117.8438], [33.65277, -117.82983], [33.64357, -117.84339], [33.65292, -117.82967], [33.64356, -117.84333], [33.65283, -117.8297], [33.64353, -117.84333], [33.65282, -117.82973], [33.64358, -117.84333], [33.64987, -117.82501], [33.64588, -117.82205], [33.63353, -117.82364], [33.63993, -117.82272], [33.65282, -117.82969], [33.64364, -117.84371], [33.6529, -117.82966], [33.64354, -117.8434], [33.67733, -117.85939], [33.64354, -117.84343], [33.65279, -117.82979], [33.64352, -117.84254], [33.63349, -117.82369], [33.63985, -117.82275], [33.65274, -117.82985], [33.64358, -117.84341], [33.63356, -117.82388], [33.63933, -117.82312], [33.63366, -117.8244], [33.63973, -117.82284]]","[[33.65346148866143, -117.82540026718497], [33.64346155556069, -117.8302196247118], [33.64301478554412, -117.82511578749828]]","[25, 24, 20]","[1076.9922846285888, 348.02005561295687, 765.5345975981072]",0.7062137126922607,1371.017976284027
7,800,74,"[33.64025067958688, -117.83443429448087]","[33.638797083350184, -117.83014539647617]",429.31849344142375,"[[33.63354, -117.82375], [33.64149, -117.82201], [33.65287, -117.8297], [33.64363, -117.84362], [33.63352, -117.82375], [33.64166, -117.82192], [33.63354, -117.82377], [33.64546, -117.82192], [33.65287, -117.82967], [33.64369, -117.84384], [33.6529, -117.82966], [33.64354, -117.84332], [33.65276, -117.82984], [33.64356, -117.84232], [33.65316, -117.83382], [33.64351, -117.84235], [33.65287, -117.8297], [33.64358, -117.84355], [33.62991, -117.84423], [33.56461, -117.8299], [33.6528, -117.82977], [33.64365, -117.84351], [33.63353, -117.82369], [33.64599, -117.82216], [33.63353, -117.82379], [33.64214, -117.82178], [33.65309, -117.83364], [33.64372, -117.84203], [33.65228, -117.83714], [33.64153, -117.84553], [33.63356, -117.82388], [33.64546, -117.82188], [33.6527, -117.82984], [33.64356, -117.84335], [33.65259, -117.83], [33.64361, -117.84363], [33.63355, -117.82382], [33.64216, -117.82177], [33.67638, -117.86301], [33.64356, -117.84336], [33.63349, -117.82369], [33.64177, -117.8219], [33.65292, -117.82967], [33.64356, -117.84333], [33.65276, -117.82985], [33.64356, -117.84338], [33.63353, -117.82367], [33.64546, -117.82187], [33.63347, -117.82371], [33.64176, -117.82193], [33.65246, -117.82969], [33.64371, -117.8438], [33.65278, -117.82977], [33.64357, -117.84342], [33.6335, -117.82367], [33.64542, -117.82189], [33.65275, -117.82979], [33.64355, -117.84332], [33.63356, -117.82389], [33.64542, -117.82188], [33.65277, -117.82983], [33.64357, -117.84339], [33.65276, -117.82983], [33.64372, -117.8438], [33.63352, -117.8237], [33.64198, -117.82183], [33.63363, -117.82375], [33.64165, -117.84402], [33.63355, -117.82384], [33.64167, -117.82191], [33.63354, -117.82386], [33.64549, -117.82191], [33.64721, -117.82976], [33.64357, -117.84344], [33.63354, -117.82389], [33.64535, -117.82183], [33.65286, -117.82979], [33.64358, -117.84342], [33.65282, -117.82976], [33.64352, -117.84242], [33.63333, -117.82397], [33.64227, -117.82176], [33.63356, -117.82353], [33.64167, -117.84397], [33.65275, -117.82982], [33.64351, -117.84237], [33.65273, -117.82986], [33.64356, -117.8434], [33.63007, -117.84383], [33.63022, -117.84362], [33.64987, -117.82501], [33.64588, -117.82205], [33.65278, -117.82981], [33.64364, -117.84341], [33.63015, -117.84377], [33.63021, -117.84367], [33.65284, -117.8297], [33.64362, -117.84366], [33.63351, -117.82371], [33.64665, -117.82241], [33.65276, -117.82985], [33.64357, -117.84335], [33.65272, -117.82987], [33.64368, -117.84221], [33.65283, -117.8297], [33.64353, -117.84333], [33.65238, -117.83729], [33.64154, -117.84515], [33.63353, -117.82377], [33.64225, -117.82177], [33.63359, -117.8239], [33.64149, -117.82199], [33.63355, -117.82378], [33.64548, -117.82189], [33.63351, -117.82366], [33.64207, -117.82181], [33.63355, -117.82381], [33.64198, -117.82183], [33.65273, -117.82985], [33.64354, -117.84221], [33.65215, -117.83698], [33.65035, -117.83946], [33.63352, -117.82377], [33.64215, -117.82175], [33.63354, -117.82383], [33.64554, -117.82194], [33.65291, -117.8297], [33.64362, -117.84363], [33.65285, -117.82969], [33.64358, -117.84341], [33.63351, -117.82373], [33.63345, -117.82367], [33.65283, -117.82973], [33.64363, -117.8433], [33.67733, -117.85939], [33.64354, -117.84343], [33.63357, -117.82383], [33.6415, -117.82203], [33.6529, -117.82966], [33.64356, -117.8434], [33.63353, -117.82374], [33.64221, -117.82177], [33.63349, -117.82369], [33.6418, -117.82188], [33.63351, -117.82377], [33.64201, -117.82181], [33.65277, -117.82985], [33.64361, -117.84339]]","[[33.64372805864177, -117.8256811442192], [33.64290546745682, -117.82600080639753], [33.653770883445944, -117.8316435019145]]","[12, 10, 6]","[686.0390349973216, 596.2298037305884, 1666.6384800911676]",0.2187509536743164,566.8922364711761
8,800,41,"[33.64025067958688, -117.83443429448087]","[33.637056056381375, -117.83908230979236]",558.121632643903,"[[33.63364, -117.82406], [33.63907, -117.82329], [33.65275, -117.82986], [33.64358, -117.84349], [33.65275, -117.82981], [33.64354, -117.84341], [33.63356, -117.82353], [33.64129, -117.8469], [33.63356, -117.82388], [33.64546, -117.82188], [33.65273, -117.82986], [33.6436, -117.8434], [33.65259, -117.83], [33.64361, -117.84363], [33.63355, -117.82382], [33.64216, -117.82177], [33.63353, -117.82377], [33.64225, -117.82177], [33.65242, -117.8373], [33.64157, -117.84585], [33.62832, -117.80591], [33.64142, -117.84643], [33.65291, -117.8297], [33.64362, -117.84363], [33.65276, -117.82985], [33.64356, -117.84307], [33.65316, -117.83382], [33.6435, -117.84314], [33.63353, -117.82374], [33.64221, -117.82177], [33.65277, -117.82983], [33.64357, -117.84339], [33.65287, -117.8297], [33.64363, -117.84362], [33.67733, -117.85939], [33.64354, -117.84343], [33.65282, -117.82973], [33.64358, -117.84333], [33.64721, -117.82976], [33.64357, -117.84344], [33.63355, -117.82381], [33.64358, -117.84344], [33.65272, -117.82987], [33.64363, -117.84267], [33.63352, -117.8237], [33.64198, -117.82183], [33.6528, -117.82977], [33.64365, -117.84351], [33.65284, -117.8297], [33.64362, -117.84366], [33.62991, -117.84423], [33.56461, -117.8299], [33.65215, -117.83698], [33.65035, -117.83946], [33.65277, -117.82989], [33.64353, -117.84339], [33.65277, -117.82985], [33.64361, -117.84339], [33.6337, -117.82434], [33.64549, -117.82195], [33.63353, -117.82371], [33.63936, -117.82312], [33.65279, -117.82979], [33.64353, -117.84315], [33.65284, -117.82969], [33.64355, -117.84333], [33.63356, -117.82385], [33.64546, -117.82189], [33.63356, -117.82388], [33.63933, -117.82312], [33.65275, -117.82982], [33.64353, -117.84302], [33.63359, -117.8239], [33.64149, -117.82199], [33.65276, -117.82985], [33.64356, -117.84338], [33.65285, -117.82969], [33.64358, -117.84341], [33.65277, -117.8298], [33.64355, -117.84331], [33.65273, -117.82986], [33.64356, -117.8434]]","[[33.65415071839067, -117.8190218778444], [33.65552820216516, -117.8171554805666], [33.65684427677438, -117.81537219694019]]","[15, 15, 12]","[2656.7241713407466, 2887.079076733311, 3107.2444581733876]",0.07838034629821777,190.45050930976868
9,800,87,"[33.64025067958688, -117.83443429448087]","[33.63929726577758, -117.8304816826102]",381.6389559240122,"[[33.63375, -117.8245], [33.64582, -117.82207], [33.65285, -117.82969], [33.64358, -117.84341], [33.65284, -117.8297], [33.64362, -117.84366], [33.65276, -117.82985], [33.64356, -117.84338], [33.64985, -117.82514], [33.64986, -117.82502], [33.63351, -117.82371], [33.64665, -117.82241], [33.65259, -117.83], [33.64361, -117.84363], [33.64721, -117.82976], [33.64357, -117.84344], [33.64895, -117.83532], [33.64182, -117.84385], [33.63015, -117.84377], [33.63021, -117.84367], [33.65238, -117.83729], [33.64154, -117.84515], [33.67638, -117.86301], [33.64356, -117.84336], [33.63356, -117.82389], [33.64542, -117.82188], [33.65291, -117.8297], [33.64362, -117.84363], [33.65246, -117.82969], [33.64371, -117.8438], [33.65282, -117.82969], [33.64364, -117.84371], [33.65277, -117.82989], [33.64353, -117.84339], [33.63356, -117.82388], [33.64115, -117.82212], [33.65274, -117.82987], [33.64356, -117.84341], [33.65274, -117.82985], [33.64358, -117.84341], [33.65274, -117.8299], [33.64362, -117.84324], [33.65273, -117.8299], [33.64351, -117.84261], [33.65278, -117.82977], [33.64357, -117.84342], [33.63375, -117.82443], [33.64119, -117.82209], [33.63355, -117.82378], [33.64548, -117.82189], [33.63355, -117.82384], [33.64167, -117.82191], [33.63352, -117.82377], [33.64215, -117.82175], [33.62991, -117.84423], [33.56461, -117.8299], [33.65287, -117.8297], [33.64358, -117.84355], [33.67733, -117.85939], [33.64354, -117.84343], [33.63352, -117.82375], [33.64166, -117.82192], [33.65242, -117.8373], [33.64157, -117.84585], [33.63333, -117.82397], [33.64227, -117.82176], [33.65275, -117.82981], [33.64354, -117.84341], [33.63353, -117.82364], [33.64123, -117.82209], [33.65275, -117.82982], [33.64353, -117.84302], [33.65272, -117.82987], [33.64363, -117.84267], [33.65276, -117.82985], [33.64357, -117.84335], [33.63364, -117.82406], [33.6412, -117.8221], [33.63363, -117.82375], [33.64165, -117.84402], [33.6527, -117.82984], [33.64356, -117.84335], [33.65275, -117.82979], [33.64355, -117.84332], [33.63351, -117.82373], [33.63345, -117.82367], [33.63353, -117.82371], [33.64108, -117.82212], [33.64988, -117.82486], [33.6499, -117.82466], [33.63353, -117.82379], [33.64214, -117.82178], [33.65273, -117.82985], [33.64354, -117.84221], [33.63007, -117.84383], [33.63022, -117.84362], [33.63353, -117.82377], [33.64225, -117.82177], [33.65278, -117.82981], [33.64364, -117.84341], [33.63354, -117.82375], [33.64149, -117.82201], [33.63354, -117.82383], [33.64554, -117.82194], [33.63351, -117.82377], [33.64201, -117.82181], [33.65283, -117.8297], [33.64353, -117.84333], [33.65276, -117.82982], [33.6436, -117.84346], [33.65283, -117.82973], [33.64363, -117.8433], [33.65217, -117.83698], [33.6285, -117.8061], [33.63356, -117.82388], [33.64546, -117.82188], [33.65309, -117.83364], [33.64372, -117.84203], [33.65273, -117.82986], [33.6436, -117.8434], [33.65277, -117.8298], [33.64355, -117.84331], [33.63355, -117.82382], [33.64216, -117.82177], [33.63352, -117.8237], [33.64549, -117.82191], [33.65282, -117.82973], [33.64358, -117.84333], [33.63359, -117.8239], [33.64149, -117.82199], [33.6529, -117.82966], [33.64354, -117.8434], [33.65273, -117.82986], [33.64356, -117.8434], [33.63356, -117.82385], [33.64546, -117.82189], [33.63353, -117.82374], [33.64221, -117.82177], [33.6337, -117.82434], [33.64549, -117.82195], [33.63357, -117.82383], [33.6415, -117.82203], [33.63354, -117.82386], [33.64549, -117.82191], [33.65276, -117.82984], [33.64356, -117.84232], [33.65215, -117.83698], [33.65035, -117.83946], [33.65275, -117.82986], [33.64358, -117.84349], [33.64987, -117.82501], [33.64588, -117.82205], [33.65284, -117.82969], [33.64355, -117.84333], [33.63352, -117.8237], [33.64198, -117.82183], [33.63349, -117.82369], [33.64177, -117.8219], [33.65284, -117.82979], [33.6436, -117.84343], [33.65316, -117.83382], [33.6435, -117.84314], [33.65277, -117.82983], [33.64357, -117.84339], [33.65276, -117.82985], [33.64356, -117.84307], [33.65228, -117.83714], [33.64153, -117.84553], [33.65277, -117.82985], [33.64361, -117.84339], [33.64906, -117.83036], [33.64354, -117.84234], [33.63375, -117.82454], [33.64103, -117.82211]]","[[33.644239415999024, -117.80469443074539], [33.640878874468214, -117.81996175435152], [33.64422884860008, -117.8090384590791]]","[15, 13, 12]","[2454.3022853797643, 991.6017224733039, 2063.1367094794628]",0.17151093482971191,830.1168584823608
10,800,73,"[33.64025067958688, -117.83443429448087]","[33.641802085641174, -117.82827713756001]",596.5651422586659,"[[33.63353, -117.82367], [33.6475, -117.82286], [33.64895, -117.83532], [33.64182, -117.84385], [33.65275, -117.82986], [33.64358, -117.84349], [33.63354, -117.82377], [33.64786, -117.8231], [33.65274, -117.82987], [33.64356, -117.84341], [33.63015, -117.84377], [33.63021, -117.84367], [33.65272, -117.82987], [33.64363, -117.84267], [33.63352, -117.82377], [33.64744, -117.82282], [33.63375, -117.82455], [33.64822, -117.82329], [33.63007, -117.84383], [33.63022, -117.84362], [33.6337, -117.82434], [33.64829, -117.82335], [33.65277, -117.82989], [33.64353, -117.84339], [33.63347, -117.82371], [33.64834, -117.82341], [33.63352, -117.8237], [33.64884, -117.82366], [33.63372, -117.8245], [33.64836, -117.82337], [33.64924, -117.83037], [33.64357, -117.84344], [33.65259, -117.83], [33.64361, -117.84363], [33.63353, -117.82369], [33.64763, -117.82295], [33.63349, -117.82369], [33.64788, -117.82312], [33.63353, -117.82374], [33.64769, -117.82299], [33.63349, -117.82369], [33.64833, -117.82335], [33.65276, -117.82985], [33.64357, -117.84335], [33.6527, -117.82984], [33.64356, -117.84335], [33.65278, -117.82981], [33.64364, -117.84341], [33.63355, -117.82382], [33.64742, -117.82285], [33.65238, -117.83729], [33.64154, -117.84515], [33.64987, -117.82501], [33.64762, -117.82293], [33.65316, -117.83382], [33.6435, -117.84314], [33.65274, -117.82985], [33.64358, -117.84341], [33.65283, -117.82973], [33.64363, -117.8433], [33.65276, -117.82985], [33.64356, -117.84307], [33.65273, -117.82986], [33.64356, -117.8434], [33.63357, -117.82383], [33.64741, -117.82285], [33.67638, -117.86301], [33.64356, -117.84336], [33.65285, -117.82969], [33.64358, -117.84341], [33.67733, -117.85939], [33.64354, -117.84343], [33.65282, -117.82973], [33.64358, -117.84333], [33.62832, -117.80591], [33.64142, -117.84643], [33.65277, -117.82985], [33.64361, -117.84339], [33.65279, -117.82979], [33.64353, -117.84315], [33.6529, -117.82966], [33.64356, -117.8434], [33.65292, -117.82967], [33.64356, -117.84333], [33.65276, -117.82983], [33.64372, -117.8438], [33.65273, -117.82986], [33.6436, -117.8434], [33.63356, -117.82389], [33.64747, -117.82283], [33.63354, -117.82375], [33.64768, -117.82298], [33.63354, -117.82383], [33.6479, -117.82313], [33.65273, -117.82985], [33.64354, -117.84221], [33.6528, -117.82977], [33.64365, -117.84351], [33.65287, -117.8297], [33.64363, -117.84362], [33.63375, -117.82454], [33.64836, -117.82336], [33.65215, -117.83698], [33.65035, -117.83946], [33.65284, -117.8297], [33.64362, -117.84366], [33.63356, -117.82388], [33.64803, -117.8232], [33.63364, -117.82406], [33.6475, -117.82288], [33.65276, -117.82982], [33.6436, -117.84346], [33.65278, -117.82977], [33.64357, -117.84342], [33.65283, -117.8297], [33.64353, -117.84333], [33.63355, -117.82378], [33.64784, -117.82306], [33.63354, -117.82386], [33.64749, -117.8229], [33.65217, -117.83698], [33.6285, -117.8061], [33.65246, -117.82969], [33.64371, -117.8438], [33.63351, -117.82366], [33.64754, -117.82294], [33.63352, -117.8237], [33.64791, -117.82311], [33.65277, -117.8298], [33.64355, -117.84331], [33.6529, -117.82966], [33.64354, -117.84332], [33.63359, -117.8239], [33.64774, -117.82301], [33.63353, -117.82379], [33.64755, -117.8229], [33.63353, -117.82364], [33.64756, -117.82293], [33.64985, -117.82514], [33.64986, -117.82502], [33.65275, -117.82979], [33.64355, -117.84332], [33.63354, -117.82389], [33.64831, -117.82332], [33.65309, -117.83364], [33.64372, -117.84203]]","[[33.653436158226825, -117.80954174064193], [33.651932203581154, -117.81346198401357], [33.65026082390483, -117.8172871291474]]","[31, 30, 28]","[2164.6523924532225, 1775.1759212782833, 1385.5036360714469]",0.3296961784362793,793.9334492683411
11,800,39,"[33.64025067958688, -117.83443429448087]","[33.638234236955135, -117.83052427240702]",426.15344400428467,"[[33.65275, -117.82979], [33.64355, -117.84332], [33.63356, -117.82385], [33.64546, -117.82189], [33.65283, -117.8297], [33.64353, -117.84333], [33.63363, -117.82375], [33.64165, -117.84402], [33.65246, -117.82969], [33.64371, -117.8438], [33.63353, -117.82367], [33.6475, -117.82286], [33.6529, -117.82966], [33.64354, -117.8434], [33.65278, -117.82981], [33.64364, -117.84341], [33.65282, -117.82973], [33.64358, -117.84333], [33.63354, -117.82375], [33.64768, -117.82298], [33.65276, -117.82984], [33.64356, -117.84232], [33.67638, -117.86301], [33.64356, -117.84336], [33.63353, -117.82364], [33.64756, -117.82293], [33.65228, -117.83714], [33.64153, -117.84553], [33.67733, -117.85939], [33.64354, -117.84343], [33.63015, -117.84377], [33.63021, -117.84367], [33.64924, -117.83037], [33.64357, -117.84344], [33.65275, -117.82986], [33.64358, -117.84349], [33.63353, -117.82369], [33.64763, -117.82295], [33.63333, -117.82397], [33.64227, -117.82176], [33.65284, -117.82979], [33.6436, -117.84343], [33.65273, -117.8299], [33.64351, -117.84261], [33.65277, -117.8298], [33.64355, -117.84331], [33.63355, -117.82378], [33.64784, -117.82306], [33.65284, -117.82969], [33.64355, -117.84333], [33.63356, -117.82353], [33.64129, -117.8469], [33.65291, -117.8297], [33.64362, -117.84363], [33.63351, -117.82373], [33.63345, -117.82367], [33.65282, -117.82969], [33.64364, -117.84371], [33.6528, -117.82977], [33.64365, -117.84351], [33.65275, -117.82982], [33.64353, -117.84302], [33.63351, -117.82368], [33.64829, -117.82335], [33.65276, -117.82985], [33.64356, -117.84338], [33.65276, -117.82985], [33.64356, -117.84307], [33.65274, -117.82987], [33.64356, -117.84341], [33.63356, -117.82388], [33.64546, -117.82188], [33.65309, -117.83364], [33.64372, -117.84203], [33.63351, -117.82371], [33.64665, -117.82241], [33.64987, -117.82501], [33.64762, -117.82293]]","[[33.65376749169608, -117.83164181738998], [33.646358218286295, -117.82699116947141], [33.64415872199353, -117.82815096190954]]","[6, 4, 3]","[1726.0028516067816, 958.8401713835267, 693.0248967480732]",0.06505036354064941,146.20798778533936
12,800,56,"[33.64025067958688, -117.83443429448087]","[33.64164589699019, -117.8292626515535]",504.1218425988222,"[[33.63354, -117.82389], [33.64831, -117.82332], [33.63354, -117.82383], [33.6479, -117.82313], [33.6335, -117.82367], [33.64542, -117.82189], [33.63375, -117.82454], [33.64836, -117.82336], [33.6528, -117.82977], [33.64365, -117.84351], [33.65279, -117.82979], [33.64353, -117.84315], [33.65287, -117.82967], [33.64369, -117.84384], [33.65272, -117.82987], [33.64363, -117.84267], [33.65274, -117.82985], [33.64358, -117.84341], [33.65273, -117.8299], [33.64351, -117.84261], [33.63352, -117.82377], [33.64744, -117.82282], [33.64895, -117.83532], [33.64182, -117.84385], [33.63357, -117.82383], [33.64741, -117.82285], [33.63352, -117.8237], [33.64791, -117.82311], [33.65287, -117.8297], [33.64358, -117.84355], [33.63354, -117.82386], [33.64749, -117.8229], [33.63351, -117.82368], [33.64829, -117.82335], [33.64906, -117.83036], [33.64354, -117.84234], [33.65292, -117.82967], [33.64356, -117.84333], [33.6529, -117.82966], [33.64356, -117.8434], [33.62991, -117.84423], [33.56461, -117.8299], [33.65276, -117.82984], [33.64356, -117.84232], [33.63375, -117.82455], [33.64822, -117.82329], [33.65275, -117.82986], [33.64358, -117.84349], [33.64987, -117.82501], [33.64762, -117.82293], [33.63353, -117.82364], [33.64756, -117.82293], [33.63375, -117.8245], [33.64582, -117.82207], [33.65276, -117.82983], [33.64372, -117.8438], [33.63355, -117.82378], [33.64784, -117.82306], [33.64988, -117.82486], [33.6499, -117.82466], [33.65291, -117.8297], [33.64362, -117.84363], [33.63353, -117.82371], [33.64588, -117.82208], [33.63355, -117.82381], [33.64358, -117.84344], [33.65228, -117.83714], [33.64153, -117.84553], [33.65278, -117.82981], [33.64364, -117.84341], [33.65276, -117.82982], [33.6436, -117.84346], [33.6529, -117.82966], [33.64354, -117.84332], [33.63356, -117.82388], [33.64546, -117.82188], [33.65278, -117.82977], [33.64357, -117.84342], [33.63372, -117.8245], [33.64836, -117.82337], [33.63351, -117.82366], [33.64754, -117.82294], [33.63015, -117.84377], [33.63021, -117.84367], [33.63353, -117.82379], [33.64755, -117.8229], [33.63351, -117.82377], [33.64546, -117.8219], [33.63375, -117.82443], [33.64554, -117.82195], [33.65276, -117.82985], [33.64356, -117.84307], [33.65274, -117.8299], [33.64362, -117.84324], [33.67638, -117.86301], [33.64356, -117.84336], [33.65276, -117.82985], [33.64356, -117.84338], [33.65273, -117.82986], [33.64356, -117.8434], [33.65287, -117.8297], [33.64356, -117.84337], [33.65284, -117.82979], [33.6436, -117.84343], [33.63333, -117.82397], [33.64544, -117.82189], [33.63355, -117.82384], [33.64562, -117.82198], [33.65282, -117.82976], [33.64352, -117.84242], [33.65316, -117.83382], [33.6435, -117.84314]]","[[33.65345298030521, -117.82539867245823], [33.654345994125784, -117.80767646405373], [33.65103763979118, -117.81535110415156]]","[12, 6, 6]","[1357.762235667165, 2448.2604022182177, 1658.4817929980259]",0.11658382415771484,436.23473358154297
13,800,46,"[33.64025067958688, -117.83443429448087]","[33.63592876755448, -117.83616876118677]",505.65581834029297,"[[33.63354, -117.82377], [33.64786, -117.8231], [33.65287, -117.8297], [33.64356, -117.84337], [33.65276, -117.82985], [33.64356, -117.84307], [33.63353, -117.82369], [33.64763, -117.82295], [33.63353, -117.82364], [33.64756, -117.82293], [33.65286, -117.82979], [33.64358, -117.84342], [33.65276, -117.82983], [33.64372, -117.8438], [33.63356, -117.82388], [33.64546, -117.82188], [33.63355, -117.82382], [33.64742, -117.82285], [33.65215, -117.83698], [33.65035, -117.83946], [33.63372, -117.8245], [33.64836, -117.82337], [33.65309, -117.83364], [33.64372, -117.84203], [33.65278, -117.82981], [33.64364, -117.84341], [33.64985, -117.82514], [33.64986, -117.82502], [33.62832, -117.80591], [33.64142, -117.84643], [33.63356, -117.82389], [33.64747, -117.82283], [33.65278, -117.82977], [33.64357, -117.84342], [33.6529, -117.82966], [33.64354, -117.84332], [33.65277, -117.82985], [33.64361, -117.84339], [33.64906, -117.83036], [33.64354, -117.84234], [33.65275, -117.82979], [33.64355, -117.84332], [33.63353, -117.82367], [33.6475, -117.82286], [33.63356, -117.82388], [33.64803, -117.8232], [33.67638, -117.86301], [33.64356, -117.84336], [33.63347, -117.82371], [33.64834, -117.82341], [33.63352, -117.8237], [33.64884, -117.82366], [33.63375, -117.8245], [33.64582, -117.82207], [33.65275, -117.82981], [33.64354, -117.84341], [33.63351, -117.82377], [33.64546, -117.8219], [33.65285, -117.82969], [33.64358, -117.84341], [33.65275, -117.82986], [33.64358, -117.84349], [33.63349, -117.82369], [33.64833, -117.82335], [33.65284, -117.8297], [33.64362, -117.84366], [33.63359, -117.8239], [33.64774, -117.82301], [33.65273, -117.82985], [33.64354, -117.84221], [33.65283, -117.8297], [33.64353, -117.84333], [33.63354, -117.82375], [33.64768, -117.82298], [33.64924, -117.83037], [33.64357, -117.84344], [33.63333, -117.82397], [33.64544, -117.82189], [33.65277, -117.8298], [33.64355, -117.84331], [33.63354, -117.82386], [33.64749, -117.8229], [33.65279, -117.82979], [33.64353, -117.84315], [33.65276, -117.82985], [33.64357, -117.84335], [33.65259, -117.83], [33.64361, -117.84363], [33.63351, -117.82371], [33.64665, -117.82241], [33.63007, -117.84383], [33.63022, -117.84362]]","[[33.65032497595839, -117.81733780614869], [33.65116303419823, -117.81541892986624], [33.64954737635021, -117.81929105185557]]","[17, 11, 11]","[2366.7391400355596, 2561.357801989199, 2175.595967836779]",0.0866236686706543,266.4193525314331
14,800,92,"[33.64025067958688, -117.83443429448087]","[33.64150046661856, -117.82951522387489]",476.9401202250341,"[[33.63356, -117.82389], [33.64747, -117.82283], [33.65284, -117.8297], [33.64362, -117.84366], [33.63356, -117.82388], [33.64546, -117.82188], [33.65276, -117.82985], [33.64357, -117.84335], [33.65275, -117.82987], [33.64355, -117.84336], [33.65287, -117.8297], [33.64358, -117.84355], [33.6335, -117.82367], [33.64542, -117.82189], [33.63353, -117.82369], [33.64763, -117.82295], [33.65246, -117.82969], [33.64371, -117.8438], [33.63356, -117.82353], [33.64129, -117.8469], [33.65277, -117.82985], [33.64361, -117.84339], [33.65275, -117.82982], [33.64353, -117.84302], [33.63351, -117.82366], [33.64754, -117.82294], [33.65278, -117.82977], [33.64357, -117.84342], [33.65285, -117.82969], [33.64358, -117.84341], [33.63359, -117.8239], [33.64774, -117.82301], [33.63352, -117.82375], [33.64468, -117.82171], [33.65278, -117.82981], [33.64364, -117.84341], [33.62832, -117.80591], [33.64142, -117.84643], [33.65282, -117.82969], [33.64364, -117.84371], [33.64987, -117.82501], [33.64762, -117.82293], [33.63351, -117.82371], [33.64665, -117.82241], [33.63355, -117.82381], [33.64496, -117.82178], [33.63356, -117.82388], [33.64803, -117.8232], [33.65309, -117.83364], [33.64372, -117.84203], [33.6528, -117.82977], [33.64365, -117.84351], [33.63347, -117.82371], [33.64834, -117.82341], [33.63349, -117.82369], [33.64833, -117.82335], [33.65277, -117.82989], [33.64353, -117.84339], [33.63353, -117.82367], [33.6475, -117.82286], [33.63354, -117.82377], [33.64786, -117.8231], [33.63357, -117.82383], [33.64741, -117.82285], [33.64924, -117.83037], [33.64357, -117.84344], [33.65274, -117.82987], [33.64356, -117.84341], [33.65276, -117.82983], [33.64372, -117.8438], [33.63354, -117.82386], [33.64749, -117.8229], [33.63007, -117.84383], [33.63022, -117.84362], [33.6529, -117.82966], [33.64356, -117.8434], [33.63354, -117.82383], [33.6479, -117.82313], [33.63364, -117.82406], [33.6475, -117.82288], [33.65292, -117.82967], [33.64356, -117.84333], [33.63372, -117.8245], [33.64836, -117.82337], [33.65275, -117.82986], [33.64358, -117.84349], [33.63375, -117.82455], [33.64822, -117.82329], [33.65228, -117.83714], [33.64153, -117.84553], [33.63354, -117.82389], [33.64831, -117.82332], [33.65282, -117.82973], [33.64358, -117.84333], [33.63351, -117.82368], [33.64829, -117.82335], [33.64895, -117.83532], [33.64182, -117.84385], [33.63015, -117.84377], [33.63021, -117.84367], [33.65259, -117.83], [33.64361, -117.84363], [33.67733, -117.85939], [33.64354, -117.84343], [33.6529, -117.82966], [33.64354, -117.84332], [33.65242, -117.8373], [33.64157, -117.84585], [33.63353, -117.82364], [33.64756, -117.82293], [33.6527, -117.82984], [33.64356, -117.84335], [33.65276, -117.82985], [33.64356, -117.84307], [33.63353, -117.82374], [33.64769, -117.82299], [33.65282, -117.82976], [33.64352, -117.84242], [33.65274, -117.8299], [33.64362, -117.84324], [33.63351, -117.82377], [33.64546, -117.8219], [33.63355, -117.82381], [33.64358, -117.84344], [33.65275, -117.82979], [33.64355, -117.84332], [33.63353, -117.82379], [33.64755, -117.8229], [33.65284, -117.82979], [33.6436, -117.84343], [33.63351, -117.82373], [33.63345, -117.82367], [33.67638, -117.86301], [33.64356, -117.84336], [33.63354, -117.82375], [33.64768, -117.82298], [33.63352, -117.8237], [33.64791, -117.82311], [33.63349, -117.82369], [33.64788, -117.82312], [33.63355, -117.82384], [33.64562, -117.82198], [33.65284, -117.82969], [33.64355, -117.84333], [33.63353, -117.82371], [33.64588, -117.82208], [33.64985, -117.82514], [33.64986, -117.82502], [33.63333, -117.82397], [33.64544, -117.82189], [33.62991, -117.84423], [33.56461, -117.8299], [33.65274, -117.82985], [33.64358, -117.84341], [33.6529, -117.82966], [33.64354, -117.8434], [33.65277, -117.82983], [33.64357, -117.84339], [33.65217, -117.83698], [33.6285, -117.8061], [33.65277, -117.8298], [33.64355, -117.84331], [33.63353, -117.82377], [33.64485, -117.82177], [33.65276, -117.82985], [33.64356, -117.84338], [33.65283, -117.82973], [33.64363, -117.8433], [33.65276, -117.82982], [33.6436, -117.84346], [33.65283, -117.8297], [33.64353, -117.84333], [33.63375, -117.8245], [33.64582, -117.82207], [33.65316, -117.83382], [33.6435, -117.84314], [33.63355, -117.82378], [33.64784, -117.82306], [33.65279, -117.82979], [33.64353, -117.84315], [33.65238, -117.83729], [33.64154, -117.84515], [33.65273, -117.8299], [33.64351, -117.84261]]","[[33.65185877202168, -117.81340994770152], [33.65261600582124, -117.8114523544712], [33.65021576665115, -117.81726657707185]]","[16, 13, 12]","[1884.6895294289186, 2080.3053972601733, 1491.823386219011]",0.3236055374145508,1124.759821176529
15,800,97,"[33.64025067958688, -117.83443429448087]","[33.63381379698378, -117.83497794584274]",715.7316765769527,"[[33.64985, -117.82514], [33.64986, -117.82502], [33.65278, -117.82977], [33.64357, -117.84342], [33.63356, -117.82353], [33.64129, -117.8469], [33.63353, -117.82374], [33.64769, -117.82299], [33.64988, -117.82486], [33.6499, -117.82466], [33.65284, -117.8297], [33.64362, -117.84366], [33.65275, -117.82987], [33.64355, -117.84336], [33.65285, -117.82969], [33.64358, -117.84341], [33.62832, -117.80591], [33.64142, -117.84643], [33.63356, -117.82385], [33.64546, -117.82189], [33.65287, -117.8297], [33.64356, -117.84337], [33.65278, -117.82981], [33.64364, -117.84341], [33.63352, -117.82377], [33.64744, -117.82282], [33.65215, -117.83698], [33.65035, -117.83946], [33.65284, -117.82969], [33.64355, -117.84333], [33.65309, -117.83364], [33.64372, -117.84203], [33.63347, -117.82371], [33.64834, -117.82341], [33.63375, -117.82454], [33.64836, -117.82336], [33.65283, -117.82973], [33.64363, -117.8433], [33.6527, -117.82984], [33.64356, -117.84335], [33.63353, -117.82364], [33.64756, -117.82293], [33.65287, -117.82967], [33.64369, -117.84384], [33.6335, -117.82367], [33.64542, -117.82189], [33.63353, -117.82369], [33.64763, -117.82295], [33.63351, -117.82373], [33.63345, -117.82367], [33.63352, -117.8237], [33.64791, -117.82311], [33.63352, -117.8237], [33.64884, -117.82366], [33.63375, -117.8245], [33.64582, -117.82207], [33.63349, -117.82369], [33.64833, -117.82335], [33.6529, -117.82966], [33.64354, -117.84332], [33.65276, -117.82984], [33.64356, -117.84232], [33.63353, -117.82371], [33.64588, -117.82208], [33.63351, -117.82377], [33.64546, -117.8219], [33.65277, -117.82985], [33.64361, -117.84339], [33.63355, -117.82381], [33.64358, -117.84344], [33.63351, -117.82366], [33.64754, -117.82294], [33.65273, -117.8299], [33.64351, -117.84261], [33.63007, -117.84383], [33.63022, -117.84362], [33.65238, -117.83729], [33.64154, -117.84515], [33.65274, -117.82987], [33.64356, -117.84341], [33.63364, -117.82406], [33.6475, -117.82288], [33.67638, -117.86301], [33.64356, -117.84336], [33.65272, -117.82987], [33.64363, -117.84267], [33.6528, -117.82977], [33.64365, -117.84351], [33.65287, -117.8297], [33.64363, -117.84362], [33.65276, -117.82982], [33.6436, -117.84346], [33.65276, -117.82985], [33.64356, -117.84338], [33.63363, -117.82375], [33.64165, -117.84402], [33.65277, -117.82983], [33.64357, -117.84339], [33.63354, -117.82386], [33.64749, -117.8229], [33.6529, -117.82966], [33.64356, -117.8434], [33.63354, -117.82375], [33.64768, -117.82298], [33.63359, -117.8239], [33.64774, -117.82301], [33.63015, -117.84377], [33.63021, -117.84367], [33.65217, -117.83698], [33.6285, -117.8061], [33.6529, -117.82966], [33.64354, -117.8434], [33.63375, -117.82443], [33.64554, -117.82195], [33.65276, -117.82983], [33.64372, -117.8438], [33.65277, -117.82989], [33.64353, -117.84339], [33.67733, -117.85939], [33.64354, -117.84343], [33.63372, -117.8245], [33.64836, -117.82337], [33.65282, -117.82969], [33.64364, -117.84371], [33.65228, -117.83714], [33.64153, -117.84553], [33.62991, -117.84423], [33.56461, -117.8299], [33.65275, -117.82986], [33.64358, -117.84349], [33.65291, -117.8297], [33.64362, -117.84363], [33.63352, -117.82375], [33.64468, -117.82171], [33.63356, -117.82388], [33.64546, -117.82188], [33.63351, -117.82368], [33.64829, -117.82335], [33.65275, -117.82982], [33.64353, -117.84302], [33.65242, -117.8373], [33.64157, -117.84585], [33.63353, -117.82377], [33.64485, -117.82177], [33.63355, -117.82382], [33.64742, -117.82285], [33.65246, -117.82969], [33.64371, -117.8438], [33.63355, -117.82378], [33.64784, -117.82306], [33.65282, -117.82976], [33.64352, -117.84242], [33.63353, -117.82367], [33.6475, -117.82286], [33.65276, -117.82985], [33.64357, -117.84335], [33.63357, -117.82383], [33.64741, -117.82285], [33.65282, -117.82973], [33.64358, -117.84333], [33.65316, -117.83382], [33.6435, -117.84314], [33.63354, -117.82383], [33.6479, -117.82313], [33.64987, -117.82501], [33.64762, -117.82293], [33.63356, -117.82389], [33.64747, -117.82283], [33.65279, -117.82979], [33.64353, -117.84315], [33.65292, -117.82967], [33.64356, -117.84333], [33.65283, -117.8297], [33.64353, -117.84333], [33.63355, -117.82381], [33.64496, -117.82178], [33.63375, -117.82455], [33.64822, -117.82329], [33.63356, -117.82388], [33.64803, -117.8232], [33.65273, -117.82986], [33.6436, -117.8434], [33.65276, -117.82985], [33.64356, -117.84307], [33.63353, -117.82379], [33.64755, -117.8229], [33.65274, -117.8299], [33.64362, -117.84324], [33.65274, -117.82985], [33.64358, -117.84341], [33.64895, -117.83532], [33.64182, -117.84385], [33.65287, -117.8297], [33.64358, -117.84355]]","[[33.65107766689826, -117.8153715817113], [33.651827620938406, -117.81341038103413], [33.653461012620596, -117.82540647951717]]","[31, 26, 25]","[2641.011876549012, 2827.6047662749365, 2353.1455795565957]",0.22077107429504395,1343.1550476551056
0,1000,87,"[33.64025067958688, -117.83443429448087]","[33.6353122195177, -117.83153042532692]",610.4210764206175,"[[33.63222, -117.82082], [33.64544, -117.82189], [33.63219, -117.82078], [33.64836, -117.82336], [33.65246, -117.82969], [33.64371, -117.8438], [33.63222, -117.82088], [33.64829, -117.82335], [33.63243, -117.82117], [33.64741, -117.82285], [33.63246, -117.82123], [33.64468, -117.82171], [33.63221, -117.82082], [33.64774, -117.82301], [33.65282, -117.82973], [33.64358, -117.84333], [33.6529, -117.82966], [33.64354, -117.84332], [33.65287, -117.82967], [33.64369, -117.84384], [33.64987, -117.82501], [33.64762, -117.82293], [33.6323, -117.8209], [33.64763, -117.82295], [33.63238, -117.82114], [33.64588, -117.82208], [33.65217, -117.83698], [33.6285, -117.8061], [33.63239, -117.82115], [33.64358, -117.84344], [33.65292, -117.82967], [33.64356, -117.84333], [33.63223, -117.82088], [33.64542, -117.82189], [33.63242, -117.82111], [33.64129, -117.8469], [33.65275, -117.82982], [33.64353, -117.84302], [33.65283, -117.8297], [33.64353, -117.84333], [33.65275, -117.82979], [33.64355, -117.84332], [33.65285, -117.82969], [33.64358, -117.84341], [33.65277, -117.8298], [33.64355, -117.84331], [33.63221, -117.82084], [33.6475, -117.82286], [33.65275, -117.82981], [33.64354, -117.84341], [33.64924, -117.83037], [33.64357, -117.84344], [33.63223, -117.82092], [33.64546, -117.82188], [33.65276, -117.82985], [33.64356, -117.84307], [33.63007, -117.84383], [33.63022, -117.84362], [33.63252, -117.82125], [33.6475, -117.82288], [33.65276, -117.82984], [33.64356, -117.84232], [33.63239, -117.82104], [33.64756, -117.82293], [33.6322, -117.82082], [33.64833, -117.82335], [33.65279, -117.82979], [33.64353, -117.84315], [33.63221, -117.82089], [33.63221, -117.82095], [33.65215, -117.83698], [33.65035, -117.83946], [33.63222, -117.8209], [33.64791, -117.82311], [33.65287, -117.8297], [33.64356, -117.84337], [33.65291, -117.8297], [33.64362, -117.84363], [33.65242, -117.8373], [33.64157, -117.84585], [33.6528, -117.82977], [33.64365, -117.84351], [33.63221, -117.82088], [33.64665, -117.82241], [33.65277, -117.82985], [33.64361, -117.84339], [33.62991, -117.84423], [33.56461, -117.8299], [33.62832, -117.80591], [33.64142, -117.84643], [33.65276, -117.82983], [33.64372, -117.8438], [33.67733, -117.85939], [33.64354, -117.84343], [33.65272, -117.82987], [33.64363, -117.84267], [33.65238, -117.83729], [33.64154, -117.84515], [33.63217, -117.82083], [33.64822, -117.82329], [33.65286, -117.82979], [33.64358, -117.84342], [33.63222, -117.82093], [33.64562, -117.82198], [33.63229, -117.82106], [33.64749, -117.8229], [33.63246, -117.82124], [33.64742, -117.82285], [33.65282, -117.82969], [33.64364, -117.84371], [33.65274, -117.8299], [33.64362, -117.84324], [33.63214, -117.82077], [33.64788, -117.82312], [33.64906, -117.83036], [33.64354, -117.84234], [33.63219, -117.82078], [33.64786, -117.8231], [33.65309, -117.83364], [33.64372, -117.84203], [33.65259, -117.83], [33.64361, -117.84363], [33.63219, -117.82092], [33.64834, -117.82341], [33.63222, -117.82087], [33.64884, -117.82366], [33.65277, -117.82989], [33.64353, -117.84339], [33.65276, -117.82985], [33.64356, -117.84338], [33.63224, -117.82093], [33.64803, -117.8232], [33.63245, -117.82122], [33.6479, -117.82313], [33.65273, -117.82985], [33.64354, -117.84221], [33.65277, -117.82983], [33.64357, -117.84339], [33.65283, -117.82973], [33.64363, -117.8433], [33.63239, -117.82115], [33.64546, -117.8219], [33.63231, -117.8209], [33.64165, -117.84402], [33.65276, -117.82982], [33.6436, -117.84346], [33.65276, -117.82985], [33.64357, -117.84335], [33.65287, -117.8297], [33.64363, -117.84362], [33.65278, -117.82981], [33.64364, -117.84341], [33.63217, -117.8208], [33.64744, -117.82282], [33.65275, -117.82987], [33.64355, -117.84336], [33.64985, -117.82514], [33.64986, -117.82502], [33.63242, -117.82124], [33.64755, -117.8229], [33.6322, -117.82089], [33.64485, -117.82177], [33.65284, -117.82979], [33.6436, -117.84343], [33.6527, -117.82984], [33.64356, -117.84335], [33.65316, -117.83382], [33.6435, -117.84314], [33.65282, -117.82976], [33.64352, -117.84242], [33.63228, -117.82099], [33.64768, -117.82298], [33.6322, -117.82086], [33.64836, -117.82337]]","[[33.651097600030226, -117.81539115595159], [33.65263036945116, -117.8114772823179], [33.65191542857437, -117.81346335205956]]","[39, 27, 24]","[2303.729387554226, 2674.0253137273535, 2490.0856883600527]",0.3442821502685547,1025.2947812080383
1,1000,77,"[33.64025067958688, -117.83443429448087]","[33.6438843056954, -117.83340264604404]",414.2348804217531,"[[33.65292, -117.82967], [33.64405, -117.84428], [33.6323, -117.8209], [33.64763, -117.82295], [33.65275, -117.82981], [33.64395, -117.84437], [33.65277, -117.82985], [33.64402, -117.84426], [33.63219, -117.82078], [33.64786, -117.8231], [33.65282, -117.82976], [33.64393, -117.84439], [33.65287, -117.8297], [33.64393, -117.84431], [33.6526, -117.83756], [33.6417, -117.84432], [33.65273, -117.82985], [33.64396, -117.84436], [33.62832, -117.80591], [33.64142, -117.84643], [33.65246, -117.82965], [33.64395, -117.84432], [33.63222, -117.82087], [33.64884, -117.82366], [33.63219, -117.82092], [33.64834, -117.82341], [33.63222, -117.8209], [33.64791, -117.82311], [33.63242, -117.82111], [33.64129, -117.8469], [33.6529, -117.82966], [33.64419, -117.84468], [33.65277, -117.82989], [33.64392, -117.84429], [33.65274, -117.82987], [33.64397, -117.84439], [33.65238, -117.83729], [33.64154, -117.84515], [33.65276, -117.82985], [33.64389, -117.8442], [33.63353, -117.82374], [33.64769, -117.82299], [33.63354, -117.82389], [33.64831, -117.82332], [33.65284, -117.82969], [33.64394, -117.84429], [33.63242, -117.82124], [33.64755, -117.8229], [33.65277, -117.8298], [33.64391, -117.84423], [33.6529, -117.82966], [33.64382, -117.84421], [33.65236, -117.83726], [33.65168, -117.83929], [33.65242, -117.8373], [33.64157, -117.84585], [33.63015, -117.84377], [33.63021, -117.84367], [33.65278, -117.82981], [33.64397, -117.84429], [33.63355, -117.82378], [33.64784, -117.82306], [33.65309, -117.83364], [33.64412, -117.84431], [33.65284, -117.82979], [33.64413, -117.84447], [33.65263, -117.82995], [33.64407, -117.84434], [33.65283, -117.82973], [33.64401, -117.8444], [33.65275, -117.82986], [33.64396, -117.84439], [33.63222, -117.82093], [33.64562, -117.82198], [33.6322, -117.82086], [33.64836, -117.82337], [33.63221, -117.82088], [33.64665, -117.82241], [33.65278, -117.82977], [33.64398, -117.84448], [33.63222, -117.82088], [33.64829, -117.82335], [33.63351, -117.82366], [33.64754, -117.82294], [33.65316, -117.83382], [33.64404, -117.84454], [33.63219, -117.82078], [33.64836, -117.82336], [33.63238, -117.82114], [33.64588, -117.82208], [33.62991, -117.84423], [33.56461, -117.8299], [33.65276, -117.82984], [33.64392, -117.84428], [33.65277, -117.82983], [33.64399, -117.8442], [33.65273, -117.82986], [33.64396, -117.84432], [33.65282, -117.82973], [33.64394, -117.84424], [33.65246, -117.82969], [33.64396, -117.84431], [33.67733, -117.85939], [33.64396, -117.84438], [33.63246, -117.82123], [33.64468, -117.82171], [33.65275, -117.82979], [33.64395, -117.84435], [33.6322, -117.82082], [33.64833, -117.82335], [33.65275, -117.82982], [33.64407, -117.84449], [33.65248, -117.83742], [33.6285, -117.8061], [33.65276, -117.82985], [33.64393, -117.84436], [33.65276, -117.82982], [33.64396, -117.84443], [33.63221, -117.82082], [33.64774, -117.82301], [33.65259, -117.83], [33.64394, -117.84442], [33.63245, -117.82122], [33.6479, -117.82313], [33.63217, -117.8208], [33.64744, -117.82282], [33.64987, -117.82501], [33.64762, -117.82293], [33.65285, -117.82969], [33.644, -117.84439], [33.63375, -117.8245], [33.64582, -117.82207], [33.65284, -117.8297], [33.6439, -117.84429], [33.65282, -117.82969], [33.64401, -117.84445], [33.63229, -117.82106], [33.64749, -117.8229], [33.65283, -117.8297], [33.64393, -117.84437], [33.65291, -117.8297], [33.644, -117.84443], [33.64988, -117.82486], [33.6499, -117.82466], [33.65287, -117.8297], [33.64399, -117.84436], [33.65276, -117.82985], [33.64394, -117.8443], [33.63356, -117.82385], [33.64546, -117.82189], [33.63252, -117.82125], [33.6475, -117.82288], [33.65274, -117.8299], [33.64394, -117.84424]]","[[33.652592095857244, -117.81145439938736], [33.65109264869067, -117.81538351373221], [33.651774817358174, -117.81336756964794]]","[12, 11, 9]","[2253.4742617153634, 1852.9097826108302, 2054.29231484072]",0.2824440002441406,765.0009362697601
2,1000,76,"[33.64025067958688, -117.83443429448087]","[33.63950882572567, -117.82943688733867]",470.86869012978616,"[[33.63273, -117.8217], [33.64668, -117.82243], [33.65287, -117.82967], [33.64369, -117.84384], [33.63289, -117.82208], [33.64628, -117.82229], [33.65275, -117.82979], [33.64395, -117.84435], [33.65276, -117.82985], [33.64389, -117.8442], [33.64985, -117.82514], [33.64986, -117.82502], [33.63214, -117.82077], [33.64788, -117.82312], [33.63272, -117.82171], [33.64784, -117.82306], [33.65287, -117.8297], [33.64358, -117.84355], [33.6528, -117.82977], [33.64365, -117.84351], [33.65282, -117.82973], [33.64394, -117.84424], [33.65275, -117.82987], [33.64355, -117.84336], [33.65282, -117.82969], [33.64401, -117.84445], [33.6322, -117.82086], [33.64836, -117.82337], [33.65274, -117.8299], [33.64394, -117.84424], [33.6529, -117.82966], [33.64354, -117.84332], [33.63239, -117.82115], [33.64358, -117.84344], [33.65275, -117.82982], [33.64407, -117.84449], [33.65287, -117.8297], [33.64399, -117.84436], [33.63246, -117.82124], [33.64742, -117.82285], [33.63007, -117.84383], [33.63022, -117.84362], [33.6327, -117.82166], [33.64747, -117.82283], [33.65276, -117.82985], [33.64394, -117.8443], [33.65248, -117.83742], [33.6285, -117.8061], [33.63219, -117.82078], [33.64786, -117.8231], [33.65285, -117.82969], [33.644, -117.84439], [33.65246, -117.82965], [33.64395, -117.84432], [33.65246, -117.82969], [33.64396, -117.84431], [33.6323, -117.8209], [33.64763, -117.82295], [33.63221, -117.82089], [33.63221, -117.82095], [33.65277, -117.8298], [33.64391, -117.84423], [33.65277, -117.82989], [33.64392, -117.84429], [33.6322, -117.82089], [33.64667, -117.82244], [33.65316, -117.83382], [33.64404, -117.84454], [33.63238, -117.82114], [33.64662, -117.82243], [33.63242, -117.82111], [33.64129, -117.8469], [33.65278, -117.82977], [33.64398, -117.84448], [33.65292, -117.82967], [33.64405, -117.84428], [33.62991, -117.84423], [33.56461, -117.8299], [33.63275, -117.82177], [33.64681, -117.82251], [33.65278, -117.82981], [33.64397, -117.84429], [33.65277, -117.82985], [33.64402, -117.84426], [33.65236, -117.83726], [33.65168, -117.83929], [33.63222, -117.82093], [33.64635, -117.82228], [33.63229, -117.82106], [33.64749, -117.8229], [33.63221, -117.82084], [33.6475, -117.82286], [33.63239, -117.82115], [33.64631, -117.82226], [33.65276, -117.82983], [33.64372, -117.8438], [33.6529, -117.82966], [33.64382, -117.84421], [33.6527, -117.82984], [33.64356, -117.84335], [33.6322, -117.82082], [33.64833, -117.82335], [33.63242, -117.82124], [33.64755, -117.8229], [33.65284, -117.82979], [33.64413, -117.84447], [33.65277, -117.82983], [33.64399, -117.8442], [33.65238, -117.83729], [33.64154, -117.84515], [33.63289, -117.82208], [33.64831, -117.82332], [33.65275, -117.82981], [33.64395, -117.84437], [33.65259, -117.83], [33.64394, -117.84442], [33.63219, -117.82078], [33.64836, -117.82336], [33.64987, -117.82501], [33.64762, -117.82293], [33.63221, -117.82082], [33.64774, -117.82301], [33.63217, -117.8208], [33.64744, -117.82282], [33.64988, -117.82486], [33.6499, -117.82466], [33.6529, -117.82966], [33.64419, -117.84468], [33.63219, -117.82092], [33.64834, -117.82341], [33.65273, -117.82985], [33.64396, -117.84436], [33.63243, -117.82117], [33.64741, -117.82285], [33.65273, -117.82986], [33.64396, -117.84432], [33.6327, -117.82167], [33.64754, -117.82294], [33.65228, -117.83714], [33.64153, -117.84553], [33.65263, -117.82995], [33.64407, -117.84434], [33.63222, -117.82088], [33.64829, -117.82335], [33.63285, -117.82198], [33.64769, -117.82299], [33.63223, -117.82088], [33.64681, -117.8225], [33.65242, -117.8373], [33.64157, -117.84585], [33.63217, -117.82083], [33.64822, -117.82329]]","[[33.62968935946653, -117.82405609693141], [33.651038339817326, -117.81535145791645], [33.65345298030521, -117.82539867245823]]","[29, 27, 25]","[1198.096400723802, 1828.310150749312, 1591.3502913546695]",0.16065645217895508,987.5365543365479
3,1000,61,"[33.64025067958688, -117.83443429448087]","[33.636497848729036, -117.83306908343377]",435.0916345626107,"[[33.63231, -117.8209], [33.64165, -117.84402], [33.63239, -117.82115], [33.64358, -117.84344], [33.63007, -117.84383], [33.63022, -117.84362], [33.63217, -117.82083], [33.64822, -117.82329], [33.65275, -117.82981], [33.64395, -117.84437], [33.63224, -117.82093], [33.64803, -117.8232], [33.65246, -117.82965], [33.64395, -117.84432], [33.63246, -117.82123], [33.64468, -117.82171], [33.65246, -117.82969], [33.64396, -117.84431], [33.62991, -117.84423], [33.56461, -117.8299], [33.63245, -117.82122], [33.6479, -117.82313], [33.6322, -117.82089], [33.64667, -117.82244], [33.6332, -117.8226], [33.64546, -117.82189], [33.6528, -117.82977], [33.64365, -117.84351], [33.65278, -117.82981], [33.64397, -117.84429], [33.6322, -117.82082], [33.64833, -117.82335], [33.67638, -117.86301], [33.64356, -117.84336], [33.65284, -117.82979], [33.64413, -117.84447], [33.6526, -117.83756], [33.6417, -117.84432], [33.63228, -117.82099], [33.64768, -117.82298], [33.65291, -117.8297], [33.644, -117.84443], [33.65275, -117.82982], [33.64407, -117.84449], [33.65285, -117.82969], [33.644, -117.84439], [33.6327, -117.82167], [33.64754, -117.82294], [33.62832, -117.80591], [33.64142, -117.84643], [33.63221, -117.82088], [33.64665, -117.82241], [33.6529, -117.82966], [33.64419, -117.84468], [33.67733, -117.85939], [33.64396, -117.84438], [33.65238, -117.83729], [33.64154, -117.84515], [33.63243, -117.82117], [33.64741, -117.82285], [33.63239, -117.82104], [33.64756, -117.82293], [33.6323, -117.8209], [33.64763, -117.82295], [33.63238, -117.82114], [33.64662, -117.82243], [33.63223, -117.82088], [33.64681, -117.8225], [33.65276, -117.82984], [33.64392, -117.84428], [33.63239, -117.82115], [33.64631, -117.82226], [33.6529, -117.82966], [33.64354, -117.84332], [33.65276, -117.82985], [33.64389, -117.8442], [33.65275, -117.82987], [33.64355, -117.84336], [33.63219, -117.82078], [33.64786, -117.8231], [33.65309, -117.83364], [33.64412, -117.84431], [33.63246, -117.82124], [33.64742, -117.82285], [33.65276, -117.82982], [33.64396, -117.84443], [33.6527, -117.82984], [33.64356, -117.84335], [33.65236, -117.83726], [33.65168, -117.83929], [33.65276, -117.82985], [33.64393, -117.84436], [33.63223, -117.82092], [33.64546, -117.82188], [33.63221, -117.82082], [33.64774, -117.82301], [33.63222, -117.82082], [33.64544, -117.82189], [33.65273, -117.8299], [33.64351, -117.84261], [33.63222, -117.8209], [33.64791, -117.82311], [33.65287, -117.8297], [33.64393, -117.84431], [33.65276, -117.82983], [33.64372, -117.8438], [33.65287, -117.8297], [33.64358, -117.84355], [33.65278, -117.82977], [33.64398, -117.84448], [33.65275, -117.82986], [33.64396, -117.84439], [33.65273, -117.82985], [33.64396, -117.84436], [33.65272, -117.82987], [33.64363, -117.84267], [33.63214, -117.82077], [33.64788, -117.82312], [33.63217, -117.8208], [33.64744, -117.82282], [33.65274, -117.82987], [33.64397, -117.84439]]","[[33.6222861505045, -117.8301992963031], [33.628134363918626, -117.82513836180833], [33.62958748075385, -117.8238465902335]]","[22, 14, 14]","[1598.631775356405, 1184.0400426438098, 1148.7540068875433]",0.11113739013671875,680.7273530960083
4,1000,107,"[33.64025067958688, -117.83443429448087]","[33.6456820946795, -117.83920742949934]",747.6601215311056,"[[33.63285, -117.82198], [33.64769, -117.82299], [33.65275, -117.82986], [33.64739, -117.84995], [33.63219, -117.82078], [33.64836, -117.82336], [33.6527, -117.82984], [33.64745, -117.85012], [33.65276, -117.82984], [33.64738, -117.84996], [33.6323, -117.8209], [33.64763, -117.82295], [33.63223, -117.82088], [33.64681, -117.8225], [33.65287, -117.8297], [33.64737, -117.84994], [33.6327, -117.82167], [33.64754, -117.82294], [33.62832, -117.80591], [33.64741, -117.84998], [33.6322, -117.82086], [33.64836, -117.82337], [33.63224, -117.82093], [33.64803, -117.8232], [33.65291, -117.8297], [33.64734, -117.84987], [33.65276, -117.82983], [33.64742, -117.84997], [33.65284, -117.8297], [33.64732, -117.84981], [33.67638, -117.86301], [33.64737, -117.84994], [33.65275, -117.82982], [33.6474, -117.84994], [33.63239, -117.82115], [33.64631, -117.82226], [33.63214, -117.82077], [33.64788, -117.82312], [33.63273, -117.8217], [33.64668, -117.82243], [33.63245, -117.82122], [33.6479, -117.82313], [33.65273, -117.82986], [33.64737, -117.84992], [33.63221, -117.82089], [33.63221, -117.82095], [33.65259, -117.83], [33.64733, -117.84989], [33.63221, -117.82082], [33.64774, -117.82301], [33.65246, -117.82969], [33.64738, -117.84995], [33.65263, -117.82995], [33.64742, -117.84993], [33.63242, -117.82124], [33.64755, -117.8229], [33.65283, -117.8297], [33.64743, -117.85011], [33.63222, -117.82093], [33.64635, -117.82228], [33.63219, -117.82092], [33.64834, -117.82341], [33.63246, -117.82123], [33.64468, -117.82171], [33.65277, -117.82989], [33.64741, -117.84999], [33.65274, -117.82985], [33.64737, -117.8499], [33.63228, -117.82099], [33.64768, -117.82298], [33.65282, -117.82973], [33.64742, -117.85002], [33.6332, -117.8226], [33.64546, -117.82189], [33.63222, -117.82088], [33.64829, -117.82335], [33.63242, -117.82111], [33.64736, -117.84997], [33.65495, -117.8391], [33.64748, -117.85005], [33.63239, -117.82115], [33.64738, -117.85], [33.6529, -117.82966], [33.64738, -117.85], [33.65277, -117.82985], [33.64745, -117.84999], [33.65276, -117.82985], [33.6474, -117.85001], [33.65287, -117.82967], [33.64739, -117.84997], [33.64985, -117.82514], [33.64986, -117.82502], [33.63217, -117.82083], [33.64822, -117.82329], [33.65272, -117.82987], [33.65257, -117.84651], [33.63231, -117.8209], [33.6474, -117.85004], [33.63222, -117.8209], [33.64791, -117.82311], [33.65282, -117.82969], [33.64738, -117.84994], [33.65273, -117.8299], [33.64742, -117.8501], [33.64987, -117.82501], [33.64762, -117.82293], [33.65284, -117.82969], [33.64739, -117.85002], [33.63222, -117.82082], [33.64544, -117.82189], [33.65275, -117.82981], [33.64739, -117.84999], [33.65283, -117.82973], [33.65259, -117.84652], [33.65488, -117.83908], [33.64773, -117.85092], [33.65488, -117.83908], [33.64738, -117.85], [33.63289, -117.82208], [33.64831, -117.82332], [33.65274, -117.8299], [33.65252, -117.84642], [33.6547, -117.83911], [33.6285, -117.8061], [33.63223, -117.82092], [33.64546, -117.82188], [33.65284, -117.82979], [33.6474, -117.84996], [33.6529, -117.82966], [33.64743, -117.8501], [33.63252, -117.82125], [33.6475, -117.82288], [33.65273, -117.82985], [33.64739, -117.85001], [33.63229, -117.82106], [33.64749, -117.8229], [33.63272, -117.82171], [33.64784, -117.82306], [33.6528, -117.82977], [33.64736, -117.84988], [33.65362, -117.83401], [33.64741, -117.85003], [33.65282, -117.82976], [33.64744, -117.84989], [33.65275, -117.82987], [33.64734, -117.84988], [33.6529, -117.82966], [33.64738, -117.84993], [33.65274, -117.82987], [33.64737, -117.84992], [33.65273, -117.82986], [33.64738, -117.84993], [33.65278, -117.82977], [33.64735, -117.84989], [33.65287, -117.8297], [33.65245, -117.84647], [33.65276, -117.82985], [33.64736, -117.84989], [33.63289, -117.82208], [33.64628, -117.82229], [33.64988, -117.82486], [33.6499, -117.82466], [33.63239, -117.82104], [33.64756, -117.82293], [33.65285, -117.82969], [33.64746, -117.85011], [33.63246, -117.82124], [33.64742, -117.82285], [33.6322, -117.82082], [33.64833, -117.82335], [33.65277, -117.8298], [33.64744, -117.85008], [33.67733, -117.85939], [33.65232, -117.84659], [33.65278, -117.82981], [33.65245, -117.84643], [33.65292, -117.82967], [33.64731, -117.84983], [33.65276, -117.82985], [33.64741, -117.85006], [33.63275, -117.82177], [33.64681, -117.82251], [33.65275, -117.82979], [33.64744, -117.85008], [33.65246, -117.82965], [33.65232, -117.84654], [33.63243, -117.82117], [33.64741, -117.82285], [33.63007, -117.84383], [33.63022, -117.84362], [33.6322, -117.82089], [33.64667, -117.82244], [33.63221, -117.82084], [33.6475, -117.82286], [33.6549, -117.83908], [33.6551, -117.83929], [33.63015, -117.84377], [33.63021, -117.84367], [33.65473, -117.83908], [33.65242, -117.84663], [33.63222, -117.82087], [33.64884, -117.82366], [33.63217, -117.8208], [33.64744, -117.82282], [33.65286, -117.82979], [33.64734, -117.84986], [33.63238, -117.82114], [33.64662, -117.82243], [33.65276, -117.82982], [33.64736, -117.84995], [33.63221, -117.82088], [33.64665, -117.82241], [33.62991, -117.84423], [33.56461, -117.8299]]","[[33.65350708294385, -117.80958537690721], [33.6296843239812, -117.82404049819223], [33.644824048091145, -117.82853098804063]]","[27, 26, 26]","[2881.6233851693587, 2264.6169305065528, 994.9840400321076]",1.9474732875823975,2013.3193345069885
5,1000,93,"[33.64025067958688, -117.83443429448087]","[33.64665128132866, -117.83757042619878]",767.2305117763526,"[[33.63222, -117.82093], [33.64635, -117.82228], [33.63272, -117.82171], [33.64784, -117.82306], [33.65268, -117.82937], [33.64738, -117.84995], [33.65285, -117.8297], [33.64744, -117.84989], [33.65284, -117.82969], [33.64744, -117.85008], [33.65283, -117.82968], [33.64735, -117.84989], [33.67638, -117.86301], [33.64737, -117.84994], [33.65287, -117.82968], [33.64737, -117.84992], [33.65287, -117.82967], [33.64739, -117.84997], [33.6323, -117.8209], [33.64763, -117.82295], [33.65286, -117.8297], [33.65257, -117.84651], [33.65286, -117.82967], [33.64742, -117.84993], [33.63289, -117.82208], [33.64831, -117.82332], [33.65287, -117.82971], [33.64745, -117.84999], [33.63217, -117.8208], [33.64744, -117.82282], [33.63219, -117.82078], [33.64786, -117.8231], [33.65282, -117.82969], [33.64738, -117.84994], [33.65287, -117.82966], [33.64736, -117.84988], [33.6322, -117.82086], [33.64836, -117.82337], [33.65285, -117.82969], [33.64738, -117.84996], [33.65286, -117.82971], [33.64737, -117.84992], [33.65287, -117.82971], [33.64734, -117.84988], [33.65639, -117.83877], [33.65603, -117.83907], [33.63245, -117.82122], [33.6479, -117.82313], [33.65284, -117.82969], [33.64739, -117.85002], [33.63243, -117.82117], [33.64741, -117.82285], [33.63252, -117.82125], [33.6475, -117.82288], [33.6529, -117.82966], [33.64738, -117.84993], [33.63275, -117.82177], [33.64681, -117.82251], [33.65286, -117.82967], [33.64739, -117.85001], [33.63289, -117.82208], [33.64628, -117.82229], [33.63007, -117.84383], [33.63022, -117.84362], [33.65622, -117.83882], [33.6285, -117.8061], [33.63223, -117.82092], [33.64546, -117.82188], [33.65287, -117.82968], [33.64739, -117.84995], [33.65283, -117.82969], [33.64739, -117.84999], [33.63239, -117.82115], [33.64738, -117.85], [33.63221, -117.82089], [33.63221, -117.82095], [33.6562, -117.83881], [33.64773, -117.85092], [33.6529, -117.82965], [33.64736, -117.84995], [33.65606, -117.83883], [33.65242, -117.84663], [33.65293, -117.82971], [33.65252, -117.84642], [33.63223, -117.82088], [33.64681, -117.8225], [33.63224, -117.82093], [33.64803, -117.8232], [33.6529, -117.82968], [33.65259, -117.84652], [33.65292, -117.82967], [33.64742, -117.85002], [33.65291, -117.8297], [33.64734, -117.84987], [33.6529, -117.82975], [33.64658, -117.84839], [33.65283, -117.82971], [33.64742, -117.84997], [33.63221, -117.82088], [33.64665, -117.82241], [33.63214, -117.82077], [33.64788, -117.82312], [33.63222, -117.82088], [33.64829, -117.82335], [33.63246, -117.82124], [33.64742, -117.82285], [33.6543, -117.83184], [33.64741, -117.85003], [33.63242, -117.82111], [33.64736, -117.84997], [33.65286, -117.82967], [33.64736, -117.84989], [33.65283, -117.8297], [33.64737, -117.8499], [33.65285, -117.82971], [33.64653, -117.84852], [33.63246, -117.82123], [33.64468, -117.82171], [33.65285, -117.82969], [33.64746, -117.85011], [33.63285, -117.82198], [33.64769, -117.82299], [33.65288, -117.82968], [33.64657, -117.84837], [33.63015, -117.84377], [33.63021, -117.84367], [33.63222, -117.82087], [33.64884, -117.82366], [33.65259, -117.82938], [33.65232, -117.84654], [33.63228, -117.82099], [33.64768, -117.82298], [33.63219, -117.82078], [33.64836, -117.82336], [33.63239, -117.82115], [33.64631, -117.82226], [33.65289, -117.82966], [33.64745, -117.85012], [33.6529, -117.82966], [33.64738, -117.85], [33.63273, -117.8217], [33.64668, -117.82243], [33.63229, -117.82106], [33.64749, -117.8229], [33.65284, -117.8297], [33.64732, -117.84981], [33.63242, -117.82124], [33.64755, -117.8229], [33.65286, -117.82969], [33.6474, -117.85001], [33.65283, -117.8297], [33.64743, -117.85011], [33.62832, -117.80591], [33.64741, -117.84998], [33.62991, -117.84423], [33.56461, -117.8299], [33.63217, -117.82083], [33.64822, -117.82329], [33.67733, -117.85939], [33.65232, -117.84659], [33.63221, -117.82084], [33.6475, -117.82286], [33.65287, -117.8297], [33.64657, -117.84839], [33.65582, -117.83893], [33.64748, -117.85005], [33.65289, -117.82965], [33.6474, -117.84994], [33.64987, -117.82501], [33.64762, -117.82293], [33.63222, -117.8209], [33.64791, -117.82311], [33.65287, -117.8297], [33.64737, -117.84994], [33.63231, -117.8209], [33.6474, -117.85004], [33.63219, -117.82092], [33.64834, -117.82341], [33.64988, -117.82486], [33.6499, -117.82466], [33.6327, -117.82166], [33.64747, -117.82283], [33.65287, -117.8297], [33.65245, -117.84647], [33.65289, -117.82972], [33.64741, -117.84999]]","[[33.629713364290836, -117.8240763619129], [33.646655548219634, -117.8375554172933], [33.65419606571972, -117.80759108209443]]","[23, 22, 22]","[2257.5924076795754, 1.470546347562106, 2904.1115886692214]",0.35799098014831543,1519.3967232704163
6,1000,54,"[33.64025067958688, -117.83443429448087]","[33.64455843341933, -117.83571397632986]",492.3261374489606,"[[33.65287, -117.8297], [33.65245, -117.84647], [33.6327, -117.82167], [33.64754, -117.82294], [33.63246, -117.82123], [33.64468, -117.82171], [33.65278, -117.82981], [33.65245, -117.84643], [33.63007, -117.84383], [33.63022, -117.84362], [33.63221, -117.82089], [33.63221, -117.82095], [33.65285, -117.82969], [33.64746, -117.85011], [33.6322, -117.82082], [33.64833, -117.82335], [33.63242, -117.82124], [33.64755, -117.8229], [33.65259, -117.83], [33.64733, -117.84989], [33.65285, -117.8297], [33.64744, -117.84989], [33.65283, -117.82968], [33.64735, -117.84989], [33.6529, -117.82975], [33.64658, -117.84839], [33.6529, -117.82965], [33.64736, -117.84995], [33.63222, -117.82087], [33.64884, -117.82366], [33.6323, -117.8209], [33.64763, -117.82295], [33.65287, -117.8297], [33.64737, -117.84994], [33.6327, -117.82166], [33.64747, -117.82283], [33.65488, -117.83908], [33.64738, -117.85], [33.63238, -117.82114], [33.64662, -117.82243], [33.65286, -117.82967], [33.64736, -117.84989], [33.6543, -117.83184], [33.64741, -117.85003], [33.63223, -117.82088], [33.64681, -117.8225], [33.6529, -117.82968], [33.65259, -117.84652], [33.65273, -117.8299], [33.64742, -117.8501], [33.62832, -117.80591], [33.64741, -117.84998], [33.65289, -117.82966], [33.64745, -117.85012], [33.63239, -117.82115], [33.64631, -117.82226], [33.65284, -117.82969], [33.64739, -117.85002], [33.65259, -117.82938], [33.65232, -117.84654], [33.65282, -117.82969], [33.64738, -117.84994], [33.65283, -117.8297], [33.64743, -117.85011], [33.64985, -117.82514], [33.64986, -117.82502], [33.63285, -117.82198], [33.64769, -117.82299], [33.65292, -117.82967], [33.64742, -117.85002], [33.63015, -117.84377], [33.63021, -117.84367], [33.65286, -117.82969], [33.6474, -117.85001], [33.67733, -117.85939], [33.65232, -117.84659], [33.63222, -117.82088], [33.64829, -117.82335], [33.63246, -117.82124], [33.64742, -117.82285], [33.63242, -117.82111], [33.64736, -117.84997], [33.65287, -117.82971], [33.64745, -117.84999], [33.63222, -117.8209], [33.64791, -117.82311], [33.65284, -117.82969], [33.64744, -117.85008], [33.65287, -117.82967], [33.64739, -117.84997], [33.65287, -117.82968], [33.64737, -117.84992], [33.65287, -117.82966], [33.64736, -117.84988], [33.63245, -117.82122], [33.6479, -117.82313], [33.65283, -117.82971], [33.64742, -117.84997], [33.65285, -117.82971], [33.64653, -117.84852], [33.65291, -117.8297], [33.64734, -117.84987], [33.63273, -117.8217], [33.64668, -117.82243], [33.65268, -117.82937], [33.64738, -117.84995], [33.65275, -117.82979], [33.64744, -117.85008]]","[[33.635499159121785, -117.8597858344253], [33.63408185785809, -117.82027347092037], [33.63803720506006, -117.85653346785939]]","[12, 12, 8]","[2448.853989854924, 1844.5197464812663, 2062.444673742928]",0.10983633995056152,356.47785997390747
7,1000,110,"[33.64025067958688, -117.83443429448087]","[33.63222722408493, -117.83520113212249]",892.7675262665392,"[[33.65259, -117.83], [33.64733, -117.84989], [33.63246, -117.82124], [33.64742, -117.82285], [33.63245, -117.82122], [33.6479, -117.82313], [33.63289, -117.82208], [33.64831, -117.82332], [33.63217, -117.82083], [33.64822, -117.82329], [33.63239, -117.82115], [33.64738, -117.85], [33.63219, -117.82078], [33.64836, -117.82336], [33.63222, -117.8209], [33.64791, -117.82311], [33.6322, -117.82089], [33.64667, -117.82244], [33.63243, -117.82117], [33.64741, -117.82285], [33.65286, -117.82969], [33.6474, -117.85001], [33.63275, -117.82177], [33.64681, -117.82251], [33.65285, -117.82971], [33.64653, -117.84852], [33.63223, -117.82092], [33.64546, -117.82188], [33.63272, -117.82171], [33.64784, -117.82306], [33.6543, -117.83184], [33.64741, -117.85003], [33.65289, -117.82972], [33.64741, -117.84999], [33.6529, -117.82975], [33.64658, -117.84839], [33.65582, -117.83893], [33.64748, -117.85005], [33.65287, -117.82971], [33.64734, -117.84988], [33.65292, -117.82967], [33.64742, -117.85002], [33.64987, -117.82501], [33.64762, -117.82293], [33.64988, -117.82486], [33.6499, -117.82466], [33.67733, -117.85939], [33.65232, -117.84659], [33.65639, -117.83877], [33.65603, -117.83907], [33.6529, -117.82968], [33.65259, -117.84652], [33.65273, -117.8299], [33.64742, -117.8501], [33.63242, -117.82111], [33.64736, -117.84997], [33.65283, -117.8297], [33.64737, -117.8499], [33.65286, -117.82979], [33.64734, -117.84986], [33.65285, -117.82969], [33.64738, -117.84996], [33.65283, -117.82971], [33.64742, -117.84997], [33.65289, -117.82965], [33.6474, -117.84994], [33.65622, -117.83882], [33.6285, -117.8061], [33.63273, -117.8217], [33.64668, -117.82243], [33.65284, -117.8297], [33.64732, -117.84981], [33.62915, -117.84562], [33.56461, -117.8299], [33.65284, -117.82969], [33.64739, -117.85002], [33.63222, -117.82082], [33.64544, -117.82189], [33.6327, -117.82166], [33.64747, -117.82283], [33.65289, -117.82966], [33.64745, -117.85012], [33.65293, -117.82971], [33.65252, -117.84642], [33.6529, -117.82966], [33.64738, -117.84993], [33.65276, -117.82985], [33.64741, -117.85006], [33.65606, -117.83883], [33.65242, -117.84663], [33.63285, -117.82198], [33.64769, -117.82299], [33.63246, -117.82123], [33.64468, -117.82171], [33.63214, -117.82077], [33.64788, -117.82312], [33.65287, -117.8297], [33.65245, -117.84647], [33.65283, -117.8297], [33.64743, -117.85011], [33.63239, -117.82104], [33.64756, -117.82293], [33.64985, -117.82514], [33.64986, -117.82502], [33.65286, -117.82967], [33.64736, -117.84989], [33.63252, -117.82125], [33.6475, -117.82288], [33.63223, -117.82088], [33.64681, -117.8225], [33.65488, -117.83908], [33.64738, -117.85], [33.65288, -117.82968], [33.64657, -117.84837], [33.65278, -117.82981], [33.65245, -117.84643], [33.65286, -117.82967], [33.64739, -117.85001], [33.63242, -117.82124], [33.64755, -117.8229], [33.63289, -117.82208], [33.64628, -117.82229], [33.63224, -117.82093], [33.64803, -117.8232], [33.63222, -117.82087], [33.64884, -117.82366], [33.65287, -117.82968], [33.64739, -117.84995], [33.65268, -117.82937], [33.64738, -117.84995], [33.62946, -117.84566], [33.62918, -117.84756], [33.65287, -117.82967], [33.64739, -117.84997], [33.6327, -117.82167], [33.64754, -117.82294], [33.6323, -117.8209], [33.64763, -117.82295], [33.63219, -117.82092], [33.64834, -117.82341], [33.65291, -117.8297], [33.64734, -117.84987], [33.63231, -117.8209], [33.6474, -117.85004], [33.65275, -117.82979], [33.64744, -117.85008], [33.6529, -117.82966], [33.64738, -117.85], [33.65287, -117.82966], [33.64736, -117.84988], [33.63221, -117.82082], [33.64774, -117.82301], [33.63221, -117.82084], [33.6475, -117.82286], [33.63228, -117.82099], [33.64768, -117.82298], [33.65284, -117.82969], [33.64744, -117.85008], [33.6332, -117.8226], [33.64546, -117.82189], [33.65285, -117.8297], [33.64744, -117.84989], [33.63239, -117.82115], [33.64631, -117.82226], [33.65285, -117.82969], [33.64746, -117.85011], [33.65284, -117.82979], [33.6474, -117.84996], [33.63221, -117.82088], [33.64665, -117.82241], [33.6322, -117.82082], [33.64833, -117.82335], [33.63229, -117.82106], [33.64749, -117.8229], [33.62941, -117.84617], [33.62949, -117.84569], [33.6529, -117.82966], [33.64743, -117.8501], [33.65292, -117.82967], [33.64731, -117.84983], [33.65286, -117.82971], [33.64737, -117.84992], [33.63219, -117.82078], [33.64786, -117.8231], [33.6322, -117.82086], [33.64836, -117.82337], [33.65283, -117.82968], [33.64735, -117.84989], [33.67638, -117.86301], [33.64737, -117.84994], [33.65286, -117.8297], [33.65257, -117.84651], [33.63222, -117.82088], [33.64829, -117.82335], [33.63222, -117.82093], [33.64635, -117.82228], [33.63221, -117.82089], [33.63221, -117.82095], [33.65273, -117.82986], [33.64738, -117.84993], [33.65259, -117.82938], [33.65232, -117.84654], [33.65283, -117.82969], [33.64739, -117.84999], [33.63217, -117.8208], [33.64744, -117.82282], [33.6529, -117.82965], [33.64736, -117.84995], [33.63238, -117.82114], [33.64662, -117.82243], [33.65287, -117.8297], [33.64737, -117.84994], [33.6562, -117.83881], [33.64773, -117.85092], [33.65286, -117.82967], [33.64742, -117.84993], [33.65287, -117.8297], [33.64657, -117.84839], [33.62832, -117.80591], [33.64741, -117.84998]]","[[33.65189792878226, -117.8134497847769], [33.654311286401004, -117.80765390722316], [33.629673762511054, -117.82401489481668]]","[39, 36, 29]","[2971.881333690897, 3539.8698225864696, 1075.8345566368687]",0.21883869171142578,1957.8178803920746
8,1000,105,"[33.64025067958688, -117.83443429448087]","[33.63940146599467, -117.82796247725194]",607.7524510795879,"[[33.65268, -117.82937], [33.64738, -117.84995], [33.65287, -117.82968], [33.64737, -117.84992], [33.6529, -117.82965], [33.64736, -117.84995], [33.65276, -117.82985], [33.64741, -117.85006], [33.62946, -117.84566], [33.62918, -117.84756], [33.6529, -117.82966], [33.64738, -117.85], [33.63222, -117.82082], [33.64784, -117.82304], [33.65286, -117.82969], [33.6474, -117.85001], [33.6322, -117.82082], [33.64833, -117.82335], [33.65287, -117.8297], [33.64737, -117.84994], [33.65287, -117.82971], [33.64745, -117.84999], [33.63219, -117.82092], [33.64834, -117.82341], [33.65283, -117.82968], [33.64735, -117.84989], [33.65287, -117.82968], [33.64739, -117.84995], [33.6543, -117.83184], [33.64741, -117.85003], [33.65284, -117.8297], [33.64732, -117.84981], [33.6529, -117.82966], [33.64743, -117.8501], [33.63226, -117.82094], [33.64741, -117.82285], [33.65289, -117.82965], [33.6474, -117.84994], [33.65287, -117.82966], [33.64736, -117.84988], [33.63222, -117.8209], [33.64791, -117.82311], [33.65287, -117.82971], [33.64734, -117.84988], [33.63224, -117.82093], [33.64803, -117.8232], [33.65639, -117.83877], [33.65603, -117.83907], [33.6529, -117.82966], [33.64738, -117.84993], [33.63219, -117.82078], [33.64786, -117.8231], [33.62915, -117.84562], [33.56461, -117.8299], [33.65283, -117.8297], [33.64743, -117.85011], [33.63221, -117.82082], [33.64774, -117.82301], [33.6323, -117.8209], [33.64763, -117.82295], [33.65287, -117.82967], [33.64739, -117.84997], [33.65286, -117.82967], [33.64742, -117.84993], [33.63221, -117.82088], [33.64746, -117.82289], [33.65259, -117.83], [33.64733, -117.84989], [33.65284, -117.82969], [33.64739, -117.85002], [33.63222, -117.82088], [33.64829, -117.82335], [33.63238, -117.82114], [33.64751, -117.8229], [33.6322, -117.82086], [33.64836, -117.82337], [33.62941, -117.84617], [33.62949, -117.84569], [33.65259, -117.82938], [33.65232, -117.84654], [33.63219, -117.82078], [33.64836, -117.82336], [33.63223, -117.82092], [33.64746, -117.82287], [33.63217, -117.82083], [33.64822, -117.82329], [33.65285, -117.8297], [33.64744, -117.84989], [33.65286, -117.8297], [33.65257, -117.84651], [33.63228, -117.82099], [33.64768, -117.82298], [33.65289, -117.82966], [33.64745, -117.85012], [33.63223, -117.82085], [33.64915, -117.82385], [33.65282, -117.82969], [33.64738, -117.84994], [33.63222, -117.82091], [33.64754, -117.82294], [33.63239, -117.82114], [33.64831, -117.82332], [33.63227, -117.82094], [33.64917, -117.82386], [33.63221, -117.82089], [33.63221, -117.82095], [33.65286, -117.82967], [33.64736, -117.84989], [33.6529, -117.82975], [33.64658, -117.84839], [33.64988, -117.82486], [33.6499, -117.82466], [33.63224, -117.82087], [33.64792, -117.82312], [33.6562, -117.83881], [33.64773, -117.85092], [33.65286, -117.82971], [33.64737, -117.84992], [33.65287, -117.8297], [33.65245, -117.84647], [33.63229, -117.82106], [33.64749, -117.8229], [33.65293, -117.82971], [33.65252, -117.84642], [33.63239, -117.82115], [33.64739, -117.82279], [33.63242, -117.82111], [33.64736, -117.84997], [33.65287, -117.8297], [33.64657, -117.84839], [33.65273, -117.82986], [33.64738, -117.84993], [33.65285, -117.82971], [33.64653, -117.84852], [33.6322, -117.82089], [33.64853, -117.82348], [33.65292, -117.82967], [33.64742, -117.85002], [33.63214, -117.82077], [33.64788, -117.82312], [33.65286, -117.82979], [33.64734, -117.84986], [33.63223, -117.82088], [33.64749, -117.82289], [33.63239, -117.82115], [33.64738, -117.85], [33.67733, -117.85939], [33.65232, -117.84659], [33.65283, -117.8297], [33.64737, -117.8499], [33.65288, -117.82968], [33.64657, -117.84837], [33.65488, -117.83908], [33.64738, -117.85], [33.63222, -117.82087], [33.64884, -117.82366], [33.62832, -117.80591], [33.64741, -117.84998], [33.65273, -117.8299], [33.64742, -117.8501], [33.63239, -117.82104], [33.64756, -117.82293], [33.65283, -117.82969], [33.64739, -117.84999], [33.63226, -117.82091], [33.64784, -117.82306], [33.64987, -117.82501], [33.64762, -117.82293], [33.65285, -117.82969], [33.64738, -117.84996], [33.65284, -117.82979], [33.6474, -117.84996], [33.67638, -117.86301], [33.64737, -117.84994], [33.63221, -117.82084], [33.6475, -117.82286], [33.63223, -117.8209], [33.64769, -117.82299], [33.63224, -117.82089], [33.64755, -117.8229], [33.63218, -117.82075], [33.6479, -117.82313], [33.63231, -117.8209], [33.6474, -117.85004], [33.63231, -117.82093], [33.6475, -117.82288], [33.65289, -117.82972], [33.64741, -117.84999], [33.6324, -117.82115], [33.64747, -117.82283], [33.65606, -117.83883], [33.65242, -117.84663], [33.65284, -117.82969], [33.64744, -117.85008], [33.63217, -117.8208], [33.64744, -117.82282], [33.65582, -117.83893], [33.64748, -117.85005], [33.63223, -117.82087], [33.64742, -117.82284], [33.65292, -117.82967], [33.64731, -117.84983], [33.63219, -117.82079], [33.64809, -117.82319], [33.63219, -117.82081], [33.64742, -117.82285], [33.6529, -117.82968], [33.65259, -117.84652], [33.65285, -117.82969], [33.64746, -117.85011]]","[[33.63917880207302, -117.8312306083003], [33.63944454897473, -117.82787684255744], [33.63895572024528, -117.83404503252825]]","[25, 20, 20]","[304.1999666854259, 9.271018149362266, 566.4620137214123]",0.22005748748779297,1507.673894405365
9,1000,86,"[33.64025067958688, -117.83443429448087]","[33.64767168525484, -117.83579287387678]",832.7011822175975,"[[33.65492, -117.82881], [33.64737, -117.84992], [33.63219, -117.82079], [33.64809, -117.82319], [33.64988, -117.82486], [33.6499, -117.82466], [33.65486, -117.82896], [33.65259, -117.84652], [33.63219, -117.82081], [33.64742, -117.82285], [33.65658, -117.83389], [33.64737, -117.84992], [33.63222, -117.82093], [33.64635, -117.82228], [33.65496, -117.82875], [33.64739, -117.85002], [33.65477, -117.82906], [33.64738, -117.84995], [33.65477, -117.82909], [33.64734, -117.84987], [33.62946, -117.84566], [33.62918, -117.84756], [33.65662, -117.83408], [33.64744, -117.85008], [33.63239, -117.82104], [33.64756, -117.82293], [33.63223, -117.82087], [33.64742, -117.82284], [33.65647, -117.83873], [33.64742, -117.85002], [33.65375, -117.82716], [33.64733, -117.84989], [33.65476, -117.82906], [33.64738, -117.84994], [33.63223, -117.8209], [33.64769, -117.82299], [33.65501, -117.82857], [33.64739, -117.84999], [33.65659, -117.83385], [33.64737, -117.84994], [33.63217, -117.8208], [33.64744, -117.82282], [33.65656, -117.83392], [33.64741, -117.85006], [33.63219, -117.82078], [33.64836, -117.82336], [33.65502, -117.82864], [33.64736, -117.84995], [33.65657, -117.8339], [33.64738, -117.85], [33.62941, -117.84617], [33.62949, -117.84569], [33.65658, -117.83388], [33.64653, -117.84852], [33.63224, -117.82089], [33.64755, -117.8229], [33.63223, -117.82085], [33.64915, -117.82385], [33.63239, -117.82115], [33.64738, -117.85], [33.65654, -117.83379], [33.64745, -117.84999], [33.62832, -117.80591], [33.64741, -117.84998], [33.63221, -117.82082], [33.64774, -117.82301], [33.65655, -117.83384], [33.64732, -117.84981], [33.65652, -117.83877], [33.6285, -117.8061], [33.63231, -117.82093], [33.6475, -117.82288], [33.63223, -117.82092], [33.64746, -117.82287], [33.63222, -117.8209], [33.64791, -117.82311], [33.65672, -117.83884], [33.64748, -117.85005], [33.65479, -117.82903], [33.64738, -117.84993], [33.65479, -117.82905], [33.64736, -117.84988], [33.65382, -117.82709], [33.64741, -117.85003], [33.63222, -117.82088], [33.64829, -117.82335], [33.65676, -117.83874], [33.64773, -117.85092], [33.65493, -117.82879], [33.64743, -117.85011], [33.65477, -117.82908], [33.64657, -117.84839], [33.63222, -117.82087], [33.64884, -117.82366], [33.65476, -117.82912], [33.64657, -117.84837], [33.63217, -117.82083], [33.64822, -117.82329], [33.63239, -117.82114], [33.64831, -117.82332], [33.63224, -117.82093], [33.64803, -117.8232], [33.6324, -117.82115], [33.64747, -117.82283], [33.65487, -117.82899], [33.65257, -117.84651], [33.63221, -117.82084], [33.6475, -117.82286], [33.63228, -117.82099], [33.64768, -117.82298], [33.65349, -117.82697], [33.64658, -117.84839], [33.6322, -117.82082], [33.64833, -117.82335], [33.65476, -117.82911], [33.64741, -117.84999], [33.65658, -117.83385], [33.64738, -117.84993], [33.63239, -117.82115], [33.64739, -117.82279], [33.6322, -117.82089], [33.64853, -117.82348], [33.65474, -117.8291], [33.64734, -117.84988], [33.65654, -117.83363], [33.64744, -117.85008], [33.67733, -117.85939], [33.65232, -117.84659], [33.62915, -117.84562], [33.56461, -117.8299], [33.65639, -117.83877], [33.65658, -117.83897], [33.63242, -117.82111], [33.64736, -117.84997], [33.63226, -117.82091], [33.64784, -117.82306], [33.65476, -117.82906], [33.64731, -117.84983], [33.65487, -117.82893], [33.64742, -117.84997], [33.63229, -117.82106], [33.64749, -117.8229], [33.63214, -117.82077], [33.64788, -117.82312], [33.63219, -117.82078], [33.64786, -117.8231], [33.63223, -117.82088], [33.64749, -117.82289], [33.65499, -117.82864], [33.64736, -117.84989], [33.65656, -117.83385], [33.6474, -117.84996], [33.65661, -117.834], [33.65245, -117.84647], [33.67638, -117.86301], [33.64737, -117.84994], [33.65651, -117.83876], [33.64738, -117.85], [33.65489, -117.82884], [33.64737, -117.8499], [33.63222, -117.82091], [33.64754, -117.82294], [33.6322, -117.82086], [33.64836, -117.82337], [33.63227, -117.82094], [33.64917, -117.82386], [33.6566, -117.83397], [33.64735, -117.84989], [33.63222, -117.82082], [33.64784, -117.82304], [33.65502, -117.82861], [33.64742, -117.84993]]","[[33.64770494556244, -117.83587648302219], [33.64940090720988, -117.83489866563826], [33.64404724871419, -117.85164737608707]]","[20, 12, 11]","[8.588615417067262, 208.96732542520465, 1524.7165006260502]",2.709871768951416,972.1047623157501
10,1000,66,"[33.64025067958688, -117.83443429448087]","[33.64625297418846, -117.83965870319045]",823.4821169474008,"[[33.65661, -117.834], [33.65314, -117.84708], [33.64985, -117.82514], [33.64986, -117.82502], [33.65658, -117.83388], [33.64763, -117.85063], [33.63226, -117.82094], [33.64741, -117.82285], [33.63219, -117.82079], [33.64809, -117.82319], [33.65479, -117.82905], [33.64764, -117.85065], [33.6566, -117.83397], [33.6476, -117.85059], [33.65286, -117.82969], [33.64768, -117.8508], [33.65286, -117.82967], [33.64759, -117.85058], [33.65486, -117.82896], [33.65316, -117.84706], [33.65655, -117.83384], [33.64752, -117.85036], [33.65479, -117.82903], [33.6476, -117.85057], [33.65496, -117.82875], [33.64762, -117.85066], [33.65487, -117.82899], [33.65316, -117.84706], [33.63231, -117.8209], [33.64775, -117.85092], [33.65639, -117.83877], [33.65658, -117.83897], [33.65477, -117.82908], [33.64764, -117.85063], [33.63226, -117.82091], [33.64784, -117.82306], [33.65499, -117.82864], [33.64764, -117.85064], [33.65477, -117.82909], [33.64764, -117.85069], [33.63223, -117.82092], [33.64746, -117.82287], [33.63223, -117.82085], [33.64915, -117.82385], [33.65659, -117.83385], [33.64758, -117.85054], [33.63221, -117.82088], [33.64746, -117.82289], [33.63223, -117.8209], [33.64769, -117.82299], [33.65487, -117.82893], [33.64766, -117.85068], [33.65285, -117.82969], [33.64771, -117.85088], [33.65349, -117.82697], [33.64766, -117.85077], [33.65501, -117.82857], [33.64756, -117.8505], [33.67733, -117.85939], [33.653, -117.84733], [33.63219, -117.82078], [33.64836, -117.82336], [33.63231, -117.82093], [33.6475, -117.82288], [33.65278, -117.82981], [33.65316, -117.84708], [33.6529, -117.82966], [33.64761, -117.85066], [33.63219, -117.82078], [33.64786, -117.8231], [33.65502, -117.82864], [33.64751, -117.85039], [33.65676, -117.83874], [33.64773, -117.85092], [33.65474, -117.8291], [33.64768, -117.85079], [33.63217, -117.82083], [33.64822, -117.82329], [33.65492, -117.82881], [33.64773, -117.85089], [33.65382, -117.82709], [33.64763, -117.85068], [33.65259, -117.82938], [33.65315, -117.84709], [33.65287, -117.82967], [33.64765, -117.85072], [33.63222, -117.82087], [33.64884, -117.82366], [33.65654, -117.83363], [33.64759, -117.85055], [33.63229, -117.82106], [33.64749, -117.8229], [33.63227, -117.82094], [33.64917, -117.82386], [33.63218, -117.82075], [33.6479, -117.82313], [33.65656, -117.83385], [33.64767, -117.85072], [33.6323, -117.8209], [33.64763, -117.82295], [33.63222, -117.82091], [33.64754, -117.82294], [33.65476, -117.82906], [33.64765, -117.85072], [33.65654, -117.83379], [33.64768, -117.85068], [33.65651, -117.83876], [33.64767, -117.8508], [33.63219, -117.82081], [33.64742, -117.82285], [33.63224, -117.82089], [33.64755, -117.8229], [33.63224, -117.82087], [33.64792, -117.82312], [33.63222, -117.82088], [33.64829, -117.82335], [33.6322, -117.82082], [33.64833, -117.82335], [33.63222, -117.8209], [33.64791, -117.82311], [33.65606, -117.83883], [33.6529, -117.8472], [33.65375, -117.82716], [33.64758, -117.85059], [33.63239, -117.82104], [33.64756, -117.82293], [33.65502, -117.82861], [33.64765, -117.85061], [33.63223, -117.82087], [33.64742, -117.82284], [33.65285, -117.82969], [33.64757, -117.85045]]","[[33.64093440640677, -117.80989310142004], [33.638784756851074, -117.83665414899359], [33.640676705703406, -117.81272444108933]]","[18, 12, 12]","[2823.630110220241, 873.9829524010376, 2574.074406517562]",0.18044519424438477,535.956506729126
11,1000,39,"[33.64025067958688, -117.83443429448087]","[33.63586075376972, -117.83175455994353]",546.7097131594669,"[[33.65492, -117.82881], [33.64773, -117.85089], [33.6566, -117.83397], [33.6476, -117.85059], [33.63228, -117.82099], [33.64768, -117.82298], [33.63223, -117.82092], [33.64746, -117.82287], [33.65476, -117.82906], [33.64738, -117.84994], [33.65496, -117.82875], [33.64762, -117.85066], [33.65285, -117.82969], [33.64771, -117.85088], [33.65286, -117.82967], [33.64759, -117.85058], [33.65652, -117.83877], [33.6285, -117.8061], [33.65286, -117.82969], [33.64768, -117.8508], [33.65486, -117.82896], [33.65316, -117.84706], [33.65259, -117.82938], [33.65315, -117.84709], [33.63221, -117.82084], [33.6475, -117.82286], [33.65289, -117.82965], [33.6474, -117.84994], [33.63221, -117.82089], [33.63221, -117.82095], [33.65382, -117.82709], [33.64763, -117.85068], [33.65501, -117.82857], [33.64756, -117.8505], [33.6322, -117.82082], [33.64833, -117.82335], [33.65658, -117.83389], [33.64737, -117.84992], [33.63229, -117.82106], [33.64749, -117.8229], [33.63226, -117.82091], [33.64784, -117.82306], [33.65662, -117.83408], [33.64744, -117.85008], [33.65375, -117.82716], [33.64758, -117.85059], [33.63231, -117.8209], [33.64775, -117.85092], [33.63217, -117.8208], [33.64744, -117.82282], [33.65493, -117.82879], [33.64743, -117.85011], [33.65656, -117.83385], [33.64767, -117.85072], [33.65285, -117.8297], [33.64744, -117.84989], [33.63223, -117.82085], [33.64915, -117.82385], [33.65639, -117.83877], [33.65658, -117.83897], [33.63222, -117.8209], [33.64791, -117.82311], [33.65477, -117.82906], [33.64738, -117.84995], [33.65606, -117.83883], [33.6529, -117.8472], [33.65293, -117.82971], [33.65252, -117.84642], [33.64985, -117.82514], [33.64986, -117.82502], [33.63222, -117.82088], [33.64829, -117.82335], [33.63239, -117.82115], [33.64739, -117.82279], [33.63223, -117.8209], [33.64769, -117.82299], [33.65349, -117.82697], [33.64766, -117.85077]]","[[33.65346130198602, -117.80955552358624], [33.64411239090479, -117.85177443307796], [33.636399857640335, -117.81129331112125]]","[7, 6, 5]","[2837.5959298730463, 2070.5590360772335, 1899.271385233539]",0.06249666213989258,259.35338711738586
12,1000,69,"[33.64025067958688, -117.83443429448087]","[33.636999296449176, -117.82940508022607]",589.7049651819184,"[[33.62915, -117.84562], [33.56461, -117.8299], [33.65477, -117.82909], [33.64764, -117.85069], [33.62941, -117.84617], [33.62949, -117.84569], [33.63173, -117.81979], [33.64755, -117.8229], [33.65659, -117.83385], [33.64758, -117.85054], [33.63201, -117.82038], [33.64917, -117.82386], [33.67638, -117.86301], [33.64737, -117.84994], [33.65285, -117.82969], [33.64757, -117.85045], [33.63177, -117.81976], [33.64786, -117.8231], [33.63176, -117.81991], [33.64829, -117.82335], [33.65486, -117.82896], [33.65316, -117.84706], [33.65479, -117.82905], [33.64764, -117.85065], [33.65489, -117.82884], [33.64737, -117.8499], [33.63177, -117.81993], [33.64751, -117.8229], [33.65477, -117.82906], [33.64738, -117.84995], [33.65672, -117.83884], [33.64748, -117.85005], [33.6529, -117.82966], [33.64761, -117.85066], [33.65502, -117.82864], [33.64751, -117.85039], [33.6566, -117.83397], [33.6476, -117.85059], [33.65349, -117.82697], [33.64766, -117.85077], [33.65656, -117.83392], [33.64741, -117.85006], [33.65654, -117.83379], [33.64768, -117.85068], [33.63171, -117.81978], [33.64744, -117.82282], [33.65286, -117.82967], [33.64759, -117.85058], [33.65286, -117.82979], [33.64734, -117.84986], [33.65285, -117.82969], [33.64771, -117.85088], [33.65487, -117.82899], [33.65316, -117.84706], [33.65278, -117.82981], [33.65316, -117.84708], [33.6318, -117.81982], [33.6475, -117.82288], [33.63174, -117.81983], [33.64746, -117.82289], [33.65655, -117.83384], [33.64752, -117.85036], [33.63181, -117.81988], [33.64774, -117.82301], [33.62946, -117.84566], [33.62918, -117.84756], [33.65477, -117.82908], [33.64764, -117.85063], [33.65286, -117.82969], [33.64768, -117.8508], [33.6319, -117.82015], [33.64747, -117.82283], [33.63198, -117.82043], [33.64836, -117.82337], [33.63173, -117.81975], [33.64792, -117.82312], [33.65375, -117.82716], [33.64758, -117.85059], [33.65259, -117.82938], [33.65315, -117.84709], [33.63192, -117.82025], [33.64769, -117.82299], [33.63175, -117.81978], [33.64749, -117.82289], [33.65654, -117.83363], [33.64759, -117.85055], [33.65496, -117.82875], [33.64762, -117.85066], [33.65661, -117.834], [33.65314, -117.84708], [33.65476, -117.82911], [33.64741, -117.84999], [33.63184, -117.82005], [33.64768, -117.82298], [33.64987, -117.82501], [33.64762, -117.82293], [33.63191, -117.82007], [33.64736, -117.84997], [33.63178, -117.81986], [33.64915, -117.82385], [33.65492, -117.82881], [33.64773, -117.85089], [33.63186, -117.82009], [33.64742, -117.82285], [33.65289, -117.82966], [33.64745, -117.85012], [33.65479, -117.82903], [33.6476, -117.85057], [33.63183, -117.81996], [33.64784, -117.82306], [33.65639, -117.83877], [33.65658, -117.83897], [33.63193, -117.82022], [33.6475, -117.82286], [33.65658, -117.83385], [33.64738, -117.84993], [33.65676, -117.83874], [33.64773, -117.85092], [33.63185, -117.82004], [33.64884, -117.82366], [33.64988, -117.82486], [33.6499, -117.82466], [33.65658, -117.83388], [33.64763, -117.85063], [33.63178, -117.81994], [33.64822, -117.82329], [33.67733, -117.85939], [33.653, -117.84733], [33.62832, -117.80591], [33.64741, -117.84998], [33.65656, -117.83385], [33.64767, -117.85072], [33.65647, -117.83873], [33.64742, -117.85002], [33.65293, -117.82971], [33.65252, -117.84642], [33.65658, -117.83389], [33.64737, -117.84992]]","[[33.65196045618097, -117.81348125236559], [33.64557219091018, -117.82893781186051], [33.65349651720488, -117.80957947407528]]","[21, 15, 14]","[2221.686689274648, 951.8581123336187, 2594.3611203942273]",0.14113497734069824,863.3874650001526
13,1000,98,"[33.64025067958688, -117.83443429448087]","[33.64364858852317, -117.83950457400164]",602.7361259036645,"[[33.65487, -117.82899], [33.65316, -117.84706], [33.65286, -117.82979], [33.64734, -117.84986], [33.65654, -117.83363], [33.64759, -117.85055], [33.6318, -117.81982], [33.6475, -117.82288], [33.63201, -117.82038], [33.64917, -117.82386], [33.63175, -117.81978], [33.64749, -117.82289], [33.65655, -117.83384], [33.64752, -117.85036], [33.65501, -117.82857], [33.64756, -117.8505], [33.62915, -117.84562], [33.56461, -117.8299], [33.63214, -117.82077], [33.64788, -117.82312], [33.63223, -117.82092], [33.64746, -117.82287], [33.63239, -117.82104], [33.64756, -117.82293], [33.65477, -117.82908], [33.64764, -117.85063], [33.65289, -117.82966], [33.64745, -117.85012], [33.65273, -117.8299], [33.64742, -117.8501], [33.63223, -117.82087], [33.64742, -117.82284], [33.63177, -117.81976], [33.64786, -117.8231], [33.6319, -117.82015], [33.64747, -117.82283], [33.65606, -117.83883], [33.6529, -117.8472], [33.65479, -117.82903], [33.6476, -117.85057], [33.62946, -117.84566], [33.62918, -117.84756], [33.63226, -117.82094], [33.64741, -117.82285], [33.63177, -117.81993], [33.64751, -117.8229], [33.65287, -117.82967], [33.64765, -117.85072], [33.65656, -117.83392], [33.64741, -117.85006], [33.65476, -117.82906], [33.64765, -117.85072], [33.65652, -117.83877], [33.6285, -117.8061], [33.65486, -117.82896], [33.65316, -117.84706], [33.63222, -117.8209], [33.64791, -117.82311], [33.65479, -117.82905], [33.64764, -117.85065], [33.63193, -117.82022], [33.6475, -117.82286], [33.65502, -117.82864], [33.64751, -117.85039], [33.63181, -117.81988], [33.64774, -117.82301], [33.63184, -117.82005], [33.64768, -117.82298], [33.63183, -117.81996], [33.64784, -117.82306], [33.63222, -117.82091], [33.64754, -117.82294], [33.65285, -117.82969], [33.64771, -117.85088], [33.63178, -117.81994], [33.64822, -117.82329], [33.65658, -117.83385], [33.64738, -117.84993], [33.65289, -117.82965], [33.6474, -117.84994], [33.63229, -117.82106], [33.64749, -117.8229], [33.64985, -117.82514], [33.64986, -117.82502], [33.65676, -117.83874], [33.64773, -117.85092], [33.63219, -117.82078], [33.64836, -117.82336], [33.62941, -117.84617], [33.62949, -117.84569], [33.6322, -117.82089], [33.64853, -117.82348], [33.63239, -117.82114], [33.64831, -117.82332], [33.63186, -117.82009], [33.64742, -117.82285], [33.67638, -117.86301], [33.64737, -117.84994], [33.65287, -117.82968], [33.64739, -117.84995], [33.67733, -117.85939], [33.653, -117.84733], [33.65278, -117.82981], [33.65316, -117.84708], [33.65662, -117.83408], [33.64744, -117.85008], [33.65476, -117.82911], [33.64741, -117.84999], [33.65286, -117.82969], [33.64768, -117.8508], [33.62832, -117.80591], [33.64741, -117.84998], [33.65656, -117.83385], [33.64767, -117.85072], [33.65658, -117.83389], [33.64737, -117.84992], [33.65499, -117.82864], [33.64764, -117.85064], [33.63173, -117.81979], [33.64755, -117.8229], [33.6566, -117.83397], [33.6476, -117.85059], [33.63231, -117.8209], [33.64775, -117.85092], [33.63239, -117.82115], [33.64739, -117.82279], [33.65657, -117.8339], [33.64738, -117.85], [33.65654, -117.83379], [33.64768, -117.85068], [33.63221, -117.82089], [33.63221, -117.82095], [33.65286, -117.82967], [33.64759, -117.85058], [33.63191, -117.82007], [33.64736, -117.84997], [33.64988, -117.82486], [33.6499, -117.82466], [33.65496, -117.82875], [33.64762, -117.85066], [33.63178, -117.81986], [33.64915, -117.82385], [33.65658, -117.83388], [33.64763, -117.85063], [33.64987, -117.82501], [33.64762, -117.82293], [33.65489, -117.82884], [33.64737, -117.8499], [33.65382, -117.82709], [33.64763, -117.85068], [33.63198, -117.82043], [33.64836, -117.82337], [33.65493, -117.82879], [33.64743, -117.85011], [33.65477, -117.82909], [33.64764, -117.85069], [33.63192, -117.82025], [33.64769, -117.82299], [33.65375, -117.82716], [33.64758, -117.85059], [33.65259, -117.82938], [33.65315, -117.84709], [33.65661, -117.834], [33.65314, -117.84708], [33.65477, -117.82906], [33.64738, -117.84995], [33.63185, -117.82004], [33.64884, -117.82366], [33.65639, -117.83877], [33.65658, -117.83897], [33.6322, -117.82082], [33.64833, -117.82335], [33.6323, -117.8209], [33.64763, -117.82295], [33.63176, -117.81991], [33.64829, -117.82335], [33.65492, -117.82881], [33.64773, -117.85089], [33.65647, -117.83873], [33.64742, -117.85002], [33.65285, -117.8297], [33.64744, -117.84989], [33.63173, -117.81975], [33.64792, -117.82312], [33.63222, -117.82093], [33.64635, -117.82228], [33.65659, -117.83385], [33.64758, -117.85054], [33.63171, -117.81978], [33.64744, -117.82282], [33.65651, -117.83876], [33.64767, -117.8508], [33.65476, -117.82906], [33.64738, -117.84994], [33.65285, -117.82969], [33.64757, -117.85045]]","[[33.65352512936268, -117.80959722768446], [33.65098322793028, -117.81531224966025], [33.652550938501314, -117.81142861382088]]","[50, 43, 31]","[2982.7571394811616, 2387.100737334599, 2785.3337432736926]",0.35210323333740234,1616.7593550682068
14,1000,80,"[33.64025067958688, -117.83443429448087]","[33.63907626533684, -117.8307033180639]",369.8334193723641,"[[33.65286, -117.82979], [33.64734, -117.84986], [33.65656, -117.83392], [33.64741, -117.85006], [33.65349, -117.82697], [33.64766, -117.85077], [33.63173, -117.81975], [33.64792, -117.82312], [33.63174, -117.81983], [33.64746, -117.82289], [33.65479, -117.82903], [33.6476, -117.85057], [33.65606, -117.83883], [33.6529, -117.8472], [33.63184, -117.82005], [33.64768, -117.82298], [33.63223, -117.82092], [33.64746, -117.82287], [33.65289, -117.82966], [33.64745, -117.85012], [33.65286, -117.82969], [33.64768, -117.8508], [33.63186, -117.82009], [33.64742, -117.82285], [33.65289, -117.82965], [33.6474, -117.84994], [33.63222, -117.8209], [33.64791, -117.82311], [33.65259, -117.82938], [33.65315, -117.84709], [33.65287, -117.82967], [33.64765, -117.85072], [33.65639, -117.83877], [33.65658, -117.83897], [33.63219, -117.82079], [33.64809, -117.82319], [33.63176, -117.81991], [33.64829, -117.82335], [33.65287, -117.82968], [33.64739, -117.84995], [33.65654, -117.83363], [33.64759, -117.85055], [33.63191, -117.82007], [33.64736, -117.84997], [33.65479, -117.82905], [33.64764, -117.85065], [33.63223, -117.82087], [33.64742, -117.82284], [33.65285, -117.82969], [33.64771, -117.85088], [33.63214, -117.82077], [33.64788, -117.82312], [33.6318, -117.81982], [33.6475, -117.82288], [33.65285, -117.8297], [33.64744, -117.84989], [33.63177, -117.81976], [33.64786, -117.8231], [33.65382, -117.82709], [33.64763, -117.85068], [33.63178, -117.81994], [33.64822, -117.82329], [33.65489, -117.82884], [33.64737, -117.8499], [33.65656, -117.83385], [33.64767, -117.85072], [33.65476, -117.82906], [33.64765, -117.85072], [33.65493, -117.82879], [33.64743, -117.85011], [33.65501, -117.82857], [33.64756, -117.8505], [33.63226, -117.82094], [33.64741, -117.82285], [33.6322, -117.82089], [33.64853, -117.82348], [33.6319, -117.82015], [33.64747, -117.82283], [33.63239, -117.82114], [33.64831, -117.82332], [33.65477, -117.82906], [33.64738, -117.84995], [33.65651, -117.83876], [33.64767, -117.8508], [33.65657, -117.8339], [33.64738, -117.85], [33.65486, -117.82896], [33.65316, -117.84706], [33.65487, -117.82893], [33.64766, -117.85068], [33.65676, -117.83874], [33.64773, -117.85092], [33.65474, -117.8291], [33.64768, -117.85079], [33.65658, -117.83385], [33.64738, -117.84993], [33.65502, -117.82864], [33.64751, -117.85039], [33.65658, -117.83389], [33.64737, -117.84992], [33.63193, -117.82022], [33.6475, -117.82286], [33.65273, -117.8299], [33.64742, -117.8501], [33.67733, -117.85939], [33.653, -117.84733], [33.64987, -117.82501], [33.64762, -117.82293], [33.65496, -117.82875], [33.64762, -117.85066], [33.63224, -117.82093], [33.64803, -117.8232], [33.65477, -117.82909], [33.64764, -117.85069], [33.63185, -117.82004], [33.64884, -117.82366], [33.63201, -117.82038], [33.64917, -117.82386], [33.63198, -117.82043], [33.64836, -117.82337], [33.6323, -117.8209], [33.64763, -117.82295], [33.65487, -117.82899], [33.65316, -117.84706], [33.65661, -117.834], [33.65314, -117.84708], [33.65286, -117.82967], [33.64759, -117.85058], [33.65654, -117.83379], [33.64768, -117.85068], [33.65499, -117.82864], [33.64764, -117.85064], [33.65492, -117.82881], [33.64773, -117.85089], [33.63192, -117.82025], [33.64769, -117.82299], [33.63239, -117.82115], [33.64738, -117.85], [33.65476, -117.82911], [33.64741, -117.84999], [33.63222, -117.82082], [33.64784, -117.82304], [33.65662, -117.83408], [33.64744, -117.85008], [33.6322, -117.82082], [33.64833, -117.82335], [33.65659, -117.83385], [33.64758, -117.85054], [33.63229, -117.82106], [33.64749, -117.8229], [33.65647, -117.83873], [33.64742, -117.85002], [33.62946, -117.84566], [33.62918, -117.84756], [33.6529, -117.82966], [33.64761, -117.85066], [33.65293, -117.82971], [33.65252, -117.84642], [33.63222, -117.82093], [33.64635, -117.82228]]","[[33.63925944483555, -117.85468305557096], [33.63762607719821, -117.85564307508643], [33.64256406213714, -117.8529618799405]]","[20, 15, 11]","[2224.7787853242844, 2319.3565046576873, 2100.8910273336774]",0.1281733512878418,1008.3039650917053
15,1000,99,"[33.64025067958688, -117.83443429448087]","[33.63515362683494, -117.83420075762378]",565.7590085049272,"[[33.65606, -117.83883], [33.6529, -117.8472], [33.65502, -117.82861], [33.64765, -117.85061], [33.65278, -117.82981], [33.65316, -117.84708], [33.65287, -117.82968], [33.64739, -117.84995], [33.65502, -117.82864], [33.64751, -117.85039], [33.65496, -117.82875], [33.64762, -117.85066], [33.63214, -117.82077], [33.64788, -117.82312], [33.63173, -117.81975], [33.64792, -117.82312], [33.65656, -117.83392], [33.64741, -117.85006], [33.63185, -117.82004], [33.64884, -117.82366], [33.65289, -117.82966], [33.64745, -117.85012], [33.63171, -117.81978], [33.64744, -117.82282], [33.65658, -117.83385], [33.64738, -117.84993], [33.6323, -117.8209], [33.64763, -117.82295], [33.65676, -117.83874], [33.64773, -117.85092], [33.65477, -117.82909], [33.64764, -117.85069], [33.6318, -117.81982], [33.6475, -117.82288], [33.65639, -117.83877], [33.65658, -117.83897], [33.63223, -117.82092], [33.64746, -117.82287], [33.63239, -117.82104], [33.64756, -117.82293], [33.63221, -117.82089], [33.63221, -117.82095], [33.67733, -117.85939], [33.653, -117.84733], [33.63222, -117.82091], [33.64754, -117.82294], [33.63229, -117.82106], [33.64749, -117.8229], [33.63183, -117.81996], [33.64784, -117.82306], [33.65655, -117.83384], [33.64752, -117.85036], [33.65662, -117.83408], [33.64744, -117.85008], [33.65382, -117.82709], [33.64763, -117.85068], [33.63176, -117.81991], [33.64829, -117.82335], [33.65287, -117.82967], [33.64765, -117.85072], [33.62941, -117.84617], [33.62949, -117.84569], [33.63222, -117.82093], [33.64635, -117.82228], [33.63231, -117.8209], [33.64775, -117.85092], [33.65285, -117.8297], [33.64744, -117.84989], [33.65658, -117.83389], [33.64737, -117.84992], [33.65479, -117.82905], [33.64764, -117.85065], [33.65479, -117.82903], [33.6476, -117.85057], [33.65476, -117.82912], [33.64657, -117.84837], [33.67638, -117.86301], [33.64737, -117.84994], [33.65657, -117.8339], [33.64738, -117.85], [33.65647, -117.83873], [33.64742, -117.85002], [33.65492, -117.82881], [33.64773, -117.85089], [33.65349, -117.82697], [33.64766, -117.85077], [33.63219, -117.82078], [33.64836, -117.82336], [33.63222, -117.82082], [33.64784, -117.82304], [33.63222, -117.8209], [33.64791, -117.82311], [33.63218, -117.82075], [33.6479, -117.82313], [33.63239, -117.82115], [33.64738, -117.85], [33.63219, -117.82092], [33.64834, -117.82341], [33.65286, -117.82979], [33.64734, -117.84986], [33.63198, -117.82043], [33.64836, -117.82337], [33.65285, -117.82969], [33.64771, -117.85088], [33.63239, -117.82114], [33.64831, -117.82332], [33.65476, -117.82906], [33.64738, -117.84994], [33.63174, -117.81983], [33.64746, -117.82289], [33.65286, -117.82967], [33.64759, -117.85058], [33.63173, -117.81979], [33.64755, -117.8229], [33.65476, -117.82911], [33.64741, -117.84999], [33.65661, -117.834], [33.65314, -117.84708], [33.65672, -117.83884], [33.64748, -117.85005], [33.65651, -117.83876], [33.64767, -117.8508], [33.65286, -117.82969], [33.64768, -117.8508], [33.63181, -117.81988], [33.64774, -117.82301], [33.65659, -117.83385], [33.64758, -117.85054], [33.6566, -117.83397], [33.6476, -117.85059], [33.65273, -117.8299], [33.64742, -117.8501], [33.65289, -117.82965], [33.6474, -117.84994], [33.63178, -117.81986], [33.64915, -117.82385], [33.63186, -117.82009], [33.64742, -117.82285], [33.63184, -117.82005], [33.64768, -117.82298], [33.65477, -117.82908], [33.64764, -117.85063], [33.65486, -117.82896], [33.65316, -117.84706], [33.62946, -117.84566], [33.62918, -117.84756], [33.62832, -117.80591], [33.64741, -117.84998], [33.64985, -117.82514], [33.64986, -117.82502], [33.65652, -117.83877], [33.6285, -117.8061], [33.63192, -117.82025], [33.64769, -117.82299], [33.65285, -117.82969], [33.64757, -117.85045], [33.65489, -117.82884], [33.64737, -117.8499], [33.6322, -117.82089], [33.64853, -117.82348], [33.63239, -117.82115], [33.64739, -117.82279], [33.65656, -117.83385], [33.64767, -117.85072], [33.65487, -117.82893], [33.64766, -117.85068], [33.65487, -117.82899], [33.65316, -117.84706], [33.65654, -117.83379], [33.64768, -117.85068], [33.63177, -117.81976], [33.64786, -117.8231], [33.65654, -117.83363], [33.64759, -117.85055], [33.63193, -117.82022], [33.6475, -117.82286], [33.65501, -117.82857], [33.64756, -117.8505], [33.63224, -117.82093], [33.64803, -117.8232], [33.65259, -117.82938], [33.65315, -117.84709], [33.63177, -117.81993], [33.64751, -117.8229], [33.6529, -117.82966], [33.64761, -117.85066], [33.63191, -117.82007], [33.64736, -117.84997], [33.65499, -117.82864], [33.64764, -117.85064], [33.63201, -117.82038], [33.64917, -117.82386], [33.64987, -117.82501], [33.64762, -117.82293], [33.65293, -117.82971], [33.65252, -117.84642], [33.64988, -117.82486], [33.6499, -117.82466]]","[[33.63921705821199, -117.85459715340716], [33.63763290401618, -117.85563284280138], [33.640835433199314, -117.85361969845901]]","[35, 29, 19]","[1945.2225512682755, 2007.3202585465583, 1908.6325366875917]",0.21447968482971191,1579.4346997737885
0,1200,74,"[33.64025067958688, -117.83443429448087]","[33.64259415212475, -117.84030758568976]",603.695550283228,"[[33.65477, -117.82909], [33.64829, -117.8517], [33.67733, -117.85939], [33.653, -117.84733], [33.63177, -117.81976], [33.64786, -117.8231], [33.64988, -117.82486], [33.6499, -117.82466], [33.65672, -117.83884], [33.64818, -117.85146], [33.67638, -117.86301], [33.64818, -117.85156], [33.63201, -117.82038], [33.64917, -117.82386], [33.65493, -117.82879], [33.64814, -117.85153], [33.65639, -117.83877], [33.65658, -117.83897], [33.63239, -117.82104], [33.64756, -117.82293], [33.62941, -117.84617], [33.62949, -117.84569], [33.63221, -117.82089], [33.63221, -117.82095], [33.63175, -117.81978], [33.64749, -117.82289], [33.63226, -117.82094], [33.64741, -117.82285], [33.6566, -117.83397], [33.64818, -117.85156], [33.65487, -117.82893], [33.64813, -117.85151], [33.65289, -117.82965], [33.64816, -117.85151], [33.65278, -117.82981], [33.65316, -117.84708], [33.6318, -117.81982], [33.6475, -117.82288], [33.65286, -117.82979], [33.64848, -117.85191], [33.63222, -117.82091], [33.64754, -117.82294], [33.63223, -117.82092], [33.64746, -117.82287], [33.63219, -117.82092], [33.64834, -117.82341], [33.63174, -117.81983], [33.64746, -117.82289], [33.65289, -117.82966], [33.64846, -117.85188], [33.63181, -117.81988], [33.64774, -117.82301], [33.63177, -117.81993], [33.64751, -117.8229], [33.65656, -117.83385], [33.64845, -117.85184], [33.65656, -117.83392], [33.64817, -117.85157], [33.65477, -117.82908], [33.64847, -117.85185], [33.62915, -117.84562], [33.56461, -117.8299], [33.63173, -117.81979], [33.64755, -117.8229], [33.65662, -117.83408], [33.64819, -117.85157], [33.65654, -117.83379], [33.64824, -117.8516], [33.63223, -117.82087], [33.64742, -117.82284], [33.64987, -117.82501], [33.64762, -117.82293], [33.63186, -117.82009], [33.64742, -117.82285], [33.63171, -117.81978], [33.64744, -117.82282], [33.63192, -117.82025], [33.64769, -117.82299], [33.65479, -117.82905], [33.64843, -117.8518], [33.65287, -117.82968], [33.64844, -117.85182], [33.63231, -117.8209], [33.64839, -117.85177], [33.65286, -117.82969], [33.64841, -117.85181], [33.6529, -117.82966], [33.64818, -117.85157], [33.65489, -117.82884], [33.64809, -117.85145], [33.65476, -117.82912], [33.64839, -117.85177], [33.65287, -117.82967], [33.64845, -117.85185], [33.65477, -117.82906], [33.64816, -117.85157], [33.65661, -117.834], [33.65314, -117.84708], [33.65273, -117.8299], [33.64818, -117.85158], [33.65651, -117.83876], [33.64847, -117.85191], [33.65474, -117.8291], [33.64837, -117.85177], [33.63229, -117.82106], [33.64749, -117.8229], [33.63239, -117.82115], [33.6482, -117.8516], [33.6319, -117.82015], [33.64747, -117.82283], [33.63198, -117.82043], [33.64836, -117.82337], [33.65492, -117.82881], [33.64812, -117.85144], [33.63219, -117.82079], [33.64809, -117.82319], [33.65479, -117.82903], [33.64822, -117.8516], [33.65285, -117.82969], [33.6484, -117.8518], [33.63214, -117.82077], [33.64788, -117.82312], [33.63219, -117.82078], [33.64836, -117.82336], [33.63178, -117.81994], [33.64822, -117.82329], [33.63178, -117.81986], [33.64915, -117.82385], [33.63224, -117.82093], [33.64803, -117.8232], [33.63173, -117.81975], [33.64792, -117.82312], [33.65499, -117.82864], [33.64814, -117.85153], [33.65658, -117.83388], [33.64847, -117.85189], [33.62832, -117.80591], [33.64819, -117.85156], [33.6322, -117.82089], [33.64853, -117.82348], [33.65476, -117.82911], [33.64837, -117.85175], [33.63193, -117.82022], [33.6475, -117.82286], [33.65659, -117.83385], [33.64847, -117.85189], [33.65285, -117.8297], [33.64818, -117.85155]]","[[33.6470990195571, -117.85329043042195], [33.645928037580234, -117.85494867810077], [33.64466202589431, -117.85648388067519]]","[35, 29, 19]","[1303.91995897476, 1407.663817832448, 1518.0818911571457]",0.2558908462524414,1023.245157957077
1,1200,38,"[33.64025067958688, -117.83443429448087]","[33.64688431477625, -117.8390053994077]",849.2290842255447,"[[33.65489, -117.82884], [33.64858, -117.85209], [33.63177, -117.81976], [33.64786, -117.8231], [33.65522, -117.83075], [33.65741, -117.84247], [33.65518, -117.83062], [33.64844, -117.85183], [33.63239, -117.82104], [33.64756, -117.82293], [33.65524, -117.83063], [33.64846, -117.85186], [33.63229, -117.82106], [33.64749, -117.8229], [33.6323, -117.8209], [33.64763, -117.82295], [33.64988, -117.82486], [33.6499, -117.82466], [33.63178, -117.81994], [33.64822, -117.82329], [33.63222, -117.82091], [33.64754, -117.82294], [33.63222, -117.82082], [33.64784, -117.82304], [33.65523, -117.83067], [33.64845, -117.85185], [33.65325, -117.82853], [33.64843, -117.85184], [33.63175, -117.81978], [33.64749, -117.82289], [33.63223, -117.82092], [33.64746, -117.82287], [33.65522, -117.83074], [33.64853, -117.85199], [33.65476, -117.82911], [33.64851, -117.85192], [33.65502, -117.82861], [33.64853, -117.85195], [33.64985, -117.82514], [33.64986, -117.82502], [33.65476, -117.82912], [33.64856, -117.85203], [33.65499, -117.82864], [33.6485, -117.8519], [33.63224, -117.82093], [33.64803, -117.8232], [33.63219, -117.82079], [33.64809, -117.82319], [33.63198, -117.82043], [33.64836, -117.82337], [33.62832, -117.80591], [33.64864, -117.85219], [33.65521, -117.83065], [33.64858, -117.85206], [33.65477, -117.82908], [33.64847, -117.85185], [33.63177, -117.81993], [33.64751, -117.8229], [33.65477, -117.82909], [33.64841, -117.85183], [33.65487, -117.82893], [33.64854, -117.85195], [33.63219, -117.82078], [33.64836, -117.82336], [33.65783, -117.83865], [33.65784, -117.8389], [33.65496, -117.82875], [33.64843, -117.85185], [33.65486, -117.82896], [33.6577, -117.84211], [33.6322, -117.82082], [33.64833, -117.82335], [33.63239, -117.82115], [33.64842, -117.85182], [33.65491, -117.83032], [33.64859, -117.85202]]","[[33.646897719844965, -117.83901214093851], [33.63352459848853, -117.81931774224714], [33.64543276807345, -117.82887365065504]]","[18, 8, 7]","[1.6130047429805778, 2351.9667905632978, 953.5723575358063]",0.6661338806152344,212.12809681892395
2,1200,55,"[33.64025067958688, -117.83443429448087]","[33.63699281518803, -117.83984922273041]",618.8247265896925,"[[33.65479, -117.82905], [33.64843, -117.8518], [33.63185, -117.82004], [33.64884, -117.82366], [33.6529, -117.82966], [33.64818, -117.85157], [33.65658, -117.83385], [33.64738, -117.84993], [33.63214, -117.82077], [33.64788, -117.82312], [33.64985, -117.82514], [33.64986, -117.82502], [33.65325, -117.82853], [33.64843, -117.85184], [33.65285, -117.82969], [33.64757, -117.85045], [33.65273, -117.8299], [33.64818, -117.85158], [33.63239, -117.82104], [33.64756, -117.82293], [33.65659, -117.83385], [33.64847, -117.85189], [33.65783, -117.83865], [33.65784, -117.8389], [33.63186, -117.82009], [33.64742, -117.82285], [33.63239, -117.82115], [33.64842, -117.85182], [33.63221, -117.82089], [33.63221, -117.82095], [33.63181, -117.81988], [33.64774, -117.82301], [33.62886, -117.84886], [33.62873, -117.84938], [33.63173, -117.81975], [33.64792, -117.82312], [33.63222, -117.82093], [33.64635, -117.82228], [33.63222, -117.8209], [33.64791, -117.82311], [33.65476, -117.82911], [33.64851, -117.85192], [33.65524, -117.83063], [33.64846, -117.85186], [33.62863, -117.84835], [33.56461, -117.8299], [33.63183, -117.81996], [33.64784, -117.82306], [33.65487, -117.82899], [33.65316, -117.84706], [33.65474, -117.8291], [33.64837, -117.85177], [33.6319, -117.82015], [33.64747, -117.82283], [33.63198, -117.82043], [33.64836, -117.82337], [33.6318, -117.81982], [33.6475, -117.82288], [33.65523, -117.83067], [33.64845, -117.85185], [33.65289, -117.82966], [33.64846, -117.85188], [33.63174, -117.81983], [33.64746, -117.82289], [33.63219, -117.82092], [33.64834, -117.82341], [33.65502, -117.82861], [33.64853, -117.85195], [33.63193, -117.82022], [33.6475, -117.82286], [33.65606, -117.83883], [33.6529, -117.8472], [33.65477, -117.82908], [33.64847, -117.85185], [33.63223, -117.82087], [33.64742, -117.82284], [33.63175, -117.81978], [33.64749, -117.82289], [33.63218, -117.82075], [33.6479, -117.82313], [33.65285, -117.8297], [33.64818, -117.85155], [33.65287, -117.82968], [33.64844, -117.85182], [33.62832, -117.80591], [33.64864, -117.85219], [33.65656, -117.83392], [33.64817, -117.85157], [33.65477, -117.82909], [33.64841, -117.85183], [33.6323, -117.8209], [33.64763, -117.82295], [33.6322, -117.82089], [33.64853, -117.82348], [33.63177, -117.81993], [33.64751, -117.8229], [33.65656, -117.83385], [33.64845, -117.85184], [33.65501, -117.82857], [33.64756, -117.8505], [33.65285, -117.82969], [33.6484, -117.8518], [33.63171, -117.81978], [33.64744, -117.82282], [33.63177, -117.81976], [33.64786, -117.8231], [33.63231, -117.8209], [33.64839, -117.85177], [33.63178, -117.81994], [33.64822, -117.82329]]","[[33.645461517556285, -117.82888621767448], [33.654317936596044, -117.80765822023164], [33.647100012625366, -117.85331154633363]]","[13, 13, 12]","[1384.4520311264464, 3551.1076799231587, 1678.2486542286517]",0.09459400177001953,591.2128219604492
3,1200,37,"[33.64025067958688, -117.83443429448087]","[33.6457631451158, -117.8378660999142]",689.3418993225429,"[[33.63192, -117.82025], [33.64769, -117.82299], [33.63219, -117.82079], [33.64809, -117.82319], [33.65489, -117.82884], [33.64858, -117.85209], [33.65719, -117.83867], [33.64765, -117.85067], [33.63177, -117.81976], [33.64786, -117.8231], [33.65375, -117.82716], [33.64772, -117.85092], [33.65518, -117.83129], [33.64818, -117.85158], [33.65476, -117.82906], [33.64762, -117.85064], [33.65593, -117.83339], [33.64778, -117.85097], [33.63183, -117.81996], [33.64784, -117.82306], [33.65695, -117.83881], [33.64847, -117.85191], [33.65656, -117.83392], [33.64817, -117.85157], [33.63224, -117.82093], [33.64803, -117.8232], [33.65676, -117.83874], [33.64773, -117.85092], [33.63222, -117.82093], [33.64635, -117.82228], [33.65608, -117.83339], [33.64844, -117.85182], [33.65493, -117.82879], [33.64814, -117.85153], [33.63226, -117.82094], [33.64741, -117.82285], [33.63221, -117.82089], [33.63221, -117.82095], [33.63229, -117.82106], [33.64749, -117.8229], [33.63181, -117.81988], [33.64774, -117.82301], [33.65523, -117.83067], [33.64845, -117.85185], [33.65502, -117.82861], [33.64853, -117.85195], [33.63178, -117.81986], [33.64915, -117.82385], [33.65658, -117.83385], [33.64761, -117.85062], [33.65518, -117.83062], [33.64844, -117.85183], [33.63218, -117.82075], [33.6479, -117.82313], [33.63185, -117.82004], [33.64884, -117.82366], [33.62863, -117.84835], [33.56461, -117.8299], [33.65499, -117.82864], [33.6485, -117.8519], [33.63219, -117.82092], [33.64834, -117.82341], [33.65733, -117.83871], [33.6285, -117.8061], [33.64985, -117.82514], [33.64986, -117.82502], [33.65661, -117.834], [33.65471, -117.84539], [33.63222, -117.8209], [33.64791, -117.82311], [33.67733, -117.85939], [33.65462, -117.84545], [33.63173, -117.81979], [33.64755, -117.8229]]","[[33.645422977136626, -117.8288569939126], [33.650807039042036, -117.84858568031001], [33.64655280921002, -117.85255313879709]]","[11, 10, 9]","[836.5961418644889, 1140.961179850205, 1365.2713861990524]",0.2944045066833496,263.8509922027588
4,1200,65,"[33.64025067958688, -117.83443429448087]","[33.64616825196622, -117.84002535330478]",836.5564568196648,"[[33.65608, -117.83339], [33.64869, -117.85304], [33.63221, -117.82089], [33.63221, -117.82095], [33.65748, -117.83881], [33.64882, -117.85278], [33.63181, -117.81988], [33.64774, -117.82301], [33.65489, -117.82884], [33.64873, -117.85264], [33.63214, -117.82077], [33.64788, -117.82312], [33.65289, -117.82965], [33.64881, -117.85273], [33.65661, -117.834], [33.65738, -117.84247], [33.6322, -117.82082], [33.64833, -117.82335], [33.65286, -117.82967], [33.64874, -117.85271], [33.63223, -117.82087], [33.64742, -117.82284], [33.63171, -117.81978], [33.64744, -117.82282], [33.65477, -117.82908], [33.64883, -117.85269], [33.64985, -117.82514], [33.64986, -117.82502], [33.65658, -117.83385], [33.64873, -117.85269], [33.65502, -117.82861], [33.64872, -117.85274], [33.63226, -117.82094], [33.64741, -117.82285], [33.65289, -117.82966], [33.64871, -117.85269], [33.65719, -117.83867], [33.64873, -117.85265], [33.63191, -117.82007], [33.64873, -117.85274], [33.65479, -117.82905], [33.64895, -117.85276], [33.65477, -117.82909], [33.64873, -117.85276], [33.65476, -117.82906], [33.64869, -117.85275], [33.65476, -117.82906], [33.64875, -117.85264], [33.63219, -117.82079], [33.64809, -117.82319], [33.64987, -117.82501], [33.64762, -117.82293], [33.65285, -117.8297], [33.64874, -117.85266], [33.62832, -117.80591], [33.64873, -117.85263], [33.63222, -117.82091], [33.64754, -117.82294], [33.65259, -117.82938], [33.65766, -117.84216], [33.65325, -117.82853], [33.64871, -117.85263], [33.65492, -117.82881], [33.64871, -117.85271], [33.65695, -117.83881], [33.64872, -117.85269], [33.65375, -117.82716], [33.64872, -117.85268], [33.65593, -117.83339], [33.64874, -117.85267], [33.63173, -117.81979], [33.64755, -117.8229], [33.65487, -117.82899], [33.65689, -117.84297], [33.65502, -117.82864], [33.64872, -117.85274], [33.65499, -117.82864], [33.64872, -117.85275], [33.65767, -117.83867], [33.65692, -117.84296], [33.63186, -117.82009], [33.64742, -117.82285], [33.63222, -117.82093], [33.64635, -117.82228], [33.63184, -117.82005], [33.64768, -117.82298], [33.65487, -117.82893], [33.64877, -117.85262], [33.65733, -117.83871], [33.6285, -117.8061], [33.63173, -117.81975], [33.64792, -117.82312], [33.63239, -117.82104], [33.64756, -117.82293], [33.63224, -117.82093], [33.64803, -117.8232], [33.63239, -117.82115], [33.64739, -117.82279], [33.65522, -117.83074], [33.6487, -117.85261], [33.65659, -117.83385], [33.64871, -117.85264], [33.63185, -117.82004], [33.64884, -117.82366], [33.63193, -117.82022], [33.6475, -117.82286], [33.65518, -117.83062], [33.6487, -117.85311], [33.6322, -117.82089], [33.64853, -117.82348], [33.62863, -117.84835], [33.56461, -117.8299], [33.67638, -117.86301], [33.64874, -117.85265], [33.63222, -117.8209], [33.64791, -117.82311], [33.63222, -117.82082], [33.64784, -117.82304], [33.65496, -117.82875], [33.64871, -117.8528], [33.65479, -117.82903], [33.64873, -117.8527], [33.64988, -117.82486], [33.6499, -117.82466], [33.63176, -117.81991], [33.64829, -117.82335], [33.63177, -117.81993], [33.64751, -117.8229], [33.65523, -117.83067], [33.64873, -117.8527]]","[[33.627199572125335, -117.82335690066513], [33.6208198842473, -117.8274068532615], [33.62400357519195, -117.82537940201047]]","[11, 10, 8]","[2611.1251452591555, 3045.546958363397, 2808.9483132000414]",0.27399635314941406,577.9287338256836
5,1200,41,"[33.64025067958688, -117.83443429448087]","[33.64811733749751, -117.83715697233033]",908.3601875808713,"[[33.63173, -117.81975], [33.64792, -117.82312], [33.65829, -117.8416], [33.65843, -117.84135], [33.65458, -117.82658], [33.64763, -117.85068], [33.63219, -117.82078], [33.64836, -117.82336], [33.63174, -117.81983], [33.64746, -117.82289], [33.65457, -117.82656], [33.65704, -117.82968], [33.65662, -117.82913], [33.64756, -117.8505], [33.65661, -117.8291], [33.64818, -117.85158], [33.6566, -117.8291], [33.64818, -117.85157], [33.65664, -117.82912], [33.64816, -117.85157], [33.6319, -117.82015], [33.64747, -117.82283], [33.65, -117.82431], [33.64762, -117.82293], [33.6322, -117.82089], [33.64853, -117.82348], [33.62886, -117.84886], [33.62873, -117.84938], [33.6323, -117.8209], [33.64763, -117.82295], [33.65699, -117.82972], [33.65699, -117.82972], [33.65658, -117.82907], [33.64859, -117.85202], [33.65663, -117.8291], [33.64874, -117.85267], [33.65454, -117.82668], [33.64871, -117.85263], [33.6318, -117.81982], [33.6475, -117.82288], [33.63219, -117.82079], [33.64809, -117.82319], [33.65668, -117.82915], [33.64851, -117.85192], [33.65667, -117.82916], [33.64869, -117.85304], [33.63239, -117.82115], [33.64842, -117.85182], [33.65828, -117.84162], [33.64872, -117.85269], [33.65661, -117.82909], [33.6487, -117.85261], [33.63186, -117.82009], [33.64742, -117.82285], [33.65668, -117.82914], [33.64818, -117.85156], [33.62863, -117.84835], [33.56461, -117.8299], [33.63239, -117.82114], [33.64831, -117.82332], [33.63173, -117.81979], [33.64755, -117.8229], [33.65669, -117.82917], [33.6487, -117.85311], [33.65666, -117.82912], [33.64848, -117.85191], [33.63201, -117.82038], [33.64917, -117.82386], [33.65661, -117.82912], [33.64877, -117.85262], [33.65668, -117.82917], [33.64875, -117.85264], [33.6566, -117.82904], [33.64846, -117.85186], [33.65663, -117.8291], [33.64837, -117.85177], [33.65661, -117.82909], [33.64883, -117.85269], [33.65666, -117.82918], [33.6484, -117.8518], [33.65667, -117.82916], [33.64871, -117.8528]]","[[33.648075308153615, -117.83705312161386], [33.64813069742245, -117.83713823017973], [33.6553614683378, -117.83064570598209]]","[25, 20, 16]","[10.702248168623134, 2.284411842846193, 1005.1846565098297]",0.8404524326324463,395.755334854126
6,1200,100,"[33.64025067958688, -117.83443429448087]","[33.63420368305354, -117.83743920071937]",726.3390353012367,"[[33.65699, -117.82972], [33.65699, -117.82972], [33.65349, -117.82697], [33.64766, -117.85077], [33.67733, -117.85939], [33.65462, -117.84545], [33.65668, -117.82914], [33.64818, -117.85156], [33.63219, -117.82079], [33.64809, -117.82319], [33.65522, -117.83075], [33.65741, -117.84247], [33.6323, -117.8209], [33.64763, -117.82295], [33.65521, -117.83065], [33.64858, -117.85206], [33.65656, -117.83385], [33.64845, -117.85184], [33.63222, -117.82082], [33.64784, -117.82304], [33.65666, -117.82912], [33.64848, -117.85191], [33.65454, -117.82668], [33.64871, -117.85263], [33.65486, -117.82896], [33.6577, -117.84211], [33.63239, -117.82104], [33.64756, -117.82293], [33.65289, -117.82965], [33.64881, -117.85273], [33.63239, -117.82115], [33.64842, -117.85182], [33.63222, -117.8209], [33.64791, -117.82311], [33.67638, -117.86301], [33.64874, -117.85265], [33.63221, -117.82089], [33.63221, -117.82095], [33.63222, -117.82093], [33.64635, -117.82228], [33.65489, -117.82884], [33.64873, -117.85264], [33.65666, -117.82918], [33.6484, -117.8518], [33.63175, -117.81978], [33.64749, -117.82289], [33.65661, -117.8291], [33.64818, -117.85158], [33.65667, -117.82916], [33.64871, -117.8528], [33.64988, -117.82486], [33.6499, -117.82466], [33.65663, -117.8291], [33.64874, -117.85267], [33.62832, -117.80591], [33.64873, -117.85263], [33.65661, -117.82909], [33.64883, -117.85269], [33.63231, -117.8209], [33.64839, -117.85177], [33.65719, -117.83867], [33.64873, -117.85265], [33.65661, -117.834], [33.65738, -117.84247], [33.63223, -117.82092], [33.64746, -117.82287], [33.63239, -117.82115], [33.64739, -117.82279], [33.63178, -117.81994], [33.64822, -117.82329], [33.65661, -117.82909], [33.6487, -117.85261], [33.65662, -117.83408], [33.64819, -117.85157], [33.65664, -117.82912], [33.64816, -117.85157], [33.63185, -117.82004], [33.64884, -117.82366], [33.65492, -117.82881], [33.64871, -117.85271], [33.63174, -117.81983], [33.64746, -117.82289], [33.63181, -117.81988], [33.64774, -117.82301], [33.63223, -117.82087], [33.64742, -117.82284], [33.65, -117.82431], [33.64762, -117.82293], [33.65479, -117.82905], [33.64895, -117.85276], [33.63171, -117.81978], [33.64744, -117.82282], [33.63218, -117.82075], [33.6479, -117.82313], [33.63191, -117.82007], [33.64873, -117.85274], [33.6318, -117.81982], [33.6475, -117.82288], [33.65669, -117.82917], [33.6487, -117.85311], [33.65828, -117.84162], [33.64872, -117.85269], [33.65658, -117.83385], [33.64873, -117.85269], [33.65493, -117.82879], [33.64814, -117.85153], [33.65375, -117.82716], [33.64872, -117.85268], [33.65457, -117.82656], [33.65704, -117.82968], [33.65499, -117.82864], [33.64872, -117.85275], [33.64985, -117.82514], [33.64986, -117.82502], [33.63183, -117.81996], [33.64784, -117.82306], [33.63201, -117.82038], [33.64917, -117.82386], [33.63214, -117.82077], [33.64788, -117.82312], [33.63176, -117.81991], [33.64829, -117.82335], [33.63184, -117.82005], [33.64768, -117.82298], [33.65668, -117.82917], [33.64875, -117.85264], [33.63173, -117.81979], [33.64755, -117.8229], [33.6566, -117.8291], [33.64818, -117.85157], [33.63198, -117.82043], [33.64836, -117.82337], [33.63219, -117.82092], [33.64834, -117.82341], [33.63222, -117.82091], [33.64754, -117.82294], [33.65663, -117.8291], [33.64837, -117.85177], [33.65502, -117.82864], [33.64872, -117.85274], [33.65829, -117.8416], [33.65843, -117.84135], [33.65748, -117.83881], [33.64882, -117.85278], [33.6319, -117.82015], [33.64747, -117.82283], [33.65667, -117.82916], [33.64869, -117.85304], [33.65733, -117.83871], [33.6285, -117.8061], [33.62886, -117.84886], [33.62873, -117.84938], [33.63177, -117.81993], [33.64751, -117.8229], [33.63186, -117.82009], [33.64742, -117.82285], [33.63177, -117.81976], [33.64786, -117.8231], [33.65658, -117.83388], [33.64847, -117.85189], [33.62883, -117.84913], [33.62895, -117.84877], [33.65659, -117.83385], [33.64871, -117.85264], [33.65658, -117.82907], [33.64859, -117.85202], [33.63226, -117.82094], [33.64741, -117.82285], [33.62859, -117.84863], [33.56461, -117.8299], [33.63178, -117.81986], [33.64915, -117.82385], [33.6322, -117.82082], [33.64833, -117.82335], [33.6566, -117.82904], [33.64846, -117.85186], [33.65476, -117.82906], [33.64869, -117.85275], [33.6322, -117.82089], [33.64853, -117.82348], [33.65502, -117.82861], [33.64872, -117.85274], [33.65458, -117.82658], [33.64763, -117.85068], [33.63192, -117.82025], [33.64769, -117.82299], [33.65476, -117.82912], [33.64856, -117.85203], [33.65286, -117.82967], [33.64874, -117.85271], [33.65285, -117.8297], [33.64874, -117.85266], [33.65479, -117.82903], [33.64873, -117.8527], [33.65477, -117.82909], [33.64873, -117.85276], [33.65783, -117.83865], [33.65784, -117.8389], [33.63229, -117.82106], [33.64749, -117.8229]]","[[33.65076050218802, -117.84853920379764], [33.645448034289025, -117.82888939986319], [33.649306650994966, -117.84988664320335]]","[17, 11, 10]","[2105.4217886818915, 1478.0395560986476, 2034.6078448052335]",0.2059001922607422,1698.5721697807312
7,1200,78,"[33.64025067958688, -117.83443429448087]","[33.634914864943056, -117.83273836075996]",612.3844008360776,"[[33.65486, -117.82896], [33.6577, -117.84211], [33.63173, -117.81975], [33.64792, -117.82312], [33.62883, -117.84913], [33.62895, -117.84877], [33.65476, -117.82912], [33.64856, -117.85203], [33.65454, -117.82668], [33.64871, -117.85263], [33.65661, -117.82912], [33.64877, -117.85262], [33.63185, -117.82004], [33.64884, -117.82366], [33.63173, -117.81978], [33.64749, -117.8229], [33.65661, -117.82909], [33.64883, -117.85269], [33.65521, -117.83065], [33.64858, -117.85206], [33.65285, -117.8297], [33.64874, -117.85266], [33.65502, -117.82861], [33.64872, -117.85274], [33.63177, -117.81976], [33.64786, -117.8231], [33.65458, -117.82658], [33.64763, -117.85068], [33.63186, -117.82003], [33.64836, -117.82336], [33.6566, -117.8291], [33.64818, -117.85157], [33.65667, -117.82916], [33.64871, -117.8528], [33.65733, -117.83871], [33.6285, -117.8061], [33.65658, -117.82907], [33.64859, -117.85202], [33.65663, -117.8291], [33.64837, -117.85177], [33.65479, -117.82905], [33.64895, -117.85276], [33.64985, -117.82514], [33.64986, -117.82502], [33.65278, -117.82981], [33.65316, -117.84708], [33.63193, -117.82022], [33.6475, -117.82286], [33.67638, -117.86301], [33.64874, -117.85265], [33.63183, -117.82003], [33.64833, -117.82335], [33.63177, -117.81982], [33.64741, -117.82285], [33.65457, -117.82656], [33.65704, -117.82968], [33.62886, -117.84886], [33.62873, -117.84938], [33.63177, -117.81989], [33.64842, -117.85182], [33.65748, -117.83881], [33.64882, -117.85278], [33.65662, -117.82913], [33.64756, -117.8505], [33.65492, -117.82881], [33.64871, -117.85271], [33.65658, -117.83388], [33.64847, -117.85189], [33.65664, -117.82912], [33.64816, -117.85157], [33.6318, -117.81995], [33.64809, -117.82319], [33.65479, -117.82903], [33.64873, -117.8527], [33.62859, -117.84863], [33.56461, -117.8299], [33.63175, -117.81973], [33.64784, -117.82304], [33.65, -117.82431], [33.64762, -117.82293], [33.63183, -117.81996], [33.64784, -117.82306], [33.65668, -117.82917], [33.64875, -117.85264], [33.6318, -117.81982], [33.6475, -117.82288], [33.63186, -117.82011], [33.64746, -117.82287], [33.63192, -117.82025], [33.64769, -117.82299], [33.65661, -117.82909], [33.6487, -117.85261], [33.65829, -117.8416], [33.65843, -117.84135], [33.67733, -117.85939], [33.65462, -117.84545], [33.65656, -117.83392], [33.64817, -117.85157], [33.6319, -117.82015], [33.64747, -117.82283], [33.63178, -117.81994], [33.64822, -117.82329], [33.65502, -117.82864], [33.64872, -117.85274], [33.65349, -117.82697], [33.64766, -117.85077], [33.63186, -117.82009], [33.64742, -117.82285], [33.65523, -117.83067], [33.64873, -117.8527], [33.65289, -117.82966], [33.64871, -117.85269], [33.65783, -117.83865], [33.65784, -117.8389], [33.65477, -117.82909], [33.64873, -117.85276], [33.63192, -117.8202], [33.64754, -117.82294], [33.65522, -117.83075], [33.65741, -117.84247], [33.65493, -117.82879], [33.64814, -117.85153], [33.63176, -117.81991], [33.64829, -117.82335], [33.65669, -117.82917], [33.6487, -117.85311], [33.65375, -117.82716], [33.64872, -117.85268], [33.65661, -117.8291], [33.64818, -117.85158], [33.6317, -117.81974], [33.63175, -117.82], [33.65659, -117.83385], [33.64871, -117.85264], [33.65668, -117.82915], [33.64851, -117.85192], [33.63173, -117.81979], [33.64755, -117.8229], [33.63175, -117.81988], [33.64853, -117.82348], [33.65676, -117.83874], [33.64773, -117.85092], [33.63179, -117.8199], [33.64917, -117.82386], [33.63179, -117.81985], [33.64742, -117.82284], [33.63176, -117.81983], [33.64791, -117.82311], [33.63191, -117.82007], [33.64873, -117.85274], [33.65667, -117.82916], [33.64869, -117.85304], [33.63174, -117.81983], [33.64746, -117.82289], [33.65699, -117.82972], [33.65699, -117.82972]]","[[33.661991248005386, -117.82043794527837], [33.66332526297392, -117.8189596267289], [33.664633112633716, -117.8174486947391]]","[24, 22, 22]","[3212.6617005608614, 3400.5220938995467, 3588.4154037161034]",0.3766307830810547,905.6681535243988
8,1200,60,"[33.64025067958688, -117.83443429448087]","[33.63718807237432, -117.83950327730952]",580.1245275098953,"[[33.65658, -117.82907], [33.64859, -117.85202], [33.63173, -117.81975], [33.64792, -117.82312], [33.63183, -117.82003], [33.64833, -117.82335], [33.63176, -117.81991], [33.64829, -117.82335], [33.63186, -117.82011], [33.64746, -117.82287], [33.67733, -117.85939], [33.65462, -117.84545], [33.65661, -117.82909], [33.64883, -117.85269], [33.65658, -117.83388], [33.64847, -117.85189], [33.63218, -117.82075], [33.6479, -117.82313], [33.62883, -117.84913], [33.62895, -117.84877], [33.6566, -117.8291], [33.64818, -117.85157], [33.65829, -117.8416], [33.65843, -117.84135], [33.6318, -117.81995], [33.64809, -117.82319], [33.65828, -117.84162], [33.64872, -117.85269], [33.65479, -117.82903], [33.64873, -117.8527], [33.63239, -117.82104], [33.64756, -117.82293], [33.65499, -117.82864], [33.64872, -117.85275], [33.6566, -117.82904], [33.64846, -117.85186], [33.65454, -117.82668], [33.64871, -117.85263], [33.65477, -117.82909], [33.64873, -117.85276], [33.63185, -117.82004], [33.64884, -117.82366], [33.65479, -117.82905], [33.64895, -117.85276], [33.65666, -117.82918], [33.6484, -117.8518], [33.65661, -117.834], [33.65738, -117.84247], [33.65658, -117.83385], [33.64873, -117.85269], [33.65521, -117.83065], [33.64858, -117.85206], [33.63171, -117.81978], [33.64744, -117.82282], [33.63192, -117.82025], [33.64769, -117.82299], [33.63214, -117.82077], [33.64788, -117.82312], [33.65748, -117.83881], [33.64882, -117.85278], [33.65699, -117.82972], [33.65699, -117.82972], [33.63191, -117.82007], [33.64873, -117.85274], [33.63184, -117.82005], [33.64768, -117.82298], [33.63222, -117.82093], [33.64635, -117.82228], [33.63177, -117.81993], [33.64751, -117.8229], [33.65662, -117.83408], [33.64819, -117.85157], [33.65523, -117.83067], [33.64873, -117.8527], [33.65, -117.82431], [33.64762, -117.82293], [33.63178, -117.81986], [33.64915, -117.82385], [33.6317, -117.81974], [33.63175, -117.82], [33.65458, -117.82658], [33.64763, -117.85068], [33.65349, -117.82697], [33.64766, -117.85077], [33.62886, -117.84886], [33.62873, -117.84938], [33.65661, -117.82909], [33.6487, -117.85261], [33.65662, -117.82913], [33.64756, -117.8505], [33.65667, -117.82916], [33.64869, -117.85304], [33.63198, -117.82043], [33.64836, -117.82337], [33.65668, -117.82917], [33.64875, -117.85264], [33.63177, -117.81989], [33.64842, -117.85182], [33.65669, -117.82917], [33.6487, -117.85311], [33.65667, -117.82916], [33.64871, -117.8528], [33.65676, -117.83874], [33.64773, -117.85092], [33.6319, -117.82015], [33.64747, -117.82283], [33.63239, -117.82114], [33.64831, -117.82332], [33.63177, -117.81982], [33.64741, -117.82285], [33.65486, -117.82896], [33.6577, -117.84211], [33.62832, -117.80591], [33.64873, -117.85263], [33.63177, -117.81976], [33.64786, -117.8231], [33.63175, -117.81978], [33.64749, -117.82289], [33.6323, -117.8209], [33.64763, -117.82295]]","[[33.65078087348657, -117.84856033272888], [33.64242559252611, -117.83671266511988], [33.645293898469916, -117.82880092054704]]","[14, 14, 13]","[1725.973770027081, 636.0020822544325, 1339.4451257905316]",0.09376096725463867,776.2822978496552
9,1200,78,"[33.64025067958688, -117.83443429448087]","[33.64029936896116, -117.84014370793994]",529.703457844482,"[[33.63173, -117.81979], [33.64755, -117.8229], [33.63214, -117.82077], [33.64788, -117.82312], [33.65661, -117.82912], [33.64877, -117.85262], [33.6318, -117.81995], [33.64809, -117.82319], [33.67733, -117.85939], [33.65462, -117.84545], [33.65658, -117.82907], [33.64859, -117.85202], [33.65458, -117.82658], [33.64763, -117.85068], [33.63179, -117.81985], [33.64742, -117.82284], [33.63186, -117.82003], [33.64836, -117.82336], [33.63181, -117.81988], [33.64774, -117.82301], [33.63186, -117.82009], [33.64742, -117.82285], [33.65663, -117.8291], [33.64874, -117.85267], [33.63191, -117.82007], [33.64873, -117.85274], [33.65656, -117.83392], [33.64817, -117.85157], [33.63239, -117.82114], [33.64831, -117.82332], [33.67638, -117.86301], [33.64874, -117.85265], [33.63222, -117.82093], [33.64635, -117.82228], [33.65479, -117.82903], [33.64873, -117.8527], [33.65457, -117.82656], [33.65704, -117.82968], [33.65668, -117.82917], [33.64875, -117.85264], [33.65656, -117.83385], [33.64845, -117.85184], [33.62886, -117.84886], [33.62873, -117.84938], [33.65676, -117.83874], [33.64773, -117.85092], [33.65659, -117.83385], [33.64871, -117.85264], [33.65733, -117.83871], [33.6285, -117.8061], [33.65666, -117.82918], [33.6484, -117.8518], [33.63178, -117.81986], [33.64915, -117.82385], [33.65289, -117.82966], [33.64871, -117.85269], [33.65499, -117.82864], [33.64872, -117.85275], [33.64985, -117.82514], [33.64986, -117.82502], [33.63192, -117.8202], [33.64754, -117.82294], [33.64988, -117.82486], [33.6499, -117.82466], [33.65479, -117.82905], [33.64895, -117.85276], [33.65719, -117.83867], [33.64873, -117.85265], [33.63176, -117.81983], [33.64791, -117.82311], [33.65658, -117.83388], [33.64847, -117.85189], [33.65667, -117.82916], [33.64871, -117.8528], [33.65668, -117.82914], [33.64818, -117.85156], [33.65828, -117.84162], [33.64872, -117.85269], [33.65666, -117.82912], [33.64848, -117.85191], [33.63239, -117.82115], [33.64739, -117.82279], [33.6323, -117.8209], [33.64763, -117.82295], [33.62832, -117.80591], [33.64873, -117.85263], [33.63219, -117.82092], [33.64834, -117.82341], [33.65492, -117.82881], [33.64871, -117.85271], [33.65829, -117.8416], [33.65843, -117.84135], [33.65375, -117.82716], [33.64872, -117.85268], [33.63192, -117.82025], [33.64769, -117.82299], [33.65658, -117.83385], [33.64873, -117.85269], [33.63231, -117.8209], [33.64839, -117.85177], [33.65, -117.82431], [33.64762, -117.82293], [33.65486, -117.82896], [33.6577, -117.84211], [33.63175, -117.81988], [33.64853, -117.82348], [33.65289, -117.82965], [33.64881, -117.85273], [33.63174, -117.81983], [33.64746, -117.82289], [33.62883, -117.84913], [33.62895, -117.84877], [33.65286, -117.82967], [33.64874, -117.85271], [33.63178, -117.81994], [33.64822, -117.82329], [33.62859, -117.84863], [33.56461, -117.8299], [33.65661, -117.82909], [33.6487, -117.85261], [33.6317, -117.81974], [33.63175, -117.82], [33.63224, -117.82093], [33.64803, -117.8232], [33.65669, -117.82917], [33.6487, -117.85311], [33.6318, -117.81982], [33.6475, -117.82288], [33.65661, -117.82909], [33.64883, -117.85269], [33.63177, -117.81976], [33.64786, -117.8231], [33.65661, -117.834], [33.65738, -117.84247], [33.65699, -117.82972], [33.65699, -117.82972], [33.65476, -117.82912], [33.64856, -117.85203], [33.63179, -117.8199], [33.64917, -117.82386], [33.63173, -117.81978], [33.64749, -117.8229], [33.63218, -117.82075], [33.6479, -117.82313], [33.65663, -117.8291], [33.64837, -117.85177], [33.65477, -117.82909], [33.64873, -117.85276], [33.6319, -117.82015], [33.64747, -117.82283], [33.65489, -117.82884], [33.64873, -117.85264], [33.63185, -117.82004], [33.64884, -117.82366], [33.63198, -117.82043], [33.64836, -117.82337]]","[[33.66066738117954, -117.82195277693266], [33.6619840621978, -117.82042550633267], [33.66329313908803, -117.81890698791165]]","[16, 16, 16]","[2819.767828320854, 3021.6573836377497, 3222.5791106258166]",0.12501120567321777,1037.6813426017761
10,1200,102,"[33.64025067958688, -117.83443429448087]","[33.63491323577676, -117.83340165224483]",599.7089415408371,"[[33.6317, -117.81974], [33.63175, -117.82], [33.63178, -117.81986], [33.64915, -117.82385], [33.63191, -117.82007], [33.64873, -117.85274], [33.6566, -117.8291], [33.64818, -117.85157], [33.65666, -117.82918], [33.6484, -117.8518], [33.65492, -117.82881], [33.64871, -117.85271], [33.65289, -117.82966], [33.64871, -117.85269], [33.65748, -117.83881], [33.64882, -117.85278], [33.65289, -117.82965], [33.64881, -117.85273], [33.65661, -117.82912], [33.64877, -117.85262], [33.63177, -117.81993], [33.64751, -117.8229], [33.65662, -117.82913], [33.64756, -117.8505], [33.65664, -117.82912], [33.64816, -117.85157], [33.65349, -117.82697], [33.64766, -117.85077], [33.64988, -117.82486], [33.6499, -117.82466], [33.63218, -117.82075], [33.6479, -117.82313], [33.65661, -117.82909], [33.6487, -117.85261], [33.63176, -117.81998], [33.64635, -117.82228], [33.65658, -117.83388], [33.64847, -117.85189], [33.65661, -117.834], [33.65738, -117.84247], [33.63214, -117.82077], [33.64788, -117.82312], [33.65479, -117.82905], [33.64895, -117.85276], [33.65699, -117.82972], [33.65699, -117.82972], [33.65658, -117.82907], [33.64859, -117.85202], [33.65285, -117.8297], [33.64874, -117.85266], [33.63186, -117.82003], [33.64836, -117.82336], [33.65457, -117.82656], [33.65704, -117.82968], [33.6319, -117.82015], [33.64747, -117.82283], [33.65659, -117.83385], [33.64871, -117.85264], [33.65278, -117.82981], [33.65316, -117.84708], [33.65522, -117.83075], [33.65741, -117.84247], [33.63176, -117.81991], [33.64829, -117.82335], [33.65667, -117.82916], [33.64871, -117.8528], [33.6322, -117.82082], [33.64739, -117.82279], [33.65375, -117.82716], [33.64872, -117.85268], [33.65489, -117.82884], [33.64873, -117.85264], [33.63192, -117.8202], [33.64754, -117.82294], [33.65476, -117.82906], [33.64869, -117.85275], [33.63183, -117.82003], [33.64833, -117.82335], [33.65661, -117.8291], [33.64818, -117.85158], [33.63171, -117.81978], [33.64744, -117.82282], [33.65663, -117.8291], [33.64837, -117.85177], [33.63186, -117.82011], [33.64746, -117.82287], [33.62883, -117.84913], [33.62895, -117.84877], [33.65286, -117.82967], [33.64874, -117.85271], [33.65656, -117.83385], [33.64845, -117.85184], [33.65668, -117.82914], [33.64818, -117.85156], [33.65666, -117.82912], [33.64848, -117.85191], [33.63177, -117.81976], [33.64786, -117.8231], [33.63195, -117.82046], [33.64834, -117.82341], [33.63178, -117.81994], [33.64822, -117.82329], [33.65676, -117.83874], [33.64773, -117.85092], [33.65733, -117.83871], [33.6285, -117.8061], [33.63173, -117.81979], [33.64755, -117.8229], [33.63185, -117.82004], [33.64884, -117.82366], [33.65662, -117.83408], [33.64819, -117.85157], [33.62859, -117.84863], [33.56461, -117.8299], [33.67638, -117.86301], [33.64874, -117.85265], [33.65658, -117.83385], [33.64873, -117.85269], [33.65502, -117.82864], [33.64872, -117.85274], [33.63175, -117.81988], [33.64853, -117.82348], [33.63179, -117.81985], [33.64742, -117.82284], [33.65476, -117.82912], [33.64856, -117.85203], [33.63183, -117.81996], [33.64784, -117.82306], [33.62886, -117.84886], [33.62873, -117.84938], [33.65829, -117.8416], [33.65843, -117.84135], [33.65502, -117.82861], [33.64872, -117.85274], [33.63219, -117.82081], [33.64831, -117.82332], [33.65661, -117.82909], [33.64883, -117.85269], [33.63175, -117.81978], [33.64749, -117.82289], [33.65477, -117.82909], [33.64873, -117.85276], [33.65, -117.82431], [33.64762, -117.82293], [33.65719, -117.83867], [33.64873, -117.85265], [33.63175, -117.81973], [33.64784, -117.82304], [33.65479, -117.82903], [33.64873, -117.8527], [33.6318, -117.81995], [33.64809, -117.82319], [33.63192, -117.82025], [33.64769, -117.82299], [33.65663, -117.8291], [33.64874, -117.85267], [33.65656, -117.83392], [33.64817, -117.85157], [33.65668, -117.82917], [33.64875, -117.85264], [33.67733, -117.85939], [33.65462, -117.84545], [33.65667, -117.82916], [33.64869, -117.85304], [33.632, -117.82029], [33.64763, -117.82295], [33.64985, -117.82514], [33.64986, -117.82502], [33.65493, -117.82879], [33.64814, -117.85153], [33.63171, -117.8197], [33.64803, -117.8232], [33.65668, -117.82915], [33.64851, -117.85192], [33.65669, -117.82917], [33.6487, -117.85311], [33.63177, -117.81982], [33.64741, -117.82285], [33.63193, -117.82022], [33.6475, -117.82286], [33.6566, -117.82904], [33.64846, -117.85186], [33.65454, -117.82668], [33.64871, -117.85263], [33.63174, -117.81983], [33.64746, -117.82289], [33.62832, -117.80591], [33.64873, -117.85263], [33.63181, -117.81988], [33.64774, -117.82301], [33.63222, -117.82079], [33.64756, -117.82293], [33.65521, -117.83065], [33.64858, -117.85206], [33.65458, -117.82658], [33.64763, -117.85068], [33.65499, -117.82864], [33.64872, -117.85275], [33.63177, -117.81989], [33.64842, -117.85182], [33.6318, -117.81982], [33.6475, -117.82288], [33.65523, -117.83067], [33.64873, -117.8527]]","[[33.64930635919239, -117.84988576270071], [33.64513551803882, -117.85391494709064], [33.64689690372012, -117.85309177645937]]","[22, 13, 10]","[2210.689247378925, 2215.224542253387, 2259.0931707440723]",0.20362305641174316,1719.4603588581085
11,1200,87,"[33.64025067958688, -117.83443429448087]","[33.64532032266698, -117.83382547177992]",565.1337265162668,"[[33.65783, -117.83865], [33.65784, -117.8389], [33.6317, -117.81974], [33.63175, -117.82], [33.65661, -117.82909], [33.6487, -117.85261], [33.63173, -117.81975], [33.65048, -117.82217], [33.63192, -117.8202], [33.65047, -117.82218], [33.65669, -117.82917], [33.6487, -117.85311], [33.65666, -117.82912], [33.64848, -117.85191], [33.65748, -117.83881], [33.64882, -117.85278], [33.63185, -117.82004], [33.65046, -117.82224], [33.63198, -117.82043], [33.65054, -117.82165], [33.63231, -117.8209], [33.64839, -117.85177], [33.63181, -117.81988], [33.65049, -117.82216], [33.63184, -117.82005], [33.65047, -117.82217], [33.65668, -117.82917], [33.64875, -117.85264], [33.65664, -117.82912], [33.64816, -117.85157], [33.65458, -117.82658], [33.64763, -117.85068], [33.65662, -117.82913], [33.64756, -117.8505], [33.65667, -117.82916], [33.64871, -117.8528], [33.63176, -117.81991], [33.65048, -117.82213], [33.63179, -117.8199], [33.65051, -117.82205], [33.6562, -117.83339], [33.64874, -117.85266], [33.65668, -117.82914], [33.64818, -117.85156], [33.65719, -117.83867], [33.64873, -117.85265], [33.65556, -117.83808], [33.64871, -117.85269], [33.63219, -117.82081], [33.6505, -117.82228], [33.63218, -117.82075], [33.6505, -117.82204], [33.65676, -117.83874], [33.64773, -117.85092], [33.63177, -117.81976], [33.65046, -117.82227], [33.63186, -117.82009], [33.65043, -117.82233], [33.65656, -117.83385], [33.64845, -117.85184], [33.65661, -117.82912], [33.64877, -117.85262], [33.65527, -117.82859], [33.64895, -117.85276], [33.65456, -117.82656], [33.64766, -117.85077], [33.65531, -117.8286], [33.64871, -117.85271], [33.63183, -117.81996], [33.65048, -117.82219], [33.63191, -117.82007], [33.64873, -117.85274], [33.67733, -117.85939], [33.65462, -117.84545], [33.63183, -117.82003], [33.6505, -117.82209], [33.62859, -117.84863], [33.56461, -117.8299], [33.63174, -117.81983], [33.65055, -117.82186], [33.65527, -117.82861], [33.64814, -117.85153], [33.63177, -117.81982], [33.65045, -117.82237], [33.65529, -117.8286], [33.64873, -117.85264], [33.63178, -117.81994], [33.65044, -117.82222], [33.63176, -117.81983], [33.65079, -117.82181], [33.65535, -117.82863], [33.64873, -117.8527], [33.65661, -117.82909], [33.64883, -117.85269], [33.65529, -117.82864], [33.64873, -117.85276], [33.65054, -117.82205], [33.6505, -117.82219], [33.65828, -117.84162], [33.64872, -117.85269], [33.62883, -117.84913], [33.62895, -117.84877], [33.65542, -117.82864], [33.64873, -117.8527], [33.63177, -117.81993], [33.65044, -117.82228], [33.63179, -117.81985], [33.65047, -117.82216], [33.65045, -117.82239], [33.65049, -117.82213], [33.65563, -117.82878], [33.65741, -117.84247], [33.65463, -117.82716], [33.64872, -117.85268], [33.63186, -117.82011], [33.65046, -117.82213], [33.65533, -117.82862], [33.64858, -117.85206], [33.65661, -117.834], [33.65738, -117.84247], [33.6318, -117.81995], [33.65048, -117.82213], [33.63171, -117.8197], [33.65045, -117.82231], [33.65656, -117.83392], [33.64817, -117.85157], [33.65668, -117.82915], [33.64851, -117.85192], [33.6319, -117.82015], [33.6505, -117.82212], [33.65562, -117.83808], [33.64881, -117.85273], [33.63222, -117.82079], [33.6505, -117.82236], [33.65667, -117.82916], [33.64869, -117.85304], [33.63193, -117.82022], [33.65048, -117.82229], [33.63175, -117.81988], [33.65049, -117.8221], [33.65663, -117.8291], [33.64874, -117.85267], [33.63173, -117.81978], [33.65048, -117.82208], [33.63195, -117.82046], [33.65046, -117.82214], [33.63175, -117.81978], [33.65049, -117.82192], [33.65829, -117.8416], [33.65843, -117.84135], [33.6322, -117.82082], [33.65055, -117.82179], [33.6318, -117.81982], [33.65049, -117.82213], [33.65544, -117.82865], [33.64872, -117.85274], [33.67638, -117.86301], [33.64874, -117.85265], [33.63176, -117.81998], [33.65051, -117.82207], [33.65534, -117.82863], [33.64856, -117.85203], [33.6554, -117.82865], [33.64872, -117.85274], [33.65658, -117.83388], [33.64847, -117.85189], [33.65045, -117.82224], [33.65046, -117.82229], [33.63192, -117.82025], [33.65046, -117.82223], [33.65733, -117.83871], [33.6285, -117.8061], [33.62832, -117.80591], [33.64873, -117.85263]]","[[33.66196364087569, -117.82040753561891], [33.663269711149574, -117.81888515026216], [33.66457147805419, -117.81736771315903]]","[16, 16, 16]","[2226.397506879631, 2425.71678937882, 2624.8351623810195]",0.6195273399353027,897.5695431232452
12,1200,107,"[33.64025067958688, -117.83443429448087]","[33.63963448114819, -117.82628488335662]",759.1262043533745,"[[33.63137, -117.81787], [33.6503, -117.82286], [33.6314, -117.81788], [33.65024, -117.82325], [33.63135, -117.81772], [33.65044, -117.82222], [33.65733, -117.83871], [33.6285, -117.8061], [33.65667, -117.82916], [33.64871, -117.8528], [33.65663, -117.8291], [33.64837, -117.85177], [33.63135, -117.81769], [33.65048, -117.82213], [33.65676, -117.83874], [33.64773, -117.85092], [33.62886, -117.84886], [33.62873, -117.84938], [33.63135, -117.81772], [33.65046, -117.82213], [33.65535, -117.82863], [33.64873, -117.8527], [33.63135, -117.81755], [33.65046, -117.82224], [33.63136, -117.81763], [33.65051, -117.82205], [33.65658, -117.83388], [33.64847, -117.85189], [33.65656, -117.83392], [33.64817, -117.85157], [33.63135, -117.81766], [33.65048, -117.82229], [33.63137, -117.81773], [33.6505, -117.82236], [33.65748, -117.83881], [33.64882, -117.85278], [33.65719, -117.83867], [33.64873, -117.85265], [33.65454, -117.82668], [33.64871, -117.85263], [33.63134, -117.81763], [33.6505, -117.82209], [33.6566, -117.8291], [33.64818, -117.85157], [33.67733, -117.85939], [33.65462, -117.84545], [33.63131, -117.81743], [33.65046, -117.82236], [33.65286, -117.82967], [33.64874, -117.85271], [33.63133, -117.81773], [33.63129, -117.81779], [33.65656, -117.83385], [33.64845, -117.85184], [33.65562, -117.83808], [33.64881, -117.85273], [33.63129, -117.81735], [33.65055, -117.82186], [33.63136, -117.81754], [33.65045, -117.82237], [33.65664, -117.82912], [33.64816, -117.85157], [33.6562, -117.83339], [33.64874, -117.85266], [33.65659, -117.83385], [33.64871, -117.85264], [33.65534, -117.82863], [33.64856, -117.85203], [33.63136, -117.8177], [33.65048, -117.82219], [33.63138, -117.81778], [33.65043, -117.82233], [33.65556, -117.83808], [33.64871, -117.85269], [33.65658, -117.82907], [33.64859, -117.85202], [33.63128, -117.81749], [33.6503, -117.82306], [33.65667, -117.82916], [33.64869, -117.85304], [33.65499, -117.82864], [33.64872, -117.85275], [33.62883, -117.84913], [33.62895, -117.84877], [33.65529, -117.82864], [33.64873, -117.85276], [33.63136, -117.81795], [33.65048, -117.82208], [33.65668, -117.82914], [33.64818, -117.85156], [33.63138, -117.81792], [33.65048, -117.82217], [33.63141, -117.81775], [33.65049, -117.82216], [33.65045, -117.82224], [33.65046, -117.82229], [33.63134, -117.8176], [33.64842, -117.85182], [33.62859, -117.84863], [33.56461, -117.8299], [33.65662, -117.82913], [33.64756, -117.8505], [33.65666, -117.82912], [33.64848, -117.85191], [33.63135, -117.81791], [33.65079, -117.82181], [33.65486, -117.82896], [33.6577, -117.84211], [33.63135, -117.8176], [33.6505, -117.82228], [33.63136, -117.81795], [33.65047, -117.82217], [33.65661, -117.8291], [33.64818, -117.85158], [33.65527, -117.82861], [33.64814, -117.85153], [33.63129, -117.81751], [33.65048, -117.82212], [33.65527, -117.82859], [33.64895, -117.85276], [33.65783, -117.83865], [33.65784, -117.8389], [33.63133, -117.8176], [33.65045, -117.82231], [33.6566, -117.82904], [33.64846, -117.85186], [33.65661, -117.82912], [33.64877, -117.85262], [33.63138, -117.8179], [33.6505, -117.82212], [33.63132, -117.81762], [33.65048, -117.82213], [33.65531, -117.8286], [33.64871, -117.85271], [33.63133, -117.81775], [33.65054, -117.82165], [33.65661, -117.834], [33.65738, -117.84247], [33.63134, -117.8177], [33.64839, -117.85177], [33.63136, -117.81787], [33.6505, -117.82204], [33.65661, -117.82909], [33.64883, -117.85269], [33.63132, -117.81765], [33.65055, -117.82179], [33.65544, -117.82865], [33.64872, -117.85274], [33.63131, -117.81766], [33.65046, -117.82214], [33.65661, -117.82909], [33.6487, -117.85261], [33.63132, -117.81749], [33.65044, -117.82228], [33.65045, -117.82239], [33.65049, -117.82213], [33.65668, -117.82917], [33.64875, -117.85264], [33.65666, -117.82918], [33.6484, -117.8518], [33.65529, -117.8286], [33.64873, -117.85264], [33.65663, -117.8291], [33.64874, -117.85267], [33.65456, -117.82656], [33.64766, -117.85077], [33.65463, -117.82716], [33.64872, -117.85268], [33.63139, -117.81778], [33.65049, -117.82192], [33.65829, -117.8416], [33.65843, -117.84135], [33.65458, -117.82658], [33.64763, -117.85068], [33.65669, -117.82917], [33.6487, -117.85311], [33.65662, -117.83408], [33.64819, -117.85157], [33.65668, -117.82915], [33.64851, -117.85192], [33.63139, -117.81764], [33.64873, -117.85274], [33.65278, -117.82981], [33.65316, -117.84708], [33.6554, -117.82865], [33.64872, -117.85274], [33.63141, -117.81782], [33.65047, -117.82216], [33.65542, -117.82864], [33.64873, -117.8527], [33.65054, -117.82205], [33.6505, -117.82219], [33.63135, -117.8177], [33.65049, -117.8221], [33.67638, -117.86301], [33.64874, -117.85265], [33.65533, -117.82862], [33.64858, -117.85206], [33.63136, -117.81789], [33.65046, -117.82223], [33.6313, -117.81737], [33.65034, -117.82286], [33.65476, -117.82906], [33.64869, -117.85275], [33.63134, -117.81763], [33.65049, -117.82213], [33.63139, -117.81789], [33.65046, -117.82227], [33.62832, -117.80591], [33.64873, -117.85263], [33.65457, -117.82656], [33.65704, -117.82968], [33.65658, -117.83385], [33.64873, -117.85269]]","[[33.64930201091534, -117.84987277681023], [33.645165933104956, -117.85396885134027], [33.64689690372012, -117.85309177645937]]","[22, 16, 10]","[2436.8027215740176, 2640.5104631412464, 2614.0582721752926]",0.46610021591186523,1329.8186693191528
0,1400,57,"[33.64025067958688, -117.83443429448087]","[33.64059714324638, -117.82672303010789]",716.4225637022132,"[[33.65529, -117.8286], [33.64873, -117.85264], [33.65658, -117.82907], [33.64859, -117.85202], [33.65499, -117.82864], [33.64872, -117.85275], [33.65661, -117.82909], [33.64883, -117.85269], [33.62832, -117.80591], [33.64873, -117.85263], [33.65664, -117.82912], [33.64816, -117.85157], [33.63106, -117.81654], [33.64818, -117.81436], [33.63109, -117.81657], [33.64808, -117.81443], [33.6566, -117.8291], [33.64818, -117.85157], [33.67638, -117.86301], [33.64874, -117.85265], [33.65486, -117.82896], [33.6577, -117.84211], [33.64993, -117.81644], [33.636, -117.81227], [33.65719, -117.83867], [33.64873, -117.85265], [33.63098, -117.81633], [33.63096, -117.81639], [33.63105, -117.81651], [33.64839, -117.85177], [33.63109, -117.81654], [33.64816, -117.81436], [33.65463, -117.82716], [33.64872, -117.85268], [33.63105, -117.81643], [33.64806, -117.81445], [33.631, -117.81643], [33.64811, -117.81443], [33.65828, -117.84162], [33.64872, -117.85269], [33.63105, -117.81651], [33.64811, -117.81441], [33.65301, -117.83026], [33.64874, -117.85271], [33.65668, -117.82915], [33.64851, -117.85192], [33.63112, -117.81674], [33.64813, -117.81442], [33.65656, -117.83392], [33.64817, -117.85157], [33.63108, -117.81656], [33.64813, -117.81441], [33.62886, -117.84886], [33.62873, -117.84938], [33.631, -117.81636], [33.64812, -117.81442], [33.65458, -117.82658], [33.64763, -117.85068], [33.63102, -117.81645], [33.648, -117.8144], [33.65658, -117.83388], [33.64847, -117.85189], [33.63106, -117.81661], [33.64819, -117.81437], [33.62883, -117.84913], [33.62895, -117.84877], [33.63106, -117.81654], [33.64814, -117.8144], [33.63115, -117.81664], [33.64873, -117.85274], [33.65662, -117.82913], [33.64756, -117.8505], [33.65533, -117.82862], [33.64858, -117.85206], [33.65666, -117.82918], [33.6484, -117.8518], [33.63106, -117.81653], [33.64801, -117.81446], [33.63106, -117.81654], [33.64808, -117.81443], [33.65668, -117.82917], [33.64875, -117.85264], [33.63104, -117.81641], [33.64804, -117.81441], [33.63107, -117.81662], [33.64806, -117.81442], [33.65527, -117.82859], [33.64895, -117.85276], [33.63103, -117.81652], [33.64805, -117.81444], [33.63105, -117.81647], [33.64812, -117.81438], [33.63103, -117.81636], [33.64809, -117.81444], [33.63107, -117.8166], [33.64814, -117.81439], [33.65748, -117.83881], [33.64882, -117.85278], [33.63105, -117.81657], [33.64811, -117.81443], [33.6311, -117.81655], [33.64807, -117.81444], [33.65544, -117.82865], [33.64872, -117.85274], [33.65529, -117.82864], [33.64873, -117.85276], [33.63108, -117.81657], [33.64818, -117.81436], [33.65829, -117.8416], [33.65843, -117.84135], [33.63103, -117.81641], [33.64842, -117.85182], [33.6499, -117.81641], [33.636, -117.81264]]","[[33.64695939392736, -117.85316784559784], [33.64060952613207, -117.85744330144351], [33.64534668273164, -117.85425279641346]]","[18, 15, 13]","[2552.7259671053716, 2849.9824755907675, 2607.6883224081316]",1.2572503089904785,344.6527531147003
1,1400,68,"[33.64025067958688, -117.83443429448087]","[33.635197759466216, -117.83941729268547]",726.514113557357,"[[33.65535, -117.82863], [33.64873, -117.8527], [33.65527, -117.82861], [33.64814, -117.85153], [33.63103, -117.81652], [33.64805, -117.81444], [33.65661, -117.834], [33.65738, -117.84247], [33.65476, -117.82906], [33.64869, -117.85275], [33.6566, -117.8291], [33.64818, -117.85157], [33.65699, -117.82972], [33.65699, -117.82972], [33.65666, -117.82918], [33.6484, -117.8518], [33.63105, -117.81651], [33.64811, -117.81441], [33.65828, -117.84162], [33.64872, -117.85269], [33.6562, -117.83339], [33.64874, -117.85266], [33.62669, -117.85059], [33.56461, -117.8299], [33.67733, -117.85939], [33.65462, -117.84545], [33.65666, -117.82912], [33.64848, -117.85191], [33.63104, -117.81641], [33.64804, -117.81441], [33.63106, -117.81661], [33.64819, -117.81437], [33.6311, -117.81655], [33.64807, -117.81444], [33.631, -117.81636], [33.64812, -117.81442], [33.65667, -117.82916], [33.64871, -117.8528], [33.63133, -117.81775], [33.65054, -117.82165], [33.63108, -117.81656], [33.64813, -117.81441], [33.63139, -117.81778], [33.65049, -117.82192], [33.65783, -117.83865], [33.65784, -117.8389], [33.63192, -117.8202], [33.65047, -117.82218], [33.63105, -117.81647], [33.64812, -117.81438], [33.63139, -117.81789], [33.65046, -117.82227], [33.65662, -117.83408], [33.64819, -117.85157], [33.63103, -117.81641], [33.64842, -117.85182], [33.65562, -117.83808], [33.64881, -117.85273], [33.65661, -117.82912], [33.64877, -117.85262], [33.63105, -117.81657], [33.64811, -117.81443], [33.65658, -117.83388], [33.64847, -117.85189], [33.6499, -117.81641], [33.636, -117.81264], [33.63137, -117.81773], [33.6505, -117.82236], [33.65664, -117.82912], [33.64816, -117.85157], [33.65661, -117.82909], [33.64883, -117.85269], [33.65676, -117.83874], [33.64773, -117.85092], [33.63136, -117.81787], [33.6505, -117.82204], [33.63132, -117.81762], [33.65048, -117.82213], [33.6566, -117.82904], [33.64846, -117.85186], [33.63107, -117.81662], [33.64806, -117.81442], [33.65659, -117.83385], [33.64871, -117.85264], [33.65544, -117.82865], [33.64872, -117.85274], [33.65499, -117.82864], [33.64872, -117.85275], [33.65668, -117.82914], [33.64818, -117.85156], [33.65662, -117.82913], [33.64756, -117.8505], [33.65534, -117.82863], [33.64856, -117.85203], [33.62815, -117.85249], [33.62689, -117.85095], [33.63105, -117.81651], [33.64839, -117.85177], [33.65733, -117.83871], [33.6285, -117.8061], [33.63108, -117.81657], [33.64818, -117.81436], [33.631, -117.81643], [33.64811, -117.81443], [33.65661, -117.82909], [33.6487, -117.85261], [33.65458, -117.82658], [33.64763, -117.85068], [33.65658, -117.82907], [33.64859, -117.85202], [33.63107, -117.8166], [33.64814, -117.81439], [33.63112, -117.81674], [33.64813, -117.81442], [33.63135, -117.81791], [33.65079, -117.82181], [33.63098, -117.81633], [33.63096, -117.81639], [33.65719, -117.83867], [33.64873, -117.85265], [33.65661, -117.8291], [33.64818, -117.85158], [33.63106, -117.81654], [33.64818, -117.81436], [33.63136, -117.81754], [33.65045, -117.82237], [33.62832, -117.80591], [33.64873, -117.85263], [33.63135, -117.8176], [33.6505, -117.82228], [33.65656, -117.83392], [33.64817, -117.85157], [33.63106, -117.81654], [33.64814, -117.8144], [33.65278, -117.82981], [33.65316, -117.84708]]","[[33.62776120849773, -117.81833475929763], [33.649311279297976, -117.8499007849176], [33.64333634247476, -117.82094685728582]]","[19, 16, 15]","[2122.870266406155, 1842.9291660865777, 1936.794700273098]",0.16048049926757812,631.0661108493805
2,1400,73,"[33.64025067958688, -117.83443429448087]","[33.635577091451054, -117.82955266747652]",688.3490221595728,"[[33.6566, -117.8291], [33.64818, -117.85157], [33.65667, -117.82916], [33.64871, -117.8528], [33.63039, -117.81463], [33.64873, -117.85274], [33.65562, -117.83808], [33.64881, -117.85273], [33.65563, -117.82878], [33.65741, -117.84247], [33.65457, -117.82656], [33.65704, -117.82968], [33.65828, -117.84162], [33.64872, -117.85269], [33.65542, -117.82864], [33.64873, -117.8527], [33.65486, -117.82896], [33.6577, -117.84211], [33.6566, -117.82904], [33.64846, -117.85186], [33.65054, -117.82205], [33.6505, -117.82219], [33.65499, -117.82864], [33.64872, -117.85275], [33.65668, -117.82914], [33.64818, -117.85156], [33.63052, -117.81525], [33.64809, -117.81444], [33.65458, -117.82658], [33.64763, -117.85068], [33.63065, -117.81549], [33.64806, -117.81445], [33.65783, -117.83865], [33.65784, -117.8389], [33.65658, -117.83385], [33.64873, -117.85269], [33.67733, -117.85939], [33.65462, -117.84545], [33.65656, -117.83392], [33.64817, -117.85157], [33.62883, -117.84913], [33.62895, -117.84877], [33.63059, -117.81534], [33.65049, -117.82213], [33.65476, -117.82906], [33.64869, -117.85275], [33.65661, -117.834], [33.65738, -117.84247], [33.63058, -117.81539], [33.65048, -117.82217], [33.65544, -117.82865], [33.64872, -117.85274], [33.63071, -117.81563], [33.64816, -117.81436], [33.63055, -117.81528], [33.6505, -117.82228], [33.65748, -117.83881], [33.64882, -117.85278], [33.6562, -117.83339], [33.64874, -117.85266], [33.65658, -117.83388], [33.64847, -117.85189], [33.63052, -117.81531], [33.64811, -117.81443], [33.63056, -117.81532], [33.65049, -117.82192], [33.63054, -117.81532], [33.65034, -117.82286], [33.63059, -117.81542], [33.64818, -117.81436], [33.65527, -117.82861], [33.64814, -117.85153], [33.64993, -117.81644], [33.636, -117.81227], [33.63057, -117.81537], [33.64806, -117.81442], [33.65658, -117.82907], [33.64859, -117.85202], [33.63056, -117.81527], [33.65045, -117.82237], [33.65661, -117.82909], [33.6487, -117.85261], [33.65664, -117.82912], [33.64816, -117.85157], [33.65529, -117.82864], [33.64873, -117.85276], [33.65463, -117.82716], [33.64872, -117.85268], [33.63062, -117.81545], [33.64808, -117.81443], [33.63057, -117.81536], [33.64814, -117.81439], [33.62864, -117.8165], [33.64804, -117.81441], [33.65661, -117.82909], [33.64883, -117.85269], [33.63064, -117.81553], [33.64805, -117.81444], [33.63049, -117.8152], [33.648, -117.8144], [33.65663, -117.8291], [33.64874, -117.85267], [33.62669, -117.85059], [33.56461, -117.8299], [33.6306, -117.81541], [33.65046, -117.82227], [33.65667, -117.82916], [33.64869, -117.85304], [33.65662, -117.83408], [33.64819, -117.85157], [33.63053, -117.81528], [33.65044, -117.82222], [33.6554, -117.82865], [33.64872, -117.85274], [33.63059, -117.81543], [33.64813, -117.81441], [33.63052, -117.81528], [33.65055, -117.82179], [33.63054, -117.81542], [33.65046, -117.82214], [33.63055, -117.81535], [33.65047, -117.82218], [33.65661, -117.82912], [33.64877, -117.85262], [33.65666, -117.82918], [33.6484, -117.8518], [33.63055, -117.81537], [33.64811, -117.81443], [33.65531, -117.8286], [33.64871, -117.85271], [33.65663, -117.8291], [33.64837, -117.85177], [33.65301, -117.83026], [33.64874, -117.85271], [33.62832, -117.80591], [33.64873, -117.85263], [33.65733, -117.83871], [33.6285, -117.8061], [33.63066, -117.81555], [33.64818, -117.81436], [33.65534, -117.82863], [33.64856, -117.85203], [33.65454, -117.82668], [33.64871, -117.85263], [33.65829, -117.8416], [33.65843, -117.84135]]","[[33.64331556768892, -117.82095757726539], [33.65076256829143, -117.84854354513156], [33.649523862504196, -117.85011920944883]]","[13, 9, 8]","[1171.5594261397307, 2437.3633045690867, 2456.269407254756]",0.37550997734069824,603.4743459224701
3,1400,46,"[33.64025067958688, -117.83443429448087]","[33.63716399233242, -117.83924246595373]",562.3111755579598,"[[33.65658, -117.83385], [33.64873, -117.85269], [33.63105, -117.81651], [33.64839, -117.85177], [33.631, -117.81636], [33.64812, -117.81442], [33.63052, -117.81525], [33.64809, -117.81444], [33.6566, -117.82904], [33.64846, -117.85186], [33.63055, -117.81528], [33.6505, -117.82228], [33.63054, -117.81532], [33.65034, -117.82286], [33.63098, -117.81633], [33.63096, -117.81639], [33.65661, -117.82909], [33.64883, -117.85269], [33.65301, -117.83026], [33.64874, -117.85271], [33.6499, -117.81641], [33.636, -117.81264], [33.63112, -117.81674], [33.64813, -117.81442], [33.63059, -117.81534], [33.65049, -117.82213], [33.63129, -117.81751], [33.65048, -117.82212], [33.63053, -117.81528], [33.65044, -117.82222], [33.65656, -117.83392], [33.64817, -117.85157], [33.63137, -117.81773], [33.6505, -117.82236], [33.62669, -117.85059], [33.56461, -117.8299], [33.65542, -117.82864], [33.64873, -117.8527], [33.65668, -117.82914], [33.64818, -117.85156], [33.65661, -117.834], [33.65738, -117.84247], [33.63055, -117.81537], [33.64811, -117.81443], [33.65661, -117.82909], [33.6487, -117.85261], [33.63066, -117.81555], [33.64818, -117.81436], [33.65676, -117.83874], [33.64773, -117.85092], [33.65667, -117.82916], [33.64869, -117.85304], [33.63062, -117.81545], [33.64808, -117.81443], [33.65828, -117.84162], [33.64872, -117.85269], [33.65476, -117.82906], [33.64869, -117.85275], [33.65663, -117.8291], [33.64874, -117.85267], [33.63132, -117.81762], [33.65048, -117.82213], [33.65748, -117.83881], [33.64882, -117.85278], [33.65457, -117.82656], [33.65704, -117.82968], [33.65733, -117.83871], [33.6285, -117.8061], [33.65668, -117.82915], [33.64851, -117.85192], [33.65563, -117.82878], [33.65741, -117.84247], [33.64993, -117.81644], [33.636, -117.81227], [33.63105, -117.81651], [33.64811, -117.81441], [33.65556, -117.83808], [33.64871, -117.85269], [33.63057, -117.81536], [33.64814, -117.81439], [33.65667, -117.82916], [33.64871, -117.8528], [33.65278, -117.82981], [33.65316, -117.84708], [33.63133, -117.81775], [33.65054, -117.82165], [33.65829, -117.8416], [33.65843, -117.84135], [33.65661, -117.82912], [33.64877, -117.85262], [33.65662, -117.82913], [33.64756, -117.8505]]","[[33.64302460204689, -117.80551328868863], [33.62258604893539, -117.82037679841878], [33.64673003619927, -117.818428494748]]","[7, 6, 6]","[3195.9475036328186, 2382.944053566437, 2203.2356043186683]",0.06960630416870117,300.2766623497009
4,1400,77,"[33.64025067958688, -117.83443429448087]","[33.631301409449144, -117.84115119034746]",1172.0208259986935,"[[33.65667, -117.82916], [33.64869, -117.85304], [33.63065, -117.81549], [33.64806, -117.81445], [33.62832, -117.80591], [33.64873, -117.85263], [33.65661, -117.82909], [33.64883, -117.85269], [33.62158, -117.85128], [33.56461, -117.8299], [33.65278, -117.82981], [33.65316, -117.84708], [33.65659, -117.83385], [33.64871, -117.85264], [33.65733, -117.83871], [33.6285, -117.8061], [33.63059, -117.81534], [33.65049, -117.82213], [33.6311, -117.81655], [33.64807, -117.81444], [33.63136, -117.81787], [33.6505, -117.82204], [33.63059, -117.81542], [33.64818, -117.81436], [33.63106, -117.81661], [33.64819, -117.81437], [33.63049, -117.8152], [33.648, -117.8144], [33.65533, -117.82862], [33.64858, -117.85206], [33.65463, -117.82716], [33.64872, -117.85268], [33.65527, -117.82861], [33.64814, -117.85153], [33.63137, -117.81773], [33.6505, -117.82236], [33.65542, -117.82864], [33.64873, -117.8527], [33.62864, -117.8165], [33.64804, -117.81441], [33.65668, -117.82914], [33.64818, -117.85156], [33.65662, -117.82913], [33.64756, -117.8505], [33.65054, -117.82205], [33.6505, -117.82219], [33.65529, -117.8286], [33.64873, -117.85264], [33.65656, -117.83385], [33.64845, -117.85184], [33.65562, -117.83808], [33.64881, -117.85273], [33.63052, -117.81531], [33.64811, -117.81443], [33.65457, -117.82656], [33.65704, -117.82968], [33.65661, -117.82909], [33.6487, -117.85261], [33.63057, -117.81537], [33.64806, -117.81442], [33.63106, -117.81654], [33.64814, -117.8144], [33.65668, -117.82915], [33.64851, -117.85192], [33.64993, -117.81644], [33.636, -117.81227], [33.62913, -117.85681], [33.62289, -117.85284], [33.65664, -117.82912], [33.64816, -117.85157], [33.65454, -117.82668], [33.64871, -117.85263], [33.63106, -117.81654], [33.64808, -117.81443], [33.63135, -117.8177], [33.65049, -117.8221], [33.63058, -117.81539], [33.65048, -117.82217], [33.65458, -117.82658], [33.64763, -117.85068], [33.65476, -117.82906], [33.64869, -117.85275], [33.6566, -117.82904], [33.64846, -117.85186], [33.65669, -117.82917], [33.6487, -117.85311], [33.63056, -117.81527], [33.65045, -117.82237], [33.65486, -117.82896], [33.6577, -117.84211], [33.63106, -117.81653], [33.64801, -117.81446], [33.63105, -117.81647], [33.64812, -117.81438], [33.63064, -117.81553], [33.64805, -117.81444], [33.63133, -117.81775], [33.65054, -117.82165], [33.6562, -117.83339], [33.64874, -117.85266], [33.63071, -117.81563], [33.64816, -117.81436], [33.6566, -117.8291], [33.64818, -117.85157], [33.63054, -117.81532], [33.65034, -117.82286], [33.63056, -117.81532], [33.65049, -117.82192], [33.63055, -117.81537], [33.64811, -117.81443], [33.63112, -117.81674], [33.64813, -117.81442], [33.65676, -117.83874], [33.64773, -117.85092], [33.63103, -117.81641], [33.64842, -117.85182], [33.65668, -117.82917], [33.64875, -117.85264], [33.67638, -117.86301], [33.64874, -117.85265], [33.63062, -117.81545], [33.64808, -117.81443], [33.63132, -117.81762], [33.65048, -117.82213], [33.65534, -117.82863], [33.64856, -117.85203], [33.63052, -117.81528], [33.65055, -117.82179], [33.65661, -117.8291], [33.64818, -117.85158], [33.6554, -117.82865], [33.64872, -117.85274], [33.65656, -117.83392], [33.64817, -117.85157], [33.67733, -117.85939], [33.65462, -117.84545], [33.65301, -117.83026], [33.64874, -117.85271], [33.65666, -117.82912], [33.64848, -117.85191], [33.65544, -117.82865], [33.64872, -117.85274], [33.63057, -117.81536], [33.64814, -117.81439], [33.63055, -117.81535], [33.65047, -117.82218], [33.631, -117.81636], [33.64812, -117.81442], [33.63098, -117.81633], [33.63096, -117.81639], [33.65662, -117.83408], [33.64819, -117.85157], [33.65661, -117.834], [33.65738, -117.84247]]","[[33.64515998963846, -117.85394496099114], [33.64930938497412, -117.84987972250612], [33.64689686344606, -117.85309677190378]]","[16, 16, 10]","[1942.062629425638, 2155.2754734449522, 2054.345749556171]",0.17194032669067383,720.2788438796997
5,1400,98,"[33.64025067958688, -117.83443429448087]","[33.64555918312668, -117.83039133475627]",698.1085093361046,"[[33.67638, -117.86301], [33.64874, -117.85265], [33.63137, -117.81773], [33.64745, -117.81542], [33.65712, -117.83646], [33.64874, -117.85271], [33.63052, -117.81531], [33.64811, -117.81443], [33.65712, -117.83682], [33.64877, -117.85262], [33.63059, -117.81542], [33.64818, -117.81436], [33.63071, -117.81563], [33.64816, -117.81436], [33.65715, -117.83646], [33.64872, -117.85274], [33.65715, -117.83684], [33.64875, -117.85264], [33.65828, -117.84162], [33.64872, -117.85269], [33.65715, -117.83648], [33.64871, -117.85264], [33.65714, -117.83653], [33.64873, -117.85269], [33.63053, -117.81528], [33.64739, -117.81545], [33.65715, -117.83647], [33.64817, -117.85157], [33.65714, -117.83654], [33.64851, -117.85192], [33.63056, -117.81532], [33.64743, -117.8154], [33.65718, -117.83683], [33.64846, -117.85186], [33.65716, -117.83646], [33.6487, -117.85261], [33.62883, -117.84913], [33.62895, -117.84877], [33.65748, -117.83881], [33.64882, -117.85278], [33.65715, -117.83656], [33.64895, -117.85276], [33.63058, -117.81539], [33.64747, -117.81539], [33.62913, -117.85681], [33.62289, -117.85284], [33.63055, -117.81535], [33.64743, -117.81541], [33.65715, -117.837], [33.64859, -117.85202], [33.65714, -117.83668], [33.64847, -117.85189], [33.62832, -117.80591], [33.64873, -117.85263], [33.65829, -117.8416], [33.65843, -117.84135], [33.63039, -117.81463], [33.64873, -117.85274], [33.65715, -117.83682], [33.64874, -117.85267], [33.65436, -117.81923], [33.64763, -117.85068], [33.63105, -117.81647], [33.64812, -117.81438], [33.63056, -117.81527], [33.64753, -117.81535], [33.63112, -117.81674], [33.64813, -117.81442], [33.65715, -117.83641], [33.64873, -117.85264], [33.62158, -117.85128], [33.56461, -117.8299], [33.65718, -117.83678], [33.64858, -117.85206], [33.63055, -117.81528], [33.64766, -117.81534], [33.65425, -117.81937], [33.64766, -117.85077], [33.63105, -117.81651], [33.64811, -117.81441], [33.63059, -117.81543], [33.64813, -117.81441], [33.65716, -117.83653], [33.64872, -117.85275], [33.65718, -117.83684], [33.64837, -117.85177], [33.63129, -117.81751], [33.64747, -117.81536], [33.65716, -117.83652], [33.64872, -117.85274], [33.63064, -117.81553], [33.64805, -117.81444], [33.63062, -117.81545], [33.64808, -117.81443], [33.65715, -117.8365], [33.64819, -117.85157], [33.63054, -117.81542], [33.6475, -117.81539], [33.65426, -117.81935], [33.64872, -117.85268], [33.65783, -117.83865], [33.65784, -117.8389], [33.62864, -117.8165], [33.64804, -117.81441], [33.63057, -117.81536], [33.64814, -117.81439], [33.65719, -117.83867], [33.64873, -117.85265], [33.63049, -117.8152], [33.648, -117.8144], [33.63103, -117.81641], [33.64842, -117.85182], [33.63052, -117.81525], [33.64809, -117.81444], [33.65717, -117.83685], [33.64873, -117.8527], [33.64985, -117.81608], [33.636, -117.81227], [33.65715, -117.83649], [33.64848, -117.85191], [33.65425, -117.81937], [33.65612, -117.82196], [33.65717, -117.83648], [33.64873, -117.85276], [33.64984, -117.81591], [33.64355, -117.81495], [33.65714, -117.83692], [33.6487, -117.85311], [33.63055, -117.81537], [33.64811, -117.81443], [33.63133, -117.81775], [33.64748, -117.81539], [33.65714, -117.83648], [33.64869, -117.85304], [33.65733, -117.83871], [33.6285, -117.8061], [33.65718, -117.83679], [33.64871, -117.85271], [33.6543, -117.81934], [33.65738, -117.84247], [33.65715, -117.83686], [33.64856, -117.85203], [33.63059, -117.81534], [33.64747, -117.81537], [33.63106, -117.81654], [33.64808, -117.81443], [33.65676, -117.83874], [33.64773, -117.85092], [33.63106, -117.81653], [33.64801, -117.81446], [33.6311, -117.81655], [33.64807, -117.81444], [33.65713, -117.83649], [33.6577, -117.84211], [33.63132, -117.81762], [33.64748, -117.81535], [33.65718, -117.83683], [33.64873, -117.8527], [33.65714, -117.8365], [33.64814, -117.85153], [33.64979, -117.81591], [33.636, -117.81264], [33.6306, -117.81541], [33.64749, -117.81543], [33.65707, -117.8367], [33.65316, -117.84708], [33.65714, -117.83645], [33.64818, -117.85158], [33.63098, -117.81633], [33.63096, -117.81639], [33.65717, -117.83645], [33.64883, -117.85269], [33.63106, -117.81661], [33.64819, -117.81437], [33.63135, -117.81791], [33.64743, -117.81546], [33.65442, -117.81918], [33.64871, -117.85263], [33.63106, -117.81654], [33.64814, -117.8144], [33.65714, -117.83648], [33.64756, -117.8505], [33.63052, -117.81528], [33.64744, -117.81543], [33.63054, -117.81532], [33.64749, -117.81538], [33.65715, -117.83672], [33.64871, -117.8528], [33.65716, -117.83648], [33.64869, -117.85275], [33.65715, -117.83648], [33.64871, -117.85269], [33.65716, -117.83647], [33.64845, -117.85184]]","[[33.64932505659381, -117.84991448844588], [33.64517345733413, -117.85396123233524], [33.66075492991687, -117.83612729680287]]","[14, 11, 8]","[1858.6033455366223, 2186.9255358499813, 1767.4391291568265]",3.541644334793091,1162.775094985962
6,1400,48,"[33.64025067958688, -117.83443429448087]","[33.64166674831648, -117.83996024994168]",536.1729109259218,"[[33.63052, -117.81528], [33.64744, -117.81543], [33.65714, -117.83692], [33.6487, -117.85311], [33.63053, -117.81528], [33.64739, -117.81545], [33.6306, -117.81541], [33.64749, -117.81543], [33.63056, -117.81532], [33.64743, -117.8154], [33.63106, -117.81654], [33.64814, -117.8144], [33.63052, -117.81525], [33.64809, -117.81444], [33.63105, -117.81647], [33.64812, -117.81438], [33.63057, -117.81537], [33.64806, -117.81442], [33.65668, -117.82914], [33.64872, -117.85259], [33.65714, -117.8365], [33.6487, -117.85264], [33.65715, -117.83656], [33.64895, -117.85276], [33.65715, -117.837], [33.64873, -117.85256], [33.65442, -117.81918], [33.64871, -117.85263], [33.63105, -117.81651], [33.64883, -117.85269], [33.63059, -117.81542], [33.64818, -117.81436], [33.67638, -117.86301], [33.64874, -117.85265], [33.65425, -117.81937], [33.6487, -117.85258], [33.65717, -117.83648], [33.64873, -117.85276], [33.65715, -117.83672], [33.64871, -117.8528], [33.65748, -117.83881], [33.64882, -117.85278], [33.65718, -117.83683], [33.64873, -117.8527], [33.65714, -117.83654], [33.64875, -117.85268], [33.65718, -117.83678], [33.64872, -117.85259], [33.65717, -117.83645], [33.64883, -117.85269], [33.63062, -117.81545], [33.64808, -117.81443], [33.63098, -117.81633], [33.63096, -117.81639], [33.65828, -117.84162], [33.64872, -117.85269], [33.65562, -117.83808], [33.64881, -117.85273], [33.63055, -117.81528], [33.64766, -117.81534], [33.65715, -117.83641], [33.64873, -117.85264], [33.6566, -117.8291], [33.64871, -117.85255], [33.63136, -117.81787], [33.6505, -117.82204], [33.6562, -117.83339], [33.64874, -117.85266], [33.65714, -117.83648], [33.64869, -117.85304], [33.65829, -117.8416], [33.65843, -117.84135], [33.63052, -117.81531], [33.64811, -117.81443], [33.63112, -117.81674], [33.64813, -117.81442], [33.63106, -117.81654], [33.64808, -117.81443], [33.63105, -117.81651], [33.64811, -117.81441], [33.63039, -117.81463], [33.64873, -117.85274], [33.63055, -117.81535], [33.64743, -117.81541], [33.65715, -117.83686], [33.64873, -117.85263], [33.65717, -117.83685], [33.64873, -117.8527], [33.65719, -117.83867], [33.64873, -117.85265], [33.65716, -117.83648], [33.64869, -117.85275], [33.64979, -117.81591], [33.636, -117.81264], [33.65713, -117.83649], [33.6577, -117.84211]]","[[33.63218393962684, -117.81441214951518], [33.62918295646542, -117.81675563253914], [33.62261523496509, -117.82049305811452]]","[7, 6, 6]","[2593.1362290348716, 2559.706673652486, 2779.849052017295]",0.10937261581420898,297.2750177383423
7,1400,95,"[33.64025067958688, -117.83443429448087]","[33.63004855691387, -117.83417027058398]",1131.8418351144596,"[[33.63135, -117.81791], [33.64743, -117.81546], [33.65715, -117.837], [33.64873, -117.85256], [33.65829, -117.8416], [33.65843, -117.84135], [33.63064, -117.81553], [33.64805, -117.81444], [33.65562, -117.83808], [33.64881, -117.85273], [33.63049, -117.8152], [33.648, -117.8144], [33.64984, -117.81591], [33.64355, -117.81495], [33.65828, -117.84162], [33.64872, -117.85269], [33.63132, -117.81762], [33.64748, -117.81535], [33.65716, -117.83646], [33.6487, -117.85261], [33.63105, -117.81647], [33.64812, -117.81438], [33.63054, -117.81532], [33.64749, -117.81538], [33.65748, -117.83881], [33.64882, -117.85278], [33.6543, -117.81934], [33.65738, -117.84247], [33.63059, -117.81543], [33.64813, -117.81441], [33.65718, -117.83679], [33.64871, -117.85271], [33.631, -117.81636], [33.64812, -117.81442], [33.63059, -117.81534], [33.64747, -117.81537], [33.63105, -117.81651], [33.64883, -117.85269], [33.65715, -117.83648], [33.64871, -117.85264], [33.65714, -117.83692], [33.6487, -117.85311], [33.63106, -117.81661], [33.64819, -117.81437], [33.63129, -117.81751], [33.64747, -117.81536], [33.63057, -117.81537], [33.64806, -117.81442], [33.65664, -117.82912], [33.64816, -117.85157], [33.63106, -117.81653], [33.64801, -117.81446], [33.63056, -117.81527], [33.64753, -117.81535], [33.65715, -117.83684], [33.64875, -117.85264], [33.65714, -117.83648], [33.64756, -117.8505], [33.65707, -117.8367], [33.65316, -117.84708], [33.65783, -117.83865], [33.65784, -117.8389], [33.65718, -117.83683], [33.64873, -117.8527], [33.63135, -117.8177], [33.65049, -117.8221], [33.63098, -117.81633], [33.63096, -117.81639], [33.63136, -117.81787], [33.6505, -117.82204], [33.65717, -117.83685], [33.64873, -117.8527], [33.65714, -117.83654], [33.64875, -117.85268], [33.63062, -117.81545], [33.64808, -117.81443], [33.65563, -117.82878], [33.65741, -117.84247], [33.65717, -117.83648], [33.64873, -117.85276], [33.63056, -117.81532], [33.64743, -117.8154], [33.65718, -117.83683], [33.64846, -117.85186], [33.63055, -117.81528], [33.64766, -117.81534], [33.65716, -117.83647], [33.64845, -117.85184], [33.65426, -117.81935], [33.64872, -117.85268], [33.6566, -117.8291], [33.64871, -117.85255], [33.65715, -117.8365], [33.64819, -117.85157], [33.63059, -117.81542], [33.64818, -117.81436], [33.6562, -117.83339], [33.64874, -117.85266], [33.65715, -117.83686], [33.64873, -117.85263], [33.63071, -117.81563], [33.64816, -117.81436], [33.67638, -117.86301], [33.64874, -117.85265], [33.65716, -117.83653], [33.64872, -117.85275], [33.62864, -117.8165], [33.64804, -117.81441], [33.63055, -117.81535], [33.64743, -117.81541], [33.67733, -117.85939], [33.65462, -117.84545], [33.63039, -117.81463], [33.64873, -117.85274], [33.65733, -117.83871], [33.6285, -117.8061], [33.63133, -117.81775], [33.64748, -117.81539], [33.63052, -117.81525], [33.64809, -117.81444], [33.65676, -117.83874], [33.64773, -117.85092], [33.63105, -117.81651], [33.64811, -117.81441], [33.63053, -117.81528], [33.64739, -117.81545], [33.63103, -117.81641], [33.64842, -117.85182], [33.63052, -117.81528], [33.64744, -117.81543], [33.65425, -117.81937], [33.6487, -117.85258], [33.63058, -117.81539], [33.64747, -117.81539], [33.65718, -117.83678], [33.64872, -117.85259], [33.63137, -117.81773], [33.64745, -117.81542], [33.63055, -117.81537], [33.64811, -117.81443], [33.63106, -117.81654], [33.64808, -117.81443], [33.64979, -117.81591], [33.636, -117.81264], [33.62913, -117.85681], [33.62289, -117.85284], [33.63065, -117.81549], [33.64806, -117.81445], [33.62158, -117.85128], [33.56461, -117.8299], [33.65712, -117.83682], [33.64877, -117.85262], [33.6306, -117.81541], [33.64749, -117.81543], [33.65442, -117.81918], [33.64871, -117.85263], [33.6311, -117.81655], [33.64807, -117.81444], [33.65715, -117.83672], [33.64871, -117.8528], [33.63066, -117.81555], [33.64818, -117.81436], [33.63106, -117.81654], [33.64814, -117.8144], [33.65436, -117.81923], [33.64763, -117.85068], [33.65717, -117.83645], [33.64883, -117.85269], [33.65714, -117.83648], [33.64869, -117.85304], [33.65719, -117.83867], [33.64873, -117.85265], [33.65715, -117.83682], [33.64874, -117.85267], [33.65715, -117.83656], [33.64895, -117.85276], [33.62832, -117.80591], [33.64873, -117.85263], [33.65714, -117.83653], [33.64873, -117.85269], [33.65666, -117.82918], [33.6484, -117.8518], [33.65715, -117.83649], [33.64848, -117.85191], [33.65715, -117.83648], [33.64871, -117.85269], [33.64985, -117.81608], [33.636, -117.81227]]","[[33.65558187992053, -117.83541557419436], [33.64628064164142, -117.81375034100452], [33.64991166773838, -117.81375886875564]]","[9, 6, 6]","[2834.4081302221234, 2613.4981755529534, 2905.0995359463072]",0.15624308586120605,810.8984889984131
8,1400,41,"[33.64025067958688, -117.83443429448087]","[33.63988602114942, -117.84314737861612]",809.346833681722,"[[33.64984, -117.81591], [33.64355, -117.81495], [33.63059, -117.81542], [33.64818, -117.81436], [33.65714, -117.8365], [33.64974, -117.85314], [33.65714, -117.83668], [33.6494, -117.8532], [33.62913, -117.85681], [33.62289, -117.85284], [33.65712, -117.83682], [33.64966, -117.85315], [33.65715, -117.83641], [33.64944, -117.8532], [33.67733, -117.85939], [33.65462, -117.84545], [33.63132, -117.81762], [33.64748, -117.81535], [33.65715, -117.83672], [33.64985, -117.85325], [33.65828, -117.84162], [33.64943, -117.85308], [33.63055, -117.81537], [33.64811, -117.81443], [33.63039, -117.81463], [33.64948, -117.85315], [33.65715, -117.83649], [33.64956, -117.85319], [33.62832, -117.80591], [33.64946, -117.85309], [33.65714, -117.83654], [33.64981, -117.85324], [33.63054, -117.81542], [33.6475, -117.81539], [33.63106, -117.81653], [33.64801, -117.81446], [33.63105, -117.81651], [33.64959, -117.85287], [33.63129, -117.81751], [33.64747, -117.81536], [33.67638, -117.86301], [33.6494, -117.85314], [33.63103, -117.81641], [33.64966, -117.85324], [33.63071, -117.81563], [33.64816, -117.81436], [33.65715, -117.8365], [33.64937, -117.85314], [33.6311, -117.81655], [33.64807, -117.81444], [33.63105, -117.81651], [33.64811, -117.81441], [33.62864, -117.8165], [33.64804, -117.81441], [33.65714, -117.83692], [33.64974, -117.85325], [33.64979, -117.81591], [33.636, -117.81264], [33.63053, -117.81528], [33.64739, -117.81545], [33.65715, -117.83656], [33.64976, -117.85323], [33.65715, -117.83682], [33.64971, -117.85321], [33.65715, -117.83648], [33.64982, -117.85323], [33.63106, -117.81654], [33.64814, -117.8144], [33.65715, -117.83646], [33.6498, -117.85324], [33.65436, -117.81923], [33.64974, -117.85322], [33.65676, -117.83874], [33.64941, -117.85307], [33.63054, -117.81532], [33.64749, -117.81538], [33.65715, -117.83647], [33.64983, -117.85323], [33.65733, -117.83871], [33.6285, -117.8061], [33.65714, -117.83645], [33.64971, -117.85323]]","[[33.664358217894105, -117.83677190333047], [33.66615562614744, -117.83637197362151], [33.64995396130251, -117.83588507707894]]","[14, 13, 12]","[2778.037916887403, 2980.732526858807, 1304.1806616518522]",0.20442676544189453,209.4605348110199
9,1400,50,"[33.64025067958688, -117.83443429448087]","[33.64541942331771, -117.82898265250986]",764.4922244501481,"[[33.67638, -117.86301], [33.6494, -117.85314], [33.65718, -117.83683], [33.64873, -117.8527], [33.65716, -117.83647], [33.64845, -117.85184], [33.63135, -117.8177], [33.64824, -117.81421], [33.63112, -117.81674], [33.64821, -117.81411], [33.65705, -117.83504], [33.64871, -117.85255], [33.62158, -117.85128], [33.56461, -117.8299], [33.65715, -117.83686], [33.64873, -117.85263], [33.63054, -117.81532], [33.64826, -117.81423], [33.65715, -117.83648], [33.64982, -117.85323], [33.63064, -117.81553], [33.64826, -117.81416], [33.62832, -117.80591], [33.64946, -117.85309], [33.65714, -117.83654], [33.64981, -117.85324], [33.65713, -117.83649], [33.6577, -117.84211], [33.63059, -117.81534], [33.64826, -117.81418], [33.65706, -117.83505], [33.65741, -117.84247], [33.65714, -117.83653], [33.64873, -117.85269], [33.64979, -117.81474], [33.636, -117.81227], [33.65494, -117.81902], [33.65738, -117.84247], [33.65715, -117.83646], [33.6498, -117.85324], [33.63052, -117.81528], [33.64824, -117.81423], [33.65717, -117.83648], [33.64873, -117.85276], [33.64982, -117.81471], [33.64232, -117.81414], [33.65676, -117.83874], [33.64941, -117.85307], [33.63056, -117.81532], [33.64822, -117.81424], [33.65711, -117.8351], [33.64816, -117.85157], [33.65719, -117.83867], [33.64873, -117.85265], [33.65516, -117.81895], [33.64974, -117.85322], [33.63053, -117.81528], [33.6482, -117.81425], [33.63059, -117.81542], [33.64824, -117.81424], [33.63106, -117.81653], [33.6482, -117.8142], [33.63105, -117.81651], [33.64959, -117.85287], [33.65715, -117.83647], [33.64983, -117.85323], [33.63039, -117.81463], [33.64948, -117.85315], [33.63098, -117.81633], [33.63096, -117.81639], [33.65828, -117.84162], [33.64943, -117.85308], [33.63106, -117.81661], [33.64826, -117.81421], [33.63066, -117.81555], [33.64825, -117.8142], [33.65714, -117.83692], [33.64974, -117.85325], [33.65712, -117.83646], [33.64874, -117.85271], [33.65717, -117.83645], [33.64883, -117.85269], [33.65748, -117.83881], [33.64882, -117.85278], [33.64977, -117.81476], [33.636, -117.81264], [33.63059, -117.81543], [33.64822, -117.81416], [33.67733, -117.85939], [33.65462, -117.84545], [33.63057, -117.81536], [33.64825, -117.81416], [33.65562, -117.83808], [33.64881, -117.85273], [33.65711, -117.83515], [33.64872, -117.85259], [33.65717, -117.83685], [33.64873, -117.8527], [33.63105, -117.81647], [33.64827, -117.81413]]","[[33.620974053111404, -117.82136656838509], [33.625878287948446, -117.8186068437733], [33.62750790244193, -117.81763733101053]]","[11, 8, 8]","[2801.941942349451, 2371.579652434292, 2248.284991512539]",0.29690051078796387,372.0032596588135
10,1400,52,"[33.64025067958688, -117.83443429448087]","[33.64520562744374, -117.84430247140087]",1067.7656881101018,"[[33.67733, -117.85939], [33.65777, -117.84205], [33.63132, -117.81762], [33.64748, -117.81535], [33.65705, -117.83504], [33.65771, -117.84211], [33.65716, -117.83646], [33.65779, -117.84204], [33.63098, -117.81633], [33.63096, -117.81639], [33.63039, -117.81463], [33.65019, -117.85899], [33.65455, -117.83397], [33.6577, -117.84212], [33.65707, -117.8367], [33.65793, -117.84194], [33.63136, -117.81787], [33.6505, -117.82204], [33.65715, -117.83641], [33.65776, -117.84206], [33.6306, -117.81541], [33.64749, -117.81543], [33.65716, -117.83648], [33.65784, -117.84202], [33.63135, -117.81791], [33.64743, -117.81546], [33.63056, -117.81527], [33.64753, -117.81535], [33.62158, -117.85128], [33.56461, -117.8299], [33.65712, -117.83682], [33.65792, -117.84197], [33.65425, -117.81937], [33.65612, -117.82196], [33.65717, -117.83685], [33.65777, -117.84208], [33.65719, -117.83867], [33.6577, -117.84214], [33.63129, -117.81751], [33.64747, -117.81536], [33.65714, -117.83648], [33.65771, -117.84212], [33.63059, -117.81534], [33.64826, -117.81418], [33.6311, -117.81655], [33.64807, -117.81444], [33.63112, -117.81674], [33.64821, -117.81411], [33.64977, -117.81476], [33.636, -117.81264], [33.65714, -117.83654], [33.65777, -117.84208], [33.65717, -117.83645], [33.65773, -117.84212], [33.62913, -117.85681], [33.62289, -117.85284], [33.65828, -117.84162], [33.65091, -117.85866], [33.65715, -117.83672], [33.65802, -117.84192], [33.63106, -117.81654], [33.64814, -117.8144], [33.65716, -117.83653], [33.65775, -117.84211], [33.65718, -117.83683], [33.65777, -117.84205], [33.63057, -117.81537], [33.64806, -117.81442], [33.67638, -117.86301], [33.65021, -117.85837], [33.65426, -117.81935], [33.65776, -117.84208], [33.63106, -117.81661], [33.64826, -117.81421], [33.65714, -117.83668], [33.65776, -117.84209], [33.65712, -117.83646], [33.65772, -117.84211], [33.63053, -117.81528], [33.6482, -117.81425], [33.64982, -117.81471], [33.64232, -117.81414], [33.62883, -117.84913], [33.62895, -117.84877], [33.63052, -117.81528], [33.64824, -117.81423], [33.65666, -117.82918], [33.658, -117.84192], [33.65714, -117.8365], [33.65809, -117.84184], [33.65706, -117.83505], [33.658, -117.84191], [33.63059, -117.81542], [33.64824, -117.81424], [33.6562, -117.83339], [33.6581, -117.8418], [33.65715, -117.83686], [33.65772, -117.84213], [33.63106, -117.81654], [33.64808, -117.81443], [33.65711, -117.83515], [33.65772, -117.8421]]","[[33.66328314208234, -117.85567971851506], [33.62259751030874, -117.82040712144007], [33.65641232589551, -117.84061540156029]]","[10, 9, 9]","[2265.852649116962, 3347.102796979922, 1289.1983522980602]",0.7353613376617432,388.38549423217773
11,1400,83,"[33.64025067958688, -117.83443429448087]","[33.643214051677674, -117.84357740320357]",909.6705520123418,"[[33.65717, -117.83648], [33.65613, -117.84383], [33.63132, -117.81762], [33.64748, -117.81535], [33.65716, -117.83647], [33.65676, -117.84313], [33.65714, -117.83648], [33.65771, -117.84212], [33.65718, -117.83678], [33.65716, -117.84272], [33.65715, -117.83684], [33.65602, -117.84397], [33.63105, -117.81651], [33.64811, -117.81441], [33.65718, -117.83684], [33.6509, -117.85614], [33.65715, -117.837], [33.6565, -117.8434], [33.6562, -117.83339], [33.6581, -117.8418], [33.62158, -117.85128], [33.56461, -117.8299], [33.65715, -117.83648], [33.6567, -117.8432], [33.63106, -117.81653], [33.6482, -117.8142], [33.63135, -117.8177], [33.64824, -117.81421], [33.65715, -117.8365], [33.65632, -117.84359], [33.65712, -117.83682], [33.65792, -117.84197], [33.65783, -117.83865], [33.65784, -117.8389], [33.65712, -117.83646], [33.65772, -117.84211], [33.65442, -117.81918], [33.65659, -117.84332], [33.63054, -117.81542], [33.6475, -117.81539], [33.63105, -117.81651], [33.65702, -117.8429], [33.63039, -117.81463], [33.65019, -117.85899], [33.63053, -117.81528], [33.6482, -117.81425], [33.63105, -117.81647], [33.64827, -117.81413], [33.65828, -117.84162], [33.65091, -117.85866], [33.65715, -117.83672], [33.65802, -117.84192], [33.65516, -117.81895], [33.65631, -117.84359], [33.67733, -117.85939], [33.65777, -117.84205], [33.65426, -117.81935], [33.65776, -117.84208], [33.65714, -117.83692], [33.65628, -117.84366], [33.63106, -117.81661], [33.64826, -117.81421], [33.63098, -117.81633], [33.63096, -117.81639], [33.65706, -117.83505], [33.658, -117.84191], [33.64982, -117.81471], [33.64232, -117.81414], [33.65715, -117.83646], [33.65617, -117.84375], [33.63055, -117.81537], [33.64811, -117.81443], [33.63055, -117.81528], [33.64766, -117.81534], [33.65715, -117.83656], [33.6567, -117.84319], [33.63062, -117.81545], [33.64808, -117.81443], [33.65718, -117.83683], [33.65585, -117.84409], [33.64979, -117.81474], [33.636, -117.81227], [33.65719, -117.83867], [33.6577, -117.84214], [33.65714, -117.8365], [33.65809, -117.84184], [33.65714, -117.83645], [33.65763, -117.8422], [33.62864, -117.8165], [33.64804, -117.81441], [33.63136, -117.81787], [33.6505, -117.82204], [33.65425, -117.81937], [33.65612, -117.82196], [33.63137, -117.81773], [33.64745, -117.81542], [33.67638, -117.86301], [33.65021, -117.85837], [33.65676, -117.83874], [33.65091, -117.85885], [33.65666, -117.82918], [33.658, -117.84192], [33.65718, -117.83679], [33.65584, -117.84413], [33.63064, -117.81553], [33.64826, -117.81416], [33.65716, -117.83653], [33.65775, -117.84211], [33.631, -117.81636], [33.64812, -117.81442], [33.63065, -117.81549], [33.64806, -117.81445], [33.65717, -117.83685], [33.65777, -117.84208], [33.63103, -117.81641], [33.6561, -117.84386], [33.63129, -117.81751], [33.64747, -117.81536], [33.6311, -117.81655], [33.64807, -117.81444], [33.63052, -117.81525], [33.64809, -117.81444], [33.63052, -117.81531], [33.64811, -117.81443], [33.63133, -117.81775], [33.64748, -117.81539], [33.65718, -117.83683], [33.65777, -117.84205], [33.62913, -117.85681], [33.62289, -117.85284], [33.65716, -117.83646], [33.65779, -117.84204], [33.63112, -117.81674], [33.64821, -117.81411], [33.65748, -117.83881], [33.65653, -117.84346], [33.63056, -117.81527], [33.64753, -117.81535], [33.63059, -117.81543], [33.64822, -117.81416], [33.65714, -117.83653], [33.65767, -117.84217], [33.62883, -117.84913], [33.62895, -117.84877], [33.63056, -117.81532], [33.64822, -117.81424], [33.65715, -117.83682], [33.6564, -117.84347], [33.65715, -117.83647], [33.6564, -117.84342], [33.63106, -117.81654], [33.64814, -117.8144], [33.65715, -117.83649], [33.65604, -117.84391], [33.65714, -117.83668], [33.65776, -117.84209], [33.65707, -117.8367], [33.65793, -117.84194], [33.63052, -117.81528], [33.64824, -117.81423], [33.65713, -117.83649], [33.6577, -117.84211], [33.63106, -117.81654], [33.64808, -117.81443]]","[[33.65981610069344, -117.84563580781068], [33.658620199450034, -117.84398508708334], [33.66552357743286, -117.85405051952776]]","[16, 8, 8]","[1851.3073793582596, 1709.2081899369773, 2658.348256742693]",0.798809289932251,819.4258060455322
12,1400,77,"[33.64025067958688, -117.83443429448087]","[33.63209231043056, -117.84184734858025]",1136.5927208610253,"[[33.63059, -117.81534], [33.64826, -117.81418], [33.65716, -117.83647], [33.65676, -117.84313], [33.63058, -117.81539], [33.64747, -117.81539], [33.65426, -117.81935], [33.65776, -117.84208], [33.65455, -117.83397], [33.6577, -117.84212], [33.62832, -117.80591], [33.64946, -117.85309], [33.63065, -117.81549], [33.64806, -117.81445], [33.63054, -117.81542], [33.6475, -117.81539], [33.6306, -117.81541], [33.64749, -117.81543], [33.65706, -117.83505], [33.658, -117.84191], [33.65829, -117.8416], [33.65843, -117.84135], [33.63135, -117.8177], [33.64824, -117.81421], [33.63098, -117.81633], [33.63096, -117.81639], [33.65711, -117.8351], [33.64816, -117.85157], [33.63136, -117.81787], [33.6505, -117.82204], [33.65713, -117.83649], [33.6577, -117.84211], [33.63105, -117.81647], [33.64827, -117.81413], [33.63059, -117.81542], [33.64824, -117.81424], [33.65715, -117.83641], [33.65776, -117.84206], [33.65715, -117.837], [33.6565, -117.8434], [33.63054, -117.81532], [33.64826, -117.81423], [33.65714, -117.83654], [33.65777, -117.84208], [33.65442, -117.81918], [33.65659, -117.84332], [33.65712, -117.83646], [33.65772, -117.84211], [33.63132, -117.81762], [33.64748, -117.81535], [33.63066, -117.81555], [33.64825, -117.8142], [33.65715, -117.83682], [33.6564, -117.84347], [33.63106, -117.81653], [33.6482, -117.8142], [33.65425, -117.81937], [33.65612, -117.82196], [33.65718, -117.83684], [33.6509, -117.85614], [33.63133, -117.81775], [33.64748, -117.81539], [33.65715, -117.83648], [33.64982, -117.85323], [33.65715, -117.83672], [33.65802, -117.84192], [33.65718, -117.83683], [33.65585, -117.84409], [33.65425, -117.81937], [33.6487, -117.85258], [33.65716, -117.83652], [33.64872, -117.85274], [33.63059, -117.81543], [33.64822, -117.81416], [33.65733, -117.83871], [33.6285, -117.8061], [33.64979, -117.81474], [33.636, -117.81227], [33.63106, -117.81661], [33.64826, -117.81421], [33.65705, -117.83504], [33.65771, -117.84211], [33.65715, -117.83686], [33.65772, -117.84213], [33.63103, -117.81641], [33.6561, -117.84386], [33.65712, -117.83682], [33.65792, -117.84197], [33.63112, -117.81674], [33.64821, -117.81411], [33.63053, -117.81528], [33.6482, -117.81425], [33.63135, -117.81791], [33.64743, -117.81546], [33.63056, -117.81527], [33.64753, -117.81535], [33.65714, -117.83645], [33.65763, -117.8422], [33.62913, -117.85681], [33.62289, -117.85284], [33.65715, -117.83646], [33.65617, -117.84375], [33.63106, -117.81654], [33.64808, -117.81443], [33.6311, -117.81655], [33.64807, -117.81444], [33.65748, -117.83881], [33.65653, -117.84346], [33.63064, -117.81553], [33.64826, -117.81416], [33.65676, -117.83874], [33.65091, -117.85885], [33.6562, -117.83339], [33.6581, -117.8418], [33.63052, -117.81525], [33.64809, -117.81444], [33.65716, -117.83646], [33.65779, -117.84204], [33.62905, -117.85653], [33.62313, -117.8527], [33.65828, -117.84162], [33.65091, -117.85866], [33.67638, -117.86301], [33.65021, -117.85837], [33.63057, -117.81537], [33.64806, -117.81442], [33.65516, -117.81895], [33.65631, -117.84359], [33.63105, -117.81651], [33.64811, -117.81441], [33.65715, -117.8365], [33.65632, -117.84359], [33.63049, -117.8152], [33.648, -117.8144], [33.63129, -117.81751], [33.64747, -117.81536], [33.65718, -117.83683], [33.65777, -117.84205], [33.65715, -117.83647], [33.6564, -117.84342], [33.63056, -117.81532], [33.64822, -117.81424], [33.63057, -117.81536], [33.64825, -117.81416], [33.67733, -117.85939], [33.65777, -117.84205], [33.65715, -117.83656], [33.6567, -117.84319], [33.65711, -117.83515], [33.65772, -117.8421], [33.63039, -117.81463], [33.65019, -117.85899], [33.65719, -117.83867], [33.6577, -117.84214]]","[[33.66612400425391, -117.83536590321593], [33.660695692991986, -117.83561068203531], [33.66250769241747, -117.83557700070887]]","[24, 16, 16]","[3822.2449621416517, 3224.893856705816, 3423.3317945972303]",0.16437745094299316,733.9007458686829
13,1400,51,"[33.64025067958688, -117.83443429448087]","[33.63319085663577, -117.83427208534032]",783.1908036651073,"[[33.65706, -117.83505], [33.658, -117.84191], [33.63055, -117.81535], [33.64743, -117.81541], [33.65455, -117.83397], [33.6577, -117.84212], [33.65715, -117.83647], [33.6564, -117.84342], [33.65715, -117.83649], [33.65604, -117.84391], [33.63052, -117.81528], [33.64824, -117.81423], [33.65716, -117.83646], [33.65779, -117.84204], [33.63054, -117.81542], [33.6475, -117.81539], [33.62905, -117.85653], [33.62313, -117.8527], [33.63106, -117.81654], [33.64808, -117.81443], [33.65716, -117.83653], [33.65775, -117.84211], [33.63055, -117.81528], [33.64766, -117.81534], [33.63062, -117.81545], [33.64808, -117.81443], [33.63133, -117.81775], [33.64748, -117.81539], [33.63071, -117.81563], [33.64816, -117.81436], [33.62832, -117.80591], [33.64946, -117.85309], [33.63105, -117.81647], [33.64827, -117.81413], [33.65748, -117.83881], [33.65653, -117.84346], [33.63112, -117.81674], [33.64821, -117.81411], [33.6306, -117.81541], [33.64749, -117.81543], [33.63056, -117.81527], [33.64753, -117.81535], [33.63064, -117.81553], [33.64826, -117.81416], [33.63059, -117.81542], [33.64824, -117.81424], [33.65718, -117.83683], [33.65585, -117.84409], [33.63136, -117.81787], [33.6505, -117.82204], [33.65715, -117.83684], [33.65602, -117.84397], [33.65716, -117.83648], [33.65784, -117.84202], [33.63056, -117.81532], [33.64822, -117.81424], [33.63137, -117.81773], [33.64745, -117.81542], [33.65828, -117.84162], [33.65091, -117.85866], [33.65713, -117.83649], [33.6577, -117.84211], [33.65715, -117.83686], [33.65772, -117.84213], [33.65715, -117.83641], [33.65776, -117.84206], [33.65442, -117.81918], [33.65659, -117.84332], [33.65718, -117.83684], [33.6509, -117.85614], [33.63106, -117.81654], [33.64814, -117.8144], [33.63049, -117.8152], [33.648, -117.8144], [33.65715, -117.837], [33.6565, -117.8434], [33.65719, -117.83867], [33.6577, -117.84214], [33.65715, -117.83648], [33.6567, -117.8432], [33.65718, -117.83679], [33.65584, -117.84413], [33.65712, -117.83682], [33.65792, -117.84197], [33.64979, -117.81474], [33.636, -117.81227], [33.65717, -117.83645], [33.65773, -117.84212], [33.65715, -117.83648], [33.64982, -117.85323], [33.63054, -117.81532], [33.64826, -117.81423], [33.63052, -117.81525], [33.64809, -117.81444], [33.631, -117.81636], [33.64812, -117.81442], [33.63055, -117.81537], [33.64811, -117.81443], [33.65426, -117.81935], [33.65776, -117.84208], [33.65705, -117.83504], [33.65771, -117.84211]]","[[33.66075261278595, -117.84748481474196], [33.655406897366205, -117.83592811114508], [33.65954928994369, -117.84584357585713]]","[16, 14, 10]","[3293.598581363044, 2468.8981876875246, 3114.409592880869]",0.09372663497924805,325.9984884262085
14,1400,69,"[33.64025067958688, -117.83443429448087]","[33.64043583126531, -117.82702767382303]",687.4361685197744,"[[33.65716, -117.83653], [33.65775, -117.84211], [33.65714, -117.83653], [33.65767, -117.84217], [33.6562, -117.83339], [33.6581, -117.8418], [33.63098, -117.81633], [33.63096, -117.81639], [33.65714, -117.83692], [33.65628, -117.84366], [33.631, -117.81636], [33.64812, -117.81442], [33.63039, -117.81463], [33.65019, -117.85899], [33.67638, -117.86301], [33.65021, -117.85837], [33.63112, -117.81674], [33.64821, -117.81411], [33.65715, -117.83656], [33.6567, -117.84319], [33.65828, -117.84162], [33.65091, -117.85866], [33.65715, -117.83672], [33.65802, -117.84192], [33.63105, -117.81651], [33.64811, -117.81441], [33.65719, -117.83867], [33.6577, -117.84214], [33.63059, -117.81542], [33.64824, -117.81424], [33.65718, -117.83683], [33.65585, -117.84409], [33.65714, -117.83648], [33.65771, -117.84212], [33.65716, -117.83652], [33.64872, -117.85274], [33.65733, -117.83871], [33.6285, -117.8061], [33.65748, -117.83881], [33.65653, -117.84346], [33.63104, -117.81648], [33.6477, -117.8146], [33.65715, -117.83648], [33.64982, -117.85323], [33.65707, -117.8367], [33.65793, -117.84194], [33.63056, -117.81527], [33.6477, -117.81463], [33.63114, -117.8168], [33.64775, -117.81459], [33.65715, -117.83684], [33.65602, -117.84397], [33.63106, -117.81653], [33.6482, -117.8142], [33.65716, -117.83647], [33.65676, -117.84313], [33.65718, -117.83684], [33.6509, -117.85614], [33.65516, -117.81895], [33.65631, -117.84359], [33.65714, -117.83668], [33.65776, -117.84209], [33.65715, -117.83682], [33.6564, -117.84347], [33.65716, -117.83648], [33.65784, -117.84202], [33.63052, -117.81525], [33.64809, -117.81444], [33.63049, -117.8152], [33.648, -117.8144], [33.65714, -117.8365], [33.65809, -117.84184], [33.63065, -117.81549], [33.64806, -117.81445], [33.65705, -117.83504], [33.65771, -117.84211], [33.65715, -117.8365], [33.65632, -117.84359], [33.63062, -117.81545], [33.64808, -117.81443], [33.63066, -117.81555], [33.64825, -117.8142], [33.63055, -117.81528], [33.64773, -117.81465], [33.63055, -117.81537], [33.64811, -117.81443], [33.65715, -117.837], [33.6565, -117.8434], [33.64977, -117.81476], [33.636, -117.81264], [33.65711, -117.83515], [33.65772, -117.8421], [33.65426, -117.81935], [33.65776, -117.84208], [33.65714, -117.83648], [33.64869, -117.85304], [33.65715, -117.83648], [33.6567, -117.8432], [33.65714, -117.83654], [33.65777, -117.84208], [33.63106, -117.81654], [33.64814, -117.8144], [33.63105, -117.81656], [33.64768, -117.81466], [33.63055, -117.81535], [33.64771, -117.8146], [33.63106, -117.81661], [33.64826, -117.81421], [33.65711, -117.8351], [33.64816, -117.85157], [33.63108, -117.8166], [33.64775, -117.81458], [33.63058, -117.81539], [33.6477, -117.81457], [33.65716, -117.83646], [33.65779, -117.84204], [33.65494, -117.81902], [33.65738, -117.84247], [33.65712, -117.83646], [33.65772, -117.84211], [33.63071, -117.81563], [33.64816, -117.81436], [33.65425, -117.81937], [33.6487, -117.85258], [33.63053, -117.81528], [33.6482, -117.81425], [33.62832, -117.80591], [33.64946, -117.85309], [33.65718, -117.83679], [33.65584, -117.84413], [33.65715, -117.83646], [33.65617, -117.84375], [33.63108, -117.81653], [33.64824, -117.81421], [33.63054, -117.81542], [33.64776, -117.81457]]","[[33.66973150233419, -117.83524983577432], [33.66250926539997, -117.83549740494577], [33.660688953669805, -117.83563028517288]]","[43, 18, 18]","[3337.665808898639, 2571.2690119617805, 2383.922822194161]",0.33150696754455566,626.1986558437347
0,1600,52,"[33.64025067958688, -117.83443429448087]","[33.64533163326956, -117.83894131932414]",701.7256837148715,"[[33.63057, -117.81536], [33.64825, -117.81416], [33.63114, -117.8168], [33.64775, -117.81459], [33.63052, -117.81525], [33.64809, -117.81444], [33.63052, -117.81528], [33.64824, -117.81423], [33.64977, -117.81476], [33.636, -117.81264], [33.65425, -117.81937], [33.65666, -117.82816], [33.63057, -117.81537], [33.64806, -117.81442], [33.63059, -117.81543], [33.64822, -117.81416], [33.63056, -117.81527], [33.6477, -117.81463], [33.64982, -117.81471], [33.64232, -117.81414], [33.63054, -117.81542], [33.64776, -117.81457], [33.62905, -117.85653], [33.62313, -117.8527], [33.63105, -117.81651], [33.65665, -117.82817], [33.63098, -117.81633], [33.63096, -117.81639], [33.63106, -117.81653], [33.6482, -117.8142], [33.63064, -117.81553], [33.64826, -117.81416], [33.6306, -117.81541], [33.64749, -117.81543], [33.63059, -117.81534], [33.64826, -117.81418], [33.62864, -117.8165], [33.64804, -117.81441], [33.63108, -117.8166], [33.64775, -117.81458], [33.66142, -117.83817], [33.65986, -117.83988], [33.63105, -117.81651], [33.64811, -117.81441], [33.62158, -117.85128], [33.56461, -117.8299], [33.66039, -117.8392], [33.6285, -117.8061], [33.65442, -117.81918], [33.65672, -117.82809], [33.63055, -117.81528], [33.64773, -117.81465], [33.63058, -117.81539], [33.6477, -117.81457], [33.63103, -117.81641], [33.65668, -117.82813], [33.65426, -117.81935], [33.65672, -117.82811], [33.63039, -117.81463], [33.65019, -117.85899], [33.66153, -117.83799], [33.65091, -117.85866]]","[[33.6323650945566, -117.81496110915162], [33.65186715175282, -117.82517719317528], [33.64948018761553, -117.81259258647084]]","[6, 3, 3]","[2649.125225836691, 1468.23357150574, 2487.1684156410083]",1.1482453346252441,130.0242624282837
1,1600,112,"[33.64025067958688, -117.83443429448087]","[33.63056300880942, -117.83149089727155]",1108.6739416394562,"[[33.63005, -117.81395], [33.64822, -117.81416], [33.63015, -117.81418], [33.64775, -117.81458], [33.63001, -117.81376], [33.64809, -117.81444], [33.62158, -117.85128], [33.56461, -117.8299], [33.65716, -117.83646], [33.65779, -117.84204], [33.6301, -117.81406], [33.64825, -117.81416], [33.63009, -117.81402], [33.64808, -117.81443], [33.65425, -117.81937], [33.65666, -117.82816], [33.65711, -117.8351], [33.64816, -117.85157], [33.62913, -117.85681], [33.62289, -117.85284], [33.65706, -117.83505], [33.658, -117.84191], [33.63001, -117.81388], [33.648, -117.8144], [33.63019, -117.81423], [33.6477, -117.81463], [33.65715, -117.83686], [33.65772, -117.84213], [33.63006, -117.81394], [33.64812, -117.81442], [33.63008, -117.81403], [33.64771, -117.8146], [33.63006, -117.81399], [33.64825, -117.8142], [33.65426, -117.81935], [33.65672, -117.82811], [33.65714, -117.83645], [33.65763, -117.8422], [33.65716, -117.83647], [33.65676, -117.84313], [33.63007, -117.81403], [33.64824, -117.81423], [33.65715, -117.83648], [33.6567, -117.8432], [33.65783, -117.83865], [33.65784, -117.8389], [33.63006, -117.81401], [33.64811, -117.81443], [33.65425, -117.81937], [33.65612, -117.82196], [33.63006, -117.81396], [33.64826, -117.81423], [33.63009, -117.81404], [33.64808, -117.81443], [33.64977, -117.81476], [33.636, -117.81264], [33.63007, -117.81398], [33.64824, -117.81424], [33.65494, -117.81902], [33.65738, -117.84247], [33.63019, -117.81425], [33.6477, -117.8146], [33.63011, -117.81403], [33.64811, -117.81441], [33.66039, -117.8392], [33.6285, -117.8061], [33.65714, -117.83692], [33.65628, -117.84366], [33.64979, -117.81474], [33.636, -117.81227], [33.63009, -117.81402], [33.64824, -117.81421], [33.65716, -117.83648], [33.65784, -117.84202], [33.63012, -117.81403], [33.64816, -117.81436], [33.62998, -117.81387], [33.64776, -117.81457], [33.63007, -117.81399], [33.6477, -117.81457], [33.65676, -117.83874], [33.65091, -117.85885], [33.6301, -117.81403], [33.64827, -117.81413], [33.65715, -117.83656], [33.6567, -117.84319], [33.63006, -117.81397], [33.64826, -117.81416], [33.65714, -117.83668], [33.65776, -117.84209], [33.62905, -117.85653], [33.62313, -117.8527], [33.65718, -117.83679], [33.65584, -117.84413], [33.65718, -117.83684], [33.6509, -117.85614], [33.65829, -117.8416], [33.65843, -117.84135], [33.63006, -117.81402], [33.64811, -117.81443], [33.63008, -117.814], [33.64822, -117.81424], [33.62832, -117.80591], [33.64946, -117.85309], [33.63004, -117.81397], [33.64773, -117.81465], [33.65712, -117.83682], [33.65792, -117.84197], [33.62968, -117.81297], [33.64748, -117.81539], [33.66142, -117.83817], [33.65986, -117.83988], [33.63008, -117.81402], [33.6482, -117.8142], [33.67733, -117.85939], [33.65777, -117.84205], [33.63007, -117.81404], [33.64768, -117.81466], [33.63012, -117.81402], [33.64775, -117.81459], [33.65442, -117.81918], [33.65672, -117.82809], [33.6301, -117.8141], [33.64806, -117.81442], [33.61911, -117.82018], [33.63004, -117.81416], [33.65711, -117.83515], [33.65772, -117.8421], [33.63007, -117.814], [33.64821, -117.81411], [33.63012, -117.81398], [33.64826, -117.81418], [33.65713, -117.83649], [33.6577, -117.84211], [33.63008, -117.81406], [33.64826, -117.81421], [33.65719, -117.83867], [33.6577, -117.84214], [33.6562, -117.83339], [33.6581, -117.8418], [33.65715, -117.83682], [33.6564, -117.84347], [33.63004, -117.81388], [33.64806, -117.81445], [33.63007, -117.81398], [33.64807, -117.81444], [33.65715, -117.837], [33.6565, -117.8434], [33.63019, -117.81424], [33.64743, -117.81546], [33.65717, -117.83648], [33.65613, -117.84383], [33.63008, -117.81399], [33.6482, -117.81425], [33.63002, -117.81387], [33.64814, -117.8144], [33.65717, -117.83645], [33.65773, -117.84212], [33.6301, -117.81406], [33.65019, -117.85899], [33.67638, -117.86301], [33.65021, -117.85837], [33.65516, -117.81895], [33.65631, -117.84359], [33.65714, -117.8365], [33.65809, -117.84184], [33.64982, -117.81471], [33.64232, -117.81414], [33.65715, -117.83641], [33.65776, -117.84206], [33.65718, -117.83678], [33.65716, -117.84272], [33.65716, -117.83652], [33.64872, -117.85274], [33.62506, -117.81551], [33.64804, -117.81441], [33.63009, -117.81405], [33.65665, -117.82817], [33.6301, -117.81401], [33.64749, -117.81543], [33.63006, -117.81397], [33.65668, -117.82813], [33.66153, -117.83799], [33.65091, -117.85866]]","[[33.659832313898704, -117.84561585858104], [33.65885312491847, -117.83570176393695], [33.65540687774655, -117.83585823265155]]","[23, 10, 10]","[3500.900395367017, 3162.0477675565776, 2785.2073421608943]",0.4379720687866211,1207.3128898143768
2,1600,82,"[33.64025067958688, -117.83443429448087]","[33.632702910869575, -117.83227608247174]",860.7794690037551,"[[33.63011, -117.81403], [33.64811, -117.81441], [33.65717, -117.83645], [33.65773, -117.84212], [33.65516, -117.81895], [33.65631, -117.84359], [33.65716, -117.83646], [33.65779, -117.84204], [33.63006, -117.81399], [33.64825, -117.8142], [33.63015, -117.81418], [33.64775, -117.81458], [33.65676, -117.83874], [33.65091, -117.85885], [33.62158, -117.85128], [33.56461, -117.8299], [33.63001, -117.81388], [33.648, -117.8144], [33.65716, -117.83652], [33.64872, -117.85274], [33.65425, -117.81937], [33.65612, -117.82196], [33.67638, -117.86301], [33.65021, -117.85837], [33.67733, -117.85939], [33.65777, -117.84205], [33.6301, -117.8141], [33.64806, -117.81442], [33.63019, -117.81423], [33.6477, -117.81463], [33.6301, -117.81403], [33.64827, -117.81413], [33.63006, -117.81397], [33.65668, -117.82813], [33.63007, -117.814], [33.64821, -117.81411], [33.65716, -117.83647], [33.65676, -117.84313], [33.65715, -117.837], [33.6565, -117.8434], [33.65714, -117.83668], [33.65776, -117.84209], [33.64979, -117.81474], [33.636, -117.81227], [33.63008, -117.81406], [33.64826, -117.81421], [33.65494, -117.81902], [33.65738, -117.84247], [33.63006, -117.81396], [33.64826, -117.81423], [33.65715, -117.83641], [33.65776, -117.84206], [33.63009, -117.81404], [33.64808, -117.81443], [33.6562, -117.83339], [33.6581, -117.8418], [33.63004, -117.81388], [33.64806, -117.81445], [33.65716, -117.83648], [33.65784, -117.84202], [33.65715, -117.83682], [33.6564, -117.84347], [33.65714, -117.8365], [33.65809, -117.84184], [33.63019, -117.81425], [33.6477, -117.8146], [33.64982, -117.81471], [33.64232, -117.81414], [33.63009, -117.81405], [33.65665, -117.82817], [33.65714, -117.83692], [33.65628, -117.84366], [33.63007, -117.81398], [33.64807, -117.81444], [33.65706, -117.83505], [33.658, -117.84191], [33.63006, -117.81402], [33.64811, -117.81443], [33.65714, -117.83645], [33.65763, -117.8422], [33.63012, -117.81403], [33.64816, -117.81436], [33.63008, -117.81403], [33.64771, -117.8146], [33.65718, -117.83684], [33.6509, -117.85614], [33.62998, -117.81387], [33.64776, -117.81457], [33.63001, -117.81376], [33.64809, -117.81444], [33.63006, -117.81401], [33.64811, -117.81443], [33.63008, -117.814], [33.64822, -117.81424], [33.65442, -117.81918], [33.65672, -117.82809], [33.65711, -117.8351], [33.64816, -117.85157], [33.65715, -117.83656], [33.6567, -117.84319], [33.63002, -117.81387], [33.64814, -117.8144], [33.65711, -117.83515], [33.65772, -117.8421], [33.63005, -117.81395], [33.64822, -117.81416], [33.6301, -117.81401], [33.64749, -117.81543], [33.63008, -117.81399], [33.6482, -117.81425], [33.62905, -117.85653], [33.62313, -117.8527], [33.65783, -117.83865], [33.65784, -117.8389], [33.6301, -117.81406], [33.64825, -117.81416], [33.62506, -117.81551], [33.64804, -117.81441], [33.65718, -117.83679], [33.65584, -117.84413], [33.61911, -117.82018], [33.63004, -117.81416], [33.6301, -117.81406], [33.65019, -117.85899], [33.65715, -117.83686], [33.65772, -117.84213], [33.65425, -117.81937], [33.65666, -117.82816], [33.63008, -117.81402], [33.6482, -117.8142]]","[[33.65354836902735, -117.83677999083513], [33.66069450969945, -117.83562366853205], [33.65982905471305, -117.84561800924406]]","[10, 10, 10]","[2349.5437279386765, 3120.208576549558, 3253.3462781704065]",0.10980844497680664,563.9822845458984
3,1600,84,"[33.64025067958688, -117.83443429448087]","[33.62855521022249, -117.83145721206542]",1326.2924666220838,"[[33.63006, -117.81396], [33.64826, -117.81423], [33.65717, -117.83648], [33.65613, -117.84383], [33.63009, -117.81402], [33.64824, -117.81421], [33.66142, -117.83817], [33.65986, -117.83988], [33.6274, -117.81422], [33.64804, -117.81441], [33.63008, -117.81403], [33.64771, -117.8146], [33.65716, -117.83652], [33.64872, -117.85274], [33.6301, -117.81406], [33.65019, -117.85899], [33.65717, -117.83645], [33.65773, -117.84212], [33.62998, -117.81387], [33.64776, -117.81457], [33.6301, -117.8141], [33.64806, -117.81442], [33.63007, -117.81398], [33.64807, -117.81444], [33.67733, -117.85939], [33.65777, -117.84205], [33.63007, -117.81404], [33.64768, -117.81466], [33.63009, -117.81405], [33.65665, -117.82817], [33.65711, -117.83515], [33.65772, -117.8421], [33.65783, -117.83865], [33.65784, -117.8389], [33.65706, -117.83505], [33.658, -117.84191], [33.65714, -117.83692], [33.65628, -117.84366], [33.63006, -117.81402], [33.64811, -117.81443], [33.65715, -117.83656], [33.6567, -117.84319], [33.65716, -117.83648], [33.65784, -117.84202], [33.61825, -117.81905], [33.63004, -117.81416], [33.63001, -117.81388], [33.648, -117.8144], [33.63019, -117.81423], [33.6477, -117.81463], [33.63019, -117.81425], [33.6477, -117.8146], [33.65516, -117.81895], [33.65631, -117.84359], [33.62913, -117.85681], [33.62289, -117.85284], [33.63007, -117.81399], [33.6477, -117.81457], [33.64982, -117.81471], [33.64232, -117.81414], [33.63011, -117.81403], [33.64811, -117.81441], [33.63008, -117.81406], [33.64826, -117.81421], [33.65719, -117.83867], [33.6577, -117.84214], [33.64979, -117.81474], [33.636, -117.81227], [33.65715, -117.83686], [33.65772, -117.84213], [33.6562, -117.83339], [33.6581, -117.8418], [33.63012, -117.81398], [33.64826, -117.81418], [33.65715, -117.83648], [33.6567, -117.8432], [33.62832, -117.80591], [33.64946, -117.85309], [33.65676, -117.83874], [33.65091, -117.85885], [33.6301, -117.81401], [33.64749, -117.81543], [33.65712, -117.83682], [33.65792, -117.84197], [33.65426, -117.81935], [33.65672, -117.82811], [33.65442, -117.81918], [33.65672, -117.82809], [33.63006, -117.81399], [33.64825, -117.8142], [33.6301, -117.81403], [33.64827, -117.81413], [33.65425, -117.81937], [33.65666, -117.82816], [33.65494, -117.81902], [33.65738, -117.84247], [33.65718, -117.83678], [33.65716, -117.84272], [33.65714, -117.8365], [33.65809, -117.84184], [33.63008, -117.81402], [33.6482, -117.8142], [33.63007, -117.814], [33.64821, -117.81411], [33.63015, -117.81418], [33.64775, -117.81458], [33.65718, -117.83679], [33.65584, -117.84413], [33.65716, -117.83646], [33.65779, -117.84204], [33.66039, -117.8392], [33.6285, -117.8061], [33.63001, -117.81376], [33.64809, -117.81444], [33.6301, -117.81406], [33.64825, -117.81416], [33.62905, -117.85653], [33.62313, -117.8527], [33.63006, -117.81397], [33.64826, -117.81416], [33.65716, -117.83647], [33.65676, -117.84313], [33.63006, -117.81397], [33.65668, -117.82813], [33.65425, -117.81937], [33.65612, -117.82196], [33.63006, -117.81394], [33.64812, -117.81442], [33.63009, -117.81402], [33.64808, -117.81443], [33.63004, -117.81397], [33.64773, -117.81465], [33.65711, -117.8351], [33.64816, -117.85157], [33.63004, -117.81388], [33.64806, -117.81445], [33.63007, -117.81403], [33.64824, -117.81423], [33.63006, -117.81401], [33.64811, -117.81443], [33.67638, -117.86301], [33.65021, -117.85837]]","[[33.659867721831155, -117.84559218873254], [33.6554141334794, -117.83593078569153], [33.66544805457804, -117.85410437864522]]","[17, 11, 11]","[3712.354343974187, 3007.851633253794, 4599.80157462511]",0.14065861701965332,731.9332025051117
4,1600,41,"[33.64025067958688, -117.83443429448087]","[33.64618731507852, -117.83869728958722]",768.1014926512948,"[[33.63006, -117.81397], [33.65562, -117.82545], [33.63006, -117.81396], [33.64826, -117.81423], [33.64979, -117.81474], [33.636, -117.81227], [33.66071, -117.83888], [33.65091, -117.85885], [33.65426, -117.81935], [33.65567, -117.82527], [33.63001, -117.81388], [33.648, -117.8144], [33.63008, -117.81406], [33.64826, -117.81421], [33.63019, -117.81425], [33.6477, -117.8146], [33.66142, -117.83817], [33.66172, -117.83784], [33.63006, -117.81394], [33.64812, -117.81442], [33.67638, -117.86301], [33.65021, -117.85837], [33.65425, -117.81937], [33.65612, -117.82196], [33.62913, -117.85681], [33.62289, -117.85284], [33.63019, -117.81423], [33.6477, -117.81463], [33.66094, -117.83866], [33.66162, -117.83793], [33.63008, -117.814], [33.64822, -117.81424], [33.63009, -117.81404], [33.64808, -117.81443], [33.65442, -117.81918], [33.65563, -117.82542], [33.63009, -117.81405], [33.65718, -117.82748], [33.65494, -117.81902], [33.65719, -117.8275], [33.6301, -117.81406], [33.64825, -117.81416], [33.65092, -117.85741], [33.6509, -117.85614], [33.63012, -117.81403], [33.64816, -117.81436], [33.62158, -117.85128], [33.56461, -117.8299]]","[[33.63258524556396, -117.81088342324965], [33.65721545904275, -117.83396851488229], [33.642964491868696, -117.80542699319612]]","[5, 4, 3]","[2989.066873135209, 1299.4698923392052, 3107.0427929187335]",0.5032250881195068,83.34068775177002
5,1600,112,"[33.64025067958688, -117.83443429448087]","[33.63081273081776, -117.83440001162134]",1046.8226613956904,"[[33.6301, -117.81406], [33.64825, -117.81416], [33.65426, -117.81935], [33.65567, -117.82527], [33.65716, -117.83646], [33.65779, -117.84204], [33.66039, -117.8392], [33.6285, -117.8061], [33.63006, -117.81396], [33.64826, -117.81423], [33.65494, -117.81902], [33.65719, -117.8275], [33.65711, -117.83515], [33.65772, -117.8421], [33.65716, -117.83648], [33.65784, -117.84202], [33.65712, -117.83682], [33.65792, -117.84197], [33.6301, -117.8141], [33.64806, -117.81442], [33.63019, -117.81423], [33.6477, -117.81463], [33.63006, -117.81402], [33.64811, -117.81443], [33.63012, -117.81402], [33.64775, -117.81459], [33.64977, -117.81476], [33.636, -117.81264], [33.62158, -117.85128], [33.56461, -117.8299], [33.65442, -117.81918], [33.65563, -117.82542], [33.63008, -117.81406], [33.64826, -117.81421], [33.65715, -117.837], [33.6565, -117.8434], [33.65829, -117.8416], [33.65843, -117.84135], [33.65425, -117.81937], [33.65666, -117.82816], [33.63007, -117.81398], [33.64807, -117.81444], [33.66094, -117.83866], [33.66162, -117.83793], [33.63011, -117.81403], [33.64811, -117.81441], [33.62998, -117.81387], [33.64776, -117.81457], [33.65713, -117.83649], [33.6577, -117.84211], [33.63008, -117.81402], [33.6482, -117.8142], [33.63005, -117.81395], [33.64822, -117.81416], [33.63006, -117.81399], [33.64825, -117.8142], [33.65716, -117.83647], [33.65676, -117.84313], [33.6301, -117.81403], [33.64827, -117.81413], [33.65425, -117.81937], [33.65612, -117.82196], [33.62968, -117.81297], [33.64748, -117.81539], [33.62832, -117.80591], [33.64946, -117.85309], [33.63007, -117.81399], [33.6477, -117.81457], [33.66142, -117.83817], [33.66172, -117.83784], [33.63002, -117.81387], [33.64814, -117.8144], [33.64979, -117.81474], [33.636, -117.81227], [33.63012, -117.81403], [33.64816, -117.81436], [33.6274, -117.81422], [33.64804, -117.81441], [33.66153, -117.83799], [33.65091, -117.85866], [33.63001, -117.81388], [33.648, -117.8144], [33.63008, -117.81403], [33.64771, -117.8146], [33.65717, -117.83648], [33.65613, -117.84383], [33.65714, -117.83645], [33.65763, -117.8422], [33.61825, -117.81905], [33.63004, -117.81416], [33.63008, -117.81399], [33.6482, -117.81425], [33.63009, -117.81405], [33.65718, -117.82748], [33.63019, -117.81424], [33.64743, -117.81546], [33.63019, -117.81425], [33.6477, -117.8146], [33.63007, -117.81404], [33.64768, -117.81466], [33.65715, -117.83656], [33.6567, -117.84319], [33.63006, -117.81397], [33.65562, -117.82545], [33.66071, -117.83888], [33.65091, -117.85885], [33.65715, -117.83641], [33.65776, -117.84206], [33.67733, -117.85939], [33.65777, -117.84205], [33.65715, -117.83686], [33.65772, -117.84213], [33.6301, -117.81401], [33.64749, -117.81543], [33.67638, -117.86301], [33.65021, -117.85837], [33.64982, -117.81471], [33.64232, -117.81414], [33.63001, -117.81376], [33.64809, -117.81444], [33.63004, -117.81397], [33.64773, -117.81465], [33.63006, -117.81397], [33.64826, -117.81416], [33.63004, -117.81388], [33.64806, -117.81445], [33.63015, -117.81418], [33.64775, -117.81458], [33.6562, -117.83339], [33.6581, -117.8418], [33.65719, -117.83867], [33.6577, -117.84214], [33.62913, -117.85681], [33.62289, -117.85284], [33.63006, -117.81401], [33.64811, -117.81443], [33.65092, -117.85741], [33.6509, -117.85614], [33.63009, -117.81404], [33.64808, -117.81443], [33.65516, -117.81895], [33.65631, -117.84359], [33.63008, -117.814], [33.64822, -117.81424], [33.62905, -117.85653], [33.62313, -117.8527], [33.63006, -117.81394], [33.64812, -117.81442], [33.63012, -117.81398], [33.64826, -117.81418], [33.63007, -117.814], [33.64821, -117.81411], [33.63007, -117.81398], [33.64824, -117.81424], [33.63009, -117.81402], [33.64824, -117.81421], [33.63009, -117.81402], [33.64808, -117.81443], [33.63007, -117.81403], [33.64824, -117.81423], [33.6301, -117.81406], [33.65019, -117.85899]]","[[33.660781186363614, -117.8474569506097], [33.661978923646465, -117.84908343592237], [33.645899354478985, -117.81432033054689]]","[10, 9, 8]","[3537.791556049857, 3715.513938378137, 2504.079385869958]",0.14145946502685547,803.8001928329468
6,1600,76,"[33.64025067958688, -117.83443429448087]","[33.644135546181026, -117.84625619697158]",1178.3327511315758,"[[33.65715, -117.83641], [33.65813, -117.84175], [33.62158, -117.85128], [33.56461, -117.8299], [33.63004, -117.81397], [33.64773, -117.81465], [33.6274, -117.81422], [33.64804, -117.81441], [33.63019, -117.81423], [33.6477, -117.81463], [33.63011, -117.81403], [33.64811, -117.81441], [33.65442, -117.81918], [33.65563, -117.82542], [33.65829, -117.8416], [33.65843, -117.84135], [33.63007, -117.81399], [33.6477, -117.81457], [33.65717, -117.83648], [33.65811, -117.84186], [33.66142, -117.83817], [33.66172, -117.83784], [33.67733, -117.85939], [33.65809, -117.84182], [33.65712, -117.83682], [33.65814, -117.84176], [33.62968, -117.81297], [33.64748, -117.81539], [33.67638, -117.86301], [33.64974, -117.86228], [33.6301, -117.81403], [33.64827, -117.81413], [33.63006, -117.81394], [33.64812, -117.81442], [33.65713, -117.83649], [33.65813, -117.84173], [33.63015, -117.81418], [33.64775, -117.81458], [33.63008, -117.81402], [33.6482, -117.8142], [33.63007, -117.81398], [33.64807, -117.81444], [33.63007, -117.81403], [33.64824, -117.81423], [33.63006, -117.81399], [33.64825, -117.8142], [33.65716, -117.83648], [33.65818, -117.84175], [33.64979, -117.81474], [33.636, -117.81227], [33.63019, -117.81424], [33.64743, -117.81546], [33.62905, -117.85653], [33.62313, -117.8527], [33.6301, -117.81401], [33.64749, -117.81543], [33.63007, -117.81404], [33.64768, -117.81466], [33.65425, -117.81937], [33.65612, -117.82196], [33.62832, -117.80591], [33.65092, -117.86249], [33.65714, -117.83645], [33.65809, -117.84186], [33.63007, -117.81398], [33.64824, -117.81424], [33.6301, -117.8141], [33.64806, -117.81442], [33.6301, -117.81406], [33.64925, -117.86253], [33.65718, -117.83678], [33.65815, -117.84179], [33.63012, -117.81402], [33.64775, -117.81459], [33.63001, -117.81376], [33.64809, -117.81444], [33.65715, -117.83656], [33.65775, -117.84042], [33.65719, -117.83867], [33.65814, -117.84182], [33.64982, -117.81471], [33.64232, -117.81414], [33.65715, -117.837], [33.65812, -117.84184], [33.66094, -117.83866], [33.66162, -117.83793], [33.61825, -117.81905], [33.63004, -117.81416], [33.65494, -117.81902], [33.65719, -117.8275], [33.65716, -117.83646], [33.65816, -117.84177], [33.63012, -117.81403], [33.64816, -117.81436], [33.63019, -117.81425], [33.6477, -117.8146], [33.63001, -117.81388], [33.648, -117.8144], [33.63005, -117.81395], [33.64822, -117.81416], [33.63006, -117.81401], [33.64811, -117.81443], [33.66071, -117.83888], [33.65088, -117.86205], [33.66039, -117.8392], [33.6285, -117.8061], [33.65425, -117.81937], [33.65666, -117.82816], [33.66153, -117.83799], [33.65092, -117.86153]]","[[33.64591560957129, -117.81428969692371], [33.66670486414265, -117.84970572761942], [33.66544278387922, -117.8481295660834]]","[8, 7, 6]","[2972.0110727345086, 2523.668165414413, 2369.696825303941]",0.23584914207458496,398.05235981941223
7,1600,98,"[33.64025067958688, -117.83443429448087]","[33.633438793056115, -117.83529712409921]",759.774944693286,"[[33.65716, -117.83647], [33.65676, -117.84313], [33.6274, -117.81422], [33.64804, -117.81441], [33.62968, -117.81297], [33.64748, -117.81539], [33.63012, -117.81403], [33.64816, -117.81436], [33.63019, -117.81425], [33.6477, -117.8146], [33.63007, -117.81398], [33.64824, -117.81424], [33.63009, -117.81405], [33.65718, -117.82748], [33.63006, -117.81394], [33.64812, -117.81442], [33.65425, -117.81937], [33.65612, -117.82196], [33.62913, -117.85681], [33.62289, -117.85284], [33.65711, -117.83515], [33.65772, -117.8421], [33.63008, -117.81402], [33.6482, -117.8142], [33.6301, -117.8141], [33.64806, -117.81442], [33.63007, -117.81398], [33.64807, -117.81444], [33.63001, -117.81388], [33.648, -117.8144], [33.63006, -117.81401], [33.64811, -117.81443], [33.6301, -117.81406], [33.64825, -117.81416], [33.63015, -117.81418], [33.64775, -117.81458], [33.66153, -117.83799], [33.65092, -117.86153], [33.63009, -117.81404], [33.64808, -117.81443], [33.65426, -117.81935], [33.65567, -117.82527], [33.63007, -117.81404], [33.64768, -117.81466], [33.63001, -117.81376], [33.64809, -117.81444], [33.65442, -117.81918], [33.65563, -117.82542], [33.66071, -117.83888], [33.65088, -117.86205], [33.65718, -117.83678], [33.65815, -117.84179], [33.67638, -117.86301], [33.64974, -117.86228], [33.65714, -117.83645], [33.65809, -117.84186], [33.63009, -117.81402], [33.64824, -117.81421], [33.65425, -117.81937], [33.65666, -117.82816], [33.65716, -117.83646], [33.65816, -117.84177], [33.65715, -117.83686], [33.65772, -117.84213], [33.63009, -117.81402], [33.64808, -117.81443], [33.62832, -117.80591], [33.65092, -117.86249], [33.63008, -117.81406], [33.64826, -117.81421], [33.6301, -117.81403], [33.64827, -117.81413], [33.65712, -117.83682], [33.65814, -117.84176], [33.63019, -117.81423], [33.6477, -117.81463], [33.65494, -117.81902], [33.65719, -117.8275], [33.63006, -117.81399], [33.64825, -117.8142], [33.63007, -117.814], [33.64821, -117.81411], [33.63004, -117.81397], [33.64773, -117.81465], [33.65715, -117.83656], [33.65775, -117.84042], [33.63007, -117.81399], [33.6477, -117.81457], [33.65715, -117.837], [33.65812, -117.84184], [33.63004, -117.81388], [33.64806, -117.81445], [33.64977, -117.81476], [33.636, -117.81264], [33.62905, -117.85653], [33.62313, -117.8527], [33.63008, -117.814], [33.64822, -117.81424], [33.63006, -117.81402], [33.64811, -117.81443], [33.65715, -117.83641], [33.65813, -117.84175], [33.62998, -117.81387], [33.64776, -117.81457], [33.65716, -117.83648], [33.65818, -117.84175], [33.61825, -117.81905], [33.63004, -117.81416], [33.63008, -117.81403], [33.64771, -117.8146], [33.63006, -117.81397], [33.64826, -117.81416], [33.62158, -117.85128], [33.56461, -117.8299], [33.63002, -117.81387], [33.64814, -117.8144], [33.63012, -117.81398], [33.64826, -117.81418], [33.63019, -117.81424], [33.64743, -117.81546], [33.65713, -117.83649], [33.65813, -117.84173], [33.64982, -117.81471], [33.64232, -117.81414], [33.63007, -117.81403], [33.64824, -117.81423], [33.63006, -117.81397], [33.65562, -117.82545], [33.63008, -117.81399], [33.6482, -117.81425], [33.66039, -117.8392], [33.6285, -117.8061], [33.67733, -117.85939], [33.65809, -117.84182], [33.6301, -117.81406], [33.64925, -117.86253], [33.6301, -117.81401], [33.64749, -117.81543], [33.63005, -117.81395], [33.64822, -117.81416], [33.65717, -117.83648], [33.65811, -117.84186]]","[[33.64591126293995, -117.81429778449434], [33.65037230759013, -117.82388014769892], [33.648451394129886, -117.82449904303412]]","[8, 6, 6]","[2389.384416549896, 2156.2566603057753, 1943.2432724885502]",0.1459510326385498,551.5290904045105
8,1600,46,"[33.64025067958688, -117.83443429448087]","[33.64083807364631, -117.82565255091468]",817.3017096905537,"[[33.63006, -117.81396], [33.64474, -117.80899], [33.63001, -117.81376], [33.64476, -117.80891], [33.65715, -117.837], [33.65812, -117.84184], [33.63006, -117.81397], [33.64478, -117.80894], [33.65711, -117.83515], [33.65772, -117.8421], [33.63008, -117.81402], [33.64472, -117.80896], [33.63011, -117.81403], [33.64477, -117.80891], [33.65718, -117.83678], [33.65815, -117.84179], [33.63012, -117.81398], [33.6448, -117.80889], [33.65434, -117.81925], [33.65567, -117.82527], [33.63009, -117.81402], [33.64478, -117.80893], [33.65716, -117.83647], [33.65676, -117.84313], [33.62832, -117.80591], [33.65092, -117.86249], [33.66094, -117.83866], [33.66162, -117.83793], [33.6301, -117.81406], [33.64479, -117.80893], [33.64963, -117.81136], [33.63758, -117.80878], [33.63008, -117.814], [33.64477, -117.80893], [33.6274, -117.81422], [33.64477, -117.80892], [33.66039, -117.8392], [33.6285, -117.8061], [33.66142, -117.83817], [33.66172, -117.83784], [33.63009, -117.81404], [33.64475, -117.80895], [33.61825, -117.81905], [33.63004, -117.81416], [33.63006, -117.81394], [33.64474, -117.80896], [33.65439, -117.8192], [33.65666, -117.82816], [33.6301, -117.81403], [33.64482, -117.80888], [33.65716, -117.83646], [33.65816, -117.84177], [33.65713, -117.83649], [33.65813, -117.84173], [33.63005, -117.81394], [33.64475, -117.80894], [33.63009, -117.81405], [33.64477, -117.80894], [33.6301, -117.81401], [33.64475, -117.80898], [33.63004, -117.81397], [33.6448, -117.80905], [33.63006, -117.81402], [33.64476, -117.80895], [33.65715, -117.83686], [33.65772, -117.84213]]","[[33.64128155729437, -117.8013790122567], [33.637841756555794, -117.81955408966742], [33.6367511853581, -117.8173457197102]]","[7, 7, 7]","[2252.4309151128436, 656.1635499727242, 894.0889286133153]",0.6426408290863037,125.06373929977417
9,1600,54,"[33.64025067958688, -117.83443429448087]","[33.629952623463836, -117.8382719685606]",1196.4250635508479,"[[33.66153, -117.83799], [33.65092, -117.86153], [33.63007, -117.81398], [33.64807, -117.81444], [33.66094, -117.83866], [33.66162, -117.83793], [33.65716, -117.83648], [33.65818, -117.84175], [33.63006, -117.81401], [33.64811, -117.81443], [33.63005, -117.81394], [33.64475, -117.80894], [33.63009, -117.81402], [33.64824, -117.81421], [33.63012, -117.81402], [33.64775, -117.81459], [33.65712, -117.83682], [33.65814, -117.84176], [33.65494, -117.81902], [33.65719, -117.8275], [33.62913, -117.85681], [33.62205, -117.85272], [33.63008, -117.81406], [33.64826, -117.81421], [33.6301, -117.81406], [33.64479, -117.80893], [33.65442, -117.81918], [33.65563, -117.82542], [33.63012, -117.81403], [33.64816, -117.81436], [33.65829, -117.8416], [33.65843, -117.84135], [33.63007, -117.81403], [33.64824, -117.81423], [33.62092, -117.85172], [33.56461, -117.8299], [33.6301, -117.8141], [33.64806, -117.81442], [33.65718, -117.83678], [33.65815, -117.84179], [33.64977, -117.81476], [33.636, -117.81264], [33.65439, -117.8192], [33.65666, -117.82816], [33.64963, -117.81136], [33.63758, -117.80878], [33.63006, -117.81397], [33.65562, -117.82545], [33.63006, -117.81402], [33.64476, -117.80895], [33.63009, -117.81405], [33.64477, -117.80894], [33.63008, -117.814], [33.64477, -117.80893], [33.63009, -117.81405], [33.65718, -117.82748], [33.65717, -117.83648], [33.65811, -117.84186], [33.65714, -117.83645], [33.65809, -117.84186], [33.63006, -117.81394], [33.64474, -117.80896], [33.62998, -117.81387], [33.64776, -117.81457], [33.6301, -117.81406], [33.64925, -117.86253], [33.63015, -117.81418], [33.64775, -117.81458], [33.66142, -117.83817], [33.66172, -117.83784], [33.63004, -117.81388], [33.64806, -117.81445], [33.63019, -117.81423], [33.6477, -117.81463]]","[[33.64708189168767, -117.81257746229227], [33.641417595441474, -117.79215513086955], [33.6412913905698, -117.80138605460742]]","[9, 6, 6]","[3048.294632403446, 4463.571511388361, 3645.954619226505]",0.07592368125915527,186.5249207019806
10,1600,50,"[33.64025067958688, -117.83443429448087]","[33.65212015749295, -117.8324710436794]",1329.0526458918775,"[[33.66705, -117.83513], [33.65092, -117.86153], [33.62913, -117.85681], [33.62205, -117.85272], [33.63006, -117.81397], [33.65763, -117.8154], [33.63006, -117.81396], [33.64474, -117.80899], [33.64982, -117.81471], [33.64232, -117.81414], [33.66655, -117.83517], [33.66646, -117.83518], [33.65695, -117.81591], [33.65752, -117.81594], [33.66703, -117.83513], [33.66668, -117.83516], [33.65694, -117.81588], [33.65758, -117.81578], [33.63005, -117.81395], [33.64822, -117.81416], [33.65692, -117.81594], [33.65767, -117.81541], [33.63009, -117.81404], [33.64475, -117.80895], [33.62998, -117.81387], [33.64776, -117.81457], [33.63011, -117.81403], [33.64477, -117.80891], [33.63006, -117.81399], [33.64825, -117.8142], [33.63008, -117.81402], [33.64472, -117.80896], [33.63009, -117.81402], [33.64824, -117.81421], [33.63015, -117.81418], [33.64775, -117.81458], [33.63008, -117.81403], [33.64771, -117.8146], [33.63008, -117.81406], [33.64826, -117.81421], [33.6301, -117.81406], [33.64925, -117.86253], [33.63001, -117.81376], [33.64476, -117.80891], [33.66659, -117.83516], [33.65088, -117.86205], [33.63006, -117.81394], [33.64474, -117.80896], [33.63009, -117.81405], [33.65755, -117.81577], [33.63007, -117.81399], [33.6477, -117.81457], [33.62092, -117.85172], [33.56461, -117.8299], [33.65692, -117.816], [33.65754, -117.8159], [33.63009, -117.81402], [33.64478, -117.80893], [33.62968, -117.81297], [33.64748, -117.81539], [33.63007, -117.81404], [33.64768, -117.81466], [33.67733, -117.85939], [33.66663, -117.83515], [33.67638, -117.86301], [33.64974, -117.86228], [33.64977, -117.81476], [33.636, -117.81264]]","[[33.666980334759515, -117.83944255175659], [33.669601341663665, -117.82035168172908], [33.66730051601154, -117.85022335723599]]","[8, 7, 7]","[1770.5354251521342, 2241.2189239907625, 2355.026654218286]",0.5926599502563477,184.1222927570343
0,200,47,"[45.42677292230846, 11.916763841389015]","[45.42624403588547, 11.915654495702798]",104.84438287806493,"[[45.42618, 11.91828], [45.42613, 11.91822], [45.42614, 11.91827], [45.42752, 11.91792], [45.42613, 11.91832], [45.42691, 11.91284], [45.42607, 11.91873], [45.42661, 11.91836], [45.4262, 11.91827], [45.42721, 11.91175], [45.42602, 11.91884], [45.428, 11.91489], [45.42607, 11.91846], [45.4261, 11.91825], [45.42647, 11.9182], [45.42654, 11.91831], [45.42777, 11.91401], [45.42574, 11.91958], [45.42607, 11.9187], [45.42716, 11.91189], [45.42618, 11.91827], [45.42685, 11.91305], [45.42595, 11.91886], [45.42836, 11.91508], [45.42614, 11.91833], [45.42676, 11.91844], [45.42802, 11.91478], [45.42813, 11.91496], [45.42614, 11.91841], [45.42725, 11.9116], [45.4262, 11.91843], [45.42635, 11.91821], [45.42613, 11.91829], [45.42814, 11.91497], [45.42611, 11.91848], [45.42611, 11.91825], [45.42609, 11.91847], [45.42825, 11.91502], [45.42604, 11.91865], [45.42714, 11.91196], [45.42608, 11.91843], [45.42604, 11.91827], [45.42594, 11.91897], [45.42723, 11.91162], [45.42609, 11.91867], [45.42819, 11.91499], [45.42601, 11.91874], [45.42798, 11.91484], [45.42619, 11.91836], [45.42671, 11.91844], [45.42609, 11.9186], [45.42694, 11.91276], [45.42618, 11.91824], [45.42456, 11.91414], [45.42612, 11.91852], [45.42686, 11.9131], [45.42599, 11.91886], [45.42637, 11.91821], [45.4265, 11.91296], [45.42736, 11.91785], [45.42603, 11.91872], [45.4269, 11.91285], [45.42601, 11.91876], [45.42711, 11.91201], [45.42607, 11.91849], [45.42728, 11.91775], [45.42773, 11.91412], [45.4261, 11.91829], [45.42587, 11.91928], [45.42607, 11.91827], [45.42585, 11.91931], [45.42464, 11.91428], [45.42611, 11.91855], [45.42779, 11.91809], [45.42802, 11.91477], [45.42566, 11.91994], [45.42619, 11.91845], [45.42694, 11.91277], [45.42611, 11.91863], [45.42604, 11.91833], [45.42568, 11.91981], [45.42831, 11.91434], [45.42611, 11.91836], [45.42682, 11.91308], [45.42615, 11.91853], [45.42693, 11.91275], [45.42619, 11.91826], [45.42802, 11.91485], [45.42619, 11.91822], [45.42682, 11.91854], [45.42618, 11.91821], [45.42688, 11.91287], [45.4261, 11.91864], [45.42614, 11.91825]]","[[45.426248146961306, 11.915656254177001], [45.425518057394086, 11.910818419319828], [45.42622442713205, 11.91549158398085]]","[15, 6, 5]","[0.4771806157636199, 386.9789024976263, 12.934399451454432]",0.8176229000091553,218.82275485992432
1,200,29,"[45.42677292230846, 11.916763841389015]","[45.42710923502209, 11.918111863060956]",111.92088395411886,"[[45.42559, 11.92061], [45.42694, 11.91276], [45.42566, 11.91988], [45.4262, 11.91572], [45.42559, 11.92029], [45.42614, 11.91578], [45.42568, 11.91998], [45.42464, 11.91428], [45.42564, 11.92016], [45.42691, 11.91284], [45.42548, 11.92112], [45.42721, 11.91175], [45.42764, 11.92083], [45.42614, 11.91561], [45.42568, 11.91981], [45.42831, 11.91434], [45.42802, 11.91478], [45.42813, 11.91496], [45.42737, 11.92074], [45.42725, 11.9116], [45.42802, 11.91477], [45.42566, 11.91994], [45.42564, 11.92038], [45.42825, 11.91502], [45.42759, 11.92082], [45.42597, 11.91552], [45.42551, 11.92112], [45.42685, 11.91305], [45.42566, 11.92019], [45.428, 11.91489], [45.42561, 11.92004], [45.42628, 11.91584], [45.42563, 11.92023], [45.42711, 11.91201], [45.42565, 11.92001], [45.42686, 11.9131], [45.42565, 11.92004], [45.42798, 11.91484], [45.42566, 11.92003], [45.42726, 11.91536], [45.42571, 11.91983], [45.42603, 11.91558], [45.42567, 11.92014], [45.4272, 11.91547], [45.42773, 11.92088], [45.42748, 11.91458], [45.4265, 11.91296], [45.42598, 11.91553], [45.42755, 11.9208], [45.42525, 11.91773], [45.42566, 11.91993], [45.42723, 11.91162], [45.42565, 11.92006], [45.42814, 11.91497], [45.42568, 11.91987], [45.42456, 11.91414], [45.42557, 11.92056], [45.42802, 11.91485]]","[[45.42687968216403, 11.925846561401311], [45.425522171439816, 11.910814622677693], [45.41107421576031, 11.921294114701286]]","[7, 4, 3]","[605.8472212832594, 597.7009249858254, 1799.4529484928692]",0.23833990097045898,87.83323335647583
2,200,38,"[45.42677292230846, 11.916763841389015]","[45.425268407878804, 11.917349554851207]",173.38094179156488,"[[45.42564, 11.9204], [45.42779, 11.91809], [45.42548, 11.92112], [45.42721, 11.91175], [45.42559, 11.92061], [45.42694, 11.91276], [45.42566, 11.92022], [45.42819, 11.91499], [45.4265, 11.91296], [45.42625, 11.91438], [45.42568, 11.91993], [45.42719, 11.91772], [45.42566, 11.91993], [45.42723, 11.91162], [45.42574, 11.91989], [45.4272, 11.91772], [45.42613, 11.92008], [45.42682, 11.91308], [45.42565, 11.92006], [45.42814, 11.91497], [45.42566, 11.92003], [45.42726, 11.91536], [45.42564, 11.92019], [45.42699, 11.91622], [45.42759, 11.92082], [45.42628, 11.91424], [45.42556, 11.92066], [45.42714, 11.91196], [45.42568, 11.91987], [45.42456, 11.91414], [45.42564, 11.92016], [45.42691, 11.91284], [45.42564, 11.92038], [45.42825, 11.91502], [45.42565, 11.92004], [45.42798, 11.91484], [45.42562, 11.92013], [45.42836, 11.91508], [45.42561, 11.92017], [45.42414, 11.91508], [45.42562, 11.92022], [45.42707, 11.91768], [45.42573, 11.91987], [45.42694, 11.91277], [45.42566, 11.92008], [45.4249, 11.91444], [45.42578, 11.91985], [45.4272, 11.91772], [45.42558, 11.92033], [45.42831, 11.91434], [45.42563, 11.92017], [45.4259, 11.91489], [45.42551, 11.92112], [45.42685, 11.91305], [45.42554, 11.92048], [45.42406, 11.91501], [45.42755, 11.9208], [45.42382, 11.91467], [45.42567, 11.92014], [45.4272, 11.91547], [45.42561, 11.92004], [45.42623, 11.91433], [45.42566, 11.91988], [45.42612, 11.91445], [45.42773, 11.92088], [45.42748, 11.91458], [45.42557, 11.92056], [45.42802, 11.91485], [45.42564, 11.92038], [45.42693, 11.91275], [45.42802, 11.91478], [45.42813, 11.91496], [45.42539, 11.9218], [45.42717, 11.91767], [45.42565, 11.92001], [45.42686, 11.9131]]","[[45.42205387441061, 11.919253355497098], [45.425282796901215, 11.917381241706677], [45.42010545902131, 11.920233205683978]]","[6, 4, 4]","[387.08869590747713, 2.950783452524126, 616.598521657279]",0.22011590003967285,149.5518434047699
3,200,57,"[45.42677292230846, 11.916763841389015]","[45.42599579932215, 11.917378816777177]",98.87360331548301,"[[45.42561, 11.9202], [45.42614, 11.91438], [45.42561, 11.92017], [45.42414, 11.91508], [45.42559, 11.92029], [45.42526, 11.91487], [45.42773, 11.91412], [45.42427, 11.91853], [45.42554, 11.92048], [45.42406, 11.91501], [45.42567, 11.91997], [45.42505, 11.91461], [45.42565, 11.92006], [45.42814, 11.91497], [45.42613, 11.92008], [45.42682, 11.91308], [45.4256, 11.92024], [45.42456, 11.91414], [45.42755, 11.9208], [45.42382, 11.91467], [45.42764, 11.92083], [45.42627, 11.9143], [45.42551, 11.92112], [45.42685, 11.91305], [45.4265, 11.91296], [45.42625, 11.91438], [45.42564, 11.92038], [45.42693, 11.91275], [45.42568, 11.91993], [45.42619, 11.91445], [45.42556, 11.92066], [45.42714, 11.91196], [45.42777, 11.91401], [45.42564, 11.92002], [45.42566, 11.92008], [45.4249, 11.91444], [45.42564, 11.92038], [45.42825, 11.91502], [45.42554, 11.92043], [45.42612, 11.91445], [45.42558, 11.92033], [45.42831, 11.91434], [45.4254, 11.92154], [45.4244, 11.91857], [45.42539, 11.9218], [45.42736, 11.91486], [45.42563, 11.92015], [45.42716, 11.91189], [45.42564, 11.92016], [45.42691, 11.91284], [45.42538, 11.92156], [45.42496, 11.91456], [45.42802, 11.91478], [45.42813, 11.91496], [45.42566, 11.92003], [45.42726, 11.91536], [45.42551, 11.9208], [45.42688, 11.91287], [45.42562, 11.92026], [45.4269, 11.91285], [45.42565, 11.92001], [45.42686, 11.9131], [45.42568, 11.92046], [45.42694, 11.91277], [45.42548, 11.92112], [45.42721, 11.91175], [45.42567, 11.92014], [45.4272, 11.91547], [45.42565, 11.92004], [45.42798, 11.91484], [45.42557, 11.92051], [45.42627, 11.9143], [45.42566, 11.92019], [45.428, 11.91489], [45.42598, 11.91997], [45.4261, 11.91469], [45.42557, 11.92056], [45.42802, 11.91485], [45.42564, 11.9204], [45.42779, 11.91809], [45.42566, 11.92001], [45.42425, 11.91852], [45.42773, 11.92088], [45.42748, 11.91458], [45.42566, 11.92022], [45.42819, 11.91499], [45.42562, 11.92013], [45.42836, 11.91508], [45.42563, 11.92023], [45.42711, 11.91201], [45.42556, 11.92058], [45.42422, 11.91845], [45.42564, 11.92019], [45.42725, 11.91531], [45.42559, 11.92061], [45.42694, 11.91276], [45.42563, 11.92017], [45.42623, 11.91429], [45.42562, 11.92022], [45.42617, 11.91446], [45.42566, 11.91993], [45.42723, 11.91162], [45.42802, 11.91477], [45.42566, 11.91994], [45.42568, 11.91998], [45.42464, 11.91428], [45.42561, 11.92004], [45.42623, 11.91433], [45.42737, 11.92074], [45.42725, 11.9116], [45.42759, 11.92082], [45.42628, 11.91424], [45.42611, 11.91997], [45.42431, 11.91857]]","[[45.42605423477135, 11.917415666535362], [45.421814073568044, 11.922252157251867], [45.4255416171833, 11.910796997373808]]","[16, 8, 6]","[7.106021962347555, 601.2220945876022, 517.5652170937705]",0.2662034034729004,391.10429310798645
4,200,20,"[45.42677292230846, 11.916763841389015]","[45.4256908228082, 11.915661782445008]",147.99380579521264,"[[45.42557, 11.92056], [45.42802, 11.91485], [45.42568, 11.92046], [45.42694, 11.91277], [45.42562, 11.92013], [45.42836, 11.91508], [45.42556, 11.92066], [45.42714, 11.91196], [45.42539, 11.9218], [45.42744, 11.9146], [45.4254, 11.92154], [45.4244, 11.91857], [45.42737, 11.92074], [45.42725, 11.9116], [45.42613, 11.92008], [45.42682, 11.91308], [45.42568, 11.91998], [45.42434, 11.9139], [45.42557, 11.92051], [45.42672, 11.91354], [45.42551, 11.92112], [45.42685, 11.91305], [45.42563, 11.92015], [45.42716, 11.91189], [45.42564, 11.92019], [45.42749, 11.91465], [45.42556, 11.92058], [45.42422, 11.91845], [45.42598, 11.91997], [45.42676, 11.91352], [45.42802, 11.91478], [45.42813, 11.91496], [45.42565, 11.92006], [45.42814, 11.91497], [45.42548, 11.92112], [45.42721, 11.91175], [45.42554, 11.92048], [45.4239, 11.91483], [45.42564, 11.92016], [45.42691, 11.91284]]","[[45.42528940137615, 11.91172906820444], [45.42538285224002, 11.911488166181963]]","[4, 4]","[310.99518722734075, 328.4199517135089]",0.047011613845825195,40.944443702697754
5,200,29,"[45.42677292230846, 11.916763841389015]","[45.42633140438172, 11.91811383950687]",116.4898845349162,"[[45.42556, 11.92066], [45.42714, 11.91196], [45.42554, 11.92048], [45.4239, 11.91483], [45.42536, 11.92151], [45.42414, 11.91508], [45.42554, 11.92043], [45.42612, 11.91445], [45.42553, 11.92075], [45.42836, 11.91508], [45.42537, 11.92174], [45.42716, 11.91189], [45.42544, 11.92136], [45.42831, 11.91434], [45.42556, 11.9207], [45.42749, 11.91465], [45.42737, 11.92074], [45.42725, 11.9116], [45.42539, 11.9218], [45.42744, 11.9146], [45.42557, 11.92056], [45.42802, 11.91485], [45.42557, 11.9206], [45.42623, 11.91429], [45.42544, 11.92099], [45.42623, 11.91433], [45.42802, 11.91477], [45.42536, 11.92164], [45.42559, 11.92057], [45.42726, 11.91536], [45.4254, 11.92154], [45.4244, 11.91857], [45.42777, 11.91401], [45.42534, 11.92175], [45.42559, 11.92061], [45.42694, 11.91276], [45.42557, 11.92085], [45.42505, 11.91461], [45.42554, 11.92093], [45.42693, 11.91275], [45.42538, 11.92162], [45.42691, 11.91284], [45.42555, 11.92078], [45.42814, 11.91497], [45.42802, 11.91478], [45.42813, 11.91496], [45.42556, 11.92058], [45.42422, 11.91845], [45.42535, 11.92183], [45.42798, 11.91484], [45.42546, 11.9211], [45.42723, 11.91162], [45.42554, 11.92144], [45.42694, 11.91277], [45.42555, 11.92064], [45.42619, 11.91445], [45.42553, 11.92078], [45.4249, 11.91444]]","[[45.42538271712202, 11.911489375930088], [45.42578775387939, 11.916940909287188], [45.42524030188474, 11.9119305941806]]","[6, 4, 4]","[529.0474263001198, 109.89475320924939, 498.8679912824169]",0.06253886222839355,88.18405270576477
6,200,26,"[45.42677292230846, 11.916763841389015]","[45.428017819046765, 11.916178438354487]",145.74545900334857,"[[45.42773, 11.92088], [45.42947, 11.91426], [45.42564, 11.92038], [45.4295, 11.91426], [45.42557, 11.9206], [45.42623, 11.91429], [45.42553, 11.92075], [45.42933, 11.91429], [45.42559, 11.92061], [45.42694, 11.91276], [45.42977, 11.9141], [45.42536, 11.92164], [45.4254, 11.92154], [45.4244, 11.91857], [45.42945, 11.91419], [45.42967, 11.91421], [45.42564, 11.9204], [45.42644, 11.91746], [45.42557, 11.92056], [45.42954, 11.91422], [45.42562, 11.92022], [45.42617, 11.91446], [45.42556, 11.92058], [45.42422, 11.91845], [45.42755, 11.9208], [45.42382, 11.91467], [45.42598, 11.91997], [45.42676, 11.91352], [45.42613, 11.92008], [45.42682, 11.91308], [45.42535, 11.92183], [45.42973, 11.91418], [45.4256, 11.92024], [45.42456, 11.91414], [45.42544, 11.92099], [45.42623, 11.91433], [45.42559, 11.92029], [45.42526, 11.91487], [45.42565, 11.92001], [45.42686, 11.9131], [45.42561, 11.9202], [45.42614, 11.91438], [45.42759, 11.92082], [45.42628, 11.91424], [45.42563, 11.92023], [45.42711, 11.91201], [45.42553, 11.92078], [45.4249, 11.91444], [45.42554, 11.92043], [45.42612, 11.91445], [45.42538, 11.92162], [45.42691, 11.91284]]","[[45.42365807219272, 11.920877719747462], [45.42780193810191, 11.915603662002509], [45.42811954767503, 11.918377475309054]]","[7, 6, 3]","[608.3053288488721, 50.97969411018163, 172.4621820463194]",0.13016867637634277,92.1496193408966
7,200,52,"[45.42677292230846, 11.916763841389015]","[45.427744119174235, 11.916642548527218]",108.35551484351213,"[[45.42559, 11.92029], [45.42526, 11.91487], [45.42557, 11.92056], [45.42954, 11.91422], [45.42568, 11.91998], [45.42434, 11.9139], [45.42563, 11.92023], [45.42711, 11.91201], [45.42566, 11.92022], [45.42878, 11.9145], [45.42544, 11.92136], [45.42883, 11.91447], [45.42566, 11.92001], [45.42425, 11.91852], [45.42764, 11.92083], [45.42627, 11.9143], [45.42613, 11.92008], [45.42682, 11.91308], [45.42537, 11.92174], [45.42716, 11.91189], [45.42544, 11.92099], [45.42623, 11.91433], [45.4254, 11.92154], [45.4244, 11.91857], [45.42565, 11.92001], [45.42686, 11.9131], [45.42773, 11.92088], [45.42947, 11.91426], [45.42556, 11.92058], [45.42422, 11.91845], [45.42777, 11.91401], [45.42534, 11.92175], [45.42559, 11.92061], [45.42694, 11.91276], [45.42538, 11.92156], [45.42496, 11.91456], [45.42611, 11.91997], [45.42431, 11.91857], [45.42737, 11.92074], [45.42725, 11.9116], [45.42562, 11.92026], [45.4269, 11.91285], [45.42945, 11.91419], [45.42967, 11.91421], [45.42553, 11.92078], [45.4249, 11.91444], [45.42877, 11.91447], [45.42427, 11.91853], [45.42977, 11.9141], [45.42536, 11.92164], [45.42564, 11.92038], [45.4295, 11.91426], [45.42561, 11.9202], [45.42614, 11.91438], [45.42539, 11.9218], [45.42874, 11.91451], [45.42559, 11.92057], [45.42881, 11.91448], [45.42759, 11.92082], [45.42628, 11.91424], [45.4256, 11.92024], [45.42456, 11.91414], [45.42551, 11.92112], [45.42685, 11.91305], [45.42555, 11.92078], [45.42877, 11.91454], [45.42557, 11.92085], [45.42505, 11.91461], [45.42553, 11.92075], [45.42933, 11.91429], [45.42554, 11.92043], [45.42612, 11.91445], [45.42598, 11.91997], [45.42676, 11.91352], [45.42755, 11.9208], [45.42382, 11.91467], [45.42535, 11.92183], [45.42973, 11.91418], [45.42567, 11.92014], [45.42816, 11.91415], [45.42548, 11.92112], [45.42721, 11.91175], [45.42554, 11.92144], [45.42694, 11.91277], [45.42551, 11.9208], [45.42688, 11.91287], [45.4265, 11.91296], [45.42625, 11.91438], [45.42564, 11.9204], [45.42619, 11.91805], [45.42538, 11.92162], [45.42691, 11.91284], [45.42556, 11.9207], [45.42743, 11.91404], [45.42557, 11.92051], [45.42672, 11.91354], [45.42554, 11.92048], [45.4239, 11.91483], [45.42555, 11.92064], [45.42619, 11.91445], [45.42554, 11.92093], [45.42693, 11.91275], [45.42536, 11.92151], [45.42414, 11.91508]]","[[45.4217600497257, 11.922192970370633], [45.42005420198366, 11.923318730906503], [45.418386651726664, 11.924419144390619]]","[8, 6, 6]","[794.3618230187237, 1001.7216564784912, 1204.993532784149]",0.11410808563232422,300.91885566711426
8,200,23,"[45.42677292230846, 11.916763841389015]","[45.42802672080511, 11.917255889631214]",144.56991916375281,"[[45.42764, 11.92083], [45.42627, 11.9143], [45.42559, 11.92029], [45.42526, 11.91487], [45.42877, 11.91447], [45.42427, 11.91853], [45.42538, 11.92156], [45.42496, 11.91456], [45.42557, 11.9206], [45.42623, 11.91429], [45.42554, 11.92093], [45.42693, 11.91275], [45.42566, 11.92022], [45.42878, 11.9145], [45.42555, 11.92078], [45.42877, 11.91454], [45.42535, 11.92183], [45.42973, 11.91418], [45.42538, 11.92162], [45.42691, 11.91284], [45.42755, 11.9208], [45.42382, 11.91467], [45.42544, 11.92136], [45.42883, 11.91447], [45.42556, 11.9207], [45.42743, 11.91404], [45.42777, 11.91401], [45.42534, 11.92175], [45.42559, 11.92057], [45.42881, 11.91448], [45.42565, 11.92001], [45.42686, 11.9131], [45.42568, 11.91998], [45.42434, 11.9139], [45.42554, 11.92043], [45.42612, 11.91445], [45.42551, 11.9208], [45.42688, 11.91287], [45.42611, 11.91997], [45.42431, 11.91857], [45.42566, 11.92001], [45.42425, 11.91852], [45.42556, 11.92058], [45.42422, 11.91845], [45.42555, 11.92064], [45.42619, 11.91445]]","[[45.42363733629583, 11.920922786908395], [45.42175317153618, 11.922171477132146], [45.42005754806094, 11.923331810789787]]","[9, 8, 6]","[565.984488686901, 796.3316556768899, 1005.2731537239752]",0.05027151107788086,57.364811420440674
9,200,36,"[45.42677292230846, 11.916763841389015]","[45.42806096905704, 11.9171243446102]",145.90722178512897,"[[45.42548, 11.92112], [45.42721, 11.91175], [45.42563, 11.92023], [45.42711, 11.91201], [45.42773, 11.92088], [45.42947, 11.91426], [45.42554, 11.92043], [45.42612, 11.91445], [45.42557, 11.92056], [45.42954, 11.91422], [45.42562, 11.92026], [45.4269, 11.91285], [45.42564, 11.92038], [45.4295, 11.91426], [45.42553, 11.92075], [45.42933, 11.91429], [45.42945, 11.91419], [45.42967, 11.91421], [45.42555, 11.92078], [45.42877, 11.91454], [45.42977, 11.9141], [45.42536, 11.92164], [45.42562, 11.92022], [45.42617, 11.91446], [45.42568, 11.91998], [45.42434, 11.9139], [45.42554, 11.92144], [45.42694, 11.91277], [45.42566, 11.92019], [45.42871, 11.91463], [45.42777, 11.91401], [45.42534, 11.92175], [45.42565, 11.92001], [45.42686, 11.9131], [45.42536, 11.92151], [45.42414, 11.91508], [45.42556, 11.92066], [45.42714, 11.91196], [45.42555, 11.92064], [45.42619, 11.91445], [45.42551, 11.92112], [45.42685, 11.91305], [45.42556, 11.92058], [45.42422, 11.91845], [45.42557, 11.92051], [45.42672, 11.91354], [45.42557, 11.9206], [45.42623, 11.91429], [45.42539, 11.9218], [45.42874, 11.91451], [45.42559, 11.92061], [45.42694, 11.91276], [45.42755, 11.9208], [45.42382, 11.91467], [45.42559, 11.92057], [45.42881, 11.91448], [45.42559, 11.92029], [45.42526, 11.91487], [45.42567, 11.92014], [45.42816, 11.91415], [45.42535, 11.92183], [45.42973, 11.91418], [45.42546, 11.9211], [45.42723, 11.91162], [45.42566, 11.92022], [45.42878, 11.9145], [45.42598, 11.91997], [45.42676, 11.91352], [45.42759, 11.92082], [45.42628, 11.91424], [45.42564, 11.9204], [45.42619, 11.91805]]","[[45.42533250230545, 11.911611307344087], [45.429657041251296, 11.916803167995536], [45.42529253815508, 11.911731840265807]]","[3, 3, 3]","[527.3541210013318, 179.15950090272136, 522.2695026860545]",0.06249547004699707,125.21948480606079
10,200,51,"[45.42677292230846, 11.916763841389015]","[45.42648020168602, 11.918298075480653]",124.39783316094959,"[[45.42557, 11.9206], [45.42623, 11.91429], [45.42557, 11.92051], [45.42672, 11.91354], [45.42546, 11.9211], [45.42723, 11.91162], [45.42735, 11.92071], [45.42676, 11.91352], [45.42535, 11.92172], [45.42612, 11.91445], [45.42556, 11.92066], [45.42714, 11.91196], [45.42777, 11.91401], [45.42534, 11.92175], [45.42556, 11.9207], [45.42743, 11.91404], [45.42764, 11.92083], [45.42627, 11.9143], [45.42557, 11.92056], [45.42954, 11.91422], [45.42554, 11.92144], [45.42694, 11.91277], [45.42541, 11.92169], [45.42711, 11.91201], [45.4265, 11.91296], [45.42625, 11.91438], [45.42559, 11.92061], [45.42694, 11.91276], [45.42737, 11.92074], [45.42725, 11.9116], [45.42548, 11.92099], [45.42613, 11.91574], [45.42538, 11.92162], [45.42691, 11.91284], [45.42555, 11.92099], [45.4295, 11.91426], [45.42554, 11.92048], [45.4239, 11.91483], [45.42755, 11.9208], [45.42382, 11.91467], [45.42557, 11.92085], [45.42505, 11.91461], [45.42536, 11.92151], [45.42414, 11.91508], [45.42533, 11.92176], [45.42456, 11.91414], [45.42538, 11.92156], [45.42496, 11.91456], [45.42977, 11.9141], [45.42536, 11.92164], [45.42537, 11.92174], [45.42716, 11.91189], [45.42553, 11.92075], [45.42933, 11.91429], [45.42553, 11.92078], [45.4249, 11.91444], [45.42877, 11.91447], [45.42427, 11.91853], [45.42752, 11.92079], [45.42682, 11.91308], [45.42759, 11.92082], [45.42628, 11.91424], [45.42532, 11.9218], [45.42614, 11.91438], [45.42554, 11.92093], [45.42693, 11.91275], [45.42544, 11.92099], [45.42623, 11.91433], [45.42552, 11.92104], [45.4269, 11.91285], [45.42556, 11.92072], [45.42425, 11.91852], [45.42539, 11.9218], [45.42874, 11.91451], [45.42556, 11.92058], [45.42422, 11.91845], [45.42555, 11.92064], [45.42619, 11.91445], [45.42557, 11.92071], [45.42871, 11.91463], [45.42544, 11.92136], [45.42883, 11.91447], [45.42535, 11.92183], [45.42973, 11.91418], [45.42559, 11.92057], [45.42617, 11.91446], [45.4254, 11.92154], [45.4244, 11.91857], [45.42555, 11.92078], [45.42877, 11.91454], [45.42559, 11.92057], [45.42881, 11.91448], [45.42551, 11.92112], [45.42685, 11.91305], [45.42552, 11.92103], [45.42878, 11.9145], [45.42535, 11.92191], [45.42686, 11.9131], [45.42538, 11.9218], [45.42434, 11.9139], [45.42536, 11.92183], [45.42526, 11.91487]]","[[45.42690928591485, 11.923185720081728], [45.42004144952822, 11.923304118667337], [45.41836963888171, 11.92440504326352]]","[14, 9, 9]","[385.4655382057017, 815.8372143055745, 1020.2872911375156]",0.09383249282836914,329.3433394432068
11,200,41,"[45.42677292230846, 11.916763841389015]","[45.42739688859349, 11.915566866471753]",116.550011432672,"[[45.42557, 11.9206], [45.42713, 11.91203], [45.42555, 11.92099], [45.4295, 11.91426], [45.42773, 11.92088], [45.42947, 11.91426], [45.42535, 11.92191], [45.42686, 11.9131], [45.42555, 11.92064], [45.42908, 11.91439], [45.42556, 11.92072], [45.42425, 11.91852], [45.42557, 11.92051], [45.42718, 11.91191], [45.42611, 11.91997], [45.42431, 11.91857], [45.42752, 11.92079], [45.42682, 11.91308], [45.42552, 11.92103], [45.4297, 11.91418], [45.42555, 11.92078], [45.42915, 11.91436], [45.42544, 11.92136], [45.42933, 11.91435], [45.42919, 11.9144], [45.42427, 11.91853], [45.42554, 11.92144], [45.42694, 11.91277], [45.4254, 11.92154], [45.4244, 11.91857], [45.4265, 11.91296], [45.42699, 11.91263], [45.42552, 11.92104], [45.4269, 11.91285], [45.42535, 11.92183], [45.42973, 11.91418], [45.42556, 11.92066], [45.42714, 11.91196], [45.42737, 11.92074], [45.42725, 11.9116], [45.42532, 11.9218], [45.42694, 11.9128], [45.42977, 11.9141], [45.42536, 11.92164], [45.42548, 11.92112], [45.42721, 11.91175], [45.42764, 11.92083], [45.42688, 11.91291], [45.42536, 11.92183], [45.42526, 11.91487], [45.42556, 11.92058], [45.42422, 11.91845], [45.42553, 11.92078], [45.4249, 11.91444], [45.42735, 11.92071], [45.42711, 11.91207], [45.42539, 11.9218], [45.42916, 11.91437], [45.42536, 11.92151], [45.42414, 11.91508], [45.42551, 11.9208], [45.42688, 11.91287], [45.42538, 11.92156], [45.42496, 11.91456], [45.42556, 11.9207], [45.42559, 11.91507], [45.42557, 11.92085], [45.42505, 11.91461], [45.42553, 11.92075], [45.42933, 11.91429], [45.42559, 11.92057], [45.42682, 11.91286], [45.42554, 11.92093], [45.42693, 11.91275], [45.42544, 11.92099], [45.4269, 11.91282], [45.42557, 11.92056], [45.42954, 11.91422], [45.42945, 11.91419], [45.42967, 11.91421], [45.42567, 11.92014], [45.42708, 11.91222]]","[[45.4200214200388, 11.923269017538697], [45.418353650047024, 11.92437310559144], [45.41670089320376, 11.92546718330402]]","[6, 6, 6]","[1017.4917689693028, 1218.6789746882866, 1418.9915210568524]",0.10937333106994629,186.60860204696655
12,200,29,"[45.42677292230846, 11.916763841389015]","[45.42574001090907, 11.91552540732137]",150.239867956197,"[[45.42555, 11.92078], [45.42915, 11.91436], [45.42535, 11.92183], [45.42973, 11.91418], [45.42548, 11.92112], [45.42721, 11.91175], [45.42553, 11.92075], [45.42933, 11.91429], [45.42555, 11.92064], [45.42908, 11.91439], [45.42556, 11.92066], [45.42714, 11.91196], [45.42546, 11.9211], [45.42723, 11.91162], [45.42919, 11.9144], [45.42427, 11.91853], [45.42559, 11.92057], [45.42881, 11.91448], [45.42764, 11.92083], [45.42688, 11.91291], [45.42541, 11.92169], [45.42711, 11.91201], [45.42544, 11.92136], [45.42933, 11.91435], [45.42556, 11.92072], [45.42425, 11.91852], [45.42945, 11.91419], [45.42967, 11.91421], [45.42551, 11.92112], [45.42685, 11.91305], [45.42551, 11.9208], [45.42688, 11.91287], [45.42548, 11.92099], [45.42693, 11.91175], [45.42555, 11.92099], [45.4295, 11.91426], [45.42554, 11.92093], [45.42693, 11.91275], [45.4254, 11.92154], [45.4244, 11.91857], [45.42533, 11.92176], [45.42434, 11.91381], [45.42535, 11.92191], [45.42686, 11.9131], [45.42536, 11.92183], [45.42434, 11.91388], [45.42532, 11.9218], [45.42694, 11.9128], [45.42567, 11.92014], [45.42708, 11.91222], [45.42755, 11.9208], [45.42382, 11.91467], [45.42611, 11.91997], [45.42431, 11.91857], [45.42977, 11.9141], [45.42536, 11.92164], [45.42557, 11.92071], [45.42871, 11.91463]]","[[45.423630099967816, 11.920936090900286], [45.42002460883923, 11.92329164814541], [45.41835659280198, 11.924388825433825]]","[9, 6, 6]","[484.04524943366584, 879.169988819575, 1074.5217534293306]",0.06413006782531738,103.8307614326477
13,200,56,"[45.42677292230846, 11.916763841389015]","[45.42814996952684, 11.916733244385187]",153.06393869252886,"[[45.42546, 11.9211], [45.42723, 11.91162], [45.42535, 11.92172], [45.42612, 11.91445], [45.42557, 11.9206], [45.42713, 11.91203], [45.42544, 11.92136], [45.42933, 11.91435], [45.42567, 11.92014], [45.42708, 11.91222], [45.42553, 11.92078], [45.4249, 11.91444], [45.42554, 11.92144], [45.42694, 11.91277], [45.42945, 11.91419], [45.42967, 11.91421], [45.42557, 11.92085], [45.42505, 11.91461], [45.42559, 11.92061], [45.42694, 11.91276], [45.42556, 11.92058], [45.42422, 11.91845], [45.42556, 11.92072], [45.42425, 11.91852], [45.42551, 11.9208], [45.42688, 11.91287], [45.42556, 11.92066], [45.42714, 11.91196], [45.42548, 11.92112], [45.42721, 11.91175], [45.42555, 11.92064], [45.42908, 11.91439], [45.42764, 11.92083], [45.42688, 11.91291], [45.42541, 11.92169], [45.42711, 11.91201], [45.42532, 11.9218], [45.42694, 11.9128], [45.42535, 11.92191], [45.42686, 11.9131], [45.42536, 11.92151], [45.42414, 11.91508], [45.42544, 11.92099], [45.4269, 11.91282], [45.42536, 11.92183], [45.42434, 11.91388], [45.4254, 11.92154], [45.4244, 11.91857], [45.42533, 11.92176], [45.42434, 11.91381], [45.42555, 11.92078], [45.42915, 11.91436], [45.42773, 11.92088], [45.42947, 11.91426], [45.42777, 11.91401], [45.42534, 11.92175], [45.42556, 11.9207], [45.42559, 11.91507], [45.42538, 11.92162], [45.42691, 11.91284], [45.42759, 11.92082], [45.42628, 11.91424], [45.42737, 11.92074], [45.42725, 11.9116], [45.42554, 11.92048], [45.4239, 11.91483], [45.42555, 11.92099], [45.4295, 11.91426], [45.42559, 11.92057], [45.42982, 11.91415], [45.42538, 11.92156], [45.42496, 11.91456], [45.42551, 11.92112], [45.42685, 11.91305], [45.42553, 11.92075], [45.42933, 11.91429], [45.42735, 11.92071], [45.42711, 11.91207], [45.42611, 11.91997], [45.42431, 11.91857], [45.42554, 11.92093], [45.42693, 11.91275], [45.42538, 11.9218], [45.42434, 11.9139], [45.42559, 11.92057], [45.42682, 11.91286], [45.42535, 11.92183], [45.42973, 11.91418], [45.42752, 11.92079], [45.42682, 11.91308], [45.42552, 11.92103], [45.4297, 11.91418], [45.42755, 11.9208], [45.42382, 11.91467], [45.42552, 11.92104], [45.4269, 11.91285], [45.42557, 11.92051], [45.42718, 11.91191], [45.42548, 11.92099], [45.42693, 11.91175], [45.42977, 11.9141], [45.42536, 11.92164], [45.42557, 11.92056], [45.42954, 11.91422], [45.42557, 11.92071], [45.42949, 11.91428], [45.42919, 11.9144], [45.42427, 11.91853], [45.42539, 11.9218], [45.42916, 11.91437], [45.4265, 11.91296], [45.42699, 11.91263]]","[[45.42690257872705, 11.923184493954139], [45.42004061967361, 11.923294404017243], [45.41837536255163, 11.924396210870361]]","[14, 9, 9]","[523.5523001236701, 1037.2909413848106, 1240.9028289391058]",0.10965800285339355,359.8561041355133
14,200,43,"[45.42677292230846, 11.916763841389015]","[45.42542727569954, 11.916225242217811]",155.38174835956968,"[[45.42755, 11.9208], [45.42382, 11.91467], [45.42541, 11.92169], [45.42711, 11.91201], [45.42554, 11.92093], [45.42693, 11.91275], [45.42556, 11.9207], [45.42434, 11.91392], [45.42546, 11.9211], [45.42723, 11.91162], [45.42535, 11.92191], [45.42686, 11.9131], [45.42544, 11.92136], [45.42933, 11.91435], [45.42533, 11.92176], [45.42434, 11.91381], [45.42919, 11.9144], [45.42427, 11.91853], [45.42555, 11.92099], [45.4295, 11.91426], [45.42945, 11.91419], [45.42967, 11.91421], [45.42553, 11.92078], [45.42435, 11.91392], [45.42539, 11.9218], [45.42916, 11.91437], [45.42555, 11.92078], [45.42915, 11.91436], [45.42567, 11.92014], [45.42708, 11.91222], [45.42544, 11.92099], [45.4269, 11.91282], [45.42777, 11.91401], [45.42534, 11.92175], [45.42535, 11.92172], [45.42641, 11.91381], [45.42556, 11.92058], [45.42422, 11.91845], [45.42752, 11.92079], [45.42682, 11.91308], [45.42773, 11.92088], [45.42947, 11.91426], [45.42538, 11.92156], [45.42434, 11.91403], [45.4265, 11.91296], [45.42699, 11.91263], [45.42548, 11.92099], [45.42693, 11.91175], [45.42555, 11.92064], [45.42908, 11.91439], [45.42538, 11.92162], [45.42691, 11.91284], [45.42536, 11.92151], [45.4238, 11.91464], [45.42532, 11.9218], [45.42694, 11.9128], [45.42735, 11.92071], [45.42711, 11.91207], [45.4254, 11.92154], [45.4244, 11.91857], [45.42557, 11.92056], [45.42954, 11.91422], [45.42536, 11.92183], [45.42434, 11.91388], [45.42557, 11.9206], [45.42713, 11.91203], [45.42554, 11.92144], [45.42694, 11.91277], [45.42535, 11.92183], [45.42973, 11.91418], [45.42551, 11.92112], [45.42685, 11.91305], [45.42556, 11.92072], [45.42425, 11.91852], [45.42551, 11.9208], [45.42688, 11.91287], [45.42556, 11.92066], [45.42714, 11.91196], [45.42559, 11.92057], [45.42682, 11.91286], [45.42559, 11.92057], [45.42982, 11.91415], [45.42759, 11.92082], [45.42647, 11.91376], [45.42737, 11.92074], [45.42725, 11.9116]]","[[45.426893444154565, 11.92320438816832], [45.4183846429632, 11.924445095174772], [45.4200245189429, 11.923291372472534]]","[10, 9, 9]","[569.9782851452164, 1013.1773625589193, 816.3317470300178]",0.100372314453125,165.7227771282196
15,200,44,"[45.42677292230846, 11.916763841389015]","[45.42706907724537, 11.917964121110291]",99.53266794541148,"[[45.42735, 11.92071], [45.42711, 11.91207], [45.42555, 11.92099], [45.4295, 11.91426], [45.42532, 11.9218], [45.42694, 11.9128], [45.42557, 11.92051], [45.42718, 11.91191], [45.42677, 11.92051], [45.42431, 11.91857], [45.42554, 11.92048], [45.4239, 11.91483], [45.42556, 11.92072], [45.42425, 11.91852], [45.4254, 11.92154], [45.4244, 11.91857], [45.42945, 11.91419], [45.42967, 11.91421], [45.42559, 11.92061], [45.42694, 11.91276], [45.42554, 11.92144], [45.42694, 11.91277], [45.42555, 11.92064], [45.42908, 11.91439], [45.42557, 11.9206], [45.42713, 11.91203], [45.42554, 11.92093], [45.42693, 11.91275], [45.42559, 11.92057], [45.42682, 11.91286], [45.42764, 11.92083], [45.42688, 11.91291], [45.42544, 11.92099], [45.4269, 11.91282], [45.42538, 11.9218], [45.42434, 11.9139], [45.42755, 11.9208], [45.42382, 11.91467], [45.42977, 11.9141], [45.42536, 11.92164], [45.42538, 11.92162], [45.42691, 11.91284], [45.4265, 11.91296], [45.42699, 11.91263], [45.42737, 11.92074], [45.42725, 11.9116], [45.42537, 11.92174], [45.42716, 11.91189], [45.42552, 11.92103], [45.4297, 11.91418], [45.42533, 11.92176], [45.42434, 11.91381], [45.42556, 11.92066], [45.42714, 11.91196], [45.42552, 11.92104], [45.4269, 11.91285], [45.42551, 11.9208], [45.42688, 11.91287], [45.42777, 11.91401], [45.42534, 11.92175], [45.42556, 11.9207], [45.42434, 11.91392], [45.42548, 11.92099], [45.42693, 11.91175], [45.42535, 11.92191], [45.42686, 11.9131], [45.42752, 11.92079], [45.42682, 11.91308], [45.42773, 11.92088], [45.42947, 11.91426], [45.42759, 11.92082], [45.42647, 11.91376], [45.42546, 11.9211], [45.42723, 11.91162], [45.42551, 11.92112], [45.42685, 11.91305], [45.42557, 11.92056], [45.42954, 11.91422], [45.42557, 11.92071], [45.42949, 11.91428], [45.42538, 11.92156], [45.42434, 11.91403], [45.42559, 11.92057], [45.42982, 11.91415], [45.42555, 11.92078], [45.42915, 11.91436], [45.42535, 11.92183], [45.42973, 11.91418]]","[[45.42363731909525, 11.920922831032529], [45.42690926860659, 11.923185728809244], [45.426166761906565, 11.918084462770315]]","[12, 9, 5]","[446.19164753942704, 409.0236764319436, 100.72468847857056]",0.23870515823364258,203.76050806045532
0,400,39,"[45.42677292230846, 11.916763841389015]","[45.42923992146695, 11.916958799237982]",274.60679548921803,"[[45.42539, 11.9218], [45.43277, 11.91551], [45.42556, 11.92072], [45.42425, 11.91852], [45.43288, 11.91561], [45.42427, 11.91853], [45.42536, 11.92183], [45.42434, 11.91388], [45.4288, 11.9221], [45.42382, 11.91467], [45.42557, 11.92051], [45.42718, 11.91191], [45.42555, 11.92099], [45.43303, 11.91583], [45.42556, 11.9207], [45.42434, 11.91392], [45.42556, 11.92066], [45.42714, 11.91196], [45.4265, 11.91296], [45.42699, 11.91263], [45.42559, 11.92057], [45.42682, 11.91286], [45.42552, 11.92103], [45.43269, 11.91547], [45.42555, 11.92064], [45.43297, 11.91578], [45.42536, 11.92151], [45.4238, 11.91464], [45.42554, 11.92048], [45.4239, 11.91483], [45.4288, 11.9221], [45.42431, 11.91857], [45.42567, 11.92014], [45.42708, 11.91222], [45.42538, 11.92162], [45.42691, 11.91284], [45.42554, 11.92093], [45.42693, 11.91275], [45.4289, 11.92217], [45.42693, 11.91276], [45.42557, 11.92071], [45.43276, 11.91551], [45.42557, 11.92056], [45.43298, 11.91577], [45.42546, 11.9211], [45.42723, 11.91162], [45.42535, 11.92172], [45.42703, 11.91235], [45.42877, 11.92204], [45.42682, 11.91308], [45.42535, 11.92191], [45.42686, 11.9131], [45.43297, 11.91565], [45.43281, 11.91555], [45.42535, 11.92183], [45.43275, 11.91553], [45.42544, 11.92099], [45.4269, 11.91282], [45.42541, 11.92169], [45.42711, 11.91201], [45.42532, 11.9218], [45.42694, 11.9128], [45.42551, 11.92112], [45.42685, 11.91305], [45.43301, 11.91574], [45.42536, 11.92164], [45.42559, 11.92061], [45.42694, 11.91276], [45.42559, 11.92057], [45.43278, 11.9155], [45.42557, 11.92085], [45.42505, 11.91461], [45.42887, 11.92212], [45.42725, 11.9116], [45.42551, 11.9208], [45.42688, 11.91287], [45.42553, 11.92078], [45.42435, 11.91392]]","[[45.427043688027936, 11.922761585031308], [45.420019837634285, 11.923257077756663], [45.41834763619139, 11.924339750284664]]","[5, 4, 4]","[515.5546827963499, 1137.1105969048535, 1341.3304048846592]",0.180250883102417,155.00860619544983
1,400,34,"[45.42677292230846, 11.916763841389015]","[45.423658612139526, 11.916005918270672]",351.17049864207326,"[[45.4289, 11.92217], [45.42693, 11.91276], [45.42538, 11.92162], [45.42691, 11.91284], [45.42546, 11.9211], [45.42723, 11.91162], [45.42555, 11.92078], [45.42915, 11.91436], [45.42548, 11.92099], [45.42693, 11.91175], [45.42548, 11.92112], [45.42721, 11.91175], [45.42544, 11.92099], [45.4269, 11.91282], [45.43288, 11.91561], [45.42682, 11.9132], [45.42539, 11.9218], [45.43277, 11.91551], [45.42557, 11.92056], [45.43298, 11.91577], [45.42552, 11.92103], [45.43269, 11.91547], [45.42559, 11.92074], [45.42708, 11.91222], [45.42557, 11.92071], [45.43276, 11.91551], [45.4288, 11.9221], [45.42692, 11.91276], [45.42555, 11.92064], [45.43297, 11.91578], [45.42541, 11.92169], [45.42711, 11.91201], [45.42553, 11.92078], [45.4272, 11.91167], [45.42555, 11.92099], [45.43303, 11.91583], [45.42877, 11.92204], [45.42682, 11.91308], [45.42557, 11.92085], [45.4268, 11.91327], [45.42556, 11.92058], [45.42695, 11.91274], [45.42556, 11.9207], [45.42686, 11.91317], [45.42557, 11.92051], [45.42718, 11.91191], [45.42559, 11.92057], [45.43278, 11.9155], [45.42551, 11.9208], [45.42688, 11.91287], [45.42536, 11.92151], [45.42679, 11.91332], [45.43297, 11.91565], [45.43281, 11.91555], [45.42557, 11.9206], [45.42713, 11.91203], [45.42554, 11.92093], [45.42693, 11.91275], [45.42532, 11.9218], [45.42694, 11.9128], [45.42537, 11.92174], [45.42716, 11.91189], [45.43301, 11.91574], [45.42536, 11.92164], [45.42544, 11.92136], [45.42933, 11.91435], [45.4254, 11.92154], [45.42679, 11.91331]]","[[45.417807504801914, 11.914048730233313], [45.4159932457452, 11.91342882482904], [45.414198202602876, 11.912815525614448]]","[9, 9, 9]","[668.0907660613559, 875.4815310376572, 1080.675946189682]",0.17200684547424316,120.10540390014648
2,400,39,"[45.42677292230846, 11.916763841389015]","[45.427460425987746, 11.914288681895309]",208.22887843127376,"[[45.42554, 11.92048], [45.4238, 11.91467], [45.42553, 11.92078], [45.43179, 11.9144], [45.42535, 11.92191], [45.42693, 11.90872], [45.42546, 11.9211], [45.43181, 11.91445], [45.42548, 11.92112], [45.42694, 11.90895], [45.42548, 11.92099], [45.42498, 11.91002], [45.42551, 11.9208], [45.4315, 11.91435], [45.42538, 11.92156], [45.43175, 11.91443], [45.42887, 11.92212], [45.43187, 11.91445], [45.42555, 11.92078], [45.43191, 11.91446], [45.42544, 11.92136], [45.43136, 11.91429], [45.42773, 11.92088], [45.43188, 11.91446], [45.42536, 11.92183], [45.42691, 11.90872], [45.42554, 11.92144], [45.4319, 11.91446], [45.42551, 11.92112], [45.42692, 11.90883], [45.42764, 11.92083], [45.43148, 11.91435], [45.43288, 11.91561], [45.42691, 11.90872], [45.42556, 11.92058], [45.42694, 11.90898], [45.4288, 11.9221], [45.42431, 11.91857], [45.42592, 11.91916], [45.42697, 11.90896], [45.43297, 11.91565], [45.43281, 11.91555], [45.4289, 11.92217], [45.42693, 11.90888], [45.42559, 11.92057], [45.43278, 11.9155], [45.42877, 11.92204], [45.42692, 11.9087], [45.42532, 11.9218], [45.43183, 11.91442], [45.42533, 11.92176], [45.43183, 11.91443], [45.42557, 11.9206], [45.43189, 11.91443], [45.42552, 11.92104], [45.43182, 11.91444], [45.42556, 11.92072], [45.42425, 11.91852], [45.42553, 11.92075], [45.43196, 11.91452], [45.42537, 11.92174], [45.43187, 11.91446], [45.42556, 11.9207], [45.42694, 11.90875], [45.42557, 11.92085], [45.42691, 11.90879], [45.42552, 11.92103], [45.43269, 11.91547], [45.42559, 11.92057], [45.4317, 11.91441], [45.42556, 11.92066], [45.43187, 11.91445], [45.42544, 11.92099], [45.42695, 11.90895], [45.42539, 11.9218], [45.43277, 11.91551], [45.42538, 11.9218], [45.42694, 11.90898]]","[[45.43470417295516, 11.902291806175523], [45.43589901230746, 11.900190905630678], [45.43347275166252, 11.904456864862258]]","[25, 20, 15]","[1236.720538323163, 1447.9689369542655, 1019.0452306623395]",0.45780444145202637,201.81037211418152
3,400,50,"[45.42677292230846, 11.916763841389015]","[45.427847365607136, 11.915748642896668]",143.4281335380167,"[[45.42555, 11.92099], [45.43303, 11.91583], [45.42556, 11.92058], [45.42694, 11.90898], [45.4255, 11.92101], [45.42697, 11.90896], [45.4288, 11.9221], [45.43143, 11.91436], [45.42552, 11.92104], [45.43182, 11.91444], [45.4254, 11.92154], [45.42715, 11.90983], [45.42539, 11.9218], [45.43277, 11.91551], [45.42552, 11.92103], [45.43269, 11.91547], [45.42548, 11.92099], [45.42498, 11.91002], [45.42557, 11.9206], [45.43189, 11.91443], [45.42789, 11.921], [45.43148, 11.91435], [45.42559, 11.92074], [45.42729, 11.91053], [45.42535, 11.92191], [45.42693, 11.90872], [45.42544, 11.92099], [45.42695, 11.90895], [45.42544, 11.92136], [45.43136, 11.91429], [45.42559, 11.92057], [45.43278, 11.9155], [45.42887, 11.92212], [45.43187, 11.91445], [45.42559, 11.92061], [45.42729, 11.91053], [45.42554, 11.92144], [45.4319, 11.91446], [45.42532, 11.9218], [45.43183, 11.91442], [45.42551, 11.92112], [45.42692, 11.90883], [45.42548, 11.92112], [45.42694, 11.90895], [45.42557, 11.92085], [45.42691, 11.90879], [45.42555, 11.92064], [45.43297, 11.91578], [45.42546, 11.9211], [45.43181, 11.91445], [45.42555, 11.92078], [45.43191, 11.91446], [45.4289, 11.92217], [45.42693, 11.90888], [45.42537, 11.92174], [45.43187, 11.91446], [45.42536, 11.92183], [45.42691, 11.90872], [45.42556, 11.9207], [45.42694, 11.90875], [45.42535, 11.92172], [45.42719, 11.91011], [45.42538, 11.9218], [45.42694, 11.90898], [45.4288, 11.9221], [45.42431, 11.91857], [45.43288, 11.91561], [45.42691, 11.90872], [45.42553, 11.92078], [45.43179, 11.9144], [45.42554, 11.92093], [45.43189, 11.91444], [45.42533, 11.92176], [45.43183, 11.91443], [45.42556, 11.92072], [45.42425, 11.91852], [45.42538, 11.92156], [45.43175, 11.91443], [45.42551, 11.9208], [45.4315, 11.91435], [45.42908, 11.9109], [45.42534, 11.92175], [45.42877, 11.92204], [45.42692, 11.9087], [45.42773, 11.92088], [45.43188, 11.91446], [45.42556, 11.92066], [45.43187, 11.91445], [45.42538, 11.92162], [45.43188, 11.91444], [45.43301, 11.91574], [45.42536, 11.92164], [45.42557, 11.92071], [45.43276, 11.91551], [45.42557, 11.92051], [45.42725, 11.91051], [45.42771, 11.92086], [45.43183, 11.91444], [45.42541, 11.92169], [45.4319, 11.91443]]","[[45.43583869486516, 11.909211235621155], [45.43703189736398, 11.90726090331666], [45.438124785899824, 11.905225720241628]]","[25, 24, 21]","[1024.951583491049, 1217.8284075054153, 1408.095033653414]",0.2349405288696289,336.6004867553711
4,400,20,"[45.42677292230846, 11.916763841389015]","[45.425711718613606, 11.915314520104916]",163.63183349579268,"[[45.42773, 11.92088], [45.43188, 11.91446], [45.43301, 11.91574], [45.42536, 11.92164], [45.42877, 11.92204], [45.42692, 11.9087], [45.43297, 11.91565], [45.43281, 11.91555], [45.42537, 11.92174], [45.43187, 11.91446], [45.42908, 11.9109], [45.42534, 11.92175], [45.42559, 11.92057], [45.43278, 11.9155], [45.42556, 11.9207], [45.42694, 11.90875], [45.42544, 11.92099], [45.42695, 11.90895], [45.42548, 11.92099], [45.42498, 11.91002], [45.42557, 11.9206], [45.43189, 11.91443], [45.42533, 11.92176], [45.43183, 11.91443], [45.42552, 11.92104], [45.43182, 11.91444], [45.42539, 11.9218], [45.43277, 11.91551], [45.42538, 11.9218], [45.42694, 11.90898], [45.42557, 11.92056], [45.43298, 11.91577], [45.42557, 11.92071], [45.43276, 11.91551], [45.43288, 11.91561], [45.42691, 11.90872], [45.42557, 11.92051], [45.42725, 11.91051], [45.4254, 11.92154], [45.42715, 11.90983]]","[[45.43122950571634, 11.916854309937472], [45.417101805465336, 11.916192687812], [45.43465213633494, 11.911152857977829]]","[8, 4, 4]","[624.9742455970932, 959.3710513031673, 1045.6482377787027]",0.04687857627868652,55.213818073272705
5,400,30,"[45.42677292230846, 11.916763841389015]","[45.427543047525916, 11.918372728257685]",152.24705887334937,"[[45.42532, 11.92262], [45.43278, 11.9155], [45.42535, 11.92256], [45.42691, 11.90872], [45.42538, 11.92266], [45.43189, 11.91443], [45.42544, 11.92302], [45.42729, 11.91053], [45.42536, 11.92246], [45.43187, 11.91446], [45.42536, 11.92247], [45.42715, 11.90983], [45.42537, 11.92277], [45.43183, 11.91443], [45.42533, 11.92255], [45.43276, 11.91551], [45.42543, 11.92309], [45.4319, 11.91443], [45.42541, 11.92287], [45.42725, 11.91051], [45.42533, 11.92262], [45.43297, 11.91578], [45.42895, 11.92309], [45.43188, 11.91446], [45.42894, 11.92314], [45.43143, 11.91436], [45.42541, 11.92249], [45.4319, 11.91446], [45.42536, 11.92256], [45.42719, 11.91011], [45.42531, 11.92245], [45.43183, 11.91442], [45.4254, 11.92279], [45.43188, 11.91444], [45.42897, 11.92312], [45.42692, 11.9087], [45.42535, 11.92255], [45.43189, 11.91444], [45.42895, 11.9231], [45.42383, 11.91801], [45.42534, 11.92248], [45.43275, 11.91553], [45.42537, 11.9227], [45.43182, 11.91444], [45.42531, 11.9225], [45.43298, 11.91577], [45.42537, 11.92268], [45.43136, 11.91429], [45.42533, 11.92247], [45.42694, 11.90898], [45.42535, 11.92335], [45.43175, 11.91443], [45.42537, 11.9225], [45.42697, 11.90896], [45.42908, 11.9109], [45.42537, 11.92318], [45.42536, 11.92247], [45.42498, 11.91002], [45.42536, 11.92249], [45.42694, 11.90875]]","[[45.42719189287471, 11.922554806754531], [45.41995147008506, 11.92334267657556], [45.43468344650752, 11.911189416802864]]","[11, 9, 8]","[329.60187927905866, 929.0703535720545, 972.499018887798]",0.1305387020111084,127.49428725242615
6,400,25,"[45.42677292230846, 11.916763841389015]","[45.42556776167346, 11.915157839461775]",183.67724544539863,"[[45.42552, 11.92103], [45.43269, 11.91547], [45.42537, 11.9227], [45.43182, 11.91444], [45.42536, 11.92249], [45.42694, 11.90875], [45.42535, 11.92255], [45.43189, 11.91444], [45.42908, 11.9109], [45.42537, 11.92318], [45.42894, 11.92314], [45.43143, 11.91436], [45.42541, 11.92249], [45.4319, 11.91446], [45.42534, 11.92248], [45.43275, 11.91553], [45.42536, 11.92246], [45.43187, 11.91446], [45.42895, 11.9231], [45.42851, 11.91205], [45.42553, 11.92078], [45.43179, 11.9144], [45.42887, 11.92212], [45.43187, 11.91445], [45.43301, 11.91574], [45.42536, 11.92164], [45.42535, 11.92335], [45.43175, 11.91443], [45.42546, 11.9211], [45.43181, 11.91445], [45.42544, 11.92302], [45.42729, 11.91053], [45.43297, 11.91565], [45.43281, 11.91555], [45.42555, 11.92099], [45.43303, 11.91583], [45.42536, 11.92247], [45.42498, 11.91002], [45.42553, 11.92075], [45.43196, 11.91452], [45.42559, 11.92074], [45.42729, 11.91053], [45.42543, 11.92309], [45.4319, 11.91443], [45.42533, 11.92247], [45.42694, 11.90898], [45.42535, 11.92191], [45.42693, 11.90872], [45.42548, 11.92112], [45.42694, 11.90895]]","[[45.42356829377786, 11.922991189323378], [45.4256120003695, 11.91505166523715], [45.42718101196385, 11.923679425392162]]","[6, 5, 4]","[652.0892429112024, 9.65496035010434, 690.5798242826946]",0.0468752384185791,97.43452143669128
7,400,57,"[45.42677292230846, 11.916763841389015]","[45.42824578312901, 11.915367545810597]",196.81467171453258,"[[45.42557, 11.92085], [45.42691, 11.90879], [45.43288, 11.91561], [45.42691, 11.90872], [45.42543, 11.92309], [45.4319, 11.91443], [45.42559, 11.92074], [45.42701, 11.90926], [45.42535, 11.92255], [45.43189, 11.91444], [45.42537, 11.92277], [45.43183, 11.91443], [45.42536, 11.92246], [45.43187, 11.91446], [45.42894, 11.92314], [45.43189, 11.91447], [45.42559, 11.92057], [45.43182, 11.91443], [45.42536, 11.92256], [45.42719, 11.91011], [45.42532, 11.92262], [45.43278, 11.9155], [45.42534, 11.92248], [45.43275, 11.91553], [45.42553, 11.92075], [45.43196, 11.91452], [45.4254, 11.92279], [45.43188, 11.91444], [45.42555, 11.92078], [45.43191, 11.91446], [45.42891, 11.90992], [45.42537, 11.92318], [45.42538, 11.9218], [45.42694, 11.90898], [45.42887, 11.92212], [45.43187, 11.91445], [45.42556, 11.92072], [45.42425, 11.91852], [45.42535, 11.92335], [45.43194, 11.91449], [45.42551, 11.9208], [45.43184, 11.91443], [45.42541, 11.92287], [45.42724, 11.91032], [45.42533, 11.92247], [45.42694, 11.90898], [45.42556, 11.92066], [45.43187, 11.91445], [45.43301, 11.91574], [45.42536, 11.92164], [45.42554, 11.92048], [45.4238, 11.91467], [45.42531, 11.92245], [45.43183, 11.91442], [45.4289, 11.92217], [45.42693, 11.90888], [45.42789, 11.921], [45.43194, 11.91446], [45.42535, 11.92191], [45.42693, 11.90872], [45.42552, 11.92103], [45.43269, 11.91547], [45.42544, 11.92099], [45.42695, 11.90895], [45.42553, 11.92078], [45.43179, 11.9144], [45.42551, 11.92112], [45.42692, 11.90883], [45.42539, 11.9218], [45.43277, 11.91551], [45.42536, 11.92247], [45.42715, 11.90983], [45.42533, 11.92262], [45.43297, 11.91578], [45.42536, 11.92151], [45.42711, 11.90973], [45.42544, 11.92302], [45.42713, 11.90979], [45.42895, 11.92309], [45.43188, 11.91446], [45.42533, 11.92255], [45.43276, 11.91551], [45.42771, 11.92086], [45.43183, 11.91444], [45.42537, 11.9227], [45.43182, 11.91444], [45.42535, 11.92256], [45.42691, 11.90872], [45.42897, 11.92312], [45.42692, 11.9087], [45.42895, 11.9231], [45.4319, 11.91449], [45.42536, 11.92247], [45.42498, 11.91002], [45.42537, 11.92268], [45.43191, 11.91445], [45.43297, 11.91565], [45.43281, 11.91555], [45.42538, 11.92266], [45.43189, 11.91443], [45.42546, 11.9211], [45.43181, 11.91445], [45.42536, 11.92249], [45.42694, 11.90875], [45.42548, 11.92112], [45.42694, 11.90895], [45.42531, 11.9225], [45.43298, 11.91577], [45.42537, 11.9225], [45.42697, 11.90896], [45.42541, 11.92249], [45.4319, 11.91446], [45.42555, 11.92099], [45.43303, 11.91583]]","[[45.43248958539239, 11.909389661967117], [45.43465346624344, 11.911131836137141], [45.43349685860375, 11.913178196685159]]","[11, 11, 9]","[664.2987524750771, 785.5079283601641, 608.2331479699214]",0.1421349048614502,436.40781712532043
8,400,54,"[45.42677292230846, 11.916763841389015]","[45.42514726235006, 11.914430979489271]",256.8577719610636,"[[45.42552, 11.92103], [45.43269, 11.91547], [45.42538, 11.92266], [45.43189, 11.91443], [45.42555, 11.92078], [45.43191, 11.91446], [45.43297, 11.91565], [45.43281, 11.91555], [45.43288, 11.91561], [45.42691, 11.90872], [45.42556, 11.92072], [45.42714, 11.90989], [45.42534, 11.92248], [45.43275, 11.91553], [45.42533, 11.92255], [45.43276, 11.91551], [45.42897, 11.92312], [45.42692, 11.9087], [45.42895, 11.92309], [45.43188, 11.91446], [45.42537, 11.92277], [45.43183, 11.91443], [45.42789, 11.921], [45.43194, 11.91446], [45.42553, 11.92078], [45.43179, 11.9144], [45.42535, 11.92256], [45.42691, 11.90872], [45.42557, 11.92085], [45.42691, 11.90879], [45.42536, 11.92247], [45.42716, 11.90989], [45.42533, 11.92262], [45.43297, 11.91578], [45.42536, 11.92246], [45.43187, 11.91446], [45.4289, 11.92217], [45.42693, 11.90888], [45.42895, 11.9231], [45.4319, 11.91449], [45.42531, 11.92245], [45.43183, 11.91442], [45.42554, 11.92048], [45.42709, 11.90974], [45.42536, 11.92256], [45.42719, 11.91011], [45.42536, 11.92247], [45.42715, 11.90983], [45.42887, 11.92212], [45.43187, 11.91445], [45.42894, 11.92314], [45.43189, 11.91447], [45.42771, 11.92086], [45.43183, 11.91444], [45.42551, 11.9208], [45.43184, 11.91443], [45.42537, 11.92268], [45.43191, 11.91445], [45.42543, 11.92309], [45.4319, 11.91443], [45.42555, 11.92099], [45.43303, 11.91583], [45.42538, 11.9218], [45.42694, 11.90898], [45.42535, 11.92255], [45.43189, 11.91444], [45.4254, 11.92279], [45.43188, 11.91444], [45.42891, 11.90992], [45.42537, 11.92318], [45.42535, 11.92191], [45.42693, 11.90872], [45.42559, 11.92057], [45.43182, 11.91443], [45.42535, 11.92335], [45.43194, 11.91449], [45.42536, 11.92249], [45.42694, 11.90875], [45.42541, 11.92249], [45.4319, 11.91446], [45.42537, 11.9227], [45.43182, 11.91444], [45.42533, 11.92247], [45.42694, 11.90898], [45.42546, 11.9211], [45.43181, 11.91445], [45.42544, 11.92302], [45.42713, 11.90979], [45.43301, 11.91574], [45.42536, 11.92164], [45.42551, 11.92112], [45.42692, 11.90883], [45.42541, 11.92287], [45.42717, 11.91006], [45.42536, 11.92151], [45.42711, 11.90973], [45.42532, 11.92262], [45.43278, 11.9155], [45.42559, 11.92074], [45.42701, 11.90926], [45.42544, 11.92099], [45.42695, 11.90895], [45.42539, 11.9218], [45.43277, 11.91551], [45.42556, 11.92066], [45.43187, 11.91445], [45.42548, 11.92112], [45.42694, 11.90895]]","[[45.41835531213778, 11.912806482165086], [45.43249089680832, 11.90940782782894], [45.41640490895342, 11.912305976911684]]","[11, 11, 9]","[765.4901940379301, 905.903365800771, 985.7572789252546]",0.1746964454650879,425.254967212677
9,400,24,"[45.42677292230846, 11.916763841389015]","[45.428710919981576, 11.916739138008595]",215.39800195621544,"[[45.42541, 11.92249], [45.43198, 11.9145], [45.42555, 11.92099], [45.43303, 11.91583], [45.42553, 11.92075], [45.43196, 11.91452], [45.42557, 11.92085], [45.42691, 11.90879], [45.42532, 11.92262], [45.43278, 11.9155], [45.42552, 11.92103], [45.43269, 11.91547], [45.42551, 11.9208], [45.43201, 11.9145], [45.42531, 11.92245], [45.43201, 11.91451], [45.42536, 11.92256], [45.42719, 11.91011], [45.42895, 11.9231], [45.43197, 11.91455], [45.42895, 11.92309], [45.43203, 11.91456], [45.42539, 11.9218], [45.43277, 11.91551], [45.42556, 11.92072], [45.42714, 11.90989], [45.42887, 11.92212], [45.43198, 11.91449], [45.42531, 11.9225], [45.43298, 11.91577], [45.42533, 11.92255], [45.43276, 11.91551], [45.42559, 11.92057], [45.43195, 11.9145], [45.42535, 11.92256], [45.42691, 11.90872], [45.42554, 11.92048], [45.42709, 11.90974], [45.42556, 11.92066], [45.43201, 11.91453], [45.43301, 11.91574], [45.42536, 11.92164], [45.4289, 11.92217], [45.42693, 11.90888], [45.42553, 11.92078], [45.43199, 11.91449], [45.42873, 11.9219], [45.43197, 11.91451]]","[[45.43603950625156, 11.909419135712833], [45.43213504602046, 11.906845920853877], [45.437242138318645, 11.90749877323236]]","[23, 21, 17]","[995.7475710319802, 862.663957942043, 1192.4068309770178]",0.046889305114746094,101.67419075965881
10,400,19,"[45.42677292230846, 11.916763841389015]","[45.425130669412084, 11.919103827581234]",258.5529061075898,"[[45.42508, 11.92427], [45.42711, 11.90973], [45.42508, 11.92444], [45.42694, 11.90875], [45.42498, 11.92475], [45.43187, 11.91446], [45.42894, 11.92314], [45.43189, 11.91447], [45.42506, 11.92433], [45.43183, 11.91443], [45.42494, 11.92478], [45.42719, 11.91011], [45.42499, 11.9249], [45.43303, 11.91583], [45.42497, 11.92475], [45.42694, 11.90898], [45.42508, 11.92453], [45.42701, 11.90926], [45.42502, 11.92456], [45.43278, 11.9155], [45.42506, 11.92442], [45.43195, 11.9145], [45.42492, 11.9248], [45.43276, 11.91551], [45.42506, 11.92438], [45.43188, 11.91444], [45.42511, 11.92428], [45.42693, 11.90872], [45.42509, 11.92432], [45.43201, 11.9145], [45.42504, 11.92477], [45.43198, 11.9145], [45.42466, 11.92555], [45.42695, 11.90895], [45.4289, 11.92217], [45.42693, 11.90888], [45.42499, 11.92471], [45.43191, 11.91445]]","[[45.433476995398486, 11.904471548549193], [45.434711987640064, 11.90230580053918], [45.41683650371374, 11.91439372819733]]","[10, 10, 8]","[1473.644687916212, 1691.724946376299, 992.7944472635419]",0.1249847412109375,54.711732149124146
11,400,46,"[45.42677292230846, 11.916763841389015]","[45.423704984961965, 11.917039245242677]",341.65136827005927,"[[45.42894, 11.92314], [45.43189, 11.91447], [45.42536, 11.9218], [45.43196, 11.91452], [45.42534, 11.92248], [45.43275, 11.91553], [45.42538, 11.92266], [45.43189, 11.91443], [45.42873, 11.9219], [45.43197, 11.91451], [45.42895, 11.92309], [45.43203, 11.91456], [45.42499, 11.9249], [45.43303, 11.91583], [45.42498, 11.92475], [45.43187, 11.91446], [45.4289, 11.92217], [45.42693, 11.90888], [45.42539, 11.92163], [45.42694, 11.90895], [45.42508, 11.92453], [45.42701, 11.90926], [45.42535, 11.92256], [45.42691, 11.90872], [45.42494, 11.92478], [45.42719, 11.91011], [45.42539, 11.92171], [45.42709, 11.90974], [45.42531, 11.9225], [45.43298, 11.91577], [45.42539, 11.9218], [45.43277, 11.91551], [45.42533, 11.92262], [45.43297, 11.91578], [45.42544, 11.92302], [45.42713, 11.90979], [45.42538, 11.92178], [45.43191, 11.91446], [45.42536, 11.92247], [45.42715, 11.90983], [45.42544, 11.92157], [45.42691, 11.90879], [45.42537, 11.92176], [45.42692, 11.90883], [45.42466, 11.92555], [45.42695, 11.90895], [45.43301, 11.91574], [45.42536, 11.92164], [45.42537, 11.92162], [45.43199, 11.91449], [45.43297, 11.91565], [45.43281, 11.91555], [45.42789, 11.921], [45.43194, 11.91446], [45.42539, 11.92164], [45.43201, 11.91453], [45.42895, 11.9231], [45.43197, 11.91455], [45.42537, 11.9227], [45.43182, 11.91444], [45.42509, 11.92432], [45.43201, 11.9145], [45.42504, 11.92477], [45.43198, 11.9145], [45.42537, 11.9225], [45.42697, 11.90896], [45.42508, 11.92427], [45.42711, 11.90973], [45.42492, 11.9248], [45.43276, 11.91551], [45.42506, 11.92438], [45.43188, 11.91444], [45.42497, 11.92475], [45.42694, 11.90898], [45.42533, 11.92247], [45.42694, 11.90898], [45.42543, 11.92309], [45.4319, 11.91443], [45.42891, 11.90992], [45.42537, 11.92318], [45.42499, 11.92471], [45.43191, 11.91445], [45.42541, 11.92287], [45.42717, 11.91006], [45.42897, 11.92312], [45.42692, 11.9087], [45.42506, 11.92433], [45.43183, 11.91443], [45.42536, 11.92247], [45.42716, 11.90989], [45.42539, 11.92169], [45.43181, 11.91445]]","[[45.414575821219806, 11.91239870008933], [45.43357098928143, 11.913228368709701], [45.41649834301381, 11.912880334160848]]","[16, 16, 14]","[1077.6681027927555, 1136.3413720086623, 864.5649872475585]",0.09339213371276855,307.5739448070526
12,400,30,"[45.42677292230846, 11.916763841389015]","[45.42857860129688, 11.916350925978614]",203.26834973190608,"[[45.42539, 11.92164], [45.43201, 11.91453], [45.42494, 11.92478], [45.42719, 11.91011], [45.42508, 11.92453], [45.42701, 11.90926], [45.42873, 11.9219], [45.43197, 11.91451], [45.42536, 11.92247], [45.42715, 11.90983], [45.42895, 11.9231], [45.43197, 11.91455], [45.42895, 11.92309], [45.43203, 11.91456], [45.42897, 11.92312], [45.42692, 11.9087], [45.42537, 11.9225], [45.42697, 11.90896], [45.42498, 11.92475], [45.43203, 11.91456], [45.42508, 11.92444], [45.42694, 11.90875], [45.42499, 11.92471], [45.43204, 11.91457], [45.42556, 11.92072], [45.42714, 11.90989], [45.43288, 11.91561], [45.42691, 11.90872], [45.42537, 11.92176], [45.42692, 11.90883], [45.42502, 11.92456], [45.43278, 11.9155], [45.42539, 11.92169], [45.43201, 11.91454], [45.42536, 11.9218], [45.43196, 11.91452], [45.42499, 11.9249], [45.43303, 11.91583], [45.42535, 11.92256], [45.42691, 11.90872], [45.42543, 11.92309], [45.432, 11.91452], [45.42544, 11.92157], [45.42691, 11.90879], [45.43297, 11.91565], [45.43281, 11.91555], [45.42466, 11.92555], [45.42695, 11.90895], [45.42533, 11.92247], [45.42694, 11.90898], [45.42541, 11.92287], [45.42717, 11.91006], [45.42506, 11.92433], [45.432, 11.91452], [45.42891, 11.90992], [45.42537, 11.92318], [45.42894, 11.92314], [45.43195, 11.91449], [45.42533, 11.92262], [45.43297, 11.91578]]","[[45.43473246619022, 11.91119303639051], [45.41840768722088, 11.912963184231367], [45.41996173133299, 11.921808651211876]]","[14, 13, 11]","[794.1561735140236, 1161.07405777817, 1048.6161471912758]",0.06249666213989258,164.0717236995697
13,400,48,"[45.42677292230846, 11.916763841389015]","[45.42942568029642, 11.917234624873307]",297.1209350968899,"[[45.429, 11.92324], [45.43294, 11.91575], [45.42895, 11.92309], [45.43292, 11.91566], [45.43301, 11.91574], [45.42536, 11.92164], [45.42492, 11.9248], [45.43294, 11.91576], [45.42533, 11.92247], [45.42694, 11.90898], [45.42499, 11.92471], [45.43283, 11.91556], [45.42539, 11.92163], [45.42694, 11.90895], [45.43297, 11.91565], [45.43292, 11.9157], [45.42535, 11.92255], [45.43302, 11.91579], [45.42539, 11.92164], [45.43294, 11.91573], [45.42494, 11.92478], [45.42719, 11.91011], [45.429, 11.92311], [45.43286, 11.91569], [45.42534, 11.92248], [45.43292, 11.91577], [45.42536, 11.92247], [45.42716, 11.90989], [45.42539, 11.92169], [45.43295, 11.91579], [45.42506, 11.92438], [45.43293, 11.91576], [45.42506, 11.92433], [45.43294, 11.91577], [45.42535, 11.92335], [45.43287, 11.91572], [45.42466, 11.92555], [45.42695, 11.90895], [45.42544, 11.92157], [45.42691, 11.90879], [45.42531, 11.9225], [45.43298, 11.91577], [45.42537, 11.9227], [45.43294, 11.91574], [45.42538, 11.92266], [45.43297, 11.91575], [45.42891, 11.90992], [45.42537, 11.92318], [45.42556, 11.92072], [45.42714, 11.90989], [45.42892, 11.92288], [45.43295, 11.91573], [45.42543, 11.92309], [45.43292, 11.91571], [45.42531, 11.92245], [45.43284, 11.91558], [45.42506, 11.92442], [45.43287, 11.91569], [45.42537, 11.9225], [45.42697, 11.90896], [45.42541, 11.92287], [45.42717, 11.91006], [45.42898, 11.92266], [45.42693, 11.90888], [45.42538, 11.92178], [45.43291, 11.91571], [45.42537, 11.92162], [45.43286, 11.91558], [45.43288, 11.91561], [45.42691, 11.90872], [45.42511, 11.92428], [45.42693, 11.90872], [45.42504, 11.92477], [45.43291, 11.91572], [45.42895, 11.9231], [45.43295, 11.91583], [45.42536, 11.92247], [45.42715, 11.90983], [45.42508, 11.92444], [45.42694, 11.90875], [45.42539, 11.9218], [45.43291, 11.91571], [45.42497, 11.92475], [45.42694, 11.90898], [45.42894, 11.92314], [45.43296, 11.91581], [45.42544, 11.92302], [45.42713, 11.90979], [45.42539, 11.92171], [45.42709, 11.90974], [45.42536, 11.9218], [45.43303, 11.91581], [45.42509, 11.92432], [45.43282, 11.91552], [45.42897, 11.92312], [45.42692, 11.9087]]","[[45.42715938342921, 11.922265797964902], [45.4217109499987, 11.922458327292157], [45.41817786298934, 11.921119086976367]]","[17, 8, 8]","[467.3988035781214, 949.8890671736515, 1286.5187840182632]",0.1408071517944336,279.5742311477661
14,400,51,"[45.42677292230846, 11.916763841389015]","[45.42902104421925, 11.916441206571536]",251.12906620926034,"[[45.43301, 11.91574], [45.42536, 11.92164], [45.42498, 11.92475], [45.43259, 11.91536], [45.42544, 11.92157], [45.42691, 11.90879], [45.42506, 11.92433], [45.43294, 11.91577], [45.42538, 11.92178], [45.43291, 11.91571], [45.42531, 11.9225], [45.43298, 11.91577], [45.42506, 11.92442], [45.43287, 11.91569], [45.42898, 11.92266], [45.42693, 11.90888], [45.42539, 11.92164], [45.43294, 11.91573], [45.429, 11.92311], [45.43286, 11.91569], [45.42537, 11.9225], [45.42697, 11.90896], [45.42895, 11.9231], [45.43295, 11.91583], [45.42492, 11.9248], [45.43294, 11.91576], [45.42897, 11.92312], [45.42692, 11.9087], [45.42552, 11.92103], [45.43269, 11.91547], [45.42539, 11.92169], [45.43295, 11.91579], [45.42891, 11.90992], [45.42537, 11.92318], [45.42508, 11.92427], [45.42711, 11.90973], [45.42539, 11.92163], [45.42694, 11.90895], [45.42511, 11.92428], [45.42693, 11.90872], [45.42494, 11.92478], [45.42719, 11.91011], [45.42497, 11.92475], [45.42694, 11.90898], [45.43297, 11.91565], [45.43292, 11.9157], [45.42539, 11.9218], [45.43291, 11.91571], [45.42533, 11.92247], [45.42694, 11.90898], [45.42502, 11.92456], [45.43278, 11.9155], [45.42504, 11.92477], [45.43291, 11.91572], [45.42533, 11.92262], [45.43297, 11.91578], [45.42556, 11.92072], [45.42714, 11.90989], [45.42537, 11.92162], [45.43286, 11.91558], [45.42536, 11.92247], [45.42715, 11.90983], [45.42535, 11.92255], [45.43302, 11.91579], [45.42508, 11.92444], [45.42694, 11.90875], [45.42508, 11.92453], [45.42701, 11.90926], [45.42538, 11.92266], [45.43297, 11.91575], [45.42499, 11.92471], [45.43283, 11.91556], [45.42536, 11.9218], [45.43303, 11.91581], [45.42895, 11.92309], [45.43292, 11.91566], [45.429, 11.92324], [45.43294, 11.91575], [45.42535, 11.92256], [45.42691, 11.90872], [45.43288, 11.91561], [45.42691, 11.90872], [45.42543, 11.92309], [45.43292, 11.91571], [45.42509, 11.92432], [45.43282, 11.91552], [45.42537, 11.92176], [45.42692, 11.90883], [45.42466, 11.92555], [45.42695, 11.90895], [45.42534, 11.92248], [45.43292, 11.91577], [45.42541, 11.92287], [45.42717, 11.91006], [45.42499, 11.9249], [45.43303, 11.91583], [45.42894, 11.92314], [45.43296, 11.91581], [45.42506, 11.92438], [45.43293, 11.91576], [45.42536, 11.92247], [45.42716, 11.90989]]","[[45.42190445483688, 11.91175153707038], [45.41840768722088, 11.912963184231367], [45.42017146928905, 11.912450430078435]]","[25, 22, 16]","[871.9440078602593, 1210.5690401444097, 1031.9419170208914]",0.06249690055847168,304.0157449245453
0,600,41,"[45.42677292230846, 11.916763841389015]","[45.42353352972921, 11.915479472139051]",373.79486356240636,"[[45.42891, 11.90992], [45.42537, 11.92318], [45.42499, 11.92471], [45.43283, 11.91556], [45.42535, 11.92293], [45.43303, 11.91581], [45.42544, 11.92302], [45.42694, 11.90874], [45.42542, 11.92304], [45.43295, 11.91579], [45.42499, 11.9249], [45.43303, 11.91583], [45.42502, 11.92456], [45.43278, 11.9155], [45.42541, 11.9232], [45.43291, 11.91571], [45.42532, 11.92343], [45.43297, 11.91578], [45.42533, 11.92281], [45.42705, 11.90943], [45.42537, 11.92309], [45.42711, 11.90955], [45.42506, 11.92442], [45.43287, 11.91569], [45.43301, 11.91574], [45.42538, 11.9231], [45.429, 11.92311], [45.43286, 11.91569], [45.42534, 11.92284], [45.43291, 11.91571], [45.42541, 11.92287], [45.42715, 11.90978], [45.42895, 11.9231], [45.43295, 11.91583], [45.42508, 11.92427], [45.42711, 11.90973], [45.42894, 11.92314], [45.43296, 11.91581], [45.42504, 11.92477], [45.43291, 11.91572], [45.4254, 11.92293], [45.43294, 11.91573], [45.42536, 11.92289], [45.43284, 11.91558], [45.42543, 11.92283], [45.42697, 11.90896], [45.42466, 11.92555], [45.42695, 11.90895], [45.42538, 11.92283], [45.43302, 11.91579], [45.42506, 11.92438], [45.43293, 11.91576], [45.42536, 11.92286], [45.43269, 11.91547], [45.42539, 11.92274], [45.427, 11.90919], [45.42492, 11.9248], [45.43294, 11.91576], [45.42497, 11.92475], [45.42694, 11.90898], [45.4254, 11.92278], [45.43286, 11.91558], [45.42537, 11.92276], [45.43292, 11.91577], [45.42508, 11.92444], [45.42694, 11.90875], [45.42543, 11.92278], [45.42704, 11.90932], [45.429, 11.92324], [45.43294, 11.91575], [45.42543, 11.92309], [45.43292, 11.91571], [45.42537, 11.92283], [45.43298, 11.91577], [45.4254, 11.92325], [45.42691, 11.90879], [45.42535, 11.92335], [45.43287, 11.91572], [45.42538, 11.92329], [45.42691, 11.90872], [45.43297, 11.91565], [45.43292, 11.9157]]","[[45.41667467604691, 11.913669851789525], [45.42718366458037, 11.923588604943067], [45.414717411432534, 11.913212275102362]]","[14, 10, 8]","[775.3394935415495, 753.2129783789495, 995.7625088255853]",0.11029601097106934,162.24846649169922
1,600,42,"[45.42677292230846, 11.916763841389015]","[45.42935466415255, 11.916467511661658]",287.87073878328385,"[[45.42537, 11.9227], [45.43473, 11.91523], [45.42534, 11.92207], [45.42694, 11.90895], [45.42494, 11.92478], [45.42691, 11.90875], [45.4254, 11.92325], [45.42691, 11.90879], [45.42466, 11.92555], [45.42695, 11.90895], [45.42506, 11.92438], [45.43473, 11.91525], [45.42538, 11.92329], [45.42691, 11.90872], [45.43508, 11.91663], [45.42538, 11.9231], [45.42538, 11.92266], [45.43474, 11.91524], [45.42497, 11.92475], [45.42694, 11.90898], [45.42504, 11.92477], [45.43471, 11.91538], [45.42538, 11.92283], [45.43471, 11.9154], [45.42537, 11.92283], [45.43473, 11.91528], [45.42533, 11.92281], [45.42705, 11.90943], [45.42508, 11.92427], [45.42694, 11.90896], [45.4254, 11.92278], [45.43473, 11.91526], [45.42498, 11.92475], [45.43472, 11.9153], [45.42911, 11.92418], [45.43474, 11.91533], [45.42535, 11.92335], [45.43474, 11.91522], [45.42535, 11.92293], [45.43279, 11.92252], [45.42542, 11.92304], [45.43473, 11.91529], [45.42537, 11.92276], [45.43477, 11.91657], [45.42534, 11.92284], [45.43471, 11.9154], [45.42506, 11.92442], [45.43472, 11.91527], [45.42508, 11.92444], [45.42694, 11.90875], [45.42907, 11.9242], [45.43466, 11.91793], [45.42921, 11.90858], [45.42537, 11.92318], [45.42499, 11.92471], [45.43473, 11.91521], [45.42909, 11.92416], [45.43474, 11.91523], [45.42541, 11.92287], [45.427, 11.90907], [45.42511, 11.92428], [45.42693, 11.90872], [45.42544, 11.92302], [45.42694, 11.90874], [45.42539, 11.92274], [45.427, 11.90919], [45.42533, 11.92247], [45.42694, 11.90898], [45.42913, 11.92437], [45.42692, 11.9087], [45.42904, 11.92415], [45.43473, 11.91516], [45.42536, 11.92289], [45.43471, 11.91529], [45.42543, 11.92309], [45.43472, 11.915], [45.42912, 11.92417], [45.43474, 11.91515], [45.42532, 11.92343], [45.43472, 11.91535], [45.42541, 11.9232], [45.43471, 11.9154], [45.42912, 11.92423], [45.42693, 11.90888]]","[[45.4293685070173, 11.91651076792489], [45.436539500339386, 11.915134790100296], [45.42689022557368, 11.924653300785035]]","[39, 12, 10]","[3.7182718276395135, 805.3054714363757, 696.6973402229645]",0.2506377696990967,215.21045064926147
2,600,47,"[45.42677292230846, 11.916763841389015]","[45.42611867666527, 11.914675946523301]",178.84666586041328,"[[45.42913, 11.92437], [45.42726, 11.90718], [45.42536, 11.92242], [45.42726, 11.90702], [45.42532, 11.92343], [45.43472, 11.91535], [45.42537, 11.92309], [45.42618, 11.90691], [45.42543, 11.92309], [45.43472, 11.915], [45.42509, 11.92432], [45.43282, 11.91552], [45.42506, 11.92438], [45.43473, 11.91525], [45.42912, 11.92423], [45.42728, 11.90693], [45.42533, 11.92281], [45.42727, 11.90689], [45.42494, 11.92478], [45.42726, 11.90689], [45.42498, 11.92475], [45.43472, 11.9153], [45.42538, 11.92266], [45.43474, 11.91524], [45.42538, 11.92329], [45.42622, 11.90641], [45.42504, 11.92477], [45.43471, 11.91538], [45.42537, 11.9227], [45.43473, 11.91523], [45.429, 11.92324], [45.43294, 11.91575], [45.4254, 11.92278], [45.43473, 11.91526], [45.42508, 11.92453], [45.4273, 11.90678], [45.43288, 11.91561], [45.42734, 11.90705], [45.43508, 11.91663], [45.42538, 11.9231], [45.42907, 11.9242], [45.43466, 11.91793], [45.43297, 11.91565], [45.43292, 11.9157], [45.42508, 11.92444], [45.42621, 11.90624], [45.42534, 11.92284], [45.43471, 11.9154], [45.42537, 11.92276], [45.43477, 11.91657], [45.42541, 11.92287], [45.42726, 11.9069], [45.42535, 11.92293], [45.43279, 11.92252], [45.42543, 11.92278], [45.42727, 11.90668], [45.42492, 11.9248], [45.43294, 11.91576], [45.42909, 11.92416], [45.43474, 11.91523], [45.4254, 11.92325], [45.42735, 11.90703], [45.42543, 11.92283], [45.4273, 11.90702], [45.42466, 11.92555], [45.42729, 11.90686], [45.42508, 11.92427], [45.42621, 11.90629], [45.42904, 11.92415], [45.43473, 11.91516], [45.42506, 11.92442], [45.43472, 11.91527], [45.42535, 11.92335], [45.43474, 11.91522], [45.42926, 11.90804], [45.42537, 11.92318], [45.42502, 11.92456], [45.43278, 11.9155], [45.42538, 11.92283], [45.43471, 11.9154], [45.42541, 11.9232], [45.43471, 11.9154], [45.42536, 11.92257], [45.42728, 11.90702], [45.42499, 11.92471], [45.43473, 11.91521], [45.42499, 11.9249], [45.43303, 11.91583], [45.42912, 11.92417], [45.43474, 11.91515], [45.42544, 11.92302], [45.42726, 11.90718], [45.42506, 11.92433], [45.43294, 11.91577]]","[[45.41999963855394, 11.921659148846478], [45.426870715929425, 11.924692583282846], [45.42175667962093, 11.92236236674102]]","[20, 15, 15]","[872.4663482933096, 788.342239714437, 772.5951245378977]",0.17160582542419434,209.85195636749268
3,600,53,"[45.42677292230846, 11.916763841389015]","[45.42445936075792, 11.91669081600847]",257.1929548839318,"[[45.42506, 11.92442], [45.43472, 11.91527], [45.42913, 11.92437], [45.42726, 11.90718], [45.42495, 11.92478], [45.43473, 11.91526], [45.42494, 11.92478], [45.42726, 11.90689], [45.429, 11.92324], [45.43294, 11.91575], [45.42509, 11.92444], [45.43473, 11.91523], [45.42498, 11.92475], [45.43472, 11.9153], [45.42497, 11.92477], [45.43472, 11.91535], [45.42502, 11.9245], [45.43471, 11.9154], [45.42912, 11.92423], [45.42728, 11.90693], [45.42497, 11.92471], [45.42622, 11.90641], [45.42508, 11.92453], [45.4273, 11.90678], [45.43288, 11.91561], [45.42734, 11.90705], [45.42907, 11.9242], [45.43466, 11.91793], [45.42491, 11.92474], [45.43471, 11.91529], [45.42518, 11.92431], [45.42726, 11.90718], [45.42497, 11.92475], [45.42694, 11.90898], [45.42504, 11.92463], [45.43472, 11.915], [45.42469, 11.9256], [45.43474, 11.91522], [45.42502, 11.9246], [45.43294, 11.91573], [45.42516, 11.92444], [45.427, 11.90919], [45.42502, 11.92456], [45.43278, 11.9155], [45.42926, 11.90804], [45.42459, 11.90885], [45.42503, 11.92462], [45.42726, 11.90702], [45.42504, 11.92477], [45.43471, 11.91538], [45.42514, 11.92434], [45.4273, 11.90702], [45.42492, 11.9248], [45.43294, 11.91576], [45.425, 11.92459], [45.42727, 11.90689], [45.42508, 11.92444], [45.42621, 11.90624], [45.42911, 11.92418], [45.43474, 11.91533], [45.42509, 11.92432], [45.43282, 11.91552], [45.42502, 11.92444], [45.43474, 11.91524], [45.42904, 11.92415], [45.43473, 11.91516], [45.42502, 11.92445], [45.43269, 11.91547], [45.42505, 11.92454], [45.43471, 11.9154], [45.42498, 11.92471], [45.42727, 11.90668], [45.42505, 11.92447], [45.43473, 11.91528], [45.42493, 11.92471], [45.43477, 11.91657], [45.42909, 11.92416], [45.43474, 11.91523], [45.42501, 11.92458], [45.42735, 11.90703], [45.43508, 11.91663], [45.42506, 11.92436], [45.425, 11.92472], [45.42694, 11.90898], [45.42497, 11.92481], [45.42726, 11.9069], [45.42506, 11.92433], [45.43294, 11.91577], [45.42505, 11.92454], [45.42618, 11.90691], [45.42912, 11.92417], [45.43474, 11.91515], [45.42514, 11.9244], [45.43471, 11.9154], [45.43297, 11.91565], [45.43292, 11.9157], [45.425, 11.92452], [45.42693, 11.90872], [45.42466, 11.92555], [45.42729, 11.90686], [45.42517, 11.9243], [45.42728, 11.90702], [45.42504, 11.92447], [45.43473, 11.91529], [45.42499, 11.92471], [45.43473, 11.91521]]","[[45.43652823140877, 11.915112844269576], [45.41552281338228, 11.917175445224508], [45.43829161795247, 11.914322701752651]]","[11, 7, 7]","[1347.0084803738725, 993.9317900231913, 1548.4486108195783]",0.28154826164245605,249.27369141578674
4,600,50,"[45.42677292230846, 11.916763841389015]","[45.42875212205339, 11.914546867739084]",280.15522174501393,"[[45.42493, 11.92471], [45.43477, 11.91657], [45.42913, 11.92437], [45.42729, 11.90688], [45.42506, 11.92438], [45.43473, 11.91525], [45.42509, 11.92444], [45.43473, 11.91523], [45.42518, 11.92431], [45.42729, 11.90682], [45.42466, 11.92555], [45.42729, 11.90686], [45.425, 11.92452], [45.42728, 11.90682], [45.42497, 11.92477], [45.43472, 11.91535], [45.425, 11.92472], [45.42736, 11.90662], [45.42502, 11.9246], [45.43407, 11.91616], [45.42497, 11.92471], [45.42622, 11.90641], [45.42909, 11.92416], [45.43474, 11.91523], [45.42499, 11.92471], [45.43473, 11.91521], [45.42911, 11.92418], [45.43474, 11.91533], [45.42492, 11.9248], [45.43406, 11.91607], [45.42508, 11.92427], [45.42621, 11.90629], [45.42505, 11.92454], [45.43471, 11.9154], [45.42907, 11.9242], [45.43466, 11.91793], [45.42505, 11.92447], [45.43473, 11.91528], [45.42503, 11.92462], [45.42726, 11.90702], [45.42504, 11.92463], [45.43472, 11.915], [45.42491, 11.92474], [45.43471, 11.91529], [45.43508, 11.91663], [45.42506, 11.92436], [45.42508, 11.92444], [45.42621, 11.90624], [45.42506, 11.92433], [45.43423, 11.91616], [45.42506, 11.92442], [45.43472, 11.91527], [45.42499, 11.9249], [45.43418, 11.91625], [45.42502, 11.9245], [45.43471, 11.9154], [45.42502, 11.92456], [45.43438, 11.91631], [45.42497, 11.92475], [45.42729, 11.9068], [45.42514, 11.92434], [45.4273, 11.90702], [45.42502, 11.92444], [45.43474, 11.91524], [45.42497, 11.92481], [45.42726, 11.9069], [45.42469, 11.9256], [45.43474, 11.91522], [45.42509, 11.92432], [45.43442, 11.91621], [45.42919, 11.9064], [45.42459, 11.90885], [45.42504, 11.92477], [45.43471, 11.91538], [45.42904, 11.92415], [45.43473, 11.91516], [45.42912, 11.92417], [45.43474, 11.91515], [45.429, 11.92324], [45.43411, 11.91621], [45.42504, 11.92447], [45.43473, 11.91529], [45.42535, 11.92293], [45.43279, 11.92252], [45.43408, 11.91609], [45.43409, 11.91617], [45.43631, 11.91735], [45.42734, 11.90705], [45.42508, 11.92453], [45.4273, 11.90678], [45.425, 11.92459], [45.42727, 11.90689], [45.42501, 11.92458], [45.42735, 11.90703], [45.42502, 11.92445], [45.43419, 11.91609], [45.42495, 11.92478], [45.43473, 11.91526], [45.42498, 11.92475], [45.43472, 11.9153]]","[[45.42178756817225, 11.92220261350959], [45.43652371491106, 11.914812030834982], [45.420053837270544, 11.92144366258941]]","[9, 7, 5]","[978.8358205152291, 863.985827832927, 1107.205923601023]",0.12537360191345215,234.12970423698425
5,600,19,"[45.42677292230846, 11.916763841389015]","[45.42393996458385, 11.919773615816915]",393.21368886226094,"[[45.42919, 11.9064], [45.42459, 11.90885], [45.42359, 11.92758], [45.42726, 11.90702], [45.42349, 11.92782], [45.43423, 11.91616], [45.43508, 11.91663], [45.42363, 11.92761], [45.4236, 11.92753], [45.43406, 11.91607], [45.42365, 11.92745], [45.43474, 11.91524], [45.42359, 11.92764], [45.43418, 11.91625], [45.42364, 11.92743], [45.43473, 11.91525], [45.42912, 11.92423], [45.42728, 11.90693], [45.42363, 11.92766], [45.43471, 11.91538], [45.42357, 11.92782], [45.43471, 11.9154], [45.42358, 11.92765], [45.42726, 11.90689], [45.42367, 11.92748], [45.4273, 11.90702], [45.4237, 11.92745], [45.427, 11.90919], [45.42357, 11.92766], [45.42735, 11.90703], [45.42357, 11.92767], [45.42728, 11.90702], [45.42364, 11.92748], [45.43442, 11.91621], [45.42355, 11.9277], [45.42729, 11.9068], [45.42357, 11.92768], [45.43473, 11.91521]]","[[45.411333656654996, 11.916824544613002], [45.415561240026115, 11.917259594179708], [45.41338917537139, 11.917036064506961]]","[4, 3, 3]","[1419.9519096194533, 951.7735483130053, 1192.0300744387785]",0.1251814365386963,33.66176223754883
6,600,51,"[45.42677292230846, 11.916763841389015]","[45.42316251406626, 11.918088635763997]",414.43956703979745,"[[45.42911, 11.92418], [45.43474, 11.91533], [45.42453, 11.92574], [45.43419, 11.91609], [45.4247, 11.92551], [45.43279, 11.92252], [45.42367, 11.92748], [45.4273, 11.90702], [45.42452, 11.92583], [45.42727, 11.90689], [45.42349, 11.92782], [45.43423, 11.91616], [45.42473, 11.9256], [45.42726, 11.9069], [45.42365, 11.92745], [45.43474, 11.91524], [45.42465, 11.9256], [45.42729, 11.90682], [45.42466, 11.92555], [45.42729, 11.90686], [45.42462, 11.92551], [45.43473, 11.91528], [45.43508, 11.91663], [45.42363, 11.92761], [45.42907, 11.9242], [45.43466, 11.91793], [45.4247, 11.92558], [45.42618, 11.90691], [45.42357, 11.92766], [45.42735, 11.90703], [45.42474, 11.92552], [45.43473, 11.91529], [45.4245, 11.92587], [45.43472, 11.91527], [45.42474, 11.92552], [45.43472, 11.915], [45.4237, 11.92745], [45.427, 11.90919], [45.42919, 11.9064], [45.42459, 11.90885], [45.42469, 11.92558], [45.43473, 11.91523], [45.42912, 11.92417], [45.43474, 11.91515], [45.42459, 11.92564], [45.43477, 11.91657], [45.42358, 11.92765], [45.42726, 11.90689], [45.42464, 11.92557], [45.43471, 11.9154], [45.42463, 11.92565], [45.43438, 11.91631], [45.42473, 11.9255], [45.42621, 11.90624], [45.42909, 11.92416], [45.43474, 11.91523], [45.4236, 11.92753], [45.43406, 11.91607], [45.42463, 11.92552], [45.43473, 11.91526], [45.429, 11.92324], [45.43411, 11.91621], [45.42363, 11.92766], [45.43471, 11.91538], [45.42904, 11.92415], [45.43473, 11.91516], [45.42355, 11.9277], [45.42729, 11.9068], [45.42465, 11.92557], [45.43472, 11.91535], [45.42469, 11.9256], [45.43474, 11.91522], [45.42462, 11.9255], [45.43471, 11.91529], [45.42454, 11.9258], [45.42622, 11.90641], [45.42466, 11.92551], [45.43472, 11.9153], [45.42465, 11.92556], [45.43471, 11.9154], [45.42913, 11.92437], [45.42729, 11.90688], [45.42357, 11.92768], [45.43473, 11.91521], [45.42357, 11.92782], [45.43471, 11.9154], [45.42445, 11.9259], [45.42621, 11.90629], [45.42454, 11.92573], [45.42727, 11.90668], [45.42464, 11.92559], [45.4273, 11.90678], [45.42359, 11.92764], [45.43418, 11.91625], [45.42912, 11.92423], [45.42728, 11.90693], [45.42462, 11.92554], [45.42728, 11.90682], [45.43631, 11.91735], [45.42734, 11.90705], [45.43408, 11.91609], [45.43409, 11.91617]]","[[45.41681676595394, 11.919135760729509], [45.42693475765091, 11.929634035313946], [45.41829423799976, 11.920622572495056]]","[14, 13, 10]","[710.0123879881824, 996.0892075066786, 576.2630205346146]",0.1411890983581543,284.00677514076233
7,600,31,"[45.42677292230846, 11.916763841389015]","[45.42913493829981, 11.917711380847646]",272.7866742981938,"[[45.43537, 11.91682], [45.43453, 11.91595], [45.42358, 11.92765], [45.42726, 11.90689], [45.42465, 11.92557], [45.43472, 11.91535], [45.42357, 11.92766], [45.42735, 11.90703], [45.42968, 11.92543], [45.42728, 11.90693], [45.42367, 11.92748], [45.4273, 11.90702], [45.42473, 11.9255], [45.42621, 11.90624], [45.42445, 11.9259], [45.42621, 11.90629], [45.42355, 11.9277], [45.42729, 11.9068], [45.42956, 11.92541], [45.42729, 11.90688], [45.42357, 11.92767], [45.42728, 11.90702], [45.42463, 11.92565], [45.43499, 11.91667], [45.42462, 11.92554], [45.42728, 11.90682], [45.42976, 11.92536], [45.43474, 11.91523], [45.42452, 11.92583], [45.42727, 11.90689], [45.42462, 11.9255], [45.43471, 11.91529], [45.42973, 11.92545], [45.43452, 11.91598], [45.42359, 11.92764], [45.43484, 11.91661], [45.42357, 11.92768], [45.43473, 11.91521], [45.42465, 11.9256], [45.42729, 11.90682], [45.42466, 11.92555], [45.42729, 11.90686], [45.42365, 11.92745], [45.43474, 11.91524], [45.42465, 11.92556], [45.43471, 11.9154], [45.42464, 11.92557], [45.43471, 11.9154], [45.42364, 11.92748], [45.43445, 11.9162], [45.425, 11.92472], [45.42736, 11.90662], [45.42349, 11.92782], [45.43449, 11.9161], [45.42463, 11.92552], [45.43473, 11.91526], [45.42363, 11.92766], [45.43471, 11.91538], [45.4236, 11.92753], [45.43443, 11.91621], [45.4245, 11.92587], [45.43472, 11.91527]]","[[45.43128821548387, 11.913765421552478], [45.43298748192545, 11.914640296003043], [45.413953712035216, 11.916026967864802]]","[28, 14, 9]","[390.66969190296345, 491.00581692014634, 1692.3842991012177]",0.10010027885437012,140.95229649543762
8,600,21,"[45.42677292230846, 11.916763841389015]","[45.42641612133364, 11.912807217419003]",312.17254918279536,"[[45.42907, 11.9242], [45.43466, 11.91793], [45.42469, 11.9256], [45.43474, 11.91522], [45.425, 11.92472], [45.42839, 11.90537], [45.42908, 11.90578], [45.42484, 11.90542], [45.4247, 11.92551], [45.43279, 11.92252], [45.42956, 11.92541], [45.42826, 11.90543], [45.4237, 11.92745], [45.42594, 11.90466], [45.42904, 11.92415], [45.43473, 11.91516], [45.42349, 11.92782], [45.43449, 11.9161], [45.42445, 11.9259], [45.42593, 11.90461], [45.42367, 11.92748], [45.42858, 11.90521], [45.42462, 11.92551], [45.43473, 11.91528], [45.42363, 11.92766], [45.43471, 11.91538], [45.42473, 11.9256], [45.42846, 11.90527], [45.42473, 11.9255], [45.42568, 11.90321], [45.43508, 11.91663], [45.42363, 11.92761], [45.42357, 11.92766], [45.42866, 11.90508], [45.4236, 11.92753], [45.43443, 11.91621], [45.42464, 11.92557], [45.43471, 11.9154], [45.42912, 11.92417], [45.43474, 11.91515], [45.4247, 11.92558], [45.42594, 11.90457]]","[[45.432965578255605, 11.914724566097066], [45.436539500339386, 11.915134790100296], [45.4310673422904, 11.918031779626752]]","[11, 4, 3]","[743.2109696824285, 1139.7619107631153, 659.0810906969976]",0.0945284366607666,63.18287682533264
0,800,19,"[45.42677292230846, 11.916763841389015]","[45.429985966070376, 11.914723085264319]",391.18327044111095,"[[45.42462, 11.92554], [45.43567, 11.90807], [45.42474, 11.92552], [45.43568, 11.90831], [45.42454, 11.92573], [45.43566, 11.9081], [45.42462, 11.92551], [45.43571, 11.90794], [45.425, 11.92472], [45.43568, 11.908], [45.42956, 11.92541], [45.43567, 11.90824], [45.42469, 11.92558], [45.43568, 11.9081], [45.42466, 11.92551], [45.43564, 11.90833], [45.42465, 11.92556], [45.43561, 11.90825], [45.42462, 11.9255], [45.43562, 11.9083], [45.4245, 11.92587], [45.43566, 11.90804], [45.4247, 11.92551], [45.43262, 11.92467], [45.42452, 11.92583], [45.43568, 11.90785], [45.42363, 11.92766], [45.43571, 11.90783], [45.42365, 11.92745], [45.43564, 11.90831], [45.42355, 11.9277], [45.43571, 11.90789], [45.42465, 11.92557], [45.43569, 11.90787], [45.42349, 11.92782], [45.43566, 11.90826], [45.42968, 11.92543], [45.43564, 11.90833]]","[[45.4270855661511, 11.912289555497685], [45.430207980592215, 11.915037270789105], [45.421280561993264, 11.923603028523383]]","[5, 5, 5]","[374.4030665698209, 34.833008965478214, 1191.239892519621]",0.578993558883667,33.79660630226135
1,800,35,"[45.42677292230846, 11.916763841389015]","[45.42525391354975, 11.920743889128948]",354.2893046203245,"[[45.4314, 11.92648], [45.43474, 11.91533], [45.4319, 11.92657], [45.43474, 11.91523], [45.424, 11.93112], [45.43445, 11.9162], [45.42395, 11.93128], [45.42846, 11.90527], [45.42413, 11.93097], [45.4273, 11.90678], [45.43142, 11.92649], [45.43452, 11.91598], [45.42403, 11.93106], [45.43474, 11.91522], [45.42407, 11.93103], [45.43564, 11.90831], [45.42421, 11.93091], [45.42729, 11.90682], [45.43133, 11.92646], [45.43567, 11.90824], [45.42402, 11.93114], [45.42622, 11.90641], [45.42486, 11.93111], [45.43568, 11.90785], [45.42397, 11.93122], [45.42728, 11.90702], [45.42416, 11.93088], [45.43564, 11.90833], [45.4249, 11.93105], [45.43473, 11.91525], [45.42487, 11.93114], [45.42593, 11.90461], [45.43631, 11.91735], [45.42734, 11.90705], [45.43171, 11.92655], [45.43564, 11.90833], [45.43192, 11.92656], [45.43466, 11.91793], [45.42422, 11.93091], [45.43571, 11.90789], [45.42399, 11.93124], [45.43419, 11.91609], [45.42406, 11.93103], [45.43473, 11.91529], [45.42422, 11.93091], [45.43571, 11.90783], [45.43508, 11.91663], [45.42404, 11.93112], [45.42416, 11.93094], [45.43562, 11.9083], [45.42415, 11.93095], [45.43561, 11.90825], [45.42492, 11.93098], [45.43471, 11.9154], [45.42415, 11.931], [45.43262, 11.92467], [45.42401, 11.93112], [45.43569, 11.90787], [45.42417, 11.93086], [45.43566, 11.90804], [45.42403, 11.93112], [45.42568, 11.90321], [45.42908, 11.90578], [45.42484, 11.90542], [45.42403, 11.93102], [45.43567, 11.90807], [45.42397, 11.93116], [45.43568, 11.9081], [45.42403, 11.93109], [45.43473, 11.91526]]","[[45.4326274653185, 11.911111286629907], [45.42992269734085, 11.933862133987724], [45.43776673725244, 11.912454244630325]]","[20, 9, 6]","[1113.46712839822, 1150.2931137536134, 1534.529413003767]",0.6195042133331299,149.86254692077637
2,800,19,"[45.42677292230846, 11.916763841389015]","[45.42230505611866, 11.912592209060255]",594.2737481471107,"[[45.42367, 11.92748], [45.42858, 11.90521], [45.42358, 11.92765], [45.42812, 11.90561], [45.42357, 11.92782], [45.43471, 11.9154], [45.42395, 11.93128], [45.42846, 11.90527], [45.4319, 11.92657], [45.43474, 11.91523], [45.42474, 11.92552], [45.43568, 11.90831], [45.424, 11.93112], [45.43445, 11.9162], [45.42908, 11.90578], [45.42565, 11.90324], [45.42357, 11.92768], [45.43473, 11.91521], [45.42912, 11.92417], [45.43474, 11.91515], [45.425, 11.92472], [45.43568, 11.908], [45.42359, 11.92758], [45.4282, 11.90553], [45.43508, 11.91663], [45.42404, 11.93112], [45.42486, 11.93111], [45.43568, 11.90785], [45.42407, 11.93103], [45.43564, 11.90831], [45.42403, 11.93109], [45.43473, 11.91526], [45.42416, 11.93094], [45.43562, 11.9083], [45.42415, 11.93095], [45.43561, 11.90825], [45.42904, 11.92415], [45.43473, 11.91516]]","[[45.432595952731546, 11.911043872445914], [45.432949532851275, 11.91478900040986], [45.4199885789652, 11.921869029717588]]","[6, 5, 5]","[1150.1322576756108, 1195.454721157638, 770.3631891780069]",0.04686689376831055,46.86478543281555
3,800,45,"[45.42677292230846, 11.916763841389015]","[45.42522787250954, 11.92163147789524]",417.8568648388032,"[[45.43192, 11.92656], [45.43466, 11.91793], [45.42366, 11.93198], [45.42729, 11.90686], [45.42637, 11.93185], [45.43571, 11.90794], [45.42626, 11.93186], [45.43568, 11.908], [45.42366, 11.93207], [45.43568, 11.90831], [45.42378, 11.93172], [45.43445, 11.9162], [45.42374, 11.93183], [45.42846, 11.90527], [45.42366, 11.93201], [45.43443, 11.91621], [45.42377, 11.93167], [45.43567, 11.90807], [45.42379, 11.9317], [45.43569, 11.90787], [45.43191, 11.92658], [45.43473, 11.91516], [45.42383, 11.93184], [45.43262, 11.92467], [45.4238, 11.93179], [45.43566, 11.9081], [45.42375, 11.93199], [45.43571, 11.90783], [45.42379, 11.9317], [45.43564, 11.90831], [45.4238, 11.93186], [45.43473, 11.91525], [45.42375, 11.93176], [45.43499, 11.91667], [45.42633, 11.93175], [45.43471, 11.9154], [45.4264, 11.93183], [45.42594, 11.90457], [45.42374, 11.93184], [45.43473, 11.91529], [45.42373, 11.93199], [45.43566, 11.90826], [45.42375, 11.93178], [45.42858, 11.90521], [45.42632, 11.93175], [45.42866, 11.90508], [45.42376, 11.93188], [45.4273, 11.90678], [45.43175, 11.92655], [45.43452, 11.91598], [45.42382, 11.93189], [45.4282, 11.90553], [45.42375, 11.93178], [45.43474, 11.91522], [45.42379, 11.9318], [45.43566, 11.90804], [45.42357, 11.9322], [45.43407, 11.91616], [45.42375, 11.93171], [45.43477, 11.91657], [45.43177, 11.92654], [45.43474, 11.91533], [45.4319, 11.92657], [45.43474, 11.91523], [45.42629, 11.93176], [45.42593, 11.90461], [45.42635, 11.93177], [45.42812, 11.90561], [45.42373, 11.93194], [45.43471, 11.9154], [45.42369, 11.93191], [45.43564, 11.90833], [45.42378, 11.93177], [45.42568, 11.90321], [45.42362, 11.93209], [45.43473, 11.91526], [45.42385, 11.93179], [45.43473, 11.91521], [45.42374, 11.93178], [45.43484, 11.91661], [45.42636, 11.93177], [45.43568, 11.90785], [45.43508, 11.91663], [45.42378, 11.93187], [45.43185, 11.92655], [45.43474, 11.91515], [45.42374, 11.93196], [45.43562, 11.9083], [45.43187, 11.92654], [45.43567, 11.90824]]","[[45.426648625594304, 11.924114303547377], [45.42505853214333, 11.929896551547866], [45.42509692717199, 11.926937882790458]]","[10, 10, 9]","[250.3766978128794, 647.1113419824953, 415.5423333863821]",0.5030896663665771,227.03190565109253
4,800,53,"[45.42677292230846, 11.916763841389015]","[45.42238988560543, 11.914574063228896]",516.3978801111767,"[[45.42379, 11.9317], [45.43564, 11.90831], [45.43537, 11.91682], [45.43453, 11.91595], [45.43191, 11.92658], [45.43473, 11.91516], [45.43177, 11.92654], [45.43474, 11.91533], [45.4319, 11.92657], [45.43474, 11.91523], [45.42375, 11.93199], [45.43571, 11.90783], [45.42636, 11.93177], [45.43568, 11.90785], [45.43187, 11.92654], [45.43567, 11.90824], [45.42376, 11.93188], [45.4273, 11.90678], [45.42399, 11.93124], [45.43419, 11.91609], [45.42379, 11.9318], [45.43566, 11.90804], [45.42378, 11.93177], [45.42568, 11.90321], [45.42397, 11.93122], [45.42728, 11.90702], [45.43631, 11.91735], [45.42734, 11.90705], [45.42385, 11.93179], [45.43473, 11.91521], [45.42375, 11.93176], [45.43499, 11.91667], [45.42366, 11.93207], [45.43568, 11.90831], [45.42422, 11.93091], [45.43571, 11.90789], [45.42379, 11.9317], [45.43569, 11.90787], [45.42402, 11.93114], [45.42616, 11.90572], [45.42374, 11.93184], [45.43473, 11.91529], [45.43192, 11.92656], [45.43466, 11.91793], [45.42375, 11.93171], [45.43477, 11.91657], [45.4238, 11.93179], [45.43566, 11.9081], [45.42357, 11.9322], [45.43407, 11.91616], [45.42373, 11.93194], [45.43471, 11.9154], [45.4237, 11.92745], [45.42594, 11.90466], [45.43171, 11.92655], [45.43564, 11.90833], [45.42383, 11.93184], [45.43262, 11.92467], [45.42382, 11.93189], [45.4282, 11.90553], [45.42366, 11.93201], [45.43443, 11.91621], [45.42366, 11.93198], [45.42729, 11.90686], [45.42373, 11.93199], [45.43566, 11.90826], [45.42378, 11.93172], [45.43445, 11.9162], [45.43185, 11.92655], [45.43474, 11.91515], [45.4238, 11.93186], [45.43473, 11.91525], [45.42375, 11.93178], [45.42858, 11.90521], [45.42633, 11.93175], [45.43471, 11.9154], [45.42908, 11.90578], [45.42565, 11.90324], [45.42369, 11.93191], [45.43564, 11.90833], [45.42374, 11.93183], [45.42846, 11.90527], [45.43175, 11.92655], [45.43452, 11.91598], [45.42635, 11.93177], [45.42812, 11.90561], [45.4264, 11.93183], [45.42594, 11.90457], [45.42626, 11.93186], [45.43568, 11.908], [45.42397, 11.93116], [45.43568, 11.9081], [45.42637, 11.93185], [45.43571, 11.90794], [45.42362, 11.93209], [45.43473, 11.91526], [45.42374, 11.93196], [45.43562, 11.9083], [45.42421, 11.93091], [45.42729, 11.90682], [45.43508, 11.91663], [45.42378, 11.93187], [45.42632, 11.93175], [45.42866, 11.90508], [45.42374, 11.93178], [45.43484, 11.91661]]","[[45.43258754214011, 11.91105298430645], [45.420460156488325, 11.929675849027488], [45.433800203299036, 11.939057124282515]]","[8, 7, 6]","[1166.3853999699609, 1201.2673951143745, 2297.646649884248]",0.11011910438537598,324.7869670391083
5,800,39,"[45.42677292230846, 11.916763841389015]","[45.42739950346089, 11.913147325293066]",291.46588310351586,"[[45.42378, 11.93177], [45.42568, 11.90321], [45.4264, 11.93183], [45.42567, 11.90317], [45.42374, 11.93178], [45.43484, 11.91661], [45.42397, 11.93116], [45.43568, 11.9081], [45.4238, 11.93179], [45.43566, 11.9081], [45.42636, 11.93177], [45.43568, 11.90785], [45.42383, 11.93184], [45.43262, 11.92467], [45.42375, 11.93176], [45.43499, 11.91667], [45.42369, 11.93191], [45.43564, 11.90833], [45.43171, 11.92655], [45.43564, 11.90833], [45.43192, 11.92656], [45.43466, 11.91793], [45.43631, 11.91735], [45.4344, 11.91623], [45.4238, 11.93186], [45.43473, 11.91525], [45.42637, 11.93185], [45.43571, 11.90794], [45.42633, 11.93175], [45.43471, 11.9154], [45.42379, 11.9317], [45.43569, 11.90787], [45.42373, 11.93199], [45.43566, 11.90826], [45.42378, 11.93172], [45.43445, 11.9162], [45.42375, 11.93178], [45.43474, 11.91522], [45.42366, 11.93198], [45.4344, 11.91618], [45.42379, 11.9318], [45.43566, 11.90804], [45.43508, 11.91663], [45.42378, 11.93187], [45.42379, 11.9317], [45.43564, 11.90831], [45.42415, 11.93095], [45.43561, 11.90825], [45.42374, 11.93183], [45.43429, 11.91622], [45.42635, 11.93177], [45.43436, 11.91622], [45.42402, 11.93114], [45.42564, 11.90322], [45.42632, 11.93175], [45.43441, 11.91621], [45.42399, 11.93124], [45.4344, 11.91621], [45.43177, 11.92654], [45.43474, 11.91533], [45.42362, 11.93209], [45.43473, 11.91526], [45.42377, 11.93167], [45.43567, 11.90807], [45.42366, 11.93207], [45.43568, 11.90831], [45.42382, 11.93189], [45.43441, 11.91621], [45.42397, 11.93122], [45.4344, 11.91623], [45.42374, 11.93196], [45.43562, 11.9083], [45.42375, 11.93199], [45.43571, 11.90783], [45.42421, 11.93091], [45.43404, 11.91762], [45.42385, 11.93179], [45.43473, 11.91521]]","[[45.43045441831774, 11.910528803668088], [45.43260271594001, 11.911086815803516], [45.43220899501522, 11.898896864587533]]","[15, 10, 6]","[396.56889683637337, 600.3453807377371, 1236.659830436288]",0.3923635482788086,180.93987226486206
6,800,23,"[45.42677292230846, 11.916763841389015]","[45.42766533829313, 11.912149968110718]",374.45023581707653,"[[45.42377, 11.93167], [45.43567, 11.90807], [45.42402, 11.93114], [45.43441, 11.91621], [45.42366, 11.93201], [45.43443, 11.91621], [45.43631, 11.91735], [45.4344, 11.91623], [45.43177, 11.92654], [45.43474, 11.91533], [45.42379, 11.9317], [45.43569, 11.90787], [45.42375, 11.93178], [45.43395, 11.91758], [45.42374, 11.93183], [45.43429, 11.91622], [45.42385, 11.93179], [45.43473, 11.91521], [45.42626, 11.93186], [45.43568, 11.908], [45.4238, 11.93179], [45.43566, 11.9081], [45.42362, 11.93209], [45.43473, 11.91526], [45.42399, 11.93124], [45.4344, 11.91621], [45.42397, 11.93122], [45.4344, 11.91623], [45.42422, 11.93091], [45.43571, 11.90789], [45.42397, 11.93116], [45.43568, 11.9081], [45.42636, 11.93177], [45.43568, 11.90785], [45.43187, 11.92654], [45.43567, 11.90824], [45.42375, 11.93199], [45.43571, 11.90783], [45.42375, 11.93176], [45.43499, 11.91667], [45.42374, 11.93184], [45.43473, 11.91529], [45.42629, 11.93176], [45.43453, 11.91641]]","[[45.44810082081541, 11.91105329511405], [45.44995190907621, 11.910817971155515], [45.436497232040864, 11.914807847428209]]","[5, 4, 4]","[2272.8267407647945, 2479.1289192904533, 1003.3713543663127]",0.23491930961608887,56.47035813331604
7,800,43,"[45.42677292230846, 11.916763841389015]","[45.42698789467367, 11.92287542314007]",478.8836534453225,"[[45.4231, 11.93317], [45.43566, 11.9081], [45.43392, 11.92725], [45.43474, 11.91533], [45.42357, 11.9322], [45.43407, 11.91616], [45.42354, 11.93225], [45.43499, 11.91667], [45.42373, 11.93204], [45.43473, 11.91525], [45.42924, 11.93303], [45.43471, 11.9154], [45.42929, 11.93304], [45.43568, 11.908], [45.42376, 11.93205], [45.43153, 11.91439], [45.42357, 11.93221], [45.43445, 11.9162], [45.43395, 11.92729], [45.43466, 11.91793], [45.43391, 11.92729], [45.43474, 11.91523], [45.42358, 11.93216], [45.43484, 11.91661], [45.42362, 11.93215], [45.43561, 11.90825], [45.42351, 11.93232], [45.43395, 11.91758], [45.4237, 11.93205], [45.43404, 11.91762], [45.42366, 11.93207], [45.43568, 11.90831], [45.42365, 11.93204], [45.43441, 11.91621], [45.43398, 11.9273], [45.43567, 11.90824], [45.42358, 11.93214], [45.43564, 11.90833], [45.43381, 11.92722], [45.43473, 11.91516], [45.42363, 11.93208], [45.43569, 11.90787], [45.42362, 11.93209], [45.43473, 11.91526], [45.4236, 11.93226], [45.43562, 11.9083], [45.42357, 11.93214], [45.43477, 11.91657], [45.42343, 11.93251], [45.42568, 11.90321], [45.42366, 11.93198], [45.4344, 11.91618], [45.43508, 11.91663], [45.42368, 11.93211], [45.42359, 11.93228], [45.43566, 11.90804], [45.42907, 11.933], [45.43453, 11.91641], [45.43537, 11.91682], [45.43453, 11.91595], [45.4291, 11.93301], [45.43436, 11.91622], [45.42372, 11.93203], [45.43571, 11.90789], [45.43631, 11.91735], [45.4344, 11.91623], [45.42362, 11.93226], [45.43571, 11.90783], [45.42843, 11.93292], [45.43571, 11.90794], [45.42354, 11.93233], [45.43564, 11.90831], [45.42263, 11.93409], [45.43441, 11.91621], [45.42365, 11.9322], [45.4344, 11.91621], [45.42339, 11.93268], [45.43473, 11.91521], [45.43361, 11.92704], [45.43452, 11.91598], [45.43392, 11.92726], [45.43474, 11.91515], [45.42366, 11.93201], [45.43443, 11.91621]]","[[45.42033961498399, 11.929890530850734], [45.41425180204658, 11.924419268958703], [45.42751065581709, 11.953323522090619]]","[6, 6, 6]","[920.5379183778356, 1420.6374218575777, 2383.5354576167338]",0.3130664825439453,204.25192499160767
8,800,32,"[45.42677292230846, 11.916763841389015]","[45.423123580873096, 11.916772595292345]",405.5886851617708,"[[45.4231, 11.93317], [45.43566, 11.9081], [45.42366, 11.93198], [45.4344, 11.91618], [45.43631, 11.91735], [45.4344, 11.91623], [45.42397, 11.93122], [45.4344, 11.91623], [45.43392, 11.92726], [45.43474, 11.91515], [45.42843, 11.93292], [45.43571, 11.90794], [45.42357, 11.9322], [45.43407, 11.91616], [45.43395, 11.92729], [45.43466, 11.91793], [45.42357, 11.93221], [45.43445, 11.9162], [45.42373, 11.93199], [45.43566, 11.90826], [45.43361, 11.92704], [45.43452, 11.91598], [45.42376, 11.93188], [45.4273, 11.90678], [45.42636, 11.93177], [45.43568, 11.90785], [45.42359, 11.93228], [45.43566, 11.90804], [45.42365, 11.9322], [45.4344, 11.91621], [45.43398, 11.9273], [45.43567, 11.90824], [45.43381, 11.92722], [45.43473, 11.91516], [45.42929, 11.93304], [45.43568, 11.908], [45.43392, 11.92725], [45.43474, 11.91533], [45.4237, 11.92745], [45.42594, 11.90466], [45.42375, 11.93178], [45.43474, 11.91522], [45.42377, 11.93167], [45.43567, 11.90807], [45.42374, 11.93184], [45.43473, 11.91529], [45.43391, 11.92729], [45.43474, 11.91523], [45.42354, 11.93225], [45.43499, 11.91667], [45.43537, 11.91682], [45.43453, 11.91595], [45.42376, 11.93205], [45.43153, 11.91439], [45.42365, 11.93204], [45.43441, 11.91621], [45.42373, 11.93194], [45.43471, 11.9154], [45.4236, 11.93226], [45.43562, 11.9083], [45.42632, 11.93175], [45.43441, 11.91621], [45.42357, 11.93214], [45.43477, 11.91657]]","[[45.43776272626118, 11.912407511945064], [45.421896650925525, 11.931269965836714], [45.43651515332333, 11.91481063950834]]","[6, 4, 4]","[1662.4685560787134, 1142.8042103933083, 1496.2397935850688]",0.06249809265136719,121.89932656288147
9,800,38,"[45.42677292230846, 11.916763841389015]","[45.429960293646495, 11.92234049823983]",562.090579334016,"[[45.42357, 11.93214], [45.43653, 11.91751], [45.42362, 11.93215], [45.43561, 11.90825], [45.42365, 11.93204], [45.43464, 11.91429], [45.42397, 11.93116], [45.43568, 11.9081], [45.42929, 11.93304], [45.43568, 11.908], [45.4236, 11.93226], [45.43562, 11.9083], [45.42366, 11.93201], [45.43464, 11.91439], [45.42354, 11.93225], [45.43628, 11.91736], [45.42372, 11.93203], [45.43571, 11.90789], [45.42924, 11.93303], [45.43464, 11.91436], [45.43723, 11.92111], [45.43567, 11.90824], [45.42365, 11.9322], [45.43464, 11.91437], [45.43715, 11.92429], [45.43464, 11.91424], [45.42366, 11.93198], [45.43462, 11.91433], [45.4237, 11.93205], [45.43668, 11.9185], [45.42357, 11.93221], [45.43465, 11.91442], [45.42359, 11.93228], [45.43566, 11.90804], [45.42354, 11.93233], [45.43564, 11.90831], [45.43777, 11.92441], [45.43564, 11.90833], [45.42843, 11.93292], [45.43571, 11.90794], [45.42374, 11.93184], [45.43463, 11.91433], [45.42339, 11.93268], [45.43462, 11.91437], [45.42376, 11.93205], [45.43462, 11.91444], [45.42375, 11.93178], [45.43465, 11.91438], [45.42374, 11.93183], [45.43465, 11.91445], [45.43729, 11.9244], [45.43466, 11.91445], [45.4377, 11.92441], [45.43467, 11.91458], [45.42632, 11.93175], [45.43465, 11.91441], [45.42358, 11.93214], [45.43564, 11.90833], [45.42373, 11.93204], [45.43462, 11.91423], [45.42363, 11.93208], [45.43569, 11.90787], [45.42373, 11.93199], [45.43566, 11.90826], [45.4291, 11.93301], [45.43464, 11.91427], [45.43673, 11.91754], [45.42368, 11.93211], [45.42636, 11.93177], [45.43568, 11.90785], [45.42907, 11.933], [45.43463, 11.91435], [45.43631, 11.91735], [45.43465, 11.9143]]","[[45.43794786790084, 11.91225260280415], [45.42930011506122, 11.925339807632652], [45.42986259931495, 11.922839236631846]]","[15, 9, 8]","[1187.935943877946, 245.9130946975043, 40.51092754282633]",0.28196048736572266,199.61920046806335
10,800,40,"[45.42677292230846, 11.916763841389015]","[45.42521731276546, 11.911554042776187]",442.8628004928326,"[[45.42358, 11.93216], [45.43484, 11.91661], [45.42372, 11.93203], [45.43571, 11.90789], [45.42924, 11.93303], [45.43464, 11.91436], [45.43715, 11.92429], [45.43464, 11.91424], [45.42366, 11.93207], [45.43568, 11.90831], [45.42366, 11.93201], [45.43464, 11.91439], [45.42632, 11.93175], [45.43465, 11.91441], [45.43631, 11.91735], [45.43465, 11.9143], [45.43395, 11.92729], [45.43466, 11.91793], [45.4236, 11.93226], [45.43562, 11.9083], [45.42362, 11.93215], [45.43561, 11.90825], [45.42907, 11.933], [45.43463, 11.91435], [45.43537, 11.91682], [45.43453, 11.91595], [45.4237, 11.93205], [45.43668, 11.9185], [45.42362, 11.93226], [45.43571, 11.90783], [45.42929, 11.93304], [45.43568, 11.908], [45.42365, 11.93204], [45.43464, 11.91429], [45.43381, 11.92722], [45.43473, 11.91516], [45.42263, 11.93409], [45.43441, 11.91621], [45.42354, 11.93233], [45.43564, 11.90831], [45.42374, 11.93184], [45.43463, 11.91433], [45.42343, 11.93251], [45.43211, 11.91462], [45.42377, 11.93167], [45.43567, 11.90807], [45.4377, 11.92441], [45.43467, 11.91458], [45.42354, 11.93225], [45.43628, 11.91736], [45.42636, 11.93177], [45.43568, 11.90785], [45.42365, 11.9322], [45.43464, 11.91437], [45.43723, 11.92111], [45.43567, 11.90824], [45.43777, 11.92441], [45.43564, 11.90833], [45.42373, 11.93204], [45.43462, 11.91423], [45.42376, 11.93188], [45.43209, 11.91461], [45.42363, 11.93208], [45.43569, 11.90787], [45.42351, 11.93232], [45.43395, 11.91758], [45.42358, 11.93214], [45.43564, 11.90833], [45.42362, 11.93209], [45.43473, 11.91526], [45.42373, 11.93194], [45.43471, 11.9154], [45.42357, 11.93214], [45.43653, 11.91751], [45.42357, 11.93221], [45.43465, 11.91442], [45.42359, 11.93228], [45.43566, 11.90804], [45.43392, 11.92725], [45.43474, 11.91533]]","[[45.43794122201565, 11.912260707412145], [45.41425420907397, 11.924425556344843], [45.42513329844409, 11.933639776953388]]","[12, 10, 8]","[1415.2187470100257, 1580.990570695438, 1728.488353467452]",0.16924118995666504,215.41791367530823
11,800,36,"[45.42677292230846, 11.916763841389015]","[45.429607202903206, 11.915818167903991]",323.5789844847196,"[[45.4264, 11.93183], [45.42567, 11.90317], [45.42929, 11.93304], [45.43568, 11.908], [45.42366, 11.93207], [45.43568, 11.90831], [45.42363, 11.93208], [45.43569, 11.90787], [45.42907, 11.933], [45.43566, 11.90818], [45.4237, 11.93205], [45.43668, 11.9185], [45.43681, 11.91756], [45.43541, 11.90959], [45.4291, 11.93301], [45.43568, 11.90802], [45.43381, 11.92722], [45.43549, 11.9091], [45.43723, 11.92111], [45.43567, 11.90824], [45.42354, 11.93233], [45.43564, 11.90831], [45.42636, 11.93177], [45.43568, 11.90785], [45.42924, 11.93303], [45.43546, 11.90955], [45.42377, 11.93167], [45.43567, 11.90807], [45.4237, 11.92745], [45.42594, 11.90466], [45.43675, 11.91756], [45.43543, 11.90956], [45.4377, 11.92441], [45.43551, 11.90914], [45.42362, 11.93226], [45.43571, 11.90783], [45.42359, 11.93228], [45.43566, 11.90804], [45.42843, 11.93292], [45.43571, 11.90794], [45.42343, 11.93251], [45.43555, 11.90907], [45.43395, 11.92729], [45.43664, 11.91851], [45.43673, 11.91754], [45.42368, 11.93211], [45.42397, 11.93122], [45.43552, 11.90907], [45.42351, 11.93232], [45.43662, 11.91853], [45.42632, 11.93175], [45.4357, 11.90791], [45.42373, 11.93199], [45.43566, 11.90826], [45.42372, 11.93203], [45.43571, 11.90789], [45.42362, 11.93209], [45.43553, 11.90888], [45.42357, 11.9322], [45.43559, 11.90868], [45.4231, 11.93317], [45.43566, 11.9081], [45.42397, 11.93116], [45.43568, 11.9081], [45.42339, 11.93268], [45.43545, 11.90927], [45.42365, 11.9322], [45.43551, 11.90928], [45.4236, 11.93226], [45.43562, 11.9083]]","[[45.42512597198299, 11.933661954142144], [45.4482095865547, 11.909947006721062], [45.43209231994949, 11.907366466020537]]","[12, 7, 7]","[1482.5852538134902, 2117.895186841382, 716.7312477333655]",0.20116829872131348,152.56849122047424
12,800,33,"[45.42677292230846, 11.916763841389015]","[45.423957621419255, 11.911794753123834]",499.13432711645646,"[[45.42354, 11.93233], [45.43564, 11.90831], [45.43723, 11.92111], [45.43567, 11.90824], [45.42373, 11.93204], [45.43462, 11.91423], [45.42924, 11.93303], [45.43546, 11.90955], [45.42376, 11.93205], [45.43462, 11.91444], [45.42362, 11.93226], [45.43571, 11.90783], [45.4264, 11.93183], [45.43181, 11.91444], [45.42366, 11.93198], [45.43462, 11.91433], [45.42373, 11.93194], [45.43471, 11.9154], [45.42397, 11.93122], [45.43552, 11.90907], [45.42357, 11.93214], [45.43653, 11.91751], [45.42359, 11.93228], [45.43566, 11.90804], [45.43729, 11.9244], [45.43466, 11.91445], [45.42929, 11.93304], [45.43568, 11.908], [45.42372, 11.93203], [45.43571, 11.90789], [45.43681, 11.91756], [45.43541, 11.90959], [45.42636, 11.93177], [45.43568, 11.90785], [45.42351, 11.93232], [45.43662, 11.91853], [45.42907, 11.933], [45.43566, 11.90818], [45.4231, 11.93317], [45.43566, 11.9081], [45.43715, 11.92429], [45.43464, 11.91424], [45.4236, 11.93226], [45.43562, 11.9083], [45.43392, 11.92725], [45.43474, 11.91533], [45.43381, 11.92722], [45.43549, 11.9091], [45.42358, 11.93216], [45.43484, 11.91661], [45.42365, 11.9322], [45.43551, 11.90928], [45.42363, 11.93208], [45.43569, 11.90787], [45.42375, 11.93178], [45.43465, 11.91438], [45.43395, 11.92729], [45.43664, 11.91851], [45.43673, 11.91754], [45.42368, 11.93211], [45.42263, 11.93409], [45.43441, 11.91621], [45.42843, 11.93292], [45.43571, 11.90794]]","[[45.41290431239176, 11.922665814495344], [45.42473437774175, 11.934239417481354], [45.4275104528609, 11.953323563405988]]","[7, 5, 5]","[1494.3671858896817, 1758.6993481706063, 3273.974392998283]",0.11182737350463867,146.5593500137329
13,800,39,"[45.42677292230846, 11.916763841389015]","[45.42289867384301, 11.91499758775277]",452.22837497612124,"[[45.42363, 11.93208], [45.43569, 11.90787], [45.42357, 11.93214], [45.43653, 11.91751], [45.42375, 11.93178], [45.43465, 11.91438], [45.43673, 11.91754], [45.42368, 11.93211], [45.42374, 11.93183], [45.43465, 11.91445], [45.4231, 11.93317], [45.43566, 11.9081], [45.4377, 11.92441], [45.43551, 11.90914], [45.42358, 11.93214], [45.43564, 11.90833], [45.42907, 11.933], [45.43566, 11.90818], [45.42632, 11.93175], [45.4357, 11.90791], [45.42354, 11.93225], [45.43628, 11.91736], [45.42924, 11.93303], [45.43546, 11.90955], [45.42372, 11.93203], [45.43571, 11.90789], [45.43723, 11.92111], [45.43567, 11.90824], [45.42343, 11.93251], [45.43555, 11.90907], [45.43777, 11.92441], [45.43564, 11.90833], [45.42357, 11.9322], [45.43559, 11.90868], [45.42365, 11.93204], [45.43464, 11.91429], [45.42354, 11.93233], [45.43564, 11.90831], [45.42373, 11.93199], [45.43566, 11.90826], [45.43392, 11.92725], [45.43474, 11.91533], [45.42377, 11.93167], [45.43567, 11.90807], [45.43381, 11.92722], [45.43549, 11.9091], [45.42366, 11.93207], [45.43568, 11.90831], [45.43729, 11.9244], [45.43466, 11.91445], [45.43681, 11.91756], [45.43541, 11.90959], [45.42843, 11.93292], [45.43571, 11.90794], [45.42359, 11.93228], [45.43566, 11.90804], [45.43675, 11.91756], [45.43543, 11.90956], [45.42366, 11.93198], [45.43462, 11.91433], [45.42397, 11.93116], [45.43568, 11.9081], [45.42358, 11.93216], [45.43484, 11.91661], [45.42366, 11.93201], [45.43464, 11.91439], [45.42373, 11.93204], [45.43462, 11.91423], [45.4264, 11.93183], [45.43181, 11.91444], [45.42351, 11.93232], [45.43662, 11.91853], [45.42362, 11.93215], [45.43561, 11.90825], [45.42365, 11.9322], [45.43551, 11.90928]]","[[45.41738518946607, 11.926950301400923], [45.41587333479405, 11.925545870407616], [45.41434056071798, 11.92422492666313]]","[9, 8, 8]","[1118.3399588655384, 1136.3417737636548, 1194.2772305253734]",0.09374332427978516,229.0327718257904
14,800,35,"[45.42677292230846, 11.916763841389015]","[45.42055740695482, 11.91605049474781]",693.0450799541105,"[[45.42339, 11.93268], [45.43545, 11.90927], [45.42365, 11.9322], [45.43551, 11.90928], [45.43681, 11.91756], [45.43541, 11.90959], [45.43729, 11.9244], [45.43466, 11.91445], [45.4291, 11.93301], [45.43568, 11.90802], [45.4237, 11.92745], [45.42594, 11.90466], [45.42377, 11.93167], [45.43567, 11.90807], [45.43675, 11.91756], [45.43543, 11.90956], [45.42362, 11.93209], [45.43553, 11.90888], [45.42362, 11.93215], [45.43561, 11.90825], [45.42354, 11.93225], [45.43628, 11.91736], [45.42358, 11.93214], [45.43564, 11.90833], [45.43777, 11.92441], [45.43564, 11.90833], [45.42263, 11.93409], [45.43441, 11.91621], [45.42358, 11.93216], [45.43484, 11.91661], [45.42359, 11.93228], [45.43566, 11.90804], [45.42363, 11.93208], [45.43569, 11.90787], [45.43381, 11.92722], [45.43549, 11.9091], [45.42366, 11.93207], [45.43568, 11.90831], [45.42397, 11.93122], [45.43552, 11.90907], [45.42372, 11.93203], [45.43571, 11.90789], [45.43715, 11.92429], [45.43464, 11.91424], [45.42373, 11.93199], [45.43566, 11.90826], [45.43723, 11.92111], [45.43567, 11.90824], [45.4237, 11.93205], [45.43668, 11.9185], [45.42357, 11.9322], [45.43559, 11.90868], [45.42357, 11.93221], [45.43465, 11.91442], [45.42357, 11.93214], [45.43653, 11.91751], [45.42362, 11.93226], [45.43571, 11.90783], [45.43392, 11.92725], [45.43474, 11.91533], [45.43395, 11.92729], [45.43664, 11.91851], [45.42376, 11.93188], [45.43209, 11.91461], [45.42636, 11.93177], [45.43568, 11.90785], [45.42373, 11.93204], [45.43462, 11.91423]]","[[45.448216616870525, 11.909968320593281], [45.420440282957195, 11.929616567595316], [45.42021057268069, 11.930306328278395]]","[4, 4, 4]","[3110.6748352716554, 1061.8689339154578, 1116.443235304699]",0.04368996620178223,125.85150671005249
15,800,40,"[45.42677292230846, 11.916763841389015]","[45.42140691496169, 11.914573900790945]",620.5176904044255,"[[45.4377, 11.92441], [45.43551, 11.90914], [45.43715, 11.92429], [45.43464, 11.91424], [45.42376, 11.93205], [45.43462, 11.91444], [45.42843, 11.93292], [45.43571, 11.90794], [45.42357, 11.9322], [45.43559, 11.90868], [45.4291, 11.93301], [45.43568, 11.90802], [45.42358, 11.93216], [45.43484, 11.91661], [45.42376, 11.93188], [45.43209, 11.91461], [45.42365, 11.9322], [45.43551, 11.90928], [45.42339, 11.93268], [45.43545, 11.90927], [45.42373, 11.93204], [45.43462, 11.91423], [45.43681, 11.91756], [45.43541, 11.90959], [45.4264, 11.93183], [45.43181, 11.91444], [45.42359, 11.93228], [45.43566, 11.90804], [45.4237, 11.92745], [45.42594, 11.90466], [45.43729, 11.9244], [45.43466, 11.91445], [45.43675, 11.91756], [45.43543, 11.90956], [45.42357, 11.93214], [45.43653, 11.91751], [45.42636, 11.93177], [45.43568, 11.90785], [45.42343, 11.93251], [45.43555, 11.90907], [45.42362, 11.93209], [45.43553, 11.90888], [45.42366, 11.93198], [45.43462, 11.91433], [45.42375, 11.93178], [45.43465, 11.91438], [45.42397, 11.93116], [45.43568, 11.9081], [45.42929, 11.93304], [45.43568, 11.908], [45.42924, 11.93303], [45.43546, 11.90955], [45.42374, 11.93184], [45.43463, 11.91433], [45.42366, 11.93207], [45.43568, 11.90831], [45.42365, 11.93204], [45.43464, 11.91429], [45.43381, 11.92722], [45.43549, 11.9091], [45.43392, 11.92725], [45.43474, 11.91533], [45.42263, 11.93409], [45.43441, 11.91621], [45.43673, 11.91754], [45.42368, 11.93211], [45.42363, 11.93208], [45.43569, 11.90787], [45.43723, 11.92111], [45.43567, 11.90824], [45.4236, 11.93226], [45.43562, 11.9083], [45.4231, 11.93317], [45.43566, 11.9081], [45.42358, 11.93214], [45.43564, 11.90833], [45.42362, 11.93215], [45.43561, 11.90825]]","[[45.448209446653635, 11.909946566301409], [45.42750505693286, 11.953326385028578], [45.43381115376091, 11.908179746962691]]","[4, 4, 4]","[3000.765653496307, 3107.671705459468, 1466.614117920481]",0.07605743408203125,182.12706756591797
0,1000,40,"[45.42677292230846, 11.916763841389015]","[45.42585199699349, 11.912323113688036]",362.2896092732896,"[[45.42375, 11.93178], [45.43486, 11.9133], [45.42924, 11.93303], [45.43546, 11.90955], [45.42907, 11.933], [45.43566, 11.90818], [45.43675, 11.91756], [45.43543, 11.90956], [45.42357, 11.93221], [45.4349, 11.91331], [45.42362, 11.93226], [45.43571, 11.90783], [45.4231, 11.93317], [45.43566, 11.9081], [45.4236, 11.93226], [45.43562, 11.9083], [45.42374, 11.93184], [45.43488, 11.91334], [45.42373, 11.93199], [45.43566, 11.90826], [45.42357, 11.9322], [45.43559, 11.90868], [45.42362, 11.93215], [45.43561, 11.90825], [45.43392, 11.92725], [45.43474, 11.91533], [45.42636, 11.93177], [45.43568, 11.90785], [45.42397, 11.93122], [45.43552, 11.90907], [45.43381, 11.92722], [45.43549, 11.9091], [45.42373, 11.93204], [45.43486, 11.91331], [45.42358, 11.93216], [45.43484, 11.91661], [45.42366, 11.93207], [45.43568, 11.90831], [45.42263, 11.93409], [45.43447, 11.91612], [45.42365, 11.93204], [45.43484, 11.91344], [45.43673, 11.91754], [45.42368, 11.93211], [45.42358, 11.93214], [45.43564, 11.90833], [45.42362, 11.93209], [45.43553, 11.90888], [45.42397, 11.93116], [45.43568, 11.9081], [45.42363, 11.93208], [45.43569, 11.90787], [45.43729, 11.9244], [45.43486, 11.91335], [45.43723, 11.92111], [45.43567, 11.90824], [45.42357, 11.93214], [45.43653, 11.91751], [45.43395, 11.92729], [45.43664, 11.91851], [45.42376, 11.93205], [45.435, 11.91206], [45.42377, 11.93167], [45.43567, 11.90807], [45.4237, 11.93205], [45.43668, 11.9185], [45.42373, 11.93194], [45.43471, 11.9154], [45.42343, 11.93251], [45.43555, 11.90907], [45.42339, 11.93268], [45.43545, 11.90927], [45.4377, 11.92441], [45.43551, 11.90914], [45.42374, 11.93183], [45.43488, 11.91334], [45.42354, 11.93225], [45.43628, 11.91736]]","[[45.41277160518545, 11.922969320917687], [45.45002913304104, 11.90971030569896], [45.41126417361386, 11.921544054203371]]","[13, 10, 8]","[1675.6337200850057, 2694.8207484475665, 1774.675858710559]",0.09385180473327637,242.53756284713745
1,1000,26,"[45.42677292230846, 11.916763841389015]","[45.4246700421814, 11.913414681431584]",351.1735834277127,"[[45.42365, 11.9322], [45.43551, 11.90928], [45.42366, 11.93207], [45.43568, 11.90831], [45.42376, 11.93188], [45.43403, 11.91615], [45.4291, 11.93301], [45.43568, 11.90802], [45.4236, 11.93226], [45.43562, 11.9083], [45.43715, 11.92429], [45.43464, 11.91424], [45.42365, 11.93204], [45.43484, 11.91344], [45.4377, 11.92441], [45.43551, 11.90914], [45.42357, 11.93214], [45.43653, 11.91751], [45.42339, 11.93268], [45.43545, 11.90927], [45.42374, 11.93184], [45.43488, 11.91334], [45.43675, 11.91756], [45.43543, 11.90956], [45.43681, 11.91756], [45.43541, 11.90959], [45.42632, 11.93175], [45.4357, 11.90791], [45.42397, 11.93122], [45.43552, 11.90907], [45.42373, 11.93194], [45.43471, 11.9154], [45.42924, 11.93303], [45.43546, 11.90955], [45.42376, 11.93205], [45.435, 11.91206], [45.42375, 11.93178], [45.43486, 11.9133], [45.42351, 11.93232], [45.43662, 11.91853], [45.42357, 11.9322], [45.43559, 11.90868], [45.42263, 11.93409], [45.43447, 11.91612], [45.4237, 11.92745], [45.43379, 11.91609], [45.42636, 11.93177], [45.43568, 11.90785], [45.42907, 11.933], [45.43566, 11.90818]]","[[45.42930011506122, 11.925339807632652], [45.421228456733836, 11.906102428724155], [45.43730321273699, 11.909413415940623]]","[6, 5, 4]","[1065.7170121092795, 688.3466483529078, 1438.5426161870544]",0.1170816421508789,92.71766662597656
2,1000,35,"[45.42677292230846, 11.916763841389015]","[45.43060657538715, 11.921996943912463]",590.9728209222432,"[[45.43248, 11.93502], [45.4357, 11.90791], [45.42365, 11.9322], [45.43551, 11.90928], [45.43256, 11.9348], [45.43568, 11.908], [45.42362, 11.93226], [45.43571, 11.90783], [45.42354, 11.93233], [45.43564, 11.90831], [45.4236, 11.93226], [45.43562, 11.9083], [45.42365, 11.93204], [45.43549, 11.90929], [45.42377, 11.93167], [45.43567, 11.90807], [45.43869, 11.91604], [45.42368, 11.93211], [45.42358, 11.93214], [45.43564, 11.90833], [45.43258, 11.93486], [45.43528, 11.91069], [45.42373, 11.93204], [45.4357, 11.90789], [45.42366, 11.93198], [45.43562, 11.90835], [45.4231, 11.93317], [45.43566, 11.9081], [45.44008, 11.91905], [45.43569, 11.90792], [45.43262, 11.93464], [45.43568, 11.90802], [45.42373, 11.93199], [45.43566, 11.90826], [45.42359, 11.93228], [45.43566, 11.90804], [45.42366, 11.93207], [45.43568, 11.90831], [45.42354, 11.93225], [45.43729, 11.931], [45.42357, 11.93221], [45.43554, 11.90897], [45.44006, 11.91909], [45.43543, 11.90956], [45.42351, 11.93232], [45.43725, 11.9309], [45.42263, 11.93409], [45.43545, 11.90956], [45.43889, 11.91557], [45.43567, 11.90824], [45.4237, 11.93205], [45.43729, 11.931], [45.42358, 11.93216], [45.43725, 11.93088], [45.43728, 11.93086], [45.43978, 11.91962], [45.42374, 11.93183], [45.43537, 11.90999], [45.42343, 11.93251], [45.43555, 11.90907], [45.43243, 11.93511], [45.43566, 11.90818], [45.42373, 11.93194], [45.43533, 11.91024], [45.42372, 11.93203], [45.43571, 11.90789], [45.42363, 11.93208], [45.43569, 11.90787]]","[[45.41734808703906, 11.927024802478613], [45.44987091234404, 11.930331857709433], [45.45167455157019, 11.931141846475832]]","[11, 9, 9]","[1525.1841124653492, 2238.157676310495, 2448.3804114575546]",0.4870593547821045,206.42624020576477
3,1000,55,"[45.42677292230846, 11.916763841389015]","[45.42267825959789, 11.920396286063161]",536.5776774250141,"[[45.43869, 11.91604], [45.4224, 11.93445], [45.42646, 11.93228], [45.43379, 11.91609], [45.43728, 11.93086], [45.43978, 11.91962], [45.42843, 11.93292], [45.43571, 11.90794], [45.42263, 11.93409], [45.43545, 11.90956], [45.43381, 11.92722], [45.43549, 11.9091], [45.42263, 11.93393], [45.43725, 11.9309], [45.42242, 11.93452], [45.43555, 11.90907], [45.42254, 11.93411], [45.43567, 11.90807], [45.42298, 11.93339], [45.43403, 11.91615], [45.42299, 11.93319], [45.43549, 11.90929], [45.42266, 11.93399], [45.43571, 11.90789], [45.42308, 11.93327], [45.43566, 11.90804], [45.43262, 11.93464], [45.43568, 11.90802], [45.42304, 11.93318], [45.43564, 11.90833], [45.42924, 11.93303], [45.43546, 11.90955], [45.42314, 11.93327], [45.43729, 11.931], [45.4224, 11.93451], [45.43566, 11.90826], [45.42253, 11.93423], [45.43562, 11.9083], [45.42265, 11.93402], [45.4357, 11.90789], [45.43258, 11.93486], [45.43528, 11.91069], [45.42273, 11.93386], [45.43551, 11.90928], [45.42296, 11.93343], [45.43486, 11.9133], [45.42302, 11.93334], [45.43562, 11.90835], [45.43777, 11.92441], [45.43564, 11.90833], [45.4227, 11.93392], [45.43561, 11.90825], [45.42284, 11.93375], [45.43568, 11.90831], [45.4377, 11.92441], [45.43551, 11.90914], [45.43729, 11.9244], [45.43486, 11.91335], [45.42281, 11.93383], [45.43545, 11.90927], [45.42254, 11.93422], [45.43729, 11.931], [45.42305, 11.93337], [45.43533, 11.91024], [45.4231, 11.93321], [45.43568, 11.9081], [45.42284, 11.93369], [45.43564, 11.90831], [45.44008, 11.91905], [45.43569, 11.90792], [45.42303, 11.93334], [45.43464, 11.91439], [45.4264, 11.93224], [45.43568, 11.90785], [45.42295, 11.93338], [45.43571, 11.90783], [45.42315, 11.93318], [45.43537, 11.90999], [45.42302, 11.93335], [45.43559, 11.90868], [45.42308, 11.93324], [45.43552, 11.90907], [45.43889, 11.91557], [45.43567, 11.90824], [45.43243, 11.93511], [45.43566, 11.90818], [45.42304, 11.93325], [45.43488, 11.91334], [45.43248, 11.93502], [45.4357, 11.90791], [45.42309, 11.93328], [45.43725, 11.93088], [45.44006, 11.91909], [45.43543, 11.90956], [45.4231, 11.93317], [45.43566, 11.9081], [45.42274, 11.93381], [45.43653, 11.91751], [45.42308, 11.93325], [45.43554, 11.90897], [45.42303, 11.93336], [45.43553, 11.90888], [45.42271, 11.93394], [45.435, 11.91206], [45.42311, 11.9333], [45.43569, 11.90787], [45.43256, 11.9348], [45.43568, 11.908]]","[[45.4498768401224, 11.930304161578668], [45.451685479663794, 11.931153496291895], [45.42123825559239, 11.906057154895295]]","[9, 9, 7]","[3120.6876242451417, 3331.93683960326, 1133.6200058727663]",0.2199845314025879,361.77266550064087
4,1000,55,"[45.42677292230846, 11.916763841389015]","[45.430134918586255, 11.921710864809148]",538.0456538844004,"[[45.42281, 11.93383], [45.43545, 11.90927], [45.44006, 11.91909], [45.43543, 11.90956], [45.42303, 11.93334], [45.43574, 11.90781], [45.43246, 11.93406], [45.43568, 11.90785], [45.42308, 11.93324], [45.43552, 11.90907], [45.43238, 11.93409], [45.43556, 11.90898], [45.42271, 11.93394], [45.43542, 11.90969], [45.43273, 11.93412], [45.43546, 11.90955], [45.42302, 11.93335], [45.43559, 11.90868], [45.42284, 11.93375], [45.43568, 11.90831], [45.42254, 11.93422], [45.43729, 11.931], [45.42263, 11.93393], [45.43725, 11.9309], [45.42304, 11.93318], [45.43564, 11.90833], [45.43262, 11.93464], [45.43568, 11.90802], [45.44008, 11.91905], [45.43569, 11.90792], [45.42274, 11.93381], [45.43715, 11.92999], [45.42242, 11.93452], [45.43555, 11.90907], [45.42309, 11.93328], [45.43725, 11.93088], [45.42304, 11.93325], [45.43533, 11.9103], [45.43852, 11.91673], [45.43541, 11.90959], [45.42298, 11.93339], [45.43563, 11.90826], [45.42273, 11.93386], [45.43551, 11.90928], [45.42284, 11.93369], [45.43564, 11.90831], [45.4231, 11.93317], [45.43566, 11.9081], [45.42263, 11.93409], [45.43545, 11.90956], [45.44007, 11.91905], [45.43551, 11.90911], [45.42253, 11.93423], [45.43562, 11.9083], [45.42296, 11.93343], [45.43529, 11.91054], [45.43918, 11.92043], [45.43551, 11.90914], [45.43979, 11.91949], [45.43549, 11.9091], [45.42308, 11.93327], [45.43566, 11.90804], [45.4231, 11.93321], [45.43568, 11.9081], [45.42299, 11.93319], [45.43549, 11.90929], [45.43869, 11.91604], [45.4224, 11.93445], [45.42305, 11.93337], [45.43533, 11.91024], [45.42266, 11.93399], [45.43571, 11.90789], [45.43261, 11.93409], [45.43571, 11.90794], [45.43248, 11.93502], [45.4357, 11.90791], [45.42265, 11.93402], [45.4357, 11.90789], [45.42303, 11.93336], [45.43553, 11.90888], [45.43243, 11.93511], [45.43566, 11.90818], [45.4224, 11.93451], [45.43566, 11.90826], [45.4391, 11.92055], [45.43564, 11.90833], [45.4227, 11.93392], [45.43561, 11.90825], [45.42302, 11.93334], [45.43562, 11.90835], [45.42315, 11.93318], [45.43537, 11.90999], [45.42308, 11.93325], [45.43554, 11.90897], [45.43728, 11.93086], [45.43978, 11.91962], [45.43256, 11.9348], [45.43568, 11.908], [45.42295, 11.93338], [45.43571, 11.90783], [45.43258, 11.93486], [45.43528, 11.91069], [45.43931, 11.92028], [45.4355, 11.90933], [45.42311, 11.9333], [45.43569, 11.90787], [45.43889, 11.91557], [45.43567, 11.90824]]","[[45.44987091234404, 11.930331857709433], [45.45167455157019, 11.931141846475832], [45.43008047677674, 11.90852859745179]]","[8, 8, 7]","[2294.8339911486637, 2505.0613956541256, 1031.5921849802296]",0.3407442569732666,379.8560173511505
5,1000,22,"[45.42677292230846, 11.916763841389015]","[45.42316402254843, 11.91668087208692]",401.14597386886214,"[[45.42304, 11.93318], [45.43564, 11.90833], [45.44006, 11.91909], [45.43543, 11.90956], [45.42284, 11.93369], [45.43564, 11.90831], [45.43256, 11.9348], [45.43568, 11.908], [45.43258, 11.93486], [45.43528, 11.91069], [45.43918, 11.92043], [45.43551, 11.90914], [45.42314, 11.93327], [45.43729, 11.931], [45.43238, 11.93409], [45.43556, 11.90898], [45.42295, 11.93338], [45.43571, 11.90783], [45.42305, 11.93337], [45.43533, 11.91024], [45.44007, 11.91905], [45.43551, 11.90911], [45.42253, 11.93423], [45.43562, 11.9083], [45.42298, 11.93339], [45.43563, 11.90826], [45.42299, 11.93319], [45.43549, 11.90929], [45.43869, 11.91604], [45.4224, 11.93445], [45.43243, 11.93511], [45.43566, 11.90818], [45.43246, 11.93406], [45.43568, 11.90785], [45.4224, 11.93451], [45.43566, 11.90826], [45.42296, 11.93343], [45.43529, 11.91054], [45.42242, 11.93452], [45.43555, 11.90907], [45.42266, 11.93399], [45.43571, 11.90789], [45.42302, 11.93335], [45.43559, 11.90868]]","[[45.4255037204028, 11.937109039584106], [45.42850291544858, 11.906770348704486], [45.43027169707684, 11.907325038920385]]","[7, 7, 7]","[1619.7720618498593, 976.5465137844703, 1077.0829381379979]",0.0468602180480957,87.5277304649353
6,1000,34,"[45.42677292230846, 11.916763841389015]","[45.42739127808748, 11.924483546138887]",608.0318243875222,"[[45.42182, 11.93555], [45.43566, 11.90826], [45.42218, 11.935], [45.43571, 11.90783], [45.42204, 11.93527], [45.43533, 11.91024], [45.42218, 11.935], [45.43569, 11.90787], [45.43243, 11.93511], [45.43566, 11.90818], [45.42154, 11.93618], [45.43537, 11.90999], [45.42204, 11.9352], [45.43533, 11.9103], [45.44006, 11.91909], [45.43543, 11.90956], [45.4221, 11.93502], [45.43715, 11.92999], [45.43244, 11.93514], [45.43568, 11.90785], [45.42168, 11.93583], [45.43574, 11.90781], [45.42157, 11.93608], [45.43571, 11.90789], [45.42161, 11.93603], [45.43563, 11.90826], [45.42159, 11.93605], [45.43554, 11.90897], [45.43889, 11.91557], [45.43567, 11.90824], [45.44007, 11.91905], [45.43551, 11.90911], [45.42195, 11.93539], [45.43568, 11.9081], [45.42195, 11.93543], [45.43552, 11.90907], [45.42161, 11.93593], [45.43562, 11.9083], [45.43246, 11.93512], [45.43568, 11.90802], [45.42159, 11.93608], [45.43566, 11.90804], [45.42209, 11.93508], [45.43564, 11.90831], [45.42152, 11.93615], [45.43559, 11.90868], [45.42161, 11.93604], [45.43566, 11.9081], [45.43931, 11.92028], [45.4355, 11.90933], [45.42212, 11.93516], [45.43545, 11.90927], [45.43869, 11.91604], [45.42153, 11.93605], [45.42162, 11.936], [45.43725, 11.93088], [45.42186, 11.93557], [45.43564, 11.90833], [45.43852, 11.91673], [45.43541, 11.90959], [45.42212, 11.9351], [45.43542, 11.90969], [45.42163, 11.93596], [45.4357, 11.90789], [45.43248, 11.9351], [45.43556, 11.90898], [45.43728, 11.93086], [45.43978, 11.91962]]","[[45.42603954164433, 11.940422489629691], [45.42460269999479, 11.93886020093236], [45.42314212925374, 11.937363116857904]]","[26, 26, 13]","[1256.3863587534274, 1167.0273793982426, 1113.1175526389864]",0.13666391372680664,234.51319003105164
7,1000,33,"[45.42677292230846, 11.916763841389015]","[45.42417751053164, 11.91152026057423]",501.6055598699035,"[[45.42159, 11.93608], [45.43566, 11.90804], [45.42163, 11.93596], [45.4357, 11.90789], [45.42302, 11.93334], [45.43562, 11.90835], [45.44008, 11.91905], [45.43569, 11.90792], [45.42159, 11.93605], [45.43554, 11.90897], [45.42168, 11.93583], [45.43574, 11.90781], [45.43931, 11.92028], [45.4355, 11.90933], [45.43728, 11.93086], [45.43978, 11.91962], [45.42154, 11.93618], [45.43537, 11.90999], [45.43256, 11.9348], [45.43568, 11.908], [45.43248, 11.9351], [45.43556, 11.90898], [45.42254, 11.93411], [45.43567, 11.90807], [45.42204, 11.9352], [45.43533, 11.9103], [45.42195, 11.93539], [45.43568, 11.9081], [45.43243, 11.93511], [45.43566, 11.90818], [45.42204, 11.93527], [45.43533, 11.91024], [45.43246, 11.93512], [45.43568, 11.90802], [45.42186, 11.93557], [45.43564, 11.90833], [45.42157, 11.93608], [45.43571, 11.90789], [45.4391, 11.92055], [45.43564, 11.90833], [45.42263, 11.93409], [45.43545, 11.90956], [45.42161, 11.93593], [45.43562, 11.9083], [45.42218, 11.935], [45.43571, 11.90783], [45.42152, 11.93615], [45.43559, 11.90868], [45.42254, 11.93422], [45.43729, 11.931], [45.43918, 11.92043], [45.43551, 11.90914], [45.43258, 11.93486], [45.43528, 11.91069], [45.42314, 11.93327], [45.43729, 11.931], [45.42303, 11.93336], [45.43553, 11.90888], [45.42161, 11.93604], [45.43566, 11.9081], [45.42242, 11.93452], [45.43555, 11.90907], [45.44006, 11.91909], [45.43543, 11.90956], [45.42296, 11.93343], [45.43529, 11.91054]]","[[45.43913961301788, 11.909440095972469], [45.42463190079641, 11.93881598206597], [45.44090840246175, 11.910003825649902]]","[20, 15, 13]","[1670.8393361662183, 2136.8305637561766, 1863.2576005963392]",0.06113624572753906,286.8272259235382
8,1000,21,"[45.42677292230846, 11.916763841389015]","[45.42952391647652, 11.911884437953713]",489.17234085003486,"[[45.42168, 11.93583], [45.43884, 11.9095], [45.4221, 11.93502], [45.43715, 11.92999], [45.42161, 11.93604], [45.43874, 11.90949], [45.42273, 11.93386], [45.43835, 11.90926], [45.42302, 11.93334], [45.43837, 11.90931], [45.4227, 11.93392], [45.43846, 11.90935], [45.43979, 11.91949], [45.43835, 11.90932], [45.42204, 11.93527], [45.43834, 11.90927], [45.42186, 11.93557], [45.43842, 11.90931], [45.42163, 11.93596], [45.43845, 11.90932], [45.42152, 11.93615], [45.4384, 11.90934], [45.42161, 11.93603], [45.43902, 11.90961], [45.42182, 11.93555], [45.43833, 11.90926], [45.42159, 11.93608], [45.43899, 11.90962], [45.42154, 11.93618], [45.43834, 11.90929], [45.43728, 11.93086], [45.43978, 11.91962], [45.42162, 11.936], [45.43725, 11.93088], [45.42242, 11.93452], [45.43915, 11.90969], [45.42209, 11.93508], [45.43837, 11.9093], [45.42303, 11.93336], [45.43911, 11.90965]]","[[45.424556482782904, 11.93895506168397], [45.42673943022127, 11.916265645362488], [45.426023977008064, 11.940449395555804]]","[11, 10, 9]","[2189.2724522151348, 461.8711493203885, 2269.0252221861965]",0.3452613353729248,120.50673460960388
9,1000,42,"[45.42677292230846, 11.916763841389015]","[45.43471911042883, 11.917432455402258]",884.6894366454246,"[[45.4221, 11.93502], [45.43715, 11.92999], [45.43248, 11.93502], [45.44, 11.90695], [45.43258, 11.93486], [45.44021, 11.90682], [45.42204, 11.93527], [45.44019, 11.90671], [45.44127, 11.9077], [45.44035, 11.90661], [45.42182, 11.93555], [45.43716, 11.93013], [45.4227, 11.93392], [45.43713, 11.92993], [45.42263, 11.93409], [45.43715, 11.9302], [45.42168, 11.93583], [45.43715, 11.92998], [45.42195, 11.93543], [45.44005, 11.90692], [45.44122, 11.90786], [45.4401, 11.90703], [45.42263, 11.93393], [45.43725, 11.9309], [45.42204, 11.9352], [45.43721, 11.93065], [45.43728, 11.93086], [45.44137, 11.90759], [45.44034, 11.90655], [45.42153, 11.93605], [45.44131, 11.9076], [45.44028, 11.9067], [45.42157, 11.93608], [45.44015, 11.90692], [45.43243, 11.93511], [45.44018, 11.90688], [45.42314, 11.93327], [45.43729, 11.931], [45.42161, 11.93593], [45.44035, 11.9066], [45.42273, 11.93386], [45.43714, 11.93016], [45.44123, 11.90785], [45.44019, 11.90689], [45.43248, 11.9351], [45.4403, 11.9067], [45.44127, 11.90779], [45.44009, 11.90689], [45.42186, 11.93557], [45.43715, 11.93014], [45.42284, 11.93375], [45.43717, 11.93031], [45.42163, 11.93596], [45.43713, 11.92978], [45.42242, 11.93452], [45.44022, 11.90683], [45.43273, 11.93412], [45.44032, 11.90664], [45.42218, 11.935], [45.43713, 11.92979], [45.42303, 11.93336], [45.44005, 11.90692], [45.42209, 11.93508], [45.44021, 11.90659], [45.44111, 11.90819], [45.44024, 11.9066], [45.42212, 11.9351], [45.43714, 11.93005], [45.42302, 11.93334], [45.44029, 11.90666], [45.42159, 11.93608], [45.44028, 11.90655], [45.42218, 11.935], [45.4372, 11.93057], [45.42195, 11.93539], [45.43721, 11.93061], [45.42162, 11.936], [45.43725, 11.93088], [45.43256, 11.9348], [45.44008, 11.90703]]","[[45.43893581392104, 11.929885903934991], [45.42459614970459, 11.938890253585061], [45.44247209116655, 11.928850156673708]]","[13, 8, 7]","[1081.2647614752038, 2021.2486504301896, 1241.1915360871983]",1.2854197025299072,204.21613073349
10,1000,26,"[45.42677292230846, 11.916763841389015]","[45.42949439995286, 11.914042845563515]",369.9026680398975,"[[45.42314, 11.93327], [45.43729, 11.931], [45.44127, 11.9077], [45.44035, 11.90661], [45.44007, 11.91905], [45.43736, 11.90778], [45.42218, 11.935], [45.4372, 11.93057], [45.42263, 11.93393], [45.43725, 11.9309], [45.42204, 11.93527], [45.44019, 11.90671], [45.43258, 11.93486], [45.44021, 11.90682], [45.42296, 11.93343], [45.43735, 11.9078], [45.42299, 11.93319], [45.43735, 11.90779], [45.42182, 11.93555], [45.43716, 11.93013], [45.4227, 11.93392], [45.43713, 11.92993], [45.42302, 11.93334], [45.44029, 11.90666], [45.42168, 11.93583], [45.43715, 11.92998], [45.43273, 11.93412], [45.44032, 11.90664], [45.44123, 11.90785], [45.44019, 11.90689], [45.42186, 11.93557], [45.43715, 11.93014], [45.42209, 11.93508], [45.44021, 11.90659], [45.43889, 11.91557], [45.43736, 11.90775], [45.42162, 11.936], [45.43725, 11.93088], [45.43256, 11.9348], [45.44008, 11.90703], [45.44127, 11.90779], [45.44009, 11.90689], [45.42273, 11.93386], [45.43714, 11.93016], [45.43244, 11.93514], [45.43733, 11.90776], [45.44122, 11.90786], [45.4401, 11.90703], [45.43246, 11.93512], [45.43732, 11.90771]]","[[45.43894951766886, 11.929971590232602], [45.42610568159883, 11.915856182475661], [45.438937163119334, 11.908980824547191]]","[9, 8, 8]","[1630.2785599921376, 402.4704477124136, 1121.7323947206642]",0.12471604347229004,93.8887996673584
11,1000,36,"[45.42677292230846, 11.916763841389015]","[45.425384206596064, 11.923996098963967]",586.6648946148591,"[[45.42162, 11.936], [45.43725, 11.93088], [45.4215, 11.93621], [45.43715, 11.92999], [45.42153, 11.93612], [45.44005, 11.90692], [45.44007, 11.91905], [45.43736, 11.90778], [45.42161, 11.93593], [45.44035, 11.9066], [45.42159, 11.93608], [45.44028, 11.90655], [45.42163, 11.93596], [45.43713, 11.92978], [45.42154, 11.93618], [45.43834, 11.90929], [45.43256, 11.9348], [45.44008, 11.90703], [45.42157, 11.93612], [45.43729, 11.931], [45.42157, 11.93608], [45.44015, 11.90692], [45.44127, 11.90779], [45.44009, 11.90689], [45.42157, 11.93609], [45.43715, 11.93014], [45.42159, 11.93605], [45.43554, 11.90897], [45.43728, 11.93086], [45.44137, 11.90759], [45.42168, 11.93594], [45.43545, 11.90927], [45.42178, 11.93583], [45.4372, 11.93057], [45.44127, 11.9077], [45.44035, 11.90661], [45.44111, 11.90819], [45.44024, 11.9066], [45.43261, 11.93409], [45.43571, 11.90794], [45.43889, 11.91557], [45.43736, 11.90775], [45.42151, 11.93623], [45.43715, 11.9302], [45.42159, 11.9361], [45.43713, 11.92993], [45.44122, 11.90786], [45.4401, 11.90703], [45.42162, 11.93596], [45.43735, 11.90779], [45.42155, 11.93613], [45.44005, 11.90692], [45.42169, 11.93597], [45.44019, 11.90671], [45.44034, 11.90655], [45.42153, 11.93605], [45.42154, 11.93618], [45.44022, 11.90683], [45.42153, 11.93618], [45.43725, 11.9309], [45.43243, 11.93511], [45.44018, 11.90688], [45.42163, 11.93594], [45.43721, 11.93061], [45.42161, 11.93604], [45.43714, 11.93005], [45.42151, 11.93614], [45.43716, 11.93013]]","[[45.43893581609807, 11.929885921352346], [45.42747251146381, 11.945774188646695], [45.44247209116655, 11.928850156673708]]","[9, 6, 5]","[1575.0693622971264, 1720.0791598050585, 1936.7618918922033]",0.09374809265136719,111.47158288955688
12,1000,52,"[45.42677292230846, 11.916763841389015]","[45.430558049219464, 11.914140819878684]",468.0883257989862,"[[45.43246, 11.93512], [45.4391, 11.90964], [45.42254, 11.93411], [45.43904, 11.90964], [45.43924, 11.91019], [45.43913, 11.9096], [45.44131, 11.9076], [45.44028, 11.9067], [45.42153, 11.93618], [45.43725, 11.9309], [45.42159, 11.9361], [45.43713, 11.92993], [45.42178, 11.93583], [45.4372, 11.93057], [45.42273, 11.93386], [45.43714, 11.93016], [45.42157, 11.93612], [45.43729, 11.931], [45.42154, 11.93618], [45.44022, 11.90683], [45.42162, 11.93596], [45.43902, 11.90962], [45.44122, 11.90786], [45.4401, 11.90703], [45.42163, 11.93596], [45.43713, 11.92978], [45.42218, 11.935], [45.43713, 11.92979], [45.42154, 11.93618], [45.43898, 11.90958], [45.42151, 11.93623], [45.43715, 11.9302], [45.44111, 11.90819], [45.44024, 11.9066], [45.44123, 11.90785], [45.44019, 11.90689], [45.42159, 11.93608], [45.44028, 11.90655], [45.42161, 11.93603], [45.43902, 11.90961], [45.43248, 11.93502], [45.44, 11.90695], [45.42314, 11.93327], [45.43729, 11.931], [45.42284, 11.93375], [45.43717, 11.93031], [45.43728, 11.93086], [45.44137, 11.90759], [45.42157, 11.93608], [45.44015, 11.90692], [45.42209, 11.93508], [45.44021, 11.90659], [45.42153, 11.93612], [45.44005, 11.90692], [45.44034, 11.90655], [45.42153, 11.93605], [45.42204, 11.9352], [45.43721, 11.93065], [45.43244, 11.93514], [45.43904, 11.90964], [45.42162, 11.936], [45.43725, 11.93088], [45.42161, 11.93604], [45.43912, 11.90966], [45.43256, 11.9348], [45.44008, 11.90703], [45.42302, 11.93334], [45.44029, 11.90666], [45.4215, 11.93621], [45.43715, 11.92999], [45.43243, 11.93511], [45.44018, 11.90688], [45.43273, 11.93412], [45.44032, 11.90664], [45.42296, 11.93343], [45.439, 11.90955], [45.42168, 11.93583], [45.43715, 11.92998], [45.42157, 11.93609], [45.43715, 11.93014], [45.42163, 11.93594], [45.43721, 11.93061], [45.44127, 11.90779], [45.44009, 11.90689], [45.43248, 11.9351], [45.4403, 11.9067], [45.42151, 11.93614], [45.43716, 11.93013], [45.42159, 11.93605], [45.43902, 11.90956], [45.44007, 11.91905], [45.43921, 11.90971], [45.42161, 11.93604], [45.43714, 11.93005], [45.42161, 11.93593], [45.44035, 11.9066], [45.44127, 11.9077], [45.44035, 11.90661], [45.42155, 11.93613], [45.44005, 11.90692]]","[[45.427469032180696, 11.945770925717754], [45.44250663546757, 11.929025917071947], [45.44248942106575, 11.928847840187052]]","[12, 10, 10]","[2498.9475509159915, 1766.3582880423257, 1755.7565864305195]",0.20242547988891602,289.849897146225
13,1000,29,"[45.42677292230846, 11.916763841389015]","[45.422276258036405, 11.920200853093636]",567.5514595322918,"[[45.42155, 11.93613], [45.44005, 11.90692], [45.42157, 11.93612], [45.43729, 11.931], [45.42168, 11.93594], [45.43545, 11.90927], [45.43728, 11.93086], [45.44137, 11.90759], [45.42163, 11.93594], [45.43721, 11.93061], [45.43243, 11.93511], [45.44018, 11.90688], [45.42153, 11.93612], [45.44005, 11.90692], [45.42209, 11.93508], [45.44021, 11.90659], [45.42168, 11.93583], [45.43715, 11.92998], [45.43246, 11.93512], [45.4391, 11.90964], [45.42159, 11.9361], [45.43713, 11.92993], [45.43273, 11.93412], [45.44032, 11.90664], [45.42154, 11.93618], [45.43898, 11.90958], [45.42178, 11.93583], [45.4372, 11.93057], [45.42161, 11.93604], [45.43714, 11.93005], [45.42151, 11.93623], [45.43715, 11.9302], [45.43248, 11.9351], [45.4403, 11.9067], [45.42204, 11.9352], [45.43721, 11.93065], [45.43258, 11.93486], [45.44021, 11.90682], [45.42161, 11.93593], [45.44035, 11.9066], [45.42296, 11.93343], [45.439, 11.90955], [45.44111, 11.90819], [45.44024, 11.9066], [45.42162, 11.936], [45.43725, 11.93088], [45.42152, 11.93615], [45.4384, 11.90934], [45.42157, 11.93609], [45.43715, 11.93014], [45.4215, 11.93621], [45.43715, 11.92999], [45.44123, 11.90785], [45.44019, 11.90689]]","[[45.42747741334162, 11.945760467323197], [45.43893637568509, 11.92989878705919], [45.42762865320957, 11.948833644011948]]","[8, 7, 6]","[2082.1933192808597, 2001.0965421039289, 2318.4680862098685]",0.04688525199890137,104.02728223800659
14,1000,34,"[45.42677292230846, 11.916763841389015]","[45.42574157512989, 11.909686148277418]",565.6362530810491,"[[45.43273, 11.93412], [45.44032, 11.90664], [45.42284, 11.93375], [45.43717, 11.93031], [45.42152, 11.93615], [45.4384, 11.90934], [45.42161, 11.93604], [45.43714, 11.93005], [45.42163, 11.93596], [45.43713, 11.92978], [45.42163, 11.93594], [45.43721, 11.93061], [45.42204, 11.9352], [45.43721, 11.93065], [45.42151, 11.93623], [45.43715, 11.9302], [45.43728, 11.93086], [45.44137, 11.90759], [45.42161, 11.93604], [45.43912, 11.90966], [45.42157, 11.93612], [45.43729, 11.931], [45.42154, 11.93618], [45.43898, 11.90958], [45.44127, 11.9077], [45.44035, 11.90661], [45.42302, 11.93334], [45.44029, 11.90666], [45.42154, 11.93618], [45.44022, 11.90683], [45.42254, 11.93411], [45.43904, 11.90964], [45.42169, 11.93597], [45.44019, 11.90671], [45.43261, 11.93409], [45.43571, 11.90794], [45.42162, 11.936], [45.43725, 11.93088], [45.43248, 11.93502], [45.44, 11.90695], [45.44007, 11.91905], [45.43921, 11.90971], [45.42155, 11.93613], [45.44005, 11.90692], [45.42168, 11.93583], [45.43715, 11.92998], [45.42314, 11.93327], [45.43729, 11.931], [45.44111, 11.90819], [45.44024, 11.9066], [45.43258, 11.93486], [45.44021, 11.90682], [45.44122, 11.90786], [45.4401, 11.90703], [45.42157, 11.93609], [45.43715, 11.93014], [45.42218, 11.935], [45.43713, 11.92979], [45.42159, 11.9361], [45.43713, 11.92993], [45.43248, 11.9351], [45.4403, 11.9067], [45.44034, 11.90655], [45.42153, 11.93605], [45.43244, 11.93514], [45.43904, 11.90964]]","[[45.442477324098164, 11.928875776464801], [45.438929220692586, 11.92983732512888], [45.43357162630281, 11.929163991208155]]","[9, 8, 6]","[2390.4764796737877, 2152.8368720412536, 1755.1719793433629]",0.04697442054748535,136.48771691322327
15,1000,47,"[45.42677292230846, 11.916763841389015]","[45.42208668615901, 11.916561830849487]",521.0685231966463,"[[45.42153, 11.93618], [45.43725, 11.9309], [45.42161, 11.93604], [45.43714, 11.93005], [45.43728, 11.93086], [45.44137, 11.90759], [45.42151, 11.93623], [45.43715, 11.9302], [45.42178, 11.93583], [45.4372, 11.93057], [45.42314, 11.93327], [45.43729, 11.931], [45.42152, 11.93615], [45.4384, 11.90934], [45.42162, 11.93596], [45.43902, 11.90962], [45.42159, 11.9361], [45.43713, 11.92993], [45.42168, 11.93583], [45.43715, 11.92998], [45.42169, 11.93597], [45.44019, 11.90671], [45.44122, 11.90786], [45.4401, 11.90703], [45.42159, 11.93608], [45.44028, 11.90655], [45.43248, 11.9351], [45.4403, 11.9067], [45.42296, 11.93343], [45.439, 11.90955], [45.43246, 11.93512], [45.4391, 11.90964], [45.42162, 11.936], [45.43725, 11.93088], [45.44007, 11.91905], [45.43921, 11.90971], [45.43261, 11.93409], [45.43571, 11.90794], [45.42151, 11.93614], [45.43716, 11.93013], [45.42204, 11.9352], [45.43721, 11.93065], [45.42302, 11.93334], [45.44029, 11.90666], [45.42161, 11.93603], [45.43902, 11.90961], [45.42168, 11.93594], [45.43545, 11.90927], [45.42209, 11.93508], [45.44021, 11.90659], [45.44131, 11.9076], [45.44028, 11.9067], [45.42161, 11.93593], [45.44035, 11.9066], [45.43243, 11.93511], [45.44018, 11.90688], [45.42157, 11.93609], [45.43715, 11.93014], [45.42159, 11.93605], [45.43902, 11.90956], [45.44111, 11.90819], [45.44024, 11.9066], [45.42155, 11.93613], [45.44005, 11.90692], [45.44127, 11.90779], [45.44009, 11.90689], [45.43258, 11.93486], [45.44021, 11.90682], [45.42157, 11.93608], [45.44015, 11.90692], [45.43256, 11.9348], [45.44008, 11.90703], [45.42163, 11.93596], [45.43713, 11.92978], [45.42154, 11.93618], [45.43898, 11.90958], [45.44123, 11.90785], [45.44019, 11.90689], [45.43924, 11.91019], [45.43913, 11.9096], [45.42254, 11.93411], [45.43904, 11.90964], [45.42154, 11.93618], [45.44022, 11.90683], [45.42284, 11.93375], [45.43717, 11.93031], [45.44034, 11.90655], [45.42153, 11.93605], [45.43273, 11.93412], [45.44032, 11.90664]]","[[45.42747831902399, 11.945779526608689], [45.427627306711855, 11.948843927649559], [45.43894517079515, 11.929890869129132]]","[10, 8, 7]","[2363.8489379082307, 2600.4215262257903, 2144.4211714338207]",0.10938000679016113,267.74336338043213
0,1200,53,"[45.42677292230846, 11.916763841389015]","[45.42762639787952, 11.909359130371058]",587.1953319935606,"[[45.44111, 11.90819], [45.44024, 11.9066], [45.42169, 11.93597], [45.44019, 11.90671], [45.44127, 11.90779], [45.44009, 11.90689], [45.42153, 11.93618], [45.43725, 11.9309], [45.42157, 11.93612], [45.43729, 11.931], [45.42296, 11.93343], [45.439, 11.90955], [45.42154, 11.93618], [45.44022, 11.90683], [45.42163, 11.93594], [45.43721, 11.93061], [45.42161, 11.93604], [45.43912, 11.90966], [45.44122, 11.90786], [45.4401, 11.90703], [45.44034, 11.90655], [45.42153, 11.93605], [45.44123, 11.90785], [45.44019, 11.90689], [45.42162, 11.93596], [45.43902, 11.90962], [45.42161, 11.93593], [45.44035, 11.9066], [45.4215, 11.93621], [45.43715, 11.92999], [45.42155, 11.93613], [45.44005, 11.90692], [45.42159, 11.93608], [45.44028, 11.90655], [45.43248, 11.9351], [45.4403, 11.9067], [45.42302, 11.93334], [45.44029, 11.90666], [45.42178, 11.93583], [45.4372, 11.93057], [45.42204, 11.9352], [45.43721, 11.93065], [45.42273, 11.93386], [45.43714, 11.93016], [45.44127, 11.9077], [45.44035, 11.90661], [45.43248, 11.93502], [45.44, 11.90695], [45.42151, 11.93623], [45.43715, 11.9302], [45.42159, 11.9361], [45.43713, 11.92993], [45.42254, 11.93411], [45.43904, 11.90964], [45.42161, 11.93603], [45.43902, 11.90961], [45.43728, 11.93086], [45.44137, 11.90759], [45.43258, 11.93486], [45.44021, 11.90682], [45.44007, 11.91905], [45.43921, 11.90971], [45.42151, 11.93614], [45.43716, 11.93013], [45.43924, 11.91019], [45.43913, 11.9096], [45.43244, 11.93514], [45.43904, 11.90964], [45.42161, 11.93604], [45.43714, 11.93005], [45.42157, 11.93609], [45.43715, 11.93014], [45.42153, 11.93612], [45.44005, 11.90692], [45.42314, 11.93327], [45.43729, 11.931], [45.42157, 11.93608], [45.44015, 11.90692], [45.42162, 11.936], [45.43725, 11.93088], [45.42154, 11.93618], [45.43898, 11.90958], [45.43273, 11.93412], [45.44032, 11.90664], [45.42168, 11.93583], [45.43715, 11.92998], [45.43256, 11.9348], [45.44008, 11.90703], [45.42163, 11.93596], [45.43713, 11.92978], [45.42159, 11.93605], [45.43902, 11.90956], [45.42218, 11.935], [45.43713, 11.92979], [45.43243, 11.93511], [45.44018, 11.90688], [45.42152, 11.93615], [45.4391, 11.90967], [45.42209, 11.93508], [45.44021, 11.90659], [45.43246, 11.93512], [45.4391, 11.90964]]","[[45.42747822436428, 11.94577954156865], [45.44247105719039, 11.92884511546029], [45.442498677669455, 11.928983968667707]]","[12, 10, 10]","[2850.24468478779, 2246.506928260288, 2256.143021284083]",0.09191226959228516,340.37075638771057
1,1200,28,"[45.42677292230846, 11.916763841389015]","[45.42455720255177, 11.912229507125765]",431.93504298661856,"[[45.42157, 11.93609], [45.43715, 11.93014], [45.4215, 11.93621], [45.43715, 11.92999], [45.42161, 11.93604], [45.43912, 11.90966], [45.42161, 11.93604], [45.43714, 11.93005], [45.42163, 11.93594], [45.43721, 11.93061], [45.42163, 11.93596], [45.43713, 11.92978], [45.42162, 11.93596], [45.43902, 11.90962], [45.44111, 11.90819], [45.44024, 11.9066], [45.42155, 11.93613], [45.44005, 11.90692], [45.44123, 11.90785], [45.44019, 11.90689], [45.43244, 11.93514], [45.43904, 11.90964], [45.42151, 11.93623], [45.43715, 11.9302], [45.42152, 11.93615], [45.4391, 11.90967], [45.44034, 11.90655], [45.42153, 11.93605], [45.42168, 11.93583], [45.43715, 11.92998], [45.43256, 11.9348], [45.44008, 11.90703], [45.42161, 11.93593], [45.44035, 11.9066], [45.42209, 11.93508], [45.44021, 11.90659], [45.42161, 11.93603], [45.43902, 11.90961], [45.42168, 11.93594], [45.43545, 11.90927], [45.42218, 11.935], [45.43713, 11.92979], [45.42154, 11.93618], [45.44022, 11.90683], [45.43261, 11.93409], [45.43571, 11.90794], [45.42159, 11.93605], [45.43902, 11.90956], [45.43246, 11.93512], [45.4391, 11.90964], [45.42151, 11.93614], [45.43716, 11.93013], [45.42159, 11.93608], [45.44028, 11.90655]]","[[45.437366961329616, 11.919571353050534], [45.42730220282919, 11.94229993755499], [45.436768120494285, 11.919321220955265]]","[7, 7, 5]","[1535.2334182477487, 2373.01875172715, 1466.205817545421]",0.07801055908203125,101.03340148925781
2,1200,33,"[45.42677292230846, 11.916763841389015]","[45.422971076095855, 11.908935458123366]",744.2416756652153,"[[45.42154, 11.93618], [45.44022, 11.90683], [45.42159, 11.9361], [45.43713, 11.92993], [45.42159, 11.93605], [45.43902, 11.90956], [45.42152, 11.93615], [45.4391, 11.90967], [45.42153, 11.93612], [45.44005, 11.90692], [45.42178, 11.93583], [45.4372, 11.93057], [45.44122, 11.90786], [45.4401, 11.90703], [45.42153, 11.93618], [45.43725, 11.9309], [45.42209, 11.93508], [45.44021, 11.90659], [45.42204, 11.9352], [45.43721, 11.93065], [45.42296, 11.93343], [45.439, 11.90955], [45.43728, 11.93086], [45.44137, 11.90759], [45.42284, 11.93375], [45.43717, 11.93031], [45.42157, 11.93612], [45.43729, 11.931], [45.42302, 11.93334], [45.44029, 11.90666], [45.43258, 11.93486], [45.44021, 11.90682], [45.4215, 11.93621], [45.43715, 11.92999], [45.43246, 11.93512], [45.4391, 11.90964], [45.42168, 11.93583], [45.43715, 11.92998], [45.44127, 11.90779], [45.44009, 11.90689], [45.42157, 11.93609], [45.43715, 11.93014], [45.42151, 11.93614], [45.43716, 11.93013], [45.42314, 11.93327], [45.43729, 11.931], [45.43243, 11.93511], [45.44018, 11.90688], [45.44123, 11.90785], [45.44019, 11.90689], [45.42157, 11.93608], [45.44015, 11.90692], [45.43261, 11.93409], [45.43571, 11.90794], [45.43248, 11.9351], [45.4403, 11.9067], [45.43248, 11.93502], [45.44, 11.90695], [45.42163, 11.93594], [45.43721, 11.93061], [45.42159, 11.93608], [45.44028, 11.90655], [45.42273, 11.93386], [45.43714, 11.93016]]","[[45.427469032180696, 11.945770925717754], [45.448560995210926, 11.922403751403612], [45.45073428157991, 11.923212974514506]]","[10, 9, 9]","[2925.8202393623424, 3033.042118860178, 3281.6186751682626]",0.04759025573730469,191.07092595100403
3,1200,48,"[45.42677292230846, 11.916763841389015]","[45.4254148152371, 11.911860501151933]",412.35511452739604,"[[45.42159, 11.93608], [45.44028, 11.90655], [45.4215, 11.93621], [45.43715, 11.92999], [45.42161, 11.93603], [45.43902, 11.90961], [45.42204, 11.9352], [45.43721, 11.93065], [45.43246, 11.93512], [45.4391, 11.90964], [45.42161, 11.93593], [45.44035, 11.9066], [45.42161, 11.93604], [45.43714, 11.93005], [45.43258, 11.93486], [45.44021, 11.90682], [45.43273, 11.93412], [45.44032, 11.90664], [45.42163, 11.93596], [45.43713, 11.92978], [45.43261, 11.93409], [45.43577, 11.9074], [45.42162, 11.93596], [45.43902, 11.90962], [45.43244, 11.93514], [45.43904, 11.90964], [45.42296, 11.93343], [45.439, 11.90955], [45.42157, 11.93612], [45.43729, 11.931], [45.44111, 11.90819], [45.44024, 11.9066], [45.42151, 11.93623], [45.43715, 11.9302], [45.44122, 11.90786], [45.4401, 11.90703], [45.44127, 11.9077], [45.44035, 11.90661], [45.42155, 11.93613], [45.44005, 11.90692], [45.42209, 11.93508], [45.44021, 11.90659], [45.42157, 11.93609], [45.43715, 11.93014], [45.42178, 11.93583], [45.4372, 11.93057], [45.44127, 11.90779], [45.44009, 11.90689], [45.42159, 11.9361], [45.43713, 11.92993], [45.42168, 11.93583], [45.43715, 11.92998], [45.42157, 11.93608], [45.44015, 11.90692], [45.42162, 11.936], [45.43725, 11.93088], [45.43728, 11.93086], [45.44137, 11.90759], [45.42254, 11.93411], [45.43904, 11.90964], [45.42314, 11.93327], [45.43729, 11.931], [45.42154, 11.93618], [45.44022, 11.90683], [45.43243, 11.93511], [45.44018, 11.90688], [45.42169, 11.93597], [45.44019, 11.90671], [45.44123, 11.90785], [45.44019, 11.90689], [45.42273, 11.93386], [45.43714, 11.93016], [45.42153, 11.93612], [45.44005, 11.90692], [45.42153, 11.93618], [45.43725, 11.9309], [45.43924, 11.91019], [45.43913, 11.9096], [45.42168, 11.93594], [45.43578, 11.9073], [45.42163, 11.93594], [45.43721, 11.93061], [45.42284, 11.93375], [45.43717, 11.93031], [45.44007, 11.91905], [45.43921, 11.90971], [45.43248, 11.93502], [45.44, 11.90695], [45.42161, 11.93604], [45.43912, 11.90966], [45.42218, 11.935], [45.43713, 11.92979], [45.42151, 11.93614], [45.43716, 11.93013]]","[[45.438953449265505, 11.929920081901386], [45.44248621619641, 11.928831176723781], [45.4424970479427, 11.928975483372945]]","[13, 10, 10]","[2064.268253838145, 2315.871524537479, 2323.348392991017]",0.10964727401733398,295.7868802547455
4,1200,55,"[45.42677292230846, 11.916763841389015]","[45.433559381818895, 11.916384802695998]",754.8313673785423,"[[45.42302, 11.93334], [45.4415, 11.90488], [45.42162, 11.93596], [45.44124, 11.90506], [45.42151, 11.93623], [45.43735, 11.93139], [45.42154, 11.93618], [45.4373, 11.93113], [45.42178, 11.93583], [45.43732, 11.93123], [45.42159, 11.9361], [45.43726, 11.93097], [45.42151, 11.93614], [45.43726, 11.93088], [45.42152, 11.93615], [45.44379, 11.90138], [45.42157, 11.93612], [45.43729, 11.931], [45.44224, 11.90576], [45.44124, 11.9051], [45.43244, 11.93514], [45.44126, 11.90528], [45.42157, 11.93609], [45.43729, 11.93109], [45.42153, 11.93618], [45.43725, 11.9309], [45.42204, 11.9352], [45.43731, 11.93119], [45.42153, 11.93612], [45.44124, 11.9053], [45.42161, 11.93603], [45.44141, 11.90505], [45.42168, 11.93583], [45.43726, 11.93085], [45.42273, 11.93386], [45.43725, 11.93098], [45.42163, 11.93594], [45.43734, 11.93127], [45.42161, 11.93604], [45.43725, 11.93087], [45.42157, 11.93608], [45.44185, 11.90437], [45.43243, 11.93511], [45.44277, 11.90302], [45.42314, 11.93327], [45.43729, 11.931], [45.44194, 11.90631], [45.44128, 11.90524], [45.44195, 11.9063], [45.44216, 11.90393], [45.42209, 11.93508], [45.44127, 11.90503], [45.43248, 11.93502], [45.44118, 11.90516], [45.43273, 11.93412], [45.44117, 11.90545], [45.42218, 11.935], [45.43729, 11.93104], [45.42154, 11.93618], [45.44144, 11.90505], [45.42296, 11.93343], [45.43732, 11.93116], [45.44131, 11.90515], [45.42153, 11.93605], [45.43246, 11.93512], [45.44136, 11.90509], [45.42159, 11.93605], [45.43729, 11.931], [45.44225, 11.9057], [45.4414, 11.90506], [45.44206, 11.90608], [45.44116, 11.90549], [45.4422, 11.90587], [45.44133, 11.90503], [45.42168, 11.93594], [45.44126, 11.90517], [45.42161, 11.93604], [45.44118, 11.90533], [45.42163, 11.93596], [45.43737, 11.93132], [45.42162, 11.936], [45.43725, 11.93088], [45.43261, 11.93409], [45.44137, 11.90519], [45.43728, 11.93086], [45.44225, 11.90586], [45.42159, 11.93608], [45.44124, 11.90513], [45.4215, 11.93621], [45.43726, 11.93087], [45.42284, 11.93375], [45.43731, 11.93111], [45.42254, 11.93411], [45.44133, 11.90519], [45.42155, 11.93613], [45.44152, 11.90474], [45.43258, 11.93486], [45.44139, 11.90508], [45.42161, 11.93593], [45.44135, 11.90513], [45.42169, 11.93597], [45.44115, 11.9053], [45.44201, 11.90618], [45.44126, 11.90514], [45.43256, 11.9348], [45.44126, 11.90525]]","[[45.42746912926423, 11.94577091021096], [45.43285835923322, 11.926430427243831], [45.427621983801615, 11.948840168326376]]","[12, 12, 10]","[2397.1326637943953, 789.9260141791435, 2624.0892340380146]",0.42275166511535645,322.43637919425964
5,1200,33,"[45.42677292230846, 11.916763841389015]","[45.431109301835995, 11.910986868675815]",660.7967589316811,"[[45.44225, 11.9057], [45.4414, 11.90506], [45.44195, 11.9063], [45.44216, 11.90393], [45.43728, 11.93086], [45.44225, 11.90586], [45.42157, 11.93609], [45.43729, 11.93109], [45.42159, 11.9361], [45.43726, 11.93097], [45.42162, 11.93596], [45.44124, 11.90506], [45.43243, 11.93511], [45.44277, 11.90302], [45.42163, 11.93594], [45.43734, 11.93127], [45.42284, 11.93375], [45.43731, 11.93111], [45.42178, 11.93583], [45.43732, 11.93123], [45.42161, 11.93604], [45.43725, 11.93087], [45.43273, 11.93412], [45.44146, 11.90499], [45.42168, 11.93583], [45.43726, 11.93085], [45.43261, 11.93409], [45.44137, 11.90519], [45.44194, 11.90631], [45.44128, 11.90524], [45.42159, 11.93605], [45.43729, 11.931], [45.42161, 11.93593], [45.44135, 11.90513], [45.42218, 11.935], [45.43729, 11.93104], [45.42154, 11.93618], [45.4373, 11.93113], [45.42169, 11.93597], [45.44115, 11.9053], [45.42153, 11.93618], [45.43725, 11.9309], [45.42204, 11.9352], [45.43731, 11.93119], [45.42151, 11.93614], [45.43726, 11.93088], [45.42161, 11.93603], [45.44141, 11.90505], [45.44201, 11.90618], [45.44126, 11.90514], [45.42154, 11.93618], [45.44144, 11.90505], [45.42273, 11.93386], [45.43725, 11.93098], [45.44224, 11.90576], [45.44124, 11.9051], [45.42155, 11.93613], [45.44152, 11.90474], [45.42152, 11.93615], [45.44379, 11.90138], [45.42157, 11.93608], [45.44185, 11.90437], [45.43248, 11.93502], [45.44118, 11.90516]]","[[45.432863206402814, 11.92643074729329], [45.42747831902399, 11.945779526608689], [45.434656636484, 11.892900603506085]]","[8, 5, 5]","[1224.1358322920453, 2752.4716767521886, 1469.1535366579474]",0.08151078224182129,122.79327869415283
6,1200,56,"[45.42677292230846, 11.916763841389015]","[45.42250612855716, 11.915849175728091]",479.5842520669594,"[[45.42163, 11.93596], [45.43737, 11.93132], [45.42284, 11.93375], [45.43731, 11.93111], [45.42153, 11.93612], [45.44124, 11.9053], [45.42159, 11.9361], [45.43726, 11.93097], [45.42159, 11.93608], [45.44124, 11.90513], [45.44194, 11.90631], [45.44128, 11.90524], [45.43256, 11.9348], [45.44126, 11.90525], [45.42296, 11.93343], [45.43732, 11.93116], [45.42161, 11.93603], [45.44141, 11.90505], [45.42154, 11.93618], [45.4373, 11.93113], [45.42153, 11.93618], [45.43725, 11.9309], [45.42162, 11.936], [45.43725, 11.93088], [45.44206, 11.90608], [45.44116, 11.90549], [45.43273, 11.93412], [45.44146, 11.90499], [45.42151, 11.93623], [45.43735, 11.93139], [45.44201, 11.90618], [45.44126, 11.90514], [45.43728, 11.93086], [45.44225, 11.90586], [45.42162, 11.93596], [45.44124, 11.90506], [45.42155, 11.93613], [45.44152, 11.90474], [45.43248, 11.93502], [45.44118, 11.90516], [45.42168, 11.93594], [45.44126, 11.90517], [45.42161, 11.93604], [45.44118, 11.90533], [45.42161, 11.93593], [45.44135, 11.90513], [45.42161, 11.93604], [45.43725, 11.93087], [45.42169, 11.93597], [45.44115, 11.9053], [45.44195, 11.9063], [45.44216, 11.90393], [45.44225, 11.9057], [45.4414, 11.90506], [45.42204, 11.9352], [45.43731, 11.93119], [45.4215, 11.93621], [45.43726, 11.93087], [45.42168, 11.93583], [45.43726, 11.93085], [45.42152, 11.93615], [45.44379, 11.90138], [45.42178, 11.93583], [45.43732, 11.93123], [45.42314, 11.93327], [45.43729, 11.931], [45.42151, 11.93614], [45.43726, 11.93088], [45.42218, 11.935], [45.43729, 11.93104], [45.43261, 11.93409], [45.44137, 11.90519], [45.44224, 11.90576], [45.44124, 11.9051], [45.42209, 11.93508], [45.44127, 11.90503], [45.4422, 11.90587], [45.44133, 11.90503], [45.43243, 11.93511], [45.44277, 11.90302], [45.43244, 11.93514], [45.44126, 11.90528], [45.44131, 11.90515], [45.42153, 11.93605], [45.42254, 11.93411], [45.44133, 11.90519], [45.43246, 11.93512], [45.44136, 11.90509], [45.42154, 11.93618], [45.44144, 11.90505], [45.42302, 11.93334], [45.4415, 11.90488], [45.42157, 11.93609], [45.43729, 11.93109], [45.42157, 11.93612], [45.43729, 11.931], [45.43258, 11.93486], [45.44139, 11.90508], [45.42273, 11.93386], [45.43725, 11.93098], [45.43248, 11.9351], [45.4403, 11.9067], [45.42159, 11.93605], [45.43729, 11.931], [45.42163, 11.93594], [45.43734, 11.93127]]","[[45.43286303651634, 11.926430865497997], [45.427468881585526, 11.945791281150337], [45.427613620508644, 11.948857169877469]]","[12, 12, 10]","[1417.9956064993412, 2407.3594260152727, 2644.8933604774256]",0.09384536743164062,338.5608184337616
7,1200,29,"[45.42677292230846, 11.916763841389015]","[45.418187056320846, 11.916450498733033]",954.5485160117911,"[[45.43258, 11.93486], [45.44139, 11.90508], [45.4215, 11.93621], [45.43726, 11.93087], [45.42157, 11.93608], [45.44185, 11.90437], [45.42204, 11.9352], [45.43731, 11.93119], [45.42151, 11.93623], [45.43735, 11.93139], [45.42163, 11.93594], [45.43734, 11.93127], [45.42159, 11.93605], [45.43729, 11.931], [45.42169, 11.93597], [45.44115, 11.9053], [45.44225, 11.9057], [45.4414, 11.90506], [45.42302, 11.93334], [45.4415, 11.90488], [45.42161, 11.93604], [45.43725, 11.93087], [45.44194, 11.90631], [45.44128, 11.90524], [45.42155, 11.93613], [45.44152, 11.90474], [45.42178, 11.93583], [45.43732, 11.93123], [45.44131, 11.90515], [45.42153, 11.93605], [45.42168, 11.93594], [45.44126, 11.90517], [45.42296, 11.93343], [45.43732, 11.93116], [45.44195, 11.9063], [45.44216, 11.90393], [45.42314, 11.93327], [45.43729, 11.931], [45.42162, 11.936], [45.43725, 11.93088], [45.42153, 11.93612], [45.44124, 11.9053], [45.42161, 11.93593], [45.44135, 11.90513], [45.42153, 11.93618], [45.43725, 11.9309], [45.42273, 11.93386], [45.43725, 11.93098], [45.42161, 11.93604], [45.44118, 11.90533], [45.43246, 11.93512], [45.44136, 11.90509], [45.42168, 11.93583], [45.43726, 11.93085], [45.42284, 11.93375], [45.43731, 11.93111]]","[[45.4504853982686, 11.922767622866917], [45.43368992920763, 11.916377749497283], [45.43080777381394, 11.915485380965738]]","[12, 8, 8]","[3623.52048455785, 1723.0002711236716, 1404.699675453231]",0.04686760902404785,107.66861605644226
8,1200,20,"[45.42677292230846, 11.916763841389015]","[45.43235403913315, 11.916960461855183]",620.4770937040072,"[[45.44201, 11.90618], [45.44126, 11.90514], [45.42163, 11.93596], [45.43737, 11.93132], [45.44225, 11.9057], [45.4414, 11.90506], [45.42302, 11.93334], [45.4415, 11.90488], [45.42163, 11.93594], [45.43734, 11.93127], [45.43248, 11.93502], [45.44118, 11.90516], [45.42161, 11.93604], [45.43725, 11.93087], [45.42168, 11.93594], [45.44126, 11.90517], [45.42157, 11.93609], [45.43729, 11.93109], [45.44131, 11.90515], [45.42153, 11.93605], [45.42159, 11.93605], [45.43729, 11.931], [45.42273, 11.93386], [45.43725, 11.93098], [45.42157, 11.93608], [45.44185, 11.90437], [45.42218, 11.935], [45.43729, 11.93104], [45.42168, 11.93583], [45.43726, 11.93085], [45.42154, 11.93618], [45.4373, 11.93113], [45.42151, 11.93623], [45.43735, 11.93139], [45.42296, 11.93343], [45.43732, 11.93116], [45.42159, 11.9361], [45.43726, 11.93097]]","[[45.42736173876948, 11.942208104550467], [45.45047209125644, 11.922723796016388], [45.4336897037825, 11.930205550821592]]","[5, 3, 3]","[2052.1849488422313, 2063.5173321920533, 1047.0139844213759]",0.03128528594970703,46.325488805770874
9,1200,44,"[45.42677292230846, 11.916763841389015]","[45.43511012759692, 11.916507490393958]",926.8157791789564,"[[45.4215, 11.93621], [45.43765, 11.93234], [45.42151, 11.93614], [45.43753, 11.9319], [45.42154, 11.93618], [45.43767, 11.93246], [45.44256, 11.90525], [45.44237, 11.90365], [45.43246, 11.93512], [45.44327, 11.90228], [45.44469, 11.90196], [45.44167, 11.90425], [45.42159, 11.93608], [45.44371, 11.90149], [45.44279, 11.90492], [45.4436, 11.9018], [45.43261, 11.93409], [45.44213, 11.90403], [45.42209, 11.93508], [45.44167, 11.90414], [45.44275, 11.90503], [45.44216, 11.90393], [45.42273, 11.93386], [45.4376, 11.93221], [45.42163, 11.93594], [45.43749, 11.93177], [45.4377, 11.93248], [45.44298, 11.90475], [45.43248, 11.9351], [45.44194, 11.9043], [45.42159, 11.9361], [45.43773, 11.93268], [45.42162, 11.93596], [45.44165, 11.90417], [45.44275, 11.90502], [45.44376, 11.90145], [45.42155, 11.93613], [45.44321, 11.9022], [45.42163, 11.93596], [45.43769, 11.93252], [45.42168, 11.93583], [45.43762, 11.93224], [45.42178, 11.93583], [45.43772, 11.93261], [45.42161, 11.93603], [45.44383, 11.90147], [45.42296, 11.93343], [45.43764, 11.93231], [45.42254, 11.93411], [45.44343, 11.9021], [45.42161, 11.93593], [45.44216, 11.90392], [45.44256, 11.90529], [45.44248, 11.90346], [45.43243, 11.93511], [45.44277, 11.90302], [45.42157, 11.93612], [45.43748, 11.93165], [45.42218, 11.935], [45.43767, 11.93239], [45.42161, 11.93604], [45.4376, 11.93214], [45.42154, 11.93618], [45.44355, 11.90192], [45.43248, 11.93502], [45.44168, 11.904], [45.42152, 11.93615], [45.44379, 11.90138], [45.42157, 11.93608], [45.44185, 11.90437], [45.43258, 11.93486], [45.44381, 11.90155], [45.42151, 11.93623], [45.43765, 11.93239], [45.42153, 11.93618], [45.43757, 11.93208], [45.42284, 11.93375], [45.43762, 11.93217], [45.42314, 11.93327], [45.43767, 11.9324], [45.42168, 11.93594], [45.44243, 11.90347], [45.42161, 11.93604], [45.43761, 11.93227]]","[[45.427472606072726, 11.945774173681613], [45.42762151846928, 11.948839841063053], [45.42778616321047, 11.951740166350652]]","[12, 10, 8]","[2442.452396277666, 2663.478370500691, 2874.7069485460206]",0.1963057518005371,262.8156991004944
10,1200,56,"[45.42677292230846, 11.916763841389015]","[45.42749825777627, 11.911950967647535]",385.1800278218388,"[[45.42163, 11.93596], [45.43769, 11.93252], [45.42151, 11.93614], [45.43753, 11.9319], [45.43246, 11.93512], [45.44327, 11.90228], [45.4215, 11.93621], [45.43765, 11.93234], [45.42161, 11.93603], [45.44383, 11.90147], [45.42314, 11.93327], [45.43767, 11.9324], [45.43248, 11.9351], [45.44194, 11.9043], [45.42218, 11.935], [45.43767, 11.93239], [45.42159, 11.93605], [45.43729, 11.931], [45.42161, 11.93604], [45.4376, 11.93214], [45.42168, 11.93583], [45.43762, 11.93224], [45.42284, 11.93375], [45.43762, 11.93217], [45.43256, 11.9348], [45.44126, 11.90525], [45.42209, 11.93508], [45.44167, 11.90414], [45.42159, 11.93608], [45.44371, 11.90149], [45.43258, 11.93486], [45.44381, 11.90155], [45.42169, 11.93597], [45.44115, 11.9053], [45.42159, 11.9361], [45.43773, 11.93268], [45.42254, 11.93411], [45.44343, 11.9021], [45.44275, 11.90502], [45.44376, 11.90145], [45.42163, 11.93594], [45.43749, 11.93177], [45.42154, 11.93618], [45.43767, 11.93246], [45.43243, 11.93511], [45.44277, 11.90302], [45.42154, 11.93618], [45.44355, 11.90192], [45.42168, 11.93594], [45.44243, 11.90347], [45.42161, 11.93593], [45.44216, 11.90392], [45.42302, 11.93334], [45.4415, 11.90488], [45.43244, 11.93514], [45.44126, 11.90528], [45.44256, 11.90529], [45.44248, 11.90346], [45.44131, 11.90515], [45.42153, 11.93605], [45.43273, 11.93412], [45.44146, 11.90499], [45.44469, 11.90196], [45.44167, 11.90425], [45.42273, 11.93386], [45.4376, 11.93221], [45.44256, 11.90525], [45.44237, 11.90365], [45.42153, 11.93618], [45.43757, 11.93208], [45.42157, 11.93608], [45.44185, 11.90437], [45.42151, 11.93623], [45.43765, 11.93239], [45.43261, 11.93409], [45.44213, 11.90403], [45.43248, 11.93502], [45.44168, 11.904], [45.42157, 11.93609], [45.43729, 11.93109], [45.42204, 11.9352], [45.43731, 11.93119], [45.42157, 11.93612], [45.43748, 11.93165], [45.4422, 11.90587], [45.44133, 11.90503], [45.4377, 11.93248], [45.44298, 11.90475], [45.42155, 11.93613], [45.44321, 11.9022], [45.44275, 11.90503], [45.44216, 11.90393], [45.42161, 11.93604], [45.43761, 11.93227], [45.42296, 11.93343], [45.43764, 11.93231], [45.42153, 11.93612], [45.44124, 11.9053], [45.42152, 11.93615], [45.44379, 11.90138], [45.42162, 11.93596], [45.44165, 11.90417], [45.42162, 11.936], [45.43725, 11.93088], [45.42178, 11.93583], [45.43772, 11.93261]]","[[45.427474577970074, 11.945796637439823], [45.42762604378205, 11.948865971622732], [45.42776851301507, 11.951754538911581]]","[12, 10, 8]","[2648.7067837465224, 2888.9374750921043, 3115.0975925182115]",0.12525677680969238,134.7355260848999
11,1200,26,"[45.42677292230846, 11.916763841389015]","[45.43078696288835, 11.918538950929777]",467.2484518775667,"[[45.42169, 11.93597], [45.44115, 11.9053], [45.42204, 11.9352], [45.43731, 11.93119], [45.4422, 11.90587], [45.44133, 11.90503], [45.42209, 11.93508], [45.44167, 11.90414], [45.42159, 11.93608], [45.44371, 11.90149], [45.42151, 11.93614], [45.43753, 11.9319], [45.42168, 11.93594], [45.44243, 11.90347], [45.4377, 11.93248], [45.44298, 11.90475], [45.42273, 11.93386], [45.4376, 11.93221], [45.42155, 11.93613], [45.44321, 11.9022], [45.42284, 11.93375], [45.43762, 11.93217], [45.44256, 11.90529], [45.44248, 11.90346], [45.42159, 11.93605], [45.43729, 11.931], [45.42157, 11.93608], [45.44185, 11.90437], [45.42218, 11.935], [45.43767, 11.93239], [45.44469, 11.90196], [45.44167, 11.90425], [45.42161, 11.93604], [45.43761, 11.93227], [45.43246, 11.93512], [45.44327, 11.90228], [45.44256, 11.90525], [45.44237, 11.90365], [45.42159, 11.9361], [45.43773, 11.93268], [45.43258, 11.93486], [45.44381, 11.90155], [45.43248, 11.9351], [45.44194, 11.9043], [45.42161, 11.93604], [45.4376, 11.93214], [45.42153, 11.93612], [45.44124, 11.9053], [45.42154, 11.93618], [45.43767, 11.93246]]","[[45.42042815734749, 11.934099672319727], [45.418956165412624, 11.9325668258384], [45.41897444334393, 11.932521411858183]]","[14, 4, 4]","[1675.8492150240456, 1712.9419406616094, 1709.1051597777623]",0.01654362678527832,19.89103627204895
12,1200,48,"[45.42677292230846, 11.916763841389015]","[45.42322713735509, 11.914109749717072]",445.46962715139716,"[[45.44275, 11.90502], [45.44376, 11.90145], [45.42254, 11.93411], [45.44343, 11.9021], [45.42161, 11.93603], [45.44383, 11.90147], [45.42296, 11.93343], [45.43764, 11.93231], [45.42161, 11.93604], [45.43761, 11.93227], [45.42209, 11.93508], [45.44167, 11.90414], [45.42154, 11.93618], [45.44355, 11.90192], [45.44131, 11.90515], [45.42153, 11.93605], [45.42178, 11.93583], [45.43772, 11.93261], [45.42218, 11.935], [45.43767, 11.93239], [45.43261, 11.93409], [45.44213, 11.90403], [45.42168, 11.93583], [45.43762, 11.93224], [45.42204, 11.9352], [45.43731, 11.93119], [45.42161, 11.93593], [45.44216, 11.90392], [45.43256, 11.9348], [45.44126, 11.90525], [45.4215, 11.93621], [45.43765, 11.93234], [45.43273, 11.93412], [45.44146, 11.90499], [45.43246, 11.93512], [45.44327, 11.90228], [45.42153, 11.93612], [45.44124, 11.9053], [45.4422, 11.90587], [45.44133, 11.90503], [45.42157, 11.93612], [45.43748, 11.93165], [45.42162, 11.936], [45.43725, 11.93088], [45.4377, 11.93248], [45.44298, 11.90475], [45.42163, 11.93596], [45.43769, 11.93252], [45.42155, 11.93613], [45.44321, 11.9022], [45.42302, 11.93334], [45.4415, 11.90488], [45.42159, 11.93608], [45.44371, 11.90149], [45.42168, 11.93594], [45.44243, 11.90347], [45.42153, 11.93618], [45.43757, 11.93208], [45.42157, 11.93608], [45.44185, 11.90437], [45.44256, 11.90529], [45.44248, 11.90346], [45.43258, 11.93486], [45.44381, 11.90155], [45.42159, 11.9361], [45.43773, 11.93268], [45.42151, 11.93623], [45.43765, 11.93239], [45.44275, 11.90503], [45.44216, 11.90393], [45.42151, 11.93614], [45.43753, 11.9319], [45.43243, 11.93511], [45.44277, 11.90302], [45.43244, 11.93514], [45.44126, 11.90528], [45.42154, 11.93618], [45.43767, 11.93246], [45.42152, 11.93615], [45.44379, 11.90138], [45.44279, 11.90492], [45.4436, 11.9018], [45.42159, 11.93605], [45.43729, 11.931], [45.42314, 11.93327], [45.43767, 11.9324], [45.43248, 11.9351], [45.44194, 11.9043], [45.42161, 11.93604], [45.4376, 11.93214], [45.42273, 11.93386], [45.4376, 11.93221]]","[[45.427468881585526, 11.945791281150337], [45.44093960588865, 11.930263215209068], [45.427613620508644, 11.948857169877469]]","[12, 10, 10]","[2523.856819966151, 2339.4566047810017, 2762.727959112282]",0.016789913177490234,85.04644703865051
0,1400,54,"[45.42677292230846, 11.916763841389015]","[45.419598420983874, 11.91635782208905]",798.0073489219554,"[[45.43246, 11.93512], [45.44327, 11.90228], [45.42153, 11.93618], [45.43757, 11.93208], [45.44131, 11.90515], [45.42153, 11.93605], [45.42151, 11.93623], [45.43765, 11.93239], [45.42284, 11.93375], [45.43762, 11.93217], [45.44279, 11.90492], [45.4436, 11.9018], [45.42273, 11.93386], [45.4376, 11.93221], [45.43273, 11.93412], [45.44146, 11.90499], [45.42161, 11.93604], [45.4376, 11.93214], [45.42152, 11.93615], [45.44379, 11.90138], [45.42254, 11.93411], [45.44343, 11.9021], [45.4377, 11.93248], [45.44298, 11.90475], [45.42161, 11.93604], [45.43761, 11.93227], [45.42161, 11.93603], [45.44383, 11.90147], [45.42159, 11.93608], [45.44371, 11.90149], [45.43248, 11.93502], [45.44168, 11.904], [45.42255, 11.93427], [45.43764, 11.93231], [45.42162, 11.93596], [45.44165, 11.90417], [45.42178, 11.93583], [45.43772, 11.93261], [45.42209, 11.93508], [45.44167, 11.90414], [45.42154, 11.93618], [45.44355, 11.90192], [45.42163, 11.93594], [45.43749, 11.93177], [45.42161, 11.93593], [45.44216, 11.90392], [45.42204, 11.9352], [45.43731, 11.93119], [45.43256, 11.9348], [45.44126, 11.90525], [45.42157, 11.93612], [45.43748, 11.93165], [45.42159, 11.9361], [45.43773, 11.93268], [45.4422, 11.90587], [45.44133, 11.90503], [45.43258, 11.93486], [45.44381, 11.90155], [45.44469, 11.90196], [45.44167, 11.90425], [45.42169, 11.93597], [45.44115, 11.9053], [45.42218, 11.935], [45.43767, 11.93239], [45.42168, 11.93583], [45.43762, 11.93224], [45.42157, 11.93609], [45.43729, 11.93109], [45.42163, 11.93596], [45.43769, 11.93252], [45.44256, 11.90529], [45.44248, 11.90346], [45.42151, 11.93614], [45.43753, 11.9319], [45.43244, 11.93514], [45.44126, 11.90528], [45.44275, 11.90502], [45.44376, 11.90145], [45.42159, 11.93605], [45.43729, 11.931], [45.42268, 11.93401], [45.43767, 11.9324], [45.42155, 11.93613], [45.44321, 11.9022], [45.43248, 11.9351], [45.44194, 11.9043], [45.43261, 11.93409], [45.44213, 11.90403], [45.4227, 11.93385], [45.4415, 11.90488], [45.44275, 11.90503], [45.44216, 11.90393], [45.4215, 11.93621], [45.43765, 11.93234], [45.42157, 11.93608], [45.44185, 11.90437], [45.42168, 11.93594], [45.44243, 11.90347], [45.42162, 11.936], [45.43725, 11.93088], [45.44256, 11.90525], [45.44237, 11.90365]]","[[45.416274748275484, 11.929080161971202], [45.440953327178406, 11.930310559162569], [45.44265472958444, 11.929464659151064]]","[8, 7, 7]","[1062.102875497558, 2612.4966779408146, 2760.12366010846]",0.01991724967956543,88.62970185279846
1,1400,53,"[45.42677292230846, 11.916763841389015]","[45.432612593569225, 11.907068723443633]",998.4219951017152,"[[45.42159, 11.9361], [45.43773, 11.93268], [45.44504, 11.90128], [45.44435, 11.90056], [45.42155, 11.93613], [45.44443, 11.90001], [45.42168, 11.93583], [45.43762, 11.93224], [45.42254, 11.93411], [45.44444, 11.90007], [45.42268, 11.93401], [45.43767, 11.9324], [45.43248, 11.9351], [45.44448, 11.90027], [45.42163, 11.93594], [45.43749, 11.93177], [45.44477, 11.90179], [45.44455, 11.89976], [45.42273, 11.93386], [45.4376, 11.93221], [45.42161, 11.93604], [45.4376, 11.93214], [45.42168, 11.93594], [45.44457, 11.89992], [45.42178, 11.93583], [45.43772, 11.93261], [45.42204, 11.9352], [45.43731, 11.93119], [45.42163, 11.93596], [45.43769, 11.93252], [45.43248, 11.93502], [45.44452, 11.89898], [45.42154, 11.93618], [45.44458, 11.9], [45.42154, 11.93618], [45.43767, 11.93246], [45.44469, 11.90196], [45.44431, 11.89943], [45.42209, 11.93508], [45.44416, 11.89978], [45.42152, 11.93615], [45.44432, 11.90033], [45.42218, 11.935], [45.43767, 11.93239], [45.43258, 11.93486], [45.44484, 11.89923], [45.42157, 11.93608], [45.44466, 11.89973], [45.42169, 11.93597], [45.44448, 11.89995], [45.42151, 11.93623], [45.43765, 11.93239], [45.42161, 11.93593], [45.44456, 11.9], [45.42255, 11.93427], [45.43764, 11.93231], [45.44493, 11.90146], [45.44512, 11.89847], [45.43256, 11.9348], [45.44456, 11.90009], [45.42162, 11.93596], [45.44416, 11.89984], [45.44485, 11.90168], [45.44442, 11.90009], [45.43261, 11.93409], [45.44468, 11.89976], [45.42159, 11.93605], [45.43729, 11.931], [45.44447, 11.90022], [45.42153, 11.93605], [45.42159, 11.93608], [45.44434, 11.9003], [45.42284, 11.93375], [45.43762, 11.93217], [45.42153, 11.93618], [45.43757, 11.93208], [45.4448, 11.90181], [45.44507, 11.89867], [45.42153, 11.93612], [45.43678, 11.92426], [45.43246, 11.93512], [45.44436, 11.90048], [45.42151, 11.93614], [45.43753, 11.9319], [45.4377, 11.93248], [45.44486, 11.90174], [45.42157, 11.93609], [45.43729, 11.93109], [45.43273, 11.93412], [45.44435, 11.90055], [45.4448, 11.90174], [45.4444, 11.90043], [45.4227, 11.93385], [45.44437, 11.90046], [45.4215, 11.93621], [45.43765, 11.93234], [45.42161, 11.93603], [45.44443, 11.90037], [45.43244, 11.93514], [45.44457, 11.9], [45.42161, 11.93604], [45.43761, 11.93227]]","[[45.44750312206536, 11.92605125115015], [45.41631387891601, 11.929006525753344], [45.45115851990792, 11.92526912025613]]","[10, 9, 9]","[2223.662477991276, 2495.81385842382, 2505.243507066359]",0.06954622268676758,63.92450141906738
2,1400,42,"[45.42677292230846, 11.916763841389015]","[45.43125606660364, 11.92289899779859]",691.9320685275491,"[[45.42178, 11.93583], [45.43662, 11.93924], [45.44061, 11.91073], [45.44277, 11.90302], [45.42157, 11.93612], [45.43641, 11.93984], [45.42159, 11.93605], [45.43642, 11.93982], [45.42161, 11.93593], [45.44456, 11.9], [45.43649, 11.93966], [45.44468, 11.89976], [45.42159, 11.9361], [45.43662, 11.93923], [45.42204, 11.93524], [45.43656, 11.9394], [45.42157, 11.93608], [45.44466, 11.89973], [45.44485, 11.90168], [45.44442, 11.90009], [45.43643, 11.93979], [45.44486, 11.90174], [45.42169, 11.93597], [45.44448, 11.89995], [45.42168, 11.93583], [45.43663, 11.93915], [45.42153, 11.93612], [45.43648, 11.93959], [45.42191, 11.93549], [45.43653, 11.93949], [45.4216, 11.93602], [45.44416, 11.89978], [45.42199, 11.93523], [45.44444, 11.90007], [45.44493, 11.90146], [45.44512, 11.89847], [45.42153, 11.93618], [45.43649, 11.93958], [45.44477, 11.90179], [45.44455, 11.89976], [45.43664, 11.93925], [45.44436, 11.90048], [45.44061, 11.91076], [45.44457, 11.9], [45.4448, 11.90174], [45.4444, 11.90043], [45.4406, 11.91063], [45.44484, 11.89923], [45.42163, 11.93596], [45.43651, 11.93956], [45.42163, 11.93594], [45.43651, 11.9396], [45.42152, 11.93615], [45.44432, 11.90033], [45.42204, 11.9352], [45.43643, 11.93976], [45.44504, 11.90128], [45.44435, 11.90056], [45.42208, 11.93521], [45.43647, 11.93962], [45.42157, 11.93609], [45.4366, 11.9393], [45.42162, 11.93596], [45.44416, 11.89984], [45.42151, 11.93614], [45.43648, 11.93964], [45.44062, 11.91073], [45.44435, 11.90055], [45.4215, 11.93621], [45.4366, 11.93932], [45.42168, 11.93594], [45.44457, 11.89992], [45.42154, 11.93608], [45.43665, 11.93922], [45.42161, 11.93603], [45.44443, 11.90037], [45.4406, 11.91087], [45.44448, 11.90027]]","[[45.42814561722928, 11.944840249786237], [45.445921701058936, 11.90928256227936], [45.42766589812175, 11.948796746651434]]","[10, 10, 8]","[1751.473171916002, 1947.2476831358042, 2065.5497393576075]",0.10971641540527344,24.329949855804443
3,1400,48,"[45.42677292230846, 11.916763841389015]","[45.43007253368083, 11.923635237861207]",650.8779351573256,"[[45.42155, 11.93683], [45.44416, 11.89978], [45.42155, 11.93687], [45.43658, 11.93943], [45.4448, 11.90174], [45.4444, 11.90043], [45.42154, 11.93685], [45.44443, 11.90001], [45.42187, 11.93746], [45.43662, 11.93924], [45.42152, 11.9368], [45.44437, 11.90046], [45.44469, 11.90196], [45.44431, 11.89943], [45.42175, 11.93733], [45.43651, 11.93956], [45.43664, 11.93925], [45.44436, 11.90048], [45.42154, 11.93687], [45.43644, 11.93977], [45.44493, 11.90146], [45.44512, 11.89847], [45.4406, 11.91087], [45.44448, 11.90027], [45.42153, 11.93684], [45.44434, 11.9003], [45.42148, 11.93675], [45.44432, 11.90033], [45.42155, 11.93683], [45.43653, 11.93949], [45.42157, 11.93696], [45.43648, 11.93959], [45.42201, 11.93804], [45.43665, 11.93922], [45.43643, 11.93979], [45.44486, 11.90174], [45.42177, 11.9375], [45.43648, 11.93964], [45.44061, 11.91076], [45.44457, 11.9], [45.44485, 11.90168], [45.44442, 11.90009], [45.42176, 11.93735], [45.43657, 11.93936], [45.42178, 11.93735], [45.44457, 11.89992], [45.42173, 11.93731], [45.44466, 11.89973], [45.4216, 11.937], [45.43663, 11.93915], [45.42153, 11.93683], [45.43643, 11.93976], [45.42153, 11.93686], [45.43656, 11.9394], [45.42162, 11.93702], [45.44448, 11.89995], [45.42159, 11.93694], [45.43653, 11.93952], [45.42216, 11.93831], [45.44443, 11.90037], [45.44059, 11.91198], [45.44452, 11.89898], [45.44504, 11.90128], [45.44435, 11.90056], [45.44062, 11.91073], [45.44435, 11.90055], [45.42155, 11.93685], [45.44458, 11.9], [45.4216, 11.93708], [45.44444, 11.90007], [45.44477, 11.90179], [45.44455, 11.89976], [45.42194, 11.93785], [45.43647, 11.93962], [45.44447, 11.90022], [45.42157, 11.93693], [45.44061, 11.91073], [45.44277, 11.90302], [45.42193, 11.93782], [45.43642, 11.93982], [45.44062, 11.91265], [45.44456, 11.90009], [45.42149, 11.93675], [45.4366, 11.93932], [45.42152, 11.93681], [45.43649, 11.93958], [45.4406, 11.91063], [45.44484, 11.89923], [45.42158, 11.93693], [45.43641, 11.93984]]","[[45.42313482146314, 11.935668120820008], [45.42990598975296, 11.927151490714289], [45.4301632535993, 11.923796367379193]]","[17, 9, 9]","[1217.089504044573, 275.7857578546691, 16.14465301962601]",0.06051516532897949,49.01528882980347
4,1400,27,"[45.42677292230846, 11.916763841389015]","[45.43206577595067, 11.915392352238158]",597.9594578487072,"[[45.4448, 11.90174], [45.4444, 11.90043], [45.44281, 11.90494], [45.44435, 11.90055], [45.44504, 11.90128], [45.44435, 11.90056], [45.43649, 11.93966], [45.44468, 11.89976], [45.42187, 11.93746], [45.43662, 11.93924], [45.43643, 11.93979], [45.44486, 11.90174], [45.42177, 11.9375], [45.43648, 11.93964], [45.42149, 11.93675], [45.4366, 11.93932], [45.42161, 11.93604], [45.43761, 11.93227], [45.42155, 11.93687], [45.43658, 11.93943], [45.42175, 11.93733], [45.43651, 11.93956], [45.44493, 11.90146], [45.44512, 11.89847], [45.44263, 11.9052], [45.44484, 11.89923], [45.42173, 11.93731], [45.44466, 11.89973], [45.44339, 11.90389], [45.44277, 11.90302], [45.44485, 11.90168], [45.44442, 11.90009], [45.44308, 11.90443], [45.44448, 11.90027], [45.42155, 11.93685], [45.44458, 11.9], [45.42201, 11.93804], [45.43665, 11.93922], [45.42153, 11.93686], [45.43656, 11.9394], [45.42159, 11.9361], [45.43662, 11.93923], [45.4216, 11.93708], [45.44444, 11.90007], [45.42178, 11.93735], [45.44457, 11.89992], [45.4448, 11.90181], [45.44507, 11.89867], [45.42216, 11.93831], [45.44443, 11.90037], [45.42193, 11.93782], [45.43642, 11.93982]]","[[45.454426802393066, 11.917017486096016], [45.434911978028836, 11.938425304117478], [45.44020464001427, 11.895298876050287]]","[8, 6, 5]","[2488.4645826725696, 1829.8780782767988, 1813.8812117107816]",0.015167474746704102,19.919691801071167
5,1400,28,"[45.42677292230846, 11.916763841389015]","[45.43345825925976, 11.916957865270456]",743.1646901198899,"[[45.44447, 11.90022], [45.42157, 11.93693], [45.44493, 11.90146], [45.44512, 11.89847], [45.42149, 11.93675], [45.4366, 11.93932], [45.42148, 11.93675], [45.44432, 11.90033], [45.42152, 11.9368], [45.44437, 11.90046], [45.42155, 11.93687], [45.43658, 11.93943], [45.44469, 11.90196], [45.44431, 11.89943], [45.42173, 11.93731], [45.44466, 11.89973], [45.44452, 11.90219], [45.44484, 11.89923], [45.42178, 11.93735], [45.44457, 11.89992], [45.44375, 11.90343], [45.44452, 11.89898], [45.42159, 11.93694], [45.43653, 11.93952], [45.42153, 11.93686], [45.43656, 11.9394], [45.42201, 11.93804], [45.43665, 11.93922], [45.44485, 11.90168], [45.44442, 11.90009], [45.42176, 11.93735], [45.43657, 11.93936], [45.42175, 11.93733], [45.43651, 11.93956], [45.44504, 11.90128], [45.44435, 11.90056], [45.43643, 11.93979], [45.44486, 11.90174], [45.42155, 11.93683], [45.43653, 11.93949], [45.4448, 11.90181], [45.44507, 11.89867], [45.42161, 11.93604], [45.43787, 11.93395], [45.42155, 11.93683], [45.44416, 11.89978], [45.42163, 11.93594], [45.43651, 11.9396], [45.43664, 11.93925], [45.44436, 11.90048], [45.42177, 11.9375], [45.43648, 11.93964], [45.4448, 11.90174], [45.4444, 11.90043]]","[[45.42007769825344, 11.93836890644474], [45.45086914334272, 11.911246899966443], [45.4324792424471, 11.934364298696753]]","[8, 5, 5]","[2240.356653368049, 1985.9691103133318, 1366.4056249935575]",0.017227649688720703,30.192861795425415
6,1400,21,"[45.42677292230846, 11.916763841389015]","[45.4189428174744, 11.914335691627425]",890.7463713604334,"[[45.42149, 11.93675], [45.4366, 11.93932], [45.42162, 11.93596], [45.44416, 11.89984], [45.42162, 11.93702], [45.44448, 11.89995], [45.42155, 11.93687], [45.43658, 11.93943], [45.42151, 11.93623], [45.43765, 11.93239], [45.4448, 11.90181], [45.44507, 11.89867], [45.4448, 11.90174], [45.4444, 11.90043], [45.42158, 11.93693], [45.43641, 11.93984], [45.44504, 11.90128], [45.44435, 11.90056], [45.44452, 11.90219], [45.44484, 11.89923], [45.42157, 11.93609], [45.4366, 11.9393], [45.42187, 11.93746], [45.43662, 11.93924], [45.42216, 11.93831], [45.44443, 11.90037], [45.42173, 11.93731], [45.44466, 11.89973], [45.42178, 11.93735], [45.44457, 11.89992], [45.44062, 11.91265], [45.44456, 11.90009], [45.4216, 11.93708], [45.44444, 11.90007], [45.44469, 11.90196], [45.44431, 11.89943], [45.43643, 11.93979], [45.44486, 11.90174]]","[[45.43492111358156, 11.938397191134534], [45.43331797119407, 11.93722214824876], [45.43168224440959, 11.936140117979791]]","[6, 4, 4]","[2588.315564317968, 2400.1123787099364, 2217.343365114537]",0.007977962493896484,8.521002054214478
7,1400,21,"[45.42677292230846, 11.916763841389015]","[45.429862403716534, 11.90886598510807]",707.0380861714543,"[[45.42178, 11.93735], [45.44457, 11.89992], [45.42154, 11.93685], [45.44443, 11.90001], [45.42159, 11.9361], [45.43662, 11.93923], [45.44339, 11.90389], [45.44277, 11.90302], [45.42148, 11.93675], [45.44432, 11.90033], [45.42155, 11.93683], [45.43653, 11.93949], [45.43649, 11.93966], [45.44468, 11.89976], [45.4448, 11.90181], [45.44507, 11.89867], [45.42193, 11.93782], [45.43642, 11.93982], [45.42194, 11.93785], [45.43647, 11.93962], [45.44229, 11.90569], [45.44456, 11.90009], [45.42176, 11.93735], [45.43657, 11.93936], [45.42159, 11.93694], [45.43653, 11.93952], [45.42155, 11.93683], [45.44416, 11.89978], [45.44493, 11.90146], [45.44512, 11.89847], [45.42187, 11.93746], [45.43662, 11.93924], [45.43664, 11.93925], [45.44436, 11.90048], [45.44477, 11.90179], [45.44455, 11.89976], [45.42161, 11.93593], [45.44456, 11.9], [45.42152, 11.93681], [45.43649, 11.93958], [45.44281, 11.90494], [45.44435, 11.90055]]","[[45.41862939921834, 11.939854752855993], [45.417078480282676, 11.94116763223873], [45.41549638618363, 11.942405571061173]]","[13, 10, 4]","[2727.731437421028, 2899.954616171348, 3072.4176395373734]",0.014560461044311523,16.866820573806763
8,1400,37,"[45.42677292230846, 11.916763841389015]","[45.42028028663986, 11.915577930541694]",727.5364319192928,"[[45.42216, 11.93831], [45.44443, 11.90037], [45.42187, 11.93746], [45.43662, 11.93924], [45.42148, 11.93675], [45.44432, 11.90033], [45.42152, 11.9368], [45.44437, 11.90046], [45.42153, 11.93683], [45.43643, 11.93976], [45.43664, 11.93925], [45.44436, 11.90048], [45.42158, 11.93693], [45.43641, 11.93984], [45.44452, 11.90219], [45.44484, 11.89923], [45.4448, 11.90174], [45.4444, 11.90043], [45.42155, 11.93683], [45.44416, 11.89978], [45.44061, 11.91076], [45.44457, 11.9], [45.44477, 11.90179], [45.44455, 11.89976], [45.42163, 11.93594], [45.43651, 11.9396], [45.44229, 11.90569], [45.44456, 11.90009], [45.42149, 11.93675], [45.4366, 11.93932], [45.4448, 11.90181], [45.44507, 11.89867], [45.43643, 11.93979], [45.44486, 11.90174], [45.42154, 11.93687], [45.43644, 11.93977], [45.42151, 11.93623], [45.43765, 11.93239], [45.42194, 11.93785], [45.43647, 11.93962], [45.42159, 11.93694], [45.43653, 11.93952], [45.44504, 11.90128], [45.44435, 11.90056], [45.44375, 11.90343], [45.44452, 11.89898], [45.42173, 11.93731], [45.44466, 11.89973], [45.42157, 11.93609], [45.4366, 11.9393], [45.42161, 11.93604], [45.43787, 11.93395], [45.4216, 11.93708], [45.44444, 11.90007], [45.42175, 11.93733], [45.43651, 11.93956], [45.42152, 11.93681], [45.43649, 11.93958], [45.42178, 11.93735], [45.44457, 11.89992], [45.42155, 11.93685], [45.44458, 11.9], [45.44308, 11.90443], [45.44448, 11.90027], [45.42154, 11.93685], [45.44443, 11.90001], [45.44493, 11.90146], [45.44512, 11.89847], [45.42161, 11.93593], [45.44456, 11.9]]","[[45.439711979841015, 11.941888115935322], [45.45085646299085, 11.911270189872466], [45.425220853459535, 11.935594893095006]]","[5, 4, 3]","[2983.8098952540845, 3414.920915768397, 1660.0659398477096]",0.024412870407104492,46.57709240913391
9,1400,53,"[45.42677292230846, 11.916763841389015]","[45.43527190439192, 11.916811367733898]",944.5858965479857,"[[45.42176, 11.93735], [45.43657, 11.93936], [45.44398, 11.90298], [45.44357, 11.90182], [45.42155, 11.93685], [45.44458, 11.9], [45.44371, 11.9034], [45.44457, 11.9], [45.42157, 11.93696], [45.43648, 11.93959], [45.4216, 11.93708], [45.44444, 11.90007], [45.44418, 11.90272], [45.44456, 11.90009], [45.42148, 11.93675], [45.44432, 11.90033], [45.42162, 11.93596], [45.44416, 11.89984], [45.42178, 11.93735], [45.44457, 11.89992], [45.42155, 11.93687], [45.43658, 11.93943], [45.43643, 11.93979], [45.44486, 11.90174], [45.44447, 11.90022], [45.42157, 11.93693], [45.42158, 11.93693], [45.43641, 11.93984], [45.42157, 11.93609], [45.4366, 11.9393], [45.42187, 11.93746], [45.43662, 11.93924], [45.42159, 11.93694], [45.43653, 11.93952], [45.42177, 11.9375], [45.43648, 11.93964], [45.42149, 11.93675], [45.4366, 11.93932], [45.42153, 11.93686], [45.43656, 11.9394], [45.44452, 11.90219], [45.44484, 11.89923], [45.42216, 11.93831], [45.44443, 11.90037], [45.43649, 11.93966], [45.44468, 11.89976], [45.42175, 11.93733], [45.43651, 11.93956], [45.42162, 11.93702], [45.44448, 11.89995], [45.44493, 11.90146], [45.44512, 11.89847], [45.42161, 11.93593], [45.44456, 11.9], [45.42161, 11.93604], [45.43789, 11.93435], [45.42155, 11.93683], [45.44416, 11.89978], [45.44504, 11.90128], [45.44435, 11.90056], [45.44477, 11.90179], [45.44455, 11.89976], [45.44399, 11.90304], [45.44448, 11.90027], [45.44485, 11.90168], [45.44442, 11.90009], [45.42163, 11.93594], [45.43651, 11.9396], [45.42154, 11.93685], [45.44443, 11.90001], [45.44469, 11.90196], [45.44431, 11.89943], [45.42152, 11.9368], [45.44437, 11.90046], [45.42155, 11.93683], [45.43653, 11.93949], [45.42152, 11.93681], [45.43649, 11.93958], [45.42193, 11.93782], [45.43642, 11.93982], [45.42194, 11.93785], [45.43647, 11.93962], [45.42151, 11.93623], [45.43789, 11.93459], [45.42153, 11.93684], [45.44434, 11.9003], [45.4448, 11.90174], [45.4444, 11.90043], [45.42154, 11.93687], [45.43644, 11.93977], [45.42201, 11.93804], [45.43665, 11.93922], [45.42159, 11.9361], [45.43662, 11.93923], [45.43664, 11.93925], [45.44436, 11.90048], [45.42173, 11.93731], [45.44466, 11.89973], [45.42153, 11.93683], [45.43643, 11.93976]]","[[45.43969311962785, 11.94195691762107], [45.44127408440083, 11.94318391312346], [45.442818644505714, 11.944495607124923]]","[8, 8, 7]","[2027.9327033141676, 2168.6271205393205, 2322.800001993232]",0.04727005958557129,65.35000157356262
10,1400,50,"[45.42677292230846, 11.916763841389015]","[45.423288315643475, 11.92205726432371]",567.1040487728393,"[[45.42287, 11.94038], [45.44443, 11.90001], [45.44418, 11.90272], [45.44456, 11.90009], [45.43664, 11.93925], [45.44436, 11.90048], [45.42272, 11.93995], [45.43657, 11.93936], [45.44399, 11.90304], [45.44448, 11.90027], [45.42278, 11.94005], [45.43642, 11.93982], [45.4448, 11.90181], [45.44507, 11.89867], [45.42281, 11.94029], [45.43648, 11.93964], [45.44452, 11.90219], [45.44484, 11.89923], [45.43643, 11.93979], [45.44486, 11.90174], [45.423, 11.94069], [45.44458, 11.9], [45.44477, 11.90179], [45.44455, 11.89976], [45.42273, 11.94006], [45.43665, 11.93922], [45.42302, 11.94072], [45.43651, 11.93956], [45.42278, 11.94], [45.44466, 11.89973], [45.42293, 11.94056], [45.43647, 11.93962], [45.42278, 11.94013], [45.43641, 11.93984], [45.42278, 11.94002], [45.43648, 11.93959], [45.42295, 11.94065], [45.44434, 11.9003], [45.42282, 11.94002], [45.44457, 11.89992], [45.44485, 11.90168], [45.44442, 11.90009], [45.42299, 11.94063], [45.44437, 11.90046], [45.44504, 11.90128], [45.44435, 11.90056], [45.42291, 11.94056], [45.43663, 11.93915], [45.42277, 11.94006], [45.4366, 11.93932], [45.42293, 11.94056], [45.44416, 11.89984], [45.42297, 11.94059], [45.43653, 11.93949], [45.42291, 11.94047], [45.44416, 11.89978], [45.44371, 11.9034], [45.44457, 11.9], [45.44493, 11.90146], [45.44512, 11.89847], [45.42277, 11.94001], [45.43653, 11.93952], [45.4228, 11.9401], [45.43658, 11.93943], [45.42282, 11.94027], [45.43651, 11.9396], [45.44375, 11.90343], [45.44452, 11.89898], [45.4448, 11.90174], [45.4444, 11.90043], [45.42293, 11.9406], [45.44443, 11.90037], [45.44447, 11.90022], [45.42276, 11.9402], [45.42285, 11.94029], [45.4366, 11.9393], [45.42287, 11.94026], [45.44444, 11.90007], [45.44398, 11.90298], [45.44357, 11.90182], [45.42278, 11.94013], [45.43643, 11.93976], [45.42298, 11.94057], [45.43662, 11.93923], [45.42289, 11.9405], [45.43644, 11.93977], [45.44469, 11.90196], [45.44431, 11.89943], [45.42283, 11.94002], [45.43662, 11.93924], [45.42289, 11.94047], [45.43789, 11.93435], [45.43649, 11.93966], [45.44468, 11.89976]]","[[45.42960462616582, 11.936565462655064], [45.448293104232164, 11.907671347395077], [45.439676191471605, 11.941987250857087]]","[51, 9, 8]","[1334.8967527829852, 2998.3586776093875, 2397.833272390318]",0.04636192321777344,67.75393152236938
11,1400,56,"[45.42677292230846, 11.916763841389015]","[45.430723410179255, 11.913432602948493]",510.6189975311544,"[[45.42289, 11.94047], [45.43789, 11.93435], [45.44447, 11.90022], [45.42276, 11.9402], [45.42291, 11.94056], [45.43663, 11.93915], [45.44452, 11.90219], [45.44484, 11.89923], [45.42287, 11.94026], [45.44444, 11.90007], [45.423, 11.94069], [45.44458, 11.9], [45.43664, 11.93925], [45.44436, 11.90048], [45.42293, 11.9406], [45.44443, 11.90037], [45.44485, 11.90168], [45.44442, 11.90009], [45.42148, 11.93675], [45.44432, 11.90033], [45.42281, 11.94029], [45.43648, 11.93964], [45.42283, 11.94002], [45.43662, 11.93924], [45.4448, 11.90181], [45.44507, 11.89867], [45.44375, 11.90343], [45.44452, 11.89898], [45.4228, 11.9401], [45.43658, 11.93943], [45.42278, 11.94], [45.44466, 11.89973], [45.42278, 11.94005], [45.43642, 11.93982], [45.42299, 11.94063], [45.44437, 11.90046], [45.42277, 11.94001], [45.43653, 11.93952], [45.42282, 11.94002], [45.44457, 11.89992], [45.44399, 11.90304], [45.44448, 11.90027], [45.42302, 11.94072], [45.43651, 11.93956], [45.4448, 11.90174], [45.4444, 11.90043], [45.42277, 11.94006], [45.4366, 11.93932], [45.42151, 11.93623], [45.43789, 11.93459], [45.42272, 11.93995], [45.43657, 11.93936], [45.42297, 11.94059], [45.43653, 11.93949], [45.42287, 11.94038], [45.44443, 11.90001], [45.42298, 11.94057], [45.43662, 11.93923], [45.42295, 11.94065], [45.44434, 11.9003], [45.44398, 11.90298], [45.44357, 11.90182], [45.42162, 11.93702], [45.44448, 11.89995], [45.42291, 11.94047], [45.44416, 11.89978], [45.42278, 11.94013], [45.43641, 11.93984], [45.44281, 11.90494], [45.44435, 11.90055], [45.43643, 11.93979], [45.44486, 11.90174], [45.42278, 11.94002], [45.43648, 11.93959], [45.44504, 11.90128], [45.44435, 11.90056], [45.42152, 11.93681], [45.43649, 11.93958], [45.44477, 11.90179], [45.44455, 11.89976], [45.43649, 11.93966], [45.44468, 11.89976], [45.42285, 11.94029], [45.4366, 11.9393], [45.42161, 11.93593], [45.44456, 11.9], [45.44493, 11.90146], [45.44512, 11.89847], [45.42282, 11.94027], [45.43651, 11.9396], [45.42293, 11.94056], [45.44416, 11.89984], [45.42153, 11.93686], [45.43656, 11.9394], [45.42289, 11.9405], [45.43644, 11.93977], [45.42273, 11.94006], [45.43665, 11.93922], [45.42278, 11.94013], [45.43643, 11.93976], [45.44469, 11.90196], [45.44431, 11.89943], [45.44418, 11.90272], [45.44456, 11.90009], [45.42293, 11.94056], [45.43647, 11.93962]]","[[45.42960158557895, 11.936561341076928], [45.41586519937872, 11.943134218675], [45.4496379650575, 11.909387011826876]]","[51, 10, 9]","[1814.2201123803395, 2851.4137876190257, 2125.86770473125]",0.019974708557128906,70.99108266830444
12,1400,22,"[45.42677292230846, 11.916763841389015]","[45.42837550785778, 11.90773420214215]",728.7445216302638,"[[45.42289, 11.94047], [45.43789, 11.93435], [45.44485, 11.90168], [45.44442, 11.90009], [45.42161, 11.93593], [45.44456, 11.9], [45.42283, 11.94002], [45.43662, 11.93924], [45.42153, 11.93686], [45.43656, 11.9394], [45.42297, 11.94059], [45.43653, 11.93949], [45.42278, 11.94], [45.44466, 11.89973], [45.42293, 11.94056], [45.43647, 11.93962], [45.44371, 11.9034], [45.44457, 11.9], [45.43649, 11.93966], [45.44468, 11.89976], [45.42277, 11.94006], [45.4366, 11.93932], [45.42273, 11.94006], [45.43665, 11.93922], [45.42291, 11.94056], [45.43663, 11.93915], [45.42287, 11.94038], [45.44443, 11.90001], [45.44447, 11.90022], [45.42276, 11.9402], [45.42278, 11.94013], [45.43643, 11.93976], [45.44281, 11.90494], [45.44435, 11.90055], [45.43643, 11.93979], [45.44486, 11.90174], [45.42289, 11.9405], [45.43644, 11.93977], [45.42282, 11.94002], [45.44457, 11.89992], [45.44398, 11.90298], [45.44357, 11.90182]]","[[45.42959983724275, 11.936586143169839], [45.42326394463972, 11.93754351977301], [45.42981301009211, 11.94376108272858]]","[12, 3, 3]","[2261.941344924584, 2401.0707568789867, 2823.846434288676]",0.016430377960205078,10.847289562225342
13,1400,38,"[45.42677292230846, 11.916763841389015]","[45.420026381335234, 11.909414499205202]",945.0177107836399,"[[45.42153, 11.93686], [45.43656, 11.9394], [45.42273, 11.94006], [45.43665, 11.93922], [45.42162, 11.93702], [45.44448, 11.89995], [45.42152, 11.93681], [45.43649, 11.93958], [45.44447, 11.90022], [45.42276, 11.9402], [45.44493, 11.90146], [45.44512, 11.89847], [45.42289, 11.94047], [45.43789, 11.93435], [45.42291, 11.94047], [45.44416, 11.89978], [45.42295, 11.94065], [45.44434, 11.9003], [45.42289, 11.9405], [45.43644, 11.93977], [45.4228, 11.9401], [45.43658, 11.93943], [45.44399, 11.90304], [45.44448, 11.90027], [45.42282, 11.94027], [45.43651, 11.9396], [45.42161, 11.93593], [45.44456, 11.9], [45.43643, 11.93979], [45.44486, 11.90174], [45.42285, 11.94029], [45.4366, 11.9393], [45.42278, 11.94], [45.44466, 11.89973], [45.44469, 11.90196], [45.44431, 11.89943], [45.44371, 11.9034], [45.44457, 11.9], [45.42287, 11.94038], [45.44443, 11.90001], [45.44452, 11.90219], [45.44484, 11.89923], [45.42287, 11.94026], [45.44444, 11.90007], [45.423, 11.94069], [45.44458, 11.9], [45.44398, 11.90298], [45.44357, 11.90182], [45.42291, 11.94056], [45.43663, 11.93915], [45.42293, 11.94056], [45.43647, 11.93962], [45.42278, 11.94013], [45.43641, 11.93984], [45.44281, 11.90494], [45.44435, 11.90055], [45.4448, 11.90181], [45.44507, 11.89867], [45.4448, 11.90174], [45.4444, 11.90043], [45.43649, 11.93966], [45.44468, 11.89976], [45.44485, 11.90168], [45.44442, 11.90009], [45.42293, 11.94056], [45.44416, 11.89984], [45.42282, 11.94002], [45.44457, 11.89992], [45.42277, 11.94006], [45.4366, 11.93932], [45.42278, 11.94005], [45.43642, 11.93982]]","[[45.42959552175848, 11.936568948858959], [45.415864688896015, 11.943133303098994], [45.41424490687158, 11.944327772415601]]","[15, 6, 6]","[2376.4213549255487, 2679.444950042356, 2807.279179003646]",0.016554832458496094,38.92010736465454
0,1600,38,"[45.42677292230846, 11.916763841389015]","[45.43661628408652, 11.914071126326055]",1114.1009114863423,"[[45.42302, 11.94072], [45.43651, 11.93956], [45.42152, 11.93681], [45.43649, 11.93958], [45.42282, 11.94027], [45.43651, 11.9396], [45.42285, 11.94029], [45.4366, 11.9393], [45.42277, 11.94001], [45.43653, 11.93952], [45.42281, 11.94029], [45.43648, 11.93964], [45.44612, 11.89866], [45.44571, 11.89667], [45.43649, 11.93966], [45.44577, 11.89647], [45.42151, 11.93623], [45.43789, 11.93459], [45.42278, 11.94002], [45.43648, 11.93959], [45.44627, 11.89816], [45.44542, 11.8976], [45.42295, 11.94065], [45.44562, 11.89657], [45.42162, 11.93702], [45.44538, 11.89738], [45.44636, 11.89782], [45.44574, 11.89667], [45.44577, 11.89641], [45.42276, 11.9402], [45.42291, 11.94047], [45.44523, 11.89726], [45.42291, 11.94056], [45.43663, 11.93915], [45.42298, 11.94057], [45.43662, 11.93923], [45.42299, 11.94063], [45.44577, 11.89647], [45.42278, 11.94], [45.44542, 11.8976], [45.42278, 11.94013], [45.43643, 11.93976], [45.42287, 11.94026], [45.44548, 11.89709], [45.44615, 11.89863], [45.44576, 11.8966], [45.43643, 11.93979], [45.44634, 11.8979], [45.42161, 11.93593], [45.44575, 11.89658], [45.42289, 11.94047], [45.43786, 11.93484], [45.44617, 11.89849], [45.44538, 11.89771], [45.42293, 11.94056], [45.43647, 11.93962], [45.42282, 11.94002], [45.44541, 11.89751], [45.43664, 11.93925], [45.44539, 11.89762], [45.42293, 11.94056], [45.44531, 11.897], [45.42273, 11.94006], [45.43665, 11.93922], [45.42148, 11.93675], [45.44555, 11.89681], [45.42283, 11.94002], [45.43662, 11.93924], [45.44625, 11.89828], [45.44541, 11.89681]]","[[45.429602508611, 11.936557107495132], [45.41586927663802, 11.943152762578029], [45.41426144916016, 11.944376739906108]]","[22, 6, 6]","[1924.4799158303526, 3239.8588128194638, 3434.827593863208]",0.03640627861022949,31.998461484909058
1,1600,31,"[45.42677292230846, 11.916763841389015]","[45.414307584873804, 11.916814830904743]",1385.4032995410241,"[[45.42278, 11.94005], [45.43642, 11.93982], [45.42287, 11.94026], [45.44548, 11.89709], [45.42153, 11.93686], [45.43656, 11.9394], [45.44625, 11.89828], [45.44541, 11.89681], [45.44617, 11.89849], [45.44538, 11.89771], [45.42161, 11.93593], [45.44575, 11.89658], [45.42297, 11.94059], [45.43653, 11.93949], [45.42282, 11.94002], [45.44541, 11.89751], [45.42152, 11.93681], [45.43649, 11.93958], [45.42291, 11.94056], [45.43663, 11.93915], [45.42298, 11.94057], [45.43662, 11.93923], [45.43664, 11.93925], [45.44539, 11.89762], [45.42293, 11.9406], [45.44443, 11.90037], [45.44375, 11.90343], [45.44452, 11.89898], [45.42162, 11.93702], [45.44538, 11.89738], [45.44636, 11.89782], [45.44574, 11.89667], [45.44577, 11.89641], [45.42276, 11.9402], [45.42148, 11.93675], [45.44555, 11.89681], [45.42277, 11.94006], [45.4366, 11.93932], [45.42302, 11.94072], [45.43651, 11.93956], [45.42289, 11.94047], [45.43786, 11.93484], [45.42278, 11.94013], [45.43641, 11.93984], [45.44485, 11.90168], [45.44442, 11.90009], [45.42295, 11.94065], [45.44562, 11.89657], [45.42272, 11.93995], [45.43657, 11.93936], [45.42278, 11.94002], [45.43648, 11.93959], [45.42293, 11.94056], [45.44531, 11.897], [45.42285, 11.94029], [45.4366, 11.9393], [45.42151, 11.93623], [45.43789, 11.93459], [45.423, 11.94069], [45.44458, 11.9]]","[[45.42959669190267, 11.936599535828865], [45.43810342289882, 11.940704722145847], [45.41586843192921, 11.943151264893991]]","[16, 7, 6]","[2298.9443702603385, 3238.794225680852, 2068.782277280011]",0.01524043083190918,24.684736251831055
2,1600,32,"[45.42677292230846, 11.916763841389015]","[45.419312847254076, 11.913451298029651]",868.7009594470273,"[[45.44375, 11.90343], [45.44452, 11.89898], [45.44485, 11.90168], [45.44442, 11.90009], [45.43649, 11.93966], [45.44577, 11.89647], [45.44625, 11.89828], [45.44541, 11.89681], [45.42272, 11.93995], [45.43657, 11.93936], [45.42298, 11.94057], [45.43662, 11.93923], [45.42283, 11.94002], [45.43662, 11.93924], [45.42287, 11.94038], [45.44443, 11.90001], [45.44627, 11.89816], [45.44542, 11.8976], [45.42299, 11.94063], [45.44577, 11.89647], [45.42278, 11.94013], [45.43643, 11.93976], [45.43664, 11.93925], [45.44539, 11.89762], [45.42148, 11.93675], [45.44555, 11.89681], [45.42162, 11.93702], [45.44538, 11.89738], [45.43643, 11.93979], [45.44634, 11.8979], [45.44577, 11.89641], [45.42276, 11.9402], [45.42153, 11.93686], [45.43656, 11.9394], [45.42281, 11.94029], [45.43648, 11.93964], [45.42302, 11.94072], [45.43651, 11.93956], [45.4228, 11.9401], [45.43658, 11.93943], [45.42289, 11.9405], [45.43644, 11.93977], [45.423, 11.94069], [45.44458, 11.9], [45.4448, 11.90174], [45.4444, 11.90043], [45.42285, 11.94029], [45.4366, 11.9393], [45.42291, 11.94056], [45.43663, 11.93915], [45.42287, 11.94026], [45.44548, 11.89709], [45.42152, 11.93681], [45.43649, 11.93958], [45.42161, 11.93593], [45.44575, 11.89658], [45.42277, 11.94001], [45.43653, 11.93952]]","[[45.42959672252742, 11.936599626900145], [45.43166255970466, 11.936199110505427], [45.415903832924656, 11.943235392154895]]","[15, 7, 6]","[2142.054857143547, 2247.942313023915, 2361.8469171940233]",0.012226343154907227,23.64340853691101
3,1600,25,"[45.42677292230846, 11.916763841389015]","[45.43839313912973, 11.918887155860515]",1302.1177115139485,"[[45.42153, 11.93686], [45.43656, 11.9394], [45.42287, 11.94026], [45.44548, 11.89709], [45.43664, 11.93925], [45.44539, 11.89762], [45.42291, 11.94056], [45.43643, 11.93966], [45.42151, 11.93623], [45.43635, 11.9399], [45.44612, 11.89866], [45.44571, 11.89667], [45.42281, 11.94029], [45.43648, 11.93964], [45.44538, 11.90066], [45.44442, 11.90009], [45.42285, 11.94029], [45.4366, 11.9393], [45.43643, 11.93979], [45.44634, 11.8979], [45.4454, 11.90049], [45.445, 11.89876], [45.42287, 11.94038], [45.44443, 11.90001], [45.44534, 11.90069], [45.44512, 11.89847], [45.42278, 11.94002], [45.43648, 11.93959], [45.42273, 11.94006], [45.43665, 11.93922], [45.42282, 11.94002], [45.44541, 11.89751], [45.42278, 11.94], [45.44542, 11.8976], [45.42293, 11.9406], [45.44468, 11.89972], [45.42298, 11.94057], [45.43662, 11.93923], [45.44525, 11.90083], [45.44452, 11.89898], [45.42161, 11.93593], [45.44575, 11.89658], [45.42293, 11.94056], [45.44531, 11.897], [45.44531, 11.90081], [45.44448, 11.90027]]","[[45.42326482011349, 11.937539025983718], [45.42957117877341, 11.936461631695503]]","[3, 3]","[2226.5116156300364, 1688.9293315498319]",0.009738922119140625,15.314666509628296
4,1600,31,"[45.42677292230846, 11.916763841389015]","[45.418284247429746, 11.923848586025416]",1094.3130480332236,"[[45.42381, 11.94283], [45.43642, 11.93982], [45.42383, 11.94285], [45.43635, 11.9399], [45.42377, 11.94282], [45.43665, 11.93922], [45.42418, 11.94374], [45.43647, 11.93962], [45.44577, 11.89641], [45.424, 11.94345], [45.42399, 11.94323], [45.43653, 11.93949], [45.42387, 11.94283], [45.43662, 11.93924], [45.42382, 11.94277], [45.44531, 11.897], [45.42382, 11.94276], [45.44458, 11.9], [45.43664, 11.93925], [45.44539, 11.89762], [45.4454, 11.90049], [45.445, 11.89876], [45.42401, 11.94329], [45.43653, 11.93952], [45.43649, 11.93966], [45.44577, 11.89647], [45.42383, 11.94276], [45.43662, 11.93923], [45.44612, 11.89866], [45.44571, 11.89667], [45.43643, 11.93979], [45.44634, 11.8979], [45.4239, 11.94302], [45.44562, 11.89657], [45.42386, 11.94304], [45.43644, 11.93977], [45.424, 11.94349], [45.44575, 11.89658], [45.42384, 11.94299], [45.44542, 11.8976], [45.42405, 11.94343], [45.43649, 11.93958], [45.4238, 11.94281], [45.43657, 11.93936], [45.42381, 11.9429], [45.43648, 11.93964], [45.42383, 11.94282], [45.43648, 11.93959], [45.42385, 11.94279], [45.44523, 11.89726], [45.42396, 11.94321], [45.43643, 11.93976], [45.42406, 11.94339], [45.44555, 11.89681], [45.44625, 11.89828], [45.44541, 11.89681], [45.42399, 11.94313], [45.44577, 11.89647], [45.44534, 11.90069], [45.44512, 11.89847]]","[[45.429043907599365, 11.932356123622617], [45.42857458249863, 11.929002598114092], [45.42815625392063, 11.92597895636373]]","[15, 12, 12]","[1368.6993657065022, 1212.7189871249077, 1109.7716322733368]",0.06471967697143555,22.997310400009155
5,1600,33,"[45.42677292230846, 11.916763841389015]","[45.43099463136326, 11.922372790530265]",642.5067376971658,"[[45.42418, 11.94374], [45.43234, 11.94629], [45.42382, 11.94276], [45.44458, 11.9], [45.44625, 11.89828], [45.44541, 11.89681], [45.44531, 11.90081], [45.44448, 11.90027], [45.42383, 11.94276], [45.43252, 11.94605], [45.42285, 11.94029], [45.43493, 11.9423], [45.43483, 11.94249], [45.44577, 11.89647], [45.42293, 11.9406], [45.44468, 11.89972], [45.424, 11.94349], [45.44575, 11.89658], [45.4238, 11.94281], [45.43489, 11.94234], [45.44617, 11.89849], [45.44538, 11.89771], [45.44477, 11.90179], [45.44455, 11.89976], [45.42383, 11.94282], [45.43462, 11.94276], [45.42282, 11.94002], [45.44541, 11.89751], [45.44612, 11.89866], [45.44571, 11.89667], [45.42399, 11.94313], [45.44577, 11.89647], [45.42405, 11.94343], [45.43463, 11.94278], [45.42406, 11.94339], [45.44555, 11.89681], [45.43445, 11.94306], [45.44634, 11.8979], [45.42278, 11.94013], [45.43502, 11.94218], [45.42302, 11.94072], [45.43171, 11.94727], [45.42381, 11.9429], [45.43486, 11.94247], [45.42386, 11.94304], [45.43366, 11.94427], [45.42377, 11.94282], [45.43427, 11.94332], [45.4228, 11.9401], [45.43392, 11.94384], [45.44534, 11.90069], [45.44512, 11.89847], [45.44538, 11.90066], [45.44442, 11.90009], [45.42282, 11.94027], [45.43459, 11.94289], [45.42385, 11.94279], [45.44523, 11.89726], [45.44627, 11.89816], [45.44542, 11.8976]]","[[45.42898622097344, 11.940253579054202], [45.44060263964587, 11.952397907803379], [45.43929459657618, 11.950641109478065]]","[6, 6, 5]","[1416.9509347203452, 2580.662214218679, 2396.576148793388]",0.0225832462310791,36.16473627090454
6,1600,51,"[45.42677292230846, 11.916763841389015]","[45.42041205227668, 11.925294877343813]",972.398371884117,"[[45.42504, 11.94566], [45.44541, 11.89751], [45.42478, 11.94495], [45.43635, 11.9399], [45.42476, 11.94496], [45.44538, 11.89738], [45.42477, 11.94508], [45.44575, 11.89658], [45.42474, 11.94489], [45.44523, 11.89726], [45.42475, 11.94482], [45.43653, 11.93949], [45.44627, 11.89816], [45.44542, 11.8976], [45.42483, 11.94495], [45.43662, 11.93924], [45.44525, 11.90083], [45.44452, 11.89898], [45.42478, 11.94494], [45.43366, 11.94427], [45.42478, 11.94531], [45.43252, 11.94605], [45.43483, 11.94249], [45.44577, 11.89647], [45.42472, 11.94481], [45.43493, 11.9423], [45.44534, 11.90069], [45.44512, 11.89847], [45.42493, 11.94529], [45.43171, 11.94727], [45.44612, 11.89866], [45.44571, 11.89667], [45.43445, 11.94306], [45.44634, 11.8979], [45.44577, 11.89641], [45.42475, 11.94499], [45.42474, 11.94486], [45.43427, 11.94332], [45.42483, 11.94503], [45.43234, 11.94629], [45.43664, 11.93925], [45.44539, 11.89762], [45.42487, 11.94522], [45.44555, 11.89681], [45.44617, 11.89849], [45.44538, 11.89771], [45.44504, 11.90128], [45.44435, 11.90056], [45.44531, 11.90081], [45.44448, 11.90027], [45.44636, 11.89782], [45.44574, 11.89667], [45.44477, 11.90179], [45.44455, 11.89976], [45.42474, 11.94494], [45.43642, 11.93982], [45.42477, 11.94484], [45.44548, 11.89709], [45.42477, 11.94491], [45.43463, 11.94278], [45.42483, 11.94507], [45.43643, 11.93976], [45.44615, 11.89863], [45.44576, 11.8966], [45.42487, 11.94518], [45.43502, 11.94218], [45.42473, 11.94493], [45.44542, 11.8976], [45.44625, 11.89828], [45.44541, 11.89681], [45.42508, 11.94563], [45.44468, 11.89972], [45.42472, 11.94494], [45.43459, 11.94289], [45.42517, 11.94571], [45.44577, 11.89647], [45.4249, 11.94522], [45.44531, 11.897], [45.42475, 11.94507], [45.44443, 11.90001], [45.42474, 11.9448], [45.43786, 11.93484], [45.44371, 11.9034], [45.44457, 11.9], [45.42487, 11.94528], [45.43392, 11.94384], [45.4454, 11.90049], [45.445, 11.89876], [45.42476, 11.94496], [45.4366, 11.93932], [45.42476, 11.94485], [45.43656, 11.9394], [45.42485, 11.94506], [45.43643, 11.93966], [45.4248, 11.94496], [45.44562, 11.89657]]","[[45.42891074708899, 11.93649835136153], [45.428585228426186, 11.933247747407615], [45.45042816826922, 11.903281995662217]]","[15, 8, 6]","[1288.7824316477397, 1101.1480144164886, 3754.427757579051]",0.08506011962890625,73.65488624572754
7,1600,22,"[45.42677292230846, 11.916763841389015]","[45.4355369745775, 11.92519535034383]",1176.4684248791978,"[[45.44371, 11.9034], [45.44457, 11.9], [45.42476, 11.94496], [45.44538, 11.89738], [45.42487, 11.94522], [45.44555, 11.89681], [45.42476, 11.94496], [45.43295, 11.94533], [45.43243, 11.94619], [45.44634, 11.8979], [45.42474, 11.94489], [45.44523, 11.89726], [45.4248, 11.94496], [45.44562, 11.89657], [45.42478, 11.94531], [45.43252, 11.94605], [45.42472, 11.94481], [45.43261, 11.94594], [45.42517, 11.94571], [45.44577, 11.89647], [45.44477, 11.90179], [45.44455, 11.89976], [45.42476, 11.94485], [45.43284, 11.9455], [45.42474, 11.9448], [45.43284, 11.9455], [45.4249, 11.94522], [45.44531, 11.897], [45.4238, 11.94281], [45.43182, 11.94708], [45.42477, 11.94491], [45.4325, 11.94602], [45.42477, 11.94484], [45.44548, 11.89709], [45.44615, 11.89863], [45.44576, 11.8966], [45.42474, 11.94486], [45.4324, 11.94627], [45.4454, 11.90049], [45.445, 11.89876]]","[[45.42901066554195, 11.940095400499484], [45.42641452196827, 11.94386412559605], [45.43416151518569, 11.947234829946819]]","[9, 5, 3]","[1373.1573969338767, 1778.2449606975622, 1731.3106652601903]",0.014510631561279297,13.19525933265686
8,1600,57,"[45.42677292230846, 11.916763841389015]","[45.43482655792302, 11.920197494590948]",934.5429927276597,"[[45.44477, 11.90179], [45.44455, 11.89976], [45.42487, 11.94518], [45.43502, 11.94218], [45.42472, 11.94481], [45.43261, 11.94594], [45.44612, 11.89866], [45.44571, 11.89667], [45.44534, 11.90069], [45.44512, 11.89847], [45.44615, 11.89863], [45.44576, 11.8966], [45.42382, 11.94276], [45.44458, 11.9], [45.42485, 11.94506], [45.43586, 11.94077], [45.42504, 11.94566], [45.44541, 11.89751], [45.42477, 11.94491], [45.4325, 11.94602], [45.42473, 11.94493], [45.44542, 11.8976], [45.42475, 11.94507], [45.44443, 11.90001], [45.42472, 11.94494], [45.43459, 11.94289], [45.44504, 11.90128], [45.44435, 11.90056], [45.44577, 11.89641], [45.42475, 11.94499], [45.44371, 11.9034], [45.44457, 11.9], [45.44627, 11.89816], [45.44542, 11.8976], [45.42478, 11.94494], [45.43366, 11.94427], [45.42493, 11.94529], [45.43171, 11.94727], [45.4238, 11.94281], [45.43182, 11.94708], [45.42381, 11.9429], [45.43486, 11.94247], [45.42477, 11.94508], [45.44575, 11.89658], [45.4248, 11.94496], [45.44562, 11.89657], [45.43243, 11.94619], [45.44634, 11.8979], [45.42475, 11.94482], [45.43573, 11.94106], [45.44617, 11.89849], [45.44538, 11.89771], [45.42476, 11.94496], [45.43295, 11.94533], [45.42474, 11.94489], [45.44523, 11.89726], [45.44531, 11.90081], [45.44448, 11.90027], [45.42476, 11.94496], [45.44538, 11.89738], [45.42478, 11.94495], [45.43599, 11.94061], [45.44525, 11.90083], [45.44452, 11.89898], [45.44538, 11.90066], [45.44442, 11.90009], [45.44625, 11.89828], [45.44541, 11.89681], [45.42478, 11.94531], [45.43252, 11.94605], [45.42483, 11.94507], [45.4356, 11.94125], [45.42508, 11.94563], [45.44468, 11.89972], [45.44636, 11.89782], [45.44574, 11.89667], [45.42487, 11.94522], [45.44555, 11.89681], [45.42474, 11.9448], [45.43284, 11.9455], [45.43483, 11.94249], [45.44577, 11.89647], [45.42476, 11.94485], [45.43284, 11.9455], [45.42474, 11.94494], [45.43599, 11.94066], [45.4454, 11.90049], [45.445, 11.89876], [45.42401, 11.94329], [45.43581, 11.94096], [45.42517, 11.94571], [45.44577, 11.89647], [45.42483, 11.94503], [45.43234, 11.94629], [45.4249, 11.94522], [45.44531, 11.897], [45.42474, 11.94486], [45.4324, 11.94627], [45.42483, 11.94495], [45.4358, 11.94093], [45.42477, 11.94484], [45.44548, 11.89709], [45.43593, 11.94078], [45.44539, 11.89762], [45.42383, 11.94282], [45.43462, 11.94276], [45.42487, 11.94528], [45.43392, 11.94384]]","[[45.42901066554195, 11.940095400499484], [45.42874744394725, 11.939656036830787], [45.44199477251436, 11.950221103760745]]","[15, 15, 9]","[1685.8904610711115, 1665.8413988309214, 2480.5591738435114]",0.03122258186340332,92.08855938911438
9,1600,34,"[45.42677292230846, 11.916763841389015]","[45.41655377654416, 11.91343816245736]",1165.200438412261,"[[45.42487, 11.94518], [45.43502, 11.94218], [45.43483, 11.94249], [45.44577, 11.89647], [45.42504, 11.94566], [45.44541, 11.89751], [45.42487, 11.94528], [45.43392, 11.94384], [45.42493, 11.94529], [45.43171, 11.94727], [45.42401, 11.94329], [45.43581, 11.94096], [45.44627, 11.89816], [45.44542, 11.8976], [45.42476, 11.94485], [45.43284, 11.9455], [45.44577, 11.89641], [45.42475, 11.94499], [45.42476, 11.94496], [45.44538, 11.89738], [45.42477, 11.94484], [45.44548, 11.89709], [45.42474, 11.94486], [45.4324, 11.94627], [45.42475, 11.94507], [45.44443, 11.90001], [45.4454, 11.90049], [45.445, 11.89876], [45.42478, 11.94531], [45.43252, 11.94605], [45.42477, 11.94491], [45.4325, 11.94602], [45.42478, 11.94495], [45.43599, 11.94061], [45.42508, 11.94563], [45.44468, 11.89972], [45.44504, 11.90128], [45.44435, 11.90056], [45.42382, 11.94276], [45.44458, 11.9], [45.42485, 11.94506], [45.43586, 11.94077], [45.4248, 11.94496], [45.44562, 11.89657], [45.44538, 11.90066], [45.44442, 11.90009], [45.42487, 11.94522], [45.44555, 11.89681], [45.44525, 11.90083], [45.44452, 11.89898], [45.42483, 11.94495], [45.4358, 11.94093], [45.4249, 11.94522], [45.44531, 11.897], [45.42477, 11.94508], [45.44575, 11.89658], [45.42476, 11.94496], [45.43295, 11.94533], [45.42475, 11.94482], [45.43573, 11.94106], [45.42473, 11.94493], [45.44542, 11.8976], [45.42472, 11.94481], [45.43261, 11.94594]]","[[45.42877143610259, 11.939704900284045], [45.429003359804206, 11.940098380592183], [45.42925385855345, 11.936055702787101]]","[8, 8, 4]","[2463.7345481759753, 2503.6376717149806, 2264.0103334285795]",0.016353845596313477,32.8500018119812
10,1600,47,"[45.42677292230846, 11.916763841389015]","[45.43293108876955, 11.913235236702953]",738.0235548317255,"[[45.42493, 11.94529], [45.43171, 11.94727], [45.42517, 11.94571], [45.44577, 11.89647], [45.44636, 11.89782], [45.44574, 11.89667], [45.42383, 11.94282], [45.43462, 11.94276], [45.42401, 11.94329], [45.43581, 11.94096], [45.44617, 11.89849], [45.44538, 11.89771], [45.42472, 11.94494], [45.43459, 11.94289], [45.42472, 11.94481], [45.43261, 11.94594], [45.42381, 11.9429], [45.43486, 11.94247], [45.42478, 11.94531], [45.43252, 11.94605], [45.4238, 11.94281], [45.43182, 11.94708], [45.4454, 11.90049], [45.445, 11.89876], [45.42483, 11.94507], [45.4356, 11.94125], [45.43483, 11.94249], [45.44577, 11.89647], [45.43593, 11.94078], [45.44539, 11.89762], [45.42478, 11.94494], [45.43366, 11.94427], [45.42474, 11.94489], [45.44523, 11.89726], [45.42382, 11.94276], [45.44458, 11.9], [45.43243, 11.94619], [45.44634, 11.8979], [45.42474, 11.9448], [45.43284, 11.9455], [45.42487, 11.94528], [45.43392, 11.94384], [45.44612, 11.89866], [45.44571, 11.89667], [45.42483, 11.94495], [45.4358, 11.94093], [45.42477, 11.94491], [45.4325, 11.94602], [45.42475, 11.94507], [45.44443, 11.90001], [45.44525, 11.90083], [45.44452, 11.89898], [45.44534, 11.90069], [45.44512, 11.89847], [45.42477, 11.94508], [45.44575, 11.89658], [45.4248, 11.94496], [45.44562, 11.89657], [45.42504, 11.94566], [45.44541, 11.89751], [45.4249, 11.94522], [45.44531, 11.897], [45.42508, 11.94563], [45.44468, 11.89972], [45.44536, 11.90069], [45.44455, 11.89976], [45.42485, 11.94506], [45.43586, 11.94077], [45.42473, 11.94493], [45.44542, 11.8976], [45.42476, 11.94485], [45.43284, 11.9455], [45.44627, 11.89816], [45.44542, 11.8976], [45.44504, 11.90128], [45.44435, 11.90056], [45.44615, 11.89863], [45.44576, 11.8966], [45.42487, 11.94518], [45.43502, 11.94218], [45.44577, 11.89641], [45.42475, 11.94499], [45.42477, 11.94484], [45.44548, 11.89709], [45.42478, 11.94495], [45.43599, 11.94061], [45.44531, 11.90081], [45.44448, 11.90027]]","[[45.42877975305014, 11.939732231409852], [45.42901066554195, 11.940095400499484], [45.442036924757865, 11.950180071318284]]","[9, 8, 5]","[2124.1988023723948, 2146.588357553506, 3062.763215571448]",0.015004873275756836,374.44976115226746
11,1600,51,"[45.42677292230846, 11.916763841389015]","[45.42492879917652, 11.925353162599656]",702.7566903257373,"[[45.42503, 11.9458], [45.43182, 11.94708], [45.44371, 11.9034], [45.44457, 11.9], [45.42517, 11.94605], [45.43462, 11.94276], [45.44531, 11.90081], [45.44448, 11.90027], [45.42502, 11.9459], [45.43459, 11.94289], [45.4251, 11.94594], [45.4324, 11.94627], [45.44615, 11.89863], [45.44576, 11.8966], [45.42539, 11.94676], [45.43284, 11.9455], [45.4251, 11.94581], [45.44555, 11.89681], [45.42519, 11.94599], [45.43573, 11.94106], [45.42519, 11.94599], [45.44523, 11.89726], [45.44625, 11.89828], [45.44541, 11.89681], [45.42523, 11.94618], [45.43581, 11.94096], [45.43243, 11.94619], [45.44634, 11.8979], [45.42516, 11.94605], [45.43295, 11.94533], [45.42517, 11.94599], [45.43366, 11.94427], [45.44627, 11.89816], [45.44542, 11.8976], [45.42507, 11.94581], [45.44575, 11.89658], [45.42514, 11.94595], [45.43171, 11.94727], [45.42528, 11.94631], [45.4358, 11.94093], [45.42519, 11.94625], [45.44542, 11.8976], [45.42539, 11.94656], [45.44458, 11.9], [45.42517, 11.94586], [45.43392, 11.94384], [45.42503, 11.94585], [45.43234, 11.94629], [45.44636, 11.89782], [45.44574, 11.89667], [45.42523, 11.94599], [45.44468, 11.89972], [45.44617, 11.89849], [45.44538, 11.89771], [45.44534, 11.90069], [45.44512, 11.89847], [45.42513, 11.94603], [45.43486, 11.94247], [45.42533, 11.94647], [45.44562, 11.89657], [45.44525, 11.90083], [45.44452, 11.89898], [45.42513, 11.94597], [45.44548, 11.89709], [45.44612, 11.89866], [45.44571, 11.89667], [45.43593, 11.94078], [45.44539, 11.89762], [45.44536, 11.90069], [45.44455, 11.89976], [45.44577, 11.89641], [45.42532, 11.94663], [45.42521, 11.94624], [45.4325, 11.94602], [45.42515, 11.9461], [45.43586, 11.94077], [45.42515, 11.9459], [45.44541, 11.89751], [45.42516, 11.94592], [45.44443, 11.90001], [45.42521, 11.94607], [45.43502, 11.94218], [45.42525, 11.94625], [45.44531, 11.897], [45.42527, 11.94586], [45.4356, 11.94125], [45.44504, 11.90128], [45.44435, 11.90056], [45.42536, 11.94666], [45.44577, 11.89647], [45.42521, 11.94625], [45.43261, 11.94594], [45.42513, 11.94606], [45.43599, 11.94066], [45.44538, 11.90066], [45.44442, 11.90009]]","[[45.442067279737635, 11.950126062523658], [45.440687950088986, 11.948482472370905], [45.44338507055697, 11.951877134543784]]","[8, 7, 7]","[2717.6960832903824, 2518.6052833536464, 2918.0763640468294]",0.3040034770965576,342.8104498386383
