n,radius,center,randomCenter,centerShift,endpoints,EPZs,EPZsFreq,distance,endpointsClusters,EPZsClusters,EPZsFreqClusters,distanceClusters,preprocessingTime,normalProcessingTime,clusterProcessingTime
0,200,"[33.64025067958688, -117.83443429448087]","[33.6395524722014, -117.83464129243103]",79.78781137526016,"[[33.63957, -117.8318], [33.63988, -117.83252], [33.67733, -117.85939], [33.64106, -117.83592], [33.63734, -117.83508], [33.63737, -117.83507], [33.63979, -117.83248], [33.63993, -117.83242], [33.63991, -117.83251], [33.64113, -117.83598], [33.63989, -117.83247], [33.63996, -117.83252], [33.63974, -117.83231], [33.63988, -117.8325], [33.63747, -117.83489], [33.63735, -117.83506], [33.63993, -117.83246], [33.64107, -117.83595], [33.63981, -117.8325], [33.64106, -117.83585], [33.6411, -117.83589], [33.63792, -117.83565], [33.63998, -117.83249], [33.64109, -117.83601], [33.63972, -117.83226], [33.64111, -117.83596], [33.63981, -117.83248], [33.63908, -117.83148], [33.63936, -117.83114], [33.63993, -117.83252], [33.63991, -117.83252], [33.6285, -117.8061], [33.67638, -117.86301], [33.64107, -117.83595], [33.63983, -117.8325], [33.64105, -117.83587], [33.63984, -117.83249], [33.6411, -117.83596], [33.63974, -117.83227], [33.63992, -117.83249], [33.63991, -117.83243], [33.64108, -117.83591], [33.63989, -117.83248], [33.64107, -117.83589], [33.63993, -117.83243], [33.64116, -117.83607], [33.63997, -117.8324], [33.63994, -117.83246], [33.64112, -117.83585], [33.64119, -117.83594], [33.63984, -117.83249], [33.6411, -117.83597], [33.64113, -117.83598], [33.64105, -117.83588], [33.63969, -117.83217], [33.63991, -117.83249], [33.63984, -117.83248], [33.63992, -117.83252], [33.63963, -117.83211], [33.63992, -117.83248], [33.63986, -117.83251], [33.64107, -117.83585], [33.6399, -117.83249], [33.63981, -117.83249], [33.63978, -117.83243], [33.63988, -117.83252], [33.63945, -117.83127], [33.63994, -117.83251], [33.63996, -117.83241], [33.64109, -117.83596], [33.63989, -117.83251], [33.6399, -117.83251], [33.63992, -117.83246], [33.6411, -117.83601], [33.63994, -117.83246], [33.64106, -117.83585], [33.63984, -117.83251], [33.64104, -117.83596], [33.63771, -117.83465], [33.56461, -117.8299], [33.63995, -117.8324], [33.63987, -117.83687], [33.64116, -117.83598], [33.64105, -117.83588], [33.63995, -117.83248], [33.64108, -117.83593], [33.63997, -117.83239], [33.63994, -117.83248], [33.63994, -117.8324], [33.64114, -117.83606], [33.6398, -117.8325], [33.64107, -117.83588], [33.63994, -117.83253], [33.64115, -117.83596], [33.63978, -117.83241], [33.63992, -117.8325], [33.63994, -117.83242], [33.64109, -117.83592], [33.63991, -117.83245], [33.64114, -117.83601], [33.63974, -117.83245], [33.64106, -117.83596], [33.63982, -117.83247], [33.63992, -117.83249], [33.63991, -117.83252], [33.63994, -117.83247], [33.63981, -117.8325], [33.63991, -117.83249], [33.63995, -117.83248], [33.63994, -117.83247], [33.63954, -117.83159], [33.63738, -117.83504], [33.63986, -117.8325], [33.64109, -117.83596], [33.63989, -117.8325], [33.64124, -117.8361], [33.63983, -117.83251], [33.63994, -117.83246], [33.63992, -117.83253], [33.64111, -117.83598], [33.6411, -117.83587], [33.63771, -117.83393], [33.63936, -117.83103], [33.63994, -117.83241], [33.63992, -117.83248], [33.64109, -117.83594], [33.63958, -117.83181], [33.63992, -117.83251], [33.63992, -117.8324], [33.64105, -117.83588], [33.63978, -117.83249], [33.63994, -117.83249], [33.6399, -117.83251], [33.64112, -117.83589], [33.63988, -117.8325], [33.64122, -117.83611]]","[[33.639583049022384, -117.83462635004648], [33.6395128588303, -117.83461065172698], [33.64143205392048, -117.8337405682966]]","[182, 48, 12]","[3.6638319345278636, 5.2331288880443925, 224.59890593656084]","[[33.63957, -117.8318], [33.67733, -117.85939], [33.64106, -117.83592], [33.63734, -117.83508], [33.63792, -117.83565], [33.6285, -117.8061], [33.67638, -117.86301], [33.56461, -117.8299], [33.63987, -117.83687], [33.63771, -117.83393]]","[[33.63955729585937, -117.83474685830281]]",[3],[9.80828264249675],0.2761247158050537,84.11397242546082,0.9800982475280762
1,200,"[33.64025067958688, -117.83443429448087]","[33.63977928777815, -117.83305216237315]",138.47426040088496,"[[33.63943, -117.83066], [33.63934, -117.83059], [33.64061, -117.835], [33.64079, -117.83535], [33.63927, -117.83094], [33.63947, -117.83084], [33.63941, -117.83065], [33.64072, -117.83516], [33.63944, -117.83063], [33.64084, -117.83534], [33.63951, -117.83088], [33.64077, -117.83525], [33.63931, -117.83096], [33.6394, -117.83065], [33.63943, -117.83065], [33.63942, -117.83068], [33.63929, -117.8304], [33.6408, -117.8353], [33.63934, -117.83058], [33.64083, -117.83534], [33.6392, -117.83065], [33.64061, -117.83506], [33.63938, -117.83054], [33.64081, -117.83541], [33.63927, -117.83036], [33.64074, -117.83516], [33.63941, -117.83058], [33.64078, -117.83527], [33.63956, -117.83091], [33.6394, -117.83064], [33.63783, -117.83455], [33.63806, -117.83433], [33.6393, -117.83033], [33.64079, -117.83523], [33.63945, -117.83074], [33.64056, -117.83505], [33.6394, -117.83058], [33.64078, -117.83529], [33.63926, -117.83043], [33.64078, -117.83539], [33.63953, -117.8309], [33.64079, -117.83527], [33.6407, -117.83506], [33.64077, -117.83524], [33.63931, -117.83038], [33.64063, -117.83508], [33.63937, -117.83052], [33.63939, -117.83066], [33.63941, -117.83064], [33.6394, -117.83066], [33.63923, -117.83072], [33.63937, -117.83064], [33.6391, -117.83055], [33.63939, -117.83063], [33.63919, -117.83063], [33.63943, -117.83072], [33.63935, -117.83041], [33.64078, -117.83519], [33.64085, -117.83522], [33.64083, -117.83526], [33.63907, -117.83057], [33.63938, -117.83063], [33.63934, -117.83059], [33.64083, -117.83531], [33.63931, -117.83087], [33.63939, -117.83068], [33.63939, -117.83059], [33.63938, -117.83065], [33.63929, -117.83037], [33.64072, -117.83527], [33.63933, -117.8305], [33.6395, -117.83089], [33.63926, -117.83079], [33.63953, -117.83091], [33.63947, -117.83087], [33.64074, -117.8352], [33.63915, -117.83065], [33.63945, -117.83074], [33.63922, -117.83073], [33.64054, -117.83505], [33.63924, -117.83088], [33.63939, -117.83064], [33.63811, -117.83432], [33.56461, -117.8299], [33.63942, -117.83058], [33.64075, -117.83521], [33.63919, -117.83063], [33.63938, -117.83057], [33.67638, -117.86301], [33.64066, -117.83507], [33.63914, -117.83056], [33.63942, -117.83067], [33.63934, -117.83049], [33.64077, -117.83527], [33.64072, -117.83515], [33.64058, -117.83501], [33.63938, -117.83055], [33.63922, -117.83071], [33.63931, -117.83034], [33.64069, -117.8351], [33.63947, -117.83077], [33.6406, -117.83505], [33.62832, -117.80591], [33.64063, -117.83501], [33.63942, -117.83057], [33.63939, -117.83059], [33.63936, -117.83062], [33.64081, -117.83531], [33.64069, -117.8351], [33.64076, -117.83524], [33.63951, -117.83088], [33.64078, -117.83528], [33.63941, -117.83061], [33.63939, -117.83066], [33.63913, -117.83058], [33.64086, -117.8352], [33.63925, -117.83074], [33.64073, -117.83519], [33.64087, -117.83538], [33.64058, -117.83501], [33.6395, -117.83086], [33.64063, -117.835], [33.63931, -117.83047], [33.64075, -117.83524], [33.63808, -117.83428], [33.63798, -117.83438], [33.63951, -117.83089], [33.64059, -117.835], [33.64146, -117.83512], [33.6285, -117.8061], [33.63951, -117.83082], [33.64077, -117.83525], [33.6394, -117.83072], [33.64068, -117.83505], [33.63915, -117.83055], [33.64052, -117.83506], [33.63932, -117.83085], [33.63938, -117.83062], [33.63937, -117.83055], [33.6408, -117.83525], [33.63938, -117.83063], [33.63936, -117.83058], [33.63927, -117.83029], [33.64068, -117.83493], [33.63934, -117.83052], [33.6399, -117.8353], [33.63939, -117.83061], [33.64086, -117.83531], [33.63943, -117.83072], [33.6408, -117.83532], [33.63953, -117.83086], [33.64054, -117.83501], [33.63917, -117.83051], [33.63939, -117.83064], [33.63924, -117.8308], [33.63822, -117.83421], [33.63921, -117.83078], [33.63944, -117.83074], [33.63948, -117.83077], [33.64074, -117.83523], [33.63947, -117.83092], [33.64076, -117.83522], [33.64086, -117.83532], [33.64057, -117.83501], [33.63916, -117.83061], [33.6394, -117.83063], [33.63942, -117.83063], [33.64053, -117.83507], [33.64068, -117.835], [33.64079, -117.83536], [33.63929, -117.83037], [33.64078, -117.83521], [33.63922, -117.83078], [33.64079, -117.8353]]","[[33.63987516200747, -117.83302067711674], [33.639758179485725, -117.83308503231358], [33.64901569108251, -117.8246390143112]]","[17, 11, 3]","[11.02785380676844, 3.8445439127514187, 1287.8906769296368]","[[33.63943, -117.83066], [33.64061, -117.835], [33.63783, -117.83455], [33.56461, -117.8299], [33.67638, -117.86301], [33.62832, -117.80591], [33.64146, -117.83512], [33.6399, -117.8353]]","[[33.64083599231316, -117.83714262931939]]",[3],[397.169823991179],0.4451887607574463,142.37367296218872,0.3478987216949463
2,200,"[33.64025067958688, -117.83443429448087]","[33.63966251593723, -117.83515021272255]",93.09745787470752,"[[33.63948, -117.83295], [33.64148, -117.83566], [33.63951, -117.83291], [33.64123, -117.83642], [33.63951, -117.83286], [33.63936, -117.83301], [33.63947, -117.83285], [33.64122, -117.83632], [33.67638, -117.86301], [33.64122, -117.83642], [33.64149, -117.83576], [33.64157, -117.83565], [33.67733, -117.85939], [33.64114, -117.83685], [33.63959, -117.83294], [33.63943, -117.83288], [33.63946, -117.83285], [33.63946, -117.83295], [33.63953, -117.83297], [33.63932, -117.83303], [33.63956, -117.83296], [33.63951, -117.83293], [33.63792, -117.83442], [33.56461, -117.8299], [33.63954, -117.83296], [33.63946, -117.83291], [33.63945, -117.83291], [33.64124, -117.83626], [33.62832, -117.80591], [33.64132, -117.83601], [33.63949, -117.83285], [33.64125, -117.83618], [33.63951, -117.83287], [33.63946, -117.83296], [33.63958, -117.83294], [33.64124, -117.83641], [33.6395, -117.83281], [33.63946, -117.83289], [33.63957, -117.83295], [33.64156, -117.83563], [33.6395, -117.83289], [33.63947, -117.83288], [33.6395, -117.83287], [33.64116, -117.837], [33.63948, -117.83283], [33.63973, -117.8374], [33.63949, -117.83291], [33.64122, -117.83638], [33.63952, -117.83296], [33.64125, -117.83632], [33.63951, -117.83282], [33.63947, -117.83291], [33.63953, -117.83297], [33.63946, -117.83286], [33.63954, -117.83294], [33.63944, -117.83297], [33.63951, -117.83291], [33.64124, -117.83654], [33.63943, -117.83283], [33.64124, -117.83626], [33.63954, -117.83297], [33.64125, -117.83633], [33.63953, -117.83294], [33.64121, -117.83675], [33.63953, -117.83299], [33.64122, -117.83631], [33.63952, -117.83297], [33.6395, -117.83293], [33.63955, -117.83292], [33.63945, -117.8329], [33.63951, -117.83298], [33.64118, -117.83656], [33.63947, -117.83289], [33.63945, -117.83291], [33.6395, -117.83292], [33.64123, -117.83648], [33.63951, -117.83295], [33.63946, -117.83288], [33.6395, -117.83282], [33.6395, -117.83292], [33.63949, -117.83297], [33.63947, -117.83289], [33.63952, -117.8329], [33.63953, -117.83277], [33.63949, -117.8329], [33.63948, -117.83287], [33.63938, -117.83301], [33.63735, -117.83506], [33.63954, -117.83293], [33.64123, -117.83624], [33.63948, -117.83287], [33.63946, -117.83293], [33.63956, -117.83287], [33.63944, -117.8329], [33.63952, -117.83293], [33.63948, -117.83289], [33.63948, -117.83296], [33.6413, -117.83626], [33.63949, -117.83293], [33.63943, -117.83297], [33.63951, -117.83292], [33.63947, -117.83289], [33.63951, -117.83299], [33.64128, -117.8364], [33.64135, -117.83595], [33.6413, -117.83611], [33.63947, -117.83283], [33.63947, -117.83284], [33.63949, -117.83293], [33.63946, -117.8329], [33.63956, -117.83293], [33.64128, -117.83615], [33.6395, -117.83297], [33.64121, -117.83634], [33.63954, -117.83285], [33.64117, -117.83685], [33.63957, -117.83298], [33.63949, -117.83283], [33.63947, -117.83289], [33.63953, -117.83295], [33.63952, -117.8329], [33.64118, -117.83642], [33.64143, -117.83577], [33.64114, -117.83686], [33.6394, -117.83301], [33.63737, -117.83507], [33.6395, -117.83289], [33.63946, -117.83287], [33.6395, -117.8328], [33.64143, -117.83569], [33.63955, -117.83298], [33.64117, -117.83701], [33.63949, -117.83294], [33.6285, -117.8061], [33.6395, -117.83284], [33.64131, -117.83629], [33.63955, -117.83291], [33.63944, -117.833], [33.63956, -117.83295], [33.63951, -117.83291], [33.63947, -117.8329], [33.64134, -117.83617], [33.63949, -117.8329], [33.64131, -117.83637], [33.63951, -117.83289], [33.6395, -117.83287], [33.63951, -117.83289], [33.64125, -117.8362], [33.64149, -117.83563], [33.6415, -117.83558], [33.63955, -117.83286], [33.63945, -117.83285], [33.63958, -117.83299], [33.64125, -117.8362], [33.6395, -117.83294], [33.64127, -117.83628], [33.6415, -117.83574], [33.64145, -117.83566], [33.63953, -117.83295], [33.63949, -117.83292], [33.63953, -117.83299], [33.64128, -117.83633], [33.63949, -117.83278], [33.64122, -117.83652], [33.63954, -117.83299], [33.64146, -117.83564]]","[[33.639680195117585, -117.83513925741005], [33.644471564775685, -117.83017559935877], [33.63961850296445, -117.83514375946287]]","[112, 16, 12]","[2.2086466107464346, 705.3335409045577, 4.918312343113357]","[[33.63948, -117.83295], [33.64148, -117.83566], [33.67638, -117.86301], [33.67733, -117.85939], [33.63792, -117.83442], [33.56461, -117.8299], [33.62832, -117.80591], [33.63973, -117.8374], [33.63735, -117.83506]]",[],[],[],0.40438079833984375,80.879953622818,0.9394617080688477
3,200,"[33.64025067958688, -117.83443429448087]","[33.63933747341706, -117.83416911759342]",104.23386456911231,"[[33.63978, -117.83155], [33.63972, -117.83148], [33.63945, -117.83127], [33.63978, -117.83164], [33.6398, -117.83163], [33.64108, -117.83593], [33.67638, -117.86301], [33.64094, -117.8356], [33.64097, -117.83547], [33.64111, -117.83587], [33.63951, -117.83148], [33.63974, -117.83155], [33.63972, -117.83147], [33.64109, -117.83594], [33.63957, -117.8318], [33.63982, -117.83196], [33.63963, -117.83123], [33.64088, -117.83529], [33.6396, -117.83118], [33.64089, -117.83551], [33.63943, -117.83132], [33.63959, -117.83201], [33.6398, -117.83154], [33.63975, -117.83154], [33.63959, -117.83191], [33.63972, -117.83154], [33.63982, -117.83187], [33.64107, -117.83589], [33.64087, -117.83531], [33.64091, -117.83565], [33.63967, -117.83109], [33.64096, -117.83554], [33.63971, -117.83146], [33.64112, -117.83589], [33.63978, -117.83159], [33.64084, -117.83539], [33.6411, -117.83587], [33.63746, -117.83368], [33.63941, -117.83118], [33.64085, -117.83535], [33.64096, -117.83545], [33.64094, -117.83576], [33.63957, -117.83152], [33.6397, -117.83151], [33.63938, -117.8311], [33.63986, -117.83195], [33.67733, -117.85939], [33.64106, -117.83592], [33.63987, -117.83202], [33.64109, -117.83597], [33.63976, -117.83156], [33.64091, -117.83558], [33.63988, -117.83195], [33.64102, -117.83579], [33.6394, -117.83107], [33.63983, -117.83201], [33.63971, -117.8316], [33.64085, -117.83535], [33.63976, -117.83159], [33.64106, -117.83588], [33.64088, -117.83536], [33.641, -117.83568], [33.64104, -117.8358], [33.64105, -117.83588], [33.63942, -117.83129], [33.64105, -117.83589], [33.63958, -117.832], [33.63982, -117.83196], [33.63953, -117.83159], [33.64101, -117.83558], [33.64087, -117.83532], [33.64088, -117.83545], [33.63986, -117.83197], [33.641, -117.83583], [33.63958, -117.83169], [33.64096, -117.83556], [33.63969, -117.83141], [33.64107, -117.83585], [33.63966, -117.83137], [33.63976, -117.83164], [33.63989, -117.83204], [33.63976, -117.8316], [33.63964, -117.83132], [33.64103, -117.83581], [33.63985, -117.83199], [33.63986, -117.83204], [33.63955, -117.83169], [33.63973, -117.83152], [33.63979, -117.83167], [33.63974, -117.83154], [33.63976, -117.83164], [33.64086, -117.83544], [33.63734, -117.83508], [33.63737, -117.83507], [33.64146, -117.83512], [33.6285, -117.8061], [33.63971, -117.83134], [33.64087, -117.83542], [33.63987, -117.83205], [33.63973, -117.83153], [33.63987, -117.83203], [33.6411, -117.83601], [33.63936, -117.83103], [33.63972, -117.83161], [33.63975, -117.83154], [33.63931, -117.83635], [33.63981, -117.8318], [33.64107, -117.83591], [33.63986, -117.83206], [33.64086, -117.83534], [33.63959, -117.83183], [33.64087, -117.83533], [33.63969, -117.83134], [33.64102, -117.83581], [33.6397, -117.83151], [33.64105, -117.83588], [33.63977, -117.83162], [33.64107, -117.83595], [33.63958, -117.8311], [33.63971, -117.83147], [33.63959, -117.83175], [33.63974, -117.83156], [33.63758, -117.83478], [33.56461, -117.8299], [33.6394, -117.83118], [33.63978, -117.83171], [33.63747, -117.83489], [33.63735, -117.83506], [33.6394, -117.83116], [33.63985, -117.83197], [33.63933, -117.83098], [33.63974, -117.83152], [33.63973, -117.83143], [33.64107, -117.8359], [33.63936, -117.83114], [33.63985, -117.83197], [33.63985, -117.83201], [33.64104, -117.83567], [33.63954, -117.83162], [33.63974, -117.83165], [33.63984, -117.83202], [33.63949, -117.83139], [33.63973, -117.83151], [33.64087, -117.83549], [33.63961, -117.83179], [33.63976, -117.83173], [33.62832, -117.80591], [33.64103, -117.83582], [33.63984, -117.83199], [33.641, -117.8359]]","[[33.63936949543456, -117.83413452030122], [33.639315331685296, -117.83419422745929], [33.64511097746701, -117.8303475294125]]","[24, 13, 4]","[4.787186550869158, 3.384966243271789, 731.9629923188747]","[[33.63978, -117.83155], [33.64108, -117.83593], [33.67638, -117.86301], [33.63746, -117.83368], [33.67733, -117.85939], [33.63734, -117.83508], [33.64146, -117.83512], [33.6285, -117.8061], [33.63931, -117.83635], [33.56461, -117.8299]]",[],[],[],0.844771146774292,152.64506340026855,0.9632644653320312
4,200,"[33.64025067958688, -117.83443429448087]","[33.63989171005818, -117.83599013676803]",149.73033442686045,"[[33.6399, -117.83372], [33.6413, -117.83741], [33.6398, -117.83346], [33.63982, -117.83365], [33.63993, -117.8336], [33.63953, -117.83313], [33.63854, -117.83396], [33.56461, -117.8299], [33.6398, -117.8335], [33.64151, -117.83743], [33.67733, -117.85939], [33.64125, -117.83747], [33.63983, -117.83358], [33.64003, -117.83382], [33.63975, -117.83329], [33.64129, -117.83737], [33.63982, -117.8335], [33.63996, -117.83378], [33.64001, -117.83375], [33.6399, -117.83371], [33.64005, -117.83373], [33.63991, -117.83378], [33.64166, -117.83552], [33.64129, -117.83743], [33.63958, -117.83311], [33.64136, -117.8374], [33.63991, -117.83355], [33.63985, -117.83348], [33.64005, -117.83383], [33.64001, -117.83382], [33.63993, -117.8336], [33.63973, -117.83342], [33.63962, -117.83323], [33.64128, -117.83738], [33.63974, -117.83326], [33.64133, -117.83739], [33.63979, -117.83337], [33.64136, -117.83741], [33.63991, -117.83367], [33.64143, -117.83743], [33.64002, -117.83381], [33.63996, -117.83374], [33.63979, -117.83347], [33.6398, -117.83362], [33.63954, -117.83296], [33.63998, -117.83372], [33.63996, -117.8337], [33.64173, -117.83564], [33.63987, -117.83379], [33.64134, -117.83752], [33.64175, -117.83571], [33.64172, -117.83565], [33.63986, -117.83355], [33.64158, -117.83732], [33.63981, -117.83352], [33.63989, -117.83354], [33.64003, -117.83374], [33.63986, -117.83368], [33.63995, -117.8338], [33.63879, -117.83407], [33.6396, -117.83305], [33.63978, -117.83352], [33.63984, -117.8335], [33.64123, -117.83754], [33.64003, -117.83378], [33.63992, -117.8338], [33.63984, -117.83344], [33.64126, -117.83741], [33.64202, -117.83599], [33.64173, -117.83569], [33.64004, -117.83382], [33.63836, -117.83471], [33.63991, -117.83369], [33.64145, -117.83741], [33.63986, -117.83371], [33.64002, -117.83377], [33.63999, -117.83377], [33.63996, -117.83366], [33.63954, -117.83307], [33.6414, -117.83743], [33.64167, -117.8355], [33.63837, -117.83471], [33.67638, -117.86301], [33.64131, -117.83741], [33.63952, -117.83304], [33.6413, -117.83741], [33.64001, -117.83374], [33.63996, -117.83383], [33.63987, -117.83366], [33.64139, -117.83742], [33.63984, -117.83357], [33.63991, -117.83383], [33.63983, -117.83352], [33.64126, -117.8374], [33.63995, -117.83373], [33.6391, -117.83349], [33.64, -117.83372], [33.6395, -117.83306], [33.63996, -117.83383], [33.63993, -117.83361], [33.6399, -117.83371], [33.63999, -117.83371], [33.63993, -117.83376], [33.64136, -117.83742], [33.63998, -117.83372], [33.64139, -117.8374], [33.63999, -117.83376], [33.63971, -117.83337], [33.63996, -117.83362], [33.63966, -117.83338], [33.63995, -117.83364], [33.63969, -117.83335], [33.64008, -117.83369], [33.63961, -117.83324], [33.63985, -117.83351], [33.64135, -117.83746], [33.63999, -117.83381], [33.63977, -117.83331], [33.63985, -117.83348], [33.64144, -117.83742]]","[[33.63989988824665, -117.83598459239268], [33.63982708221918, -117.83597994333684], [33.64250178350674, -117.83049516762796]]","[43, 12, 6]","[1.04277894481457, 7.230364808438609, 586.2431691139045]","[[33.6399, -117.83372], [33.6413, -117.83741], [33.63854, -117.83396], [33.56461, -117.8299], [33.67733, -117.85939], [33.64166, -117.83552], [33.63836, -117.83471], [33.67638, -117.86301], [33.6391, -117.83349]]","[[33.639880571219216, -117.83586868176282]]",[3],[11.33525247256585],0.19260334968566895,55.26510000228882,0.7065954208374023
5,200,"[33.64025067958688, -117.83443429448087]","[33.64004673342369, -117.83551834069027]",103.08234189932993,"[[33.63973, -117.83338], [33.6412, -117.83729], [33.63958, -117.83294], [33.64121, -117.83727], [33.63977, -117.83318], [33.64253, -117.83643], [33.63951, -117.83291], [33.64121, -117.83727], [33.63976, -117.83332], [33.63954, -117.83303], [33.63952, -117.83296], [33.64111, -117.83741], [33.63958, -117.83301], [33.63972, -117.83331], [33.63854, -117.83396], [33.56461, -117.8299], [33.63976, -117.83336], [33.63963, -117.83327], [33.63951, -117.83306], [33.6412, -117.8373], [33.63957, -117.83313], [33.64121, -117.83729], [33.6396, -117.83305], [33.63965, -117.8333], [33.63955, -117.83291], [33.63946, -117.83306], [33.63962, -117.83306], [33.6397, -117.83337], [33.63955, -117.83292], [33.6395, -117.8331], [33.63953, -117.83296], [33.6412, -117.83733], [33.63956, -117.83287], [33.63966, -117.83338], [33.67733, -117.85939], [33.64114, -117.83735], [33.63971, -117.83339], [33.63966, -117.83335], [33.63977, -117.83332], [33.63979, -117.83337], [33.63957, -117.83314], [33.64121, -117.83733], [33.63973, -117.83324], [33.63967, -117.83336], [33.63966, -117.8332], [33.64118, -117.83728], [33.63976, -117.8333], [33.63978, -117.83335], [33.63954, -117.83313], [33.6412, -117.83734], [33.63967, -117.83327], [33.63904, -117.83342], [33.63958, -117.83308], [33.64118, -117.8373], [33.63954, -117.83313], [33.64118, -117.83723], [33.63952, -117.83304], [33.64121, -117.83724], [33.63953, -117.83297], [33.63971, -117.83324], [33.63954, -117.83297], [33.64121, -117.83731], [33.63962, -117.83306], [33.64119, -117.83732], [33.63965, -117.83326], [33.63977, -117.83332], [33.64192, -117.83588], [33.64208, -117.83602], [33.63978, -117.83332], [33.63958, -117.83322], [33.63957, -117.83301], [33.63836, -117.83471], [33.63951, -117.83302], [33.63979, -117.83334], [33.63964, -117.83323], [33.6412, -117.83735], [33.63974, -117.83326], [33.64122, -117.8373], [33.6396, -117.83306], [33.64125, -117.83731], [33.63961, -117.83312], [33.64122, -117.83726], [33.63956, -117.83302], [33.6395, -117.83287], [33.63954, -117.83309], [33.64254, -117.83645], [33.63971, -117.83324], [33.63969, -117.83335], [33.64194, -117.8356], [33.63827, -117.83591], [33.63962, -117.83323], [33.64123, -117.83731], [33.67638, -117.86301], [33.64124, -117.83724], [33.63951, -117.83298], [33.6412, -117.83725], [33.63963, -117.83313], [33.6395, -117.83306], [33.63959, -117.83306], [33.63953, -117.83313], [33.63972, -117.8333], [33.6395, -117.8331], [33.63963, -117.83321], [33.63952, -117.83313], [33.63953, -117.83302], [33.63946, -117.8329], [33.63955, -117.83284], [33.64118, -117.83728], [33.64199, -117.83563], [33.64111, -117.83736], [33.63957, -117.83295], [33.64248, -117.83638], [33.63957, -117.83305], [33.63948, -117.83289], [33.63961, -117.83311], [33.6395, -117.83314], [33.63958, -117.83311], [33.64121, -117.83723], [33.63967, -117.83323], [33.63945, -117.83303], [33.64202, -117.83599], [33.64222, -117.83615], [33.63982, -117.83335], [33.64124, -117.8373], [33.63956, -117.83296], [33.63971, -117.83323], [33.63957, -117.83308], [33.64121, -117.83724], [33.63976, -117.83334], [33.63971, -117.83337], [33.63974, -117.83336], [33.64119, -117.83732], [33.63951, -117.83293], [33.63948, -117.83307]]","[[33.640140442752795, -117.835463468574], [33.64003855951526, -117.83548972751929], [33.64450466567305, -117.84247604810632]]","[22, 13, 8]","[11.573534930999347, 2.805071551079411, 813.0902185635634]","[[33.63973, -117.83338], [33.6412, -117.83729], [33.64253, -117.83643], [33.63854, -117.83396], [33.56461, -117.8299], [33.67733, -117.85939], [33.63904, -117.83342], [33.63836, -117.83471], [33.63827, -117.83591], [33.67638, -117.86301]]","[[33.64003941962128, -117.83549484820573]]",[3],[2.325536039640441],0.2102818489074707,48.367210149765015,0.9858732223510742
6,200,"[33.64025067958688, -117.83443429448087]","[33.639715820206234, -117.83580391614171]",140.2302365452201,"[[33.63957, -117.83298], [33.63984, -117.83362], [33.64153, -117.83563], [33.64156, -117.83558], [33.63994, -117.83363], [33.64121, -117.83723], [33.63991, -117.83362], [33.63983, -117.83362], [33.63958, -117.83311], [33.64129, -117.83705], [33.63976, -117.83342], [33.6412, -117.83729], [33.63963, -117.83313], [33.6395, -117.83306], [33.63973, -117.83324], [33.63967, -117.83336], [33.63988, -117.83349], [33.6412, -117.83703], [33.63982, -117.8335], [33.63979, -117.83349], [33.63984, -117.8335], [33.64126, -117.83694], [33.62832, -117.80591], [33.64156, -117.83565], [33.63956, -117.83302], [33.63988, -117.83351], [33.63985, -117.83348], [33.64121, -117.83734], [33.63975, -117.83329], [33.64123, -117.83732], [33.63993, -117.8336], [33.63973, -117.83342], [33.63985, -117.83351], [33.64122, -117.83726], [33.64158, -117.83555], [33.63794, -117.83426], [33.63955, -117.83284], [33.64118, -117.83728], [33.6398, -117.83346], [33.63995, -117.83361], [33.63976, -117.83334], [33.63971, -117.83337], [33.63981, -117.83352], [33.63989, -117.83354], [33.67733, -117.85939], [33.64114, -117.83735], [33.63983, -117.83357], [33.63904, -117.83342], [33.63995, -117.83364], [33.63969, -117.83335], [33.63993, -117.83366], [33.64121, -117.8372], [33.63953, -117.83295], [33.63962, -117.83316], [33.63993, -117.83363], [33.64118, -117.8373], [33.63995, -117.83364], [33.63976, -117.83345], [33.63951, -117.83302], [33.63979, -117.83334], [33.63954, -117.83315], [33.6398, -117.83336], [33.63955, -117.83298], [33.64123, -117.83735], [33.67638, -117.86301], [33.64127, -117.83705], [33.64159, -117.83563], [33.64157, -117.83565], [33.63995, -117.83358], [33.63968, -117.83338], [33.63979, -117.83344], [33.63993, -117.83361], [33.64159, -117.83557], [33.6411, -117.83725], [33.63951, -117.83289], [33.64122, -117.83704], [33.63984, -117.83344], [33.64118, -117.83728], [33.63984, -117.8335], [33.64111, -117.83725], [33.64159, -117.83556], [33.63772, -117.83552], [33.63986, -117.83352], [33.63986, -117.83349], [33.63955, -117.83292], [33.6395, -117.8331], [33.63971, -117.83339], [33.63966, -117.83335], [33.63979, -117.83347], [33.6398, -117.83362], [33.63995, -117.83357], [33.63958, -117.83322], [33.63988, -117.83345], [33.64156, -117.83563], [33.63984, -117.83357], [33.63945, -117.83303], [33.63993, -117.8336], [33.63953, -117.83313], [33.63988, -117.83352], [33.64159, -117.83562], [33.63951, -117.83298], [33.6412, -117.83725], [33.63983, -117.83349], [33.63996, -117.83365], [33.6398, -117.83346], [33.63982, -117.83365], [33.63977, -117.83332], [33.63979, -117.83337], [33.63983, -117.83358], [33.63989, -117.83354], [33.6395, -117.83303], [33.63938, -117.83813], [33.64154, -117.83565], [33.6412, -117.8371], [33.63987, -117.83354], [33.64119, -117.83732], [33.64159, -117.83557], [33.6416, -117.83561], [33.63953, -117.83299], [33.64122, -117.83723], [33.63977, -117.83345], [33.64127, -117.83699], [33.63977, -117.83341], [33.63978, -117.83339], [33.63973, -117.83333], [33.63916, -117.83362], [33.64003, -117.83368], [33.64121, -117.83727], [33.64008, -117.83369], [33.63961, -117.83324], [33.63983, -117.8335], [33.63988, -117.83365], [33.63972, -117.8333], [33.63973, -117.83345], [33.63983, -117.83352], [33.64126, -117.83693], [33.63991, -117.83355], [33.63985, -117.83348], [33.63954, -117.83296], [33.63965, -117.83315]]","[[33.63972549265381, -117.83579788867608], [33.64118951150992, -117.83199060018823], [33.643069829621744, -117.83685881427665]]","[28, 11, 10]","[1.2098137315331035, 389.70605132849954, 384.6701298749182]","[[33.63957, -117.83298], [33.64153, -117.83563], [33.64121, -117.83723], [33.62832, -117.80591], [33.63794, -117.83426], [33.67733, -117.85939], [33.63904, -117.83342], [33.67638, -117.86301], [33.63772, -117.83552], [33.63938, -117.83813]]",[],[],[],0.23406052589416504,76.55037140846252,1.2419769763946533
7,200,"[33.64025067958688, -117.83443429448087]","[33.63980234902138, -117.83385764624765]",73.03918487547405,"[[33.63967, -117.83109], [33.64096, -117.83554], [33.6394, -117.83118], [33.6396, -117.83114], [33.64111, -117.83582], [33.64111, -117.83587], [33.63976, -117.83167], [33.63949, -117.83139], [33.63975, -117.83154], [33.64099, -117.83578], [33.63948, -117.8314], [33.64117, -117.83589], [33.63979, -117.83161], [33.64104, -117.83588], [33.63977, -117.83151], [33.6397, -117.83153], [33.63966, -117.83123], [33.64104, -117.83596], [33.63977, -117.83162], [33.64107, -117.83595], [33.63976, -117.83158], [33.64109, -117.83597], [33.63973, -117.83151], [33.641, -117.83583], [33.63943, -117.83132], [33.63935, -117.83125], [33.64112, -117.83587], [33.641, -117.83581], [33.6411, -117.83589], [33.63933, -117.83616], [33.6398, -117.83154], [33.63975, -117.83154], [33.63974, -117.83148], [33.6411, -117.83567], [33.6397, -117.83151], [33.64105, -117.83588], [33.63976, -117.83151], [33.64105, -117.83585], [33.63958, -117.8311], [33.63971, -117.83147], [33.63966, -117.83137], [33.63976, -117.83164], [33.63982, -117.83158], [33.63975, -117.83159], [33.63971, -117.83141], [33.64104, -117.83567], [33.6395, -117.83145], [33.63955, -117.83097], [33.63938, -117.8311], [33.63977, -117.83155], [33.63792, -117.83441], [33.63798, -117.83438], [33.6397, -117.83135], [33.64107, -117.83588], [33.63955, -117.83169], [33.63973, -117.83152], [33.67638, -117.86301], [33.64094, -117.8356], [33.64099, -117.83556], [33.64091, -117.83565], [33.63953, -117.83151], [33.63962, -117.83128], [33.63979, -117.83162], [33.63976, -117.8316], [33.63967, -117.83141], [33.641, -117.8359], [33.63952, -117.83153], [33.63976, -117.83164], [33.63964, -117.83132], [33.64103, -117.83581], [33.6411, -117.83587], [33.63869, -117.83557], [33.63945, -117.83127], [33.63978, -117.83164], [33.63974, -117.83148], [33.63948, -117.83139], [33.63977, -117.83164], [33.64107, -117.83589], [33.63959, -117.83112], [33.64106, -117.83585], [33.63971, -117.8316], [33.641, -117.83573], [33.63935, -117.83113], [33.63977, -117.83167], [33.63975, -117.83154], [33.63931, -117.83601], [33.63953, -117.83159], [33.64101, -117.83558], [33.63968, -117.83133], [33.64101, -117.8358], [33.6398, -117.83166], [33.63958, -117.83112], [33.63974, -117.83159], [33.641, -117.8359], [33.64146, -117.83512], [33.6285, -117.8061], [33.63977, -117.83163], [33.63973, -117.83153], [33.63783, -117.83455], [33.63737, -117.83507], [33.63978, -117.83159], [33.64104, -117.83589], [33.63976, -117.83156], [33.64091, -117.83558], [33.6398, -117.83163], [33.64108, -117.83593], [33.63978, -117.83156], [33.64103, -117.83585], [33.63966, -117.83118], [33.64102, -117.83579], [33.63954, -117.83159], [33.63797, -117.83437], [33.63942, -117.83129], [33.64105, -117.83589], [33.63974, -117.83149], [33.64098, -117.83581], [33.63941, -117.83118], [33.64101, -117.83577], [33.62832, -117.80591], [33.64103, -117.83582], [33.63976, -117.83157], [33.64107, -117.83591], [33.63979, -117.83165], [33.63971, -117.83149], [33.63968, -117.83139], [33.64099, -117.83554], [33.63978, -117.83164], [33.6411, -117.83601], [33.6398, -117.83158], [33.641, -117.83577], [33.6394, -117.83116], [33.6398, -117.83167], [33.63952, -117.83159], [33.63974, -117.83156], [33.6397, -117.83155], [33.64106, -117.83588], [33.6394, -117.83107], [33.63973, -117.83157], [33.64102, -117.83562], [33.641, -117.83568], [33.63946, -117.83125], [33.63975, -117.83165], [33.63979, -117.83159], [33.64105, -117.83587], [33.63977, -117.83151], [33.64105, -117.83586], [33.63937, -117.83113], [33.63964, -117.83121], [33.63969, -117.83141], [33.64107, -117.83585], [33.6396, -117.83124], [33.64097, -117.83569]]","[[33.63986341674013, -117.83382445771873], [33.639748718305114, -117.83382494096364], [33.635745939468755, -117.83097609105309]]","[12, 8, 6]","[7.440355992813581, 6.677634045898855, 523.3516455483361]","[[33.63967, -117.83109], [33.64096, -117.83554], [33.63933, -117.83616], [33.63792, -117.83441], [33.67638, -117.86301], [33.63869, -117.83557], [33.64146, -117.83512], [33.6285, -117.8061], [33.63737, -117.83507]]",[],[],[],0.47844600677490234,64.07740473747253,0.5246167182922363
8,200,"[33.64025067958688, -117.83443429448087]","[33.638848811456945, -117.8337661330494]",167.390007918622,"[[33.63971, -117.83141], [33.64063, -117.835], [33.6398, -117.83158], [33.64053, -117.83491], [33.6398, -117.83174], [33.64053, -117.83491], [33.67733, -117.85939], [33.64081, -117.83534], [33.63951, -117.83148], [33.63974, -117.83155], [33.63986, -117.83197], [33.64081, -117.83541], [33.63966, -117.83137], [33.63976, -117.83164], [33.63935, -117.83123], [33.6397, -117.83144], [33.6398, -117.83166], [33.63974, -117.83158], [33.63982, -117.83187], [33.64043, -117.83487], [33.63937, -117.83113], [33.6398, -117.83173], [33.63988, -117.83195], [33.64048, -117.83483], [33.63954, -117.83159], [33.63738, -117.83504], [33.63952, -117.83153], [33.63976, -117.83164], [33.63957, -117.83152], [33.6397, -117.83151], [33.6396, -117.83124], [33.64048, -117.83483], [33.63948, -117.8313], [33.64048, -117.8349], [33.6394, -117.83118], [33.64046, -117.83491], [33.64048, -117.83485], [33.64058, -117.83501], [33.63981, -117.8318], [33.64052, -117.83491], [33.63969, -117.83141], [33.64054, -117.83491], [33.63959, -117.83175], [33.63974, -117.83156], [33.63976, -117.83158], [33.64049, -117.83494], [33.63986, -117.8319], [33.6405, -117.83486], [33.6394, -117.83116], [33.63985, -117.83197], [33.63963, -117.83123], [33.64068, -117.83505], [33.63976, -117.83164], [33.64054, -117.83491], [33.63975, -117.83154], [33.63931, -117.83601], [33.63933, -117.83098], [33.64052, -117.83499], [33.64087, -117.83538], [33.64053, -117.83487], [33.63973, -117.83151], [33.64056, -117.83505], [33.63969, -117.83134], [33.64079, -117.83525], [33.63936, -117.83103], [33.63972, -117.83161], [33.6397, -117.83135], [33.64073, -117.83514], [33.63982, -117.83158], [33.63975, -117.83159], [33.63985, -117.83196], [33.64056, -117.83481], [33.64079, -117.83416], [33.6285, -117.8061], [33.63938, -117.8311], [33.64061, -117.83506], [33.63936, -117.83114], [33.63985, -117.83197], [33.63978, -117.83155], [33.63972, -117.83148], [33.63941, -117.83118], [33.64049, -117.83487], [33.63972, -117.83147], [33.64077, -117.83527], [33.63958, -117.83169], [33.64056, -117.83495], [33.63931, -117.831], [33.63976, -117.83168], [33.63971, -117.83134], [33.6405, -117.83495], [33.63976, -117.83159], [33.64055, -117.83492], [33.63974, -117.83159], [33.64077, -117.83532], [33.6397, -117.83151], [33.64074, -117.8352], [33.63978, -117.83164], [33.64077, -117.83525], [33.6396, -117.83118], [33.64044, -117.83485], [33.63976, -117.8316], [33.64052, -117.83464], [33.6405, -117.83466], [33.64046, -117.83491], [33.63948, -117.8314], [33.64073, -117.83519], [33.6398, -117.83163], [33.64045, -117.83482], [33.63982, -117.83176], [33.64046, -117.83492], [33.64086, -117.83532], [33.6405, -117.83487], [33.64054, -117.83483], [33.64053, -117.83492], [33.6395, -117.83145], [33.6398, -117.83173], [33.62832, -117.80591], [33.64063, -117.83501], [33.63978, -117.83159], [33.64074, -117.8352], [33.63973, -117.83143], [33.64077, -117.83525], [33.63979, -117.83161], [33.64057, -117.83495]]","[[33.638870530341116, -117.83378003575855], [33.63881591762971, -117.83373607084914]]","[17, 4]","[2.732533389186895, 4.592344598745198]","[[33.63971, -117.83141], [33.64063, -117.835], [33.67733, -117.85939], [33.63738, -117.83504], [33.63931, -117.83601], [33.64079, -117.83416], [33.6285, -117.8061]]",[],[],[],0.23854923248291016,63.050525426864624,0.34742236137390137
9,200,"[33.64025067958688, -117.83443429448087]","[33.63912060869729, -117.83413510318316]",128.37939068889432,"[[33.63986, -117.8319], [33.64079, -117.83523], [33.6398, -117.83166], [33.63974, -117.83158], [33.63968, -117.83139], [33.64084, -117.83518], [33.63979, -117.83161], [33.64083, -117.83536], [33.67638, -117.86301], [33.64072, -117.83516], [33.63957, -117.8318], [33.63982, -117.83196], [33.67733, -117.85939], [33.64081, -117.83534], [33.63951, -117.83148], [33.63974, -117.83155], [33.63977, -117.83184], [33.64076, -117.83522], [33.63946, -117.83125], [33.63975, -117.83165], [33.64087, -117.83532], [33.64077, -117.83524], [33.63942, -117.83129], [33.64079, -117.8353], [33.63977, -117.83151], [33.64078, -117.83521], [33.63973, -117.83151], [33.64076, -117.83528], [33.63993, -117.8322], [33.64078, -117.83528], [33.63959, -117.83175], [33.63974, -117.83156], [33.63973, -117.83143], [33.64077, -117.83525], [33.63974, -117.83148], [33.63965, -117.832], [33.63954, -117.83162], [33.63974, -117.83165], [33.63966, -117.83203], [33.6398, -117.83173], [33.63995, -117.83219], [33.64076, -117.83525], [33.63977, -117.83162], [33.64082, -117.83537], [33.6398, -117.83163], [33.64078, -117.83528], [33.64072, -117.83515], [33.64078, -117.83529], [33.63987, -117.83196], [33.64075, -117.83524], [33.63987, -117.83205], [33.63973, -117.83153], [33.63969, -117.83141], [33.64083, -117.83531], [33.63941, -117.83118], [33.64085, -117.83535], [33.63971, -117.83134], [33.64078, -117.83527], [33.63986, -117.83206], [33.64074, -117.83516], [33.63996, -117.83221], [33.63972, -117.83148], [33.63739, -117.83496], [33.56461, -117.8299], [33.6396, -117.83124], [33.64083, -117.83534], [33.63986, -117.83197], [33.64081, -117.83541], [33.63958, -117.8311], [33.63971, -117.83147], [33.63982, -117.83158], [33.63975, -117.83159], [33.63975, -117.83154], [33.6393, -117.83632], [33.63958, -117.83169], [33.64078, -117.83524], [33.63963, -117.83123], [33.64088, -117.83529], [33.63734, -117.83508], [33.63737, -117.83507], [33.6396, -117.83118], [33.6408, -117.83532], [33.63985, -117.83199], [33.63986, -117.83204], [33.63976, -117.83164], [33.64072, -117.83516], [33.63948, -117.8313], [33.63908, -117.83148], [33.63987, -117.83202], [33.64078, -117.83529], [33.63985, -117.83201], [33.64083, -117.83522], [33.63978, -117.83159], [33.64074, -117.8352], [33.63987, -117.83205], [33.64078, -117.83527], [33.63976, -117.83159], [33.6408, -117.83525], [33.62832, -117.80591], [33.64082, -117.83534], [33.63966, -117.83137], [33.63976, -117.83164], [33.63991, -117.83209], [33.64072, -117.83521], [33.63994, -117.8322], [33.63978, -117.83171], [33.63737, -117.83502], [33.63735, -117.83506], [33.64085, -117.83525], [33.64076, -117.83524], [33.63984, -117.83203], [33.64086, -117.83513], [33.63964, -117.83132], [33.64081, -117.83531], [33.63936, -117.83114], [33.63985, -117.83197], [33.63948, -117.83144], [33.63972, -117.83147], [33.64003, -117.83225], [33.6397, -117.83153], [33.63972, -117.83147], [33.64077, -117.83527], [33.63979, -117.83167], [33.63974, -117.83154], [33.63988, -117.83195], [33.64084, -117.83534], [33.63969, -117.83134], [33.64079, -117.83525], [33.64073, -117.83522], [33.64079, -117.83535], [33.64086, -117.83532], [33.63767, -117.83276], [33.63935, -117.83113], [33.63977, -117.83167], [33.63985, -117.83196], [33.64085, -117.83517], [33.63994, -117.83219], [33.64073, -117.83514], [33.63933, -117.83098], [33.63974, -117.83152], [33.63976, -117.83156], [33.64074, -117.83523], [33.63955, -117.83169], [33.63973, -117.83152], [33.63959, -117.83191], [33.63972, -117.83154], [33.63979, -117.83165], [33.63971, -117.83149], [33.63933, -117.83103], [33.63735, -117.83511]]","[[33.63914042536911, -117.83412227860903], [33.63908878492005, -117.83409047248607], [33.63226123218028, -117.83286623190605]]","[24, 6, 5]","[2.499342676642022, 5.440900378843519, 769.867258118361]","[[33.63986, -117.8319], [33.64079, -117.83523], [33.67638, -117.86301], [33.67733, -117.85939], [33.63739, -117.83496], [33.56461, -117.8299], [33.6393, -117.83632], [33.62832, -117.80591], [33.63767, -117.83276]]",[],[],[],0.307936429977417,93.53237318992615,0.6481311321258545
0,400,"[33.64025067958688, -117.83443429448087]","[33.637565500779246, -117.83483623217893]",300.15427651238366,"[[33.63966, -117.83123], [33.64123, -117.83614], [33.6396, -117.8311], [33.64107, -117.83589], [33.63938, -117.8311], [33.63963, -117.8311], [33.63923, -117.83084], [33.63963, -117.83121], [33.63961, -117.83103], [33.63961, -117.83114], [33.63939, -117.83061], [33.64112, -117.83589], [33.63954, -117.83097], [33.64109, -117.83594], [33.63964, -117.83115], [33.63958, -117.83112], [33.64112, -117.83587], [33.6411, -117.83597], [33.63961, -117.83109], [33.63922, -117.83071], [33.6395, -117.83081], [33.64121, -117.83609], [33.63958, -117.83101], [33.64115, -117.83581], [33.64109, -117.83583], [33.64106, -117.83591], [33.63963, -117.83114], [33.63952, -117.8309], [33.6394, -117.83056], [33.63957, -117.83103], [33.63951, -117.83088], [33.64108, -117.83593], [33.63966, -117.83125], [33.6411, -117.83597], [33.63962, -117.83109], [33.63954, -117.83105], [33.63922, -117.83078], [33.64121, -117.83609], [33.63965, -117.83125], [33.63954, -117.83097], [33.64113, -117.83598], [33.64116, -117.83597], [33.63915, -117.83065], [33.63957, -117.83103], [33.63952, -117.831], [33.64127, -117.83612], [33.63968, -117.83133], [33.64111, -117.83598], [33.63931, -117.83096], [33.63955, -117.83102], [33.63968, -117.83132], [33.6412, -117.83602], [33.63951, -117.83082], [33.64107, -117.8359], [33.63956, -117.83096], [33.6412, -117.83602], [33.63953, -117.8309], [33.64125, -117.83613], [33.6396, -117.83108], [33.64111, -117.836], [33.63968, -117.83121], [33.6411, -117.83596], [33.63959, -117.83123], [33.64119, -117.83604], [33.63967, -117.83109], [33.64115, -117.83596], [33.64112, -117.83585], [33.64119, -117.83594], [33.63969, -117.83129], [33.64107, -117.83591], [33.63967, -117.83127], [33.6396, -117.83111], [33.6397, -117.83135], [33.64107, -117.83588], [33.6396, -117.83118], [33.64106, -117.83596], [33.6396, -117.83124], [33.64108, -117.83591], [33.63947, -117.83087], [33.64123, -117.8361], [33.63955, -117.83097], [33.64107, -117.83591], [33.63925, -117.83074], [33.64117, -117.83589], [33.63936, -117.83104], [33.6357, -117.83861], [33.67733, -117.85939], [33.64106, -117.83592], [33.63968, -117.83122], [33.64121, -117.83606], [33.63971, -117.83134], [33.64109, -117.83594], [33.63393, -117.8354], [33.63474, -117.83766], [33.63921, -117.83078], [33.63965, -117.83128], [33.63934, -117.831], [33.63955, -117.83097], [33.63926, -117.83079], [33.63953, -117.83091], [33.63952, -117.83092], [33.64116, -117.83607], [33.63943, -117.83109], [33.63959, -117.83119], [33.63956, -117.831], [33.63906, -117.83886], [33.63953, -117.83103], [33.64111, -117.83595], [33.6394, -117.83107], [33.63953, -117.83099], [33.63951, -117.83084], [33.64123, -117.83613], [33.6393, -117.83094], [33.63955, -117.83097], [33.63923, -117.83084], [33.63962, -117.83123], [33.63914, -117.83054], [33.64111, -117.83596], [33.67638, -117.86301], [33.64107, -117.83595], [33.63965, -117.83124], [33.64109, -117.83596], [33.63907, -117.83057], [33.63955, -117.83103], [33.63931, -117.83087], [33.63961, -117.83123], [33.63963, -117.83114], [33.6396, -117.83109], [33.63964, -117.83122], [33.6411, -117.83601], [33.63933, -117.83095], [33.63962, -117.83128], [33.63914, -117.83056], [33.63964, -117.83121], [33.63935, -117.83105], [33.64126, -117.83614], [33.63951, -117.83089], [33.63913, -117.83052], [33.6411, -117.83589], [33.6411, -117.83593], [33.6395, -117.83095], [33.64114, -117.83601], [33.64116, -117.83598], [33.64118, -117.83603], [33.63969, -117.83134], [33.64124, -117.8361], [33.63926, -117.83084], [33.6396, -117.83114], [33.6395, -117.83086], [33.64111, -117.83588], [33.63947, -117.83077], [33.63966, -117.83131], [33.63913, -117.83058], [33.64113, -117.83583], [33.63957, -117.83104], [33.64109, -117.83596], [33.63916, -117.83054], [33.63955, -117.83106], [33.63939, -117.8311], [33.63958, -117.83106], [33.6396, -117.83111], [33.64122, -117.83611], [33.63957, -117.83097], [33.64109, -117.83597], [33.63966, -117.83125], [33.64107, -117.83595], [33.62832, -117.80591], [33.64108, -117.83592], [33.63936, -117.83103], [33.63951, -117.83099], [33.63963, -117.83123], [33.64109, -117.83592], [33.63958, -117.8311], [33.6395, -117.83089], [33.64111, -117.83582], [33.64111, -117.83587], [33.63936, -117.83097], [33.6353, -117.83078], [33.63933, -117.83098], [33.63953, -117.83095], [33.63939, -117.83108], [33.63963, -117.83123], [33.64146, -117.83512], [33.6285, -117.8061]]","[[33.63757215742226, -117.83482366159048], [33.6375647327035, -117.8349365089234], [33.63749763837375, -117.83477031183907]]","[91, 14, 8]","[1.3803053645800025, 9.303594636279565, 9.698389754444772]","[[33.63966, -117.83123], [33.64123, -117.83614], [33.6357, -117.83861], [33.67733, -117.85939], [33.63393, -117.8354], [33.63474, -117.83766], [33.63906, -117.83886], [33.67638, -117.86301], [33.62832, -117.80591], [33.6353, -117.83078], [33.64146, -117.83512]]",[],[],[],0.4495573043823242,99.4879412651062,1.3050036430358887
1,400,"[33.64025067958688, -117.83443429448087]","[33.638921751473156, -117.83230803212871]",246.24794364419637,"[[33.64196, -117.82981], [33.63987, -117.83687], [33.6424, -117.82978], [33.64112, -117.8358], [33.63714, -117.82821], [33.63763, -117.82816], [33.63718, -117.82831], [33.63753, -117.82811], [33.63774, -117.8282], [33.6377, -117.82822], [33.64192, -117.82981], [33.64111, -117.836], [33.64242, -117.82977], [33.64124, -117.8361], [33.64192, -117.82985], [33.64104, -117.83588], [33.64206, -117.82983], [33.64115, -117.83581], [33.6411, -117.83589], [33.64104, -117.83584], [33.63775, -117.82818], [33.63774, -117.82823], [33.64194, -117.82982], [33.64109, -117.83596], [33.64164, -117.83531], [33.6285, -117.8061], [33.6419, -117.82983], [33.64107, -117.83589], [33.63738, -117.82832], [33.63758, -117.82817], [33.64202, -117.82983], [33.64105, -117.83585], [33.63724, -117.82821], [33.64105, -117.83589], [33.64199, -117.8298], [33.64104, -117.83589], [33.64237, -117.8298], [33.6411, -117.83597], [33.63718, -117.82822], [33.63731, -117.82802], [33.64201, -117.82982], [33.64111, -117.83596], [33.63735, -117.82802], [33.63754, -117.82812], [33.63718, -117.82822], [33.6375, -117.82813], [33.64208, -117.82978], [33.64109, -117.83594], [33.63756, -117.82807], [33.63768, -117.82819], [33.64243, -117.82978], [33.64109, -117.83601], [33.63737, -117.82835], [33.63759, -117.82817], [33.63715, -117.82827], [33.63768, -117.82821], [33.64201, -117.82982], [33.64105, -117.83586], [33.64193, -117.82984], [33.64109, -117.83596], [33.64191, -117.82984], [33.641, -117.8359], [33.64221, -117.8298], [33.64107, -117.83585], [33.6372, -117.82823], [33.63763, -117.82819], [33.64248, -117.82978], [33.64111, -117.83598], [33.63771, -117.82816], [33.63737, -117.82805], [33.63723, -117.82822], [33.63669, -117.83609], [33.63722, -117.82829], [33.63771, -117.82821], [33.6424, -117.82982], [33.64109, -117.83592], [33.63724, -117.82826], [33.63743, -117.82804], [33.6374, -117.82805], [33.63759, -117.82815], [33.64112, -117.83587], [33.6411, -117.83597], [33.67638, -117.86301], [33.64107, -117.83595], [33.64266, -117.82974], [33.6411, -117.83596], [33.63731, -117.82837], [33.63727, -117.828], [33.63726, -117.8283], [33.63688, -117.82868], [33.64104, -117.8358], [33.64105, -117.83588], [33.64239, -117.82977], [33.641, -117.8359], [33.64245, -117.8298], [33.64111, -117.83588], [33.63776, -117.82821], [33.63765, -117.82819], [33.64205, -117.82959], [33.64187, -117.82954], [33.64245, -117.82974], [33.64107, -117.8359], [33.64202, -117.82983], [33.64112, -117.83589], [33.63597, -117.83505], [33.63599, -117.83633], [33.64239, -117.82981], [33.64109, -117.83597], [33.63719, -117.8283], [33.64106, -117.83585], [33.63719, -117.82829], [33.63764, -117.82818], [33.63742, -117.82803], [33.63758, -117.82812], [33.64216, -117.82982], [33.64105, -117.83588], [33.63721, -117.82822], [33.63723, -117.83615], [33.63714, -117.82818], [33.63734, -117.82804], [33.64237, -117.82977], [33.64107, -117.83588], [33.6423, -117.82981], [33.64117, -117.83589], [33.6411, -117.83587], [33.64102, -117.83583], [33.64183, -117.82959], [33.63744, -117.82805]]","[[33.642249439658585, -117.8319683365553], [33.638948567660286, -117.83230065909294], [33.63802871977283, -117.83034168294107]]","[20, 13, 10]","[370.436512030062, 3.051982047979894, 207.5829511932578]","[[33.64196, -117.82981], [33.63987, -117.83687], [33.64112, -117.8358], [33.63714, -117.82821], [33.64164, -117.83531], [33.6285, -117.8061], [33.63669, -117.83609], [33.67638, -117.86301], [33.63597, -117.83505], [33.63599, -117.83633], [33.63723, -117.83615]]","[[33.63681387508295, -117.83824754442335]]",[3],[598.5849713193957],0.36934590339660645,52.34110689163208,1.056534767150879
2,400,"[33.64025067958688, -117.83443429448087]","[33.64232673637354, -117.8350788110485]",237.904181262897,"[[33.63938, -117.8311], [33.63977, -117.83155], [33.63954, -117.83162], [33.63974, -117.83165], [33.6398, -117.83174], [33.63978, -117.83168], [33.63979, -117.83165], [33.63971, -117.83149], [33.63957, -117.83152], [33.6397, -117.83151], [33.64628, -117.83513], [33.64293, -117.83946], [33.63936, -117.83103], [33.63972, -117.83161], [33.63936, -117.83114], [33.63978, -117.83165], [33.63961, -117.83179], [33.63976, -117.83173], [33.63963, -117.83123], [33.64303, -117.8395], [33.63976, -117.83156], [33.6429, -117.83943], [33.64601, -117.83519], [33.6285, -117.8061], [33.63978, -117.83159], [33.64292, -117.83943], [33.63854, -117.83396], [33.56461, -117.8299], [33.6398, -117.83163], [33.64284, -117.83944], [33.6394, -117.83118], [33.63978, -117.83171], [33.63979, -117.83159], [33.6429, -117.83937], [33.63967, -117.83213], [33.63972, -117.83154], [33.63975, -117.83154], [33.64292, -117.83934], [33.63808, -117.83428], [33.63844, -117.83401], [33.63974, -117.83159], [33.64291, -117.83938], [33.6397, -117.83135], [33.6429, -117.83938], [33.63982, -117.83175], [33.64291, -117.83942], [33.63978, -117.83155], [33.63972, -117.83148], [33.63976, -117.83158], [33.64289, -117.83956], [33.63977, -117.83163], [33.63973, -117.83153], [33.6398, -117.83154], [33.63975, -117.83154], [33.63969, -117.83141], [33.6429, -117.83943], [33.63959, -117.83183], [33.64293, -117.83949], [33.63976, -117.83159], [33.64292, -117.83945], [33.62832, -117.80591], [33.64278, -117.83977], [33.63982, -117.83187], [33.64291, -117.83934], [33.63958, -117.83181], [33.63978, -117.83159], [33.6396, -117.83118], [33.64299, -117.83933], [33.6398, -117.83166], [33.63978, -117.83171], [33.63973, -117.83143], [33.64291, -117.83947], [33.63967, -117.83109], [33.64291, -117.83935], [33.63977, -117.83162], [33.64292, -117.83954], [33.63966, -117.83209], [33.63974, -117.83156], [33.63982, -117.83158], [33.63975, -117.83159], [33.64219, -117.83022], [33.64294, -117.83939], [33.63953, -117.83151], [33.63962, -117.83128], [33.63958, -117.83169], [33.64281, -117.83945], [33.63955, -117.83169], [33.63973, -117.83152], [33.63966, -117.83203], [33.6398, -117.83173], [33.63973, -117.83151], [33.64281, -117.83967], [33.63954, -117.83159], [33.63846, -117.83387], [33.63981, -117.8318], [33.64292, -117.83936], [33.63933, -117.83098], [33.63869, -117.83554], [33.63979, -117.83161], [33.6429, -117.8395], [33.63975, -117.83154], [33.63938, -117.83813], [33.63958, -117.832], [33.63982, -117.83196], [33.63942, -117.83129], [33.64274, -117.83972], [33.63948, -117.8313], [33.63908, -117.83148], [33.63967, -117.83141], [33.6429, -117.8395], [33.6398, -117.83166], [33.63974, -117.83158], [33.63966, -117.83137], [33.63976, -117.83164], [33.64594, -117.83514], [33.64642, -117.83535], [33.63974, -117.83149], [33.64292, -117.83934], [33.63977, -117.83184], [33.64294, -117.83944], [33.63968, -117.83214], [33.63977, -117.83167], [33.6395, -117.83145], [33.6398, -117.83173], [33.63964, -117.83208], [33.64292, -117.83935], [33.646, -117.83513], [33.63869, -117.83557], [33.6397, -117.83151], [33.64292, -117.83945], [33.63966, -117.83118], [33.64291, -117.83946], [33.64609, -117.83512], [33.64285, -117.83974], [33.63933, -117.83103], [33.63879, -117.83407], [33.63976, -117.83151], [33.64283, -117.8394], [33.63977, -117.83151], [33.64292, -117.83938], [33.63977, -117.83151], [33.6397, -117.83153], [33.6396, -117.83124], [33.64287, -117.83988], [33.63982, -117.83174], [33.64306, -117.83932], [33.63959, -117.83112], [33.64292, -117.83934], [33.63946, -117.83125], [33.63975, -117.83165], [33.63971, -117.8316], [33.64294, -117.83951], [33.63969, -117.83134], [33.64291, -117.8394], [33.63971, -117.83141], [33.64293, -117.8394]]","[[33.64229314162021, -117.83509384106914], [33.638038965787985, -117.81596873117148], [33.64576048743069, -117.83082607693164]]","[57, 3, 3]","[3.978529677279243, 1835.5696446474456, 548.3593965886738]","[[33.63938, -117.8311], [33.64628, -117.83513], [33.64293, -117.83946], [33.6285, -117.8061], [33.63854, -117.83396], [33.56461, -117.8299], [33.64219, -117.83022], [33.63869, -117.83554], [33.63938, -117.83813]]",[],[],[],0.42395544052124023,92.38041639328003,0.7747173309326172
3,400,"[33.64025067958688, -117.83443429448087]","[33.63744808710909, -117.83429570362145]",311.1178085485659,"[[33.63942, -117.83064], [33.64105, -117.83585], [33.62832, -117.80591], [33.64103, -117.83582], [33.63881, -117.8301], [33.64096, -117.83556], [33.63936, -117.83046], [33.63937, -117.83056], [33.63879, -117.83002], [33.63937, -117.83064], [33.63878, -117.82996], [33.63937, -117.83063], [33.63936, -117.83051], [33.64091, -117.83558], [33.63882, -117.83004], [33.63928, -117.8304], [33.63926, -117.83043], [33.641, -117.8359], [33.63934, -117.83049], [33.64109, -117.83594], [33.64146, -117.83512], [33.6285, -117.8061], [33.6393, -117.83033], [33.64107, -117.83588], [33.63938, -117.83056], [33.64102, -117.83581], [33.63934, -117.83052], [33.63938, -117.83813], [33.63941, -117.83065], [33.64099, -117.83577], [33.63912, -117.83044], [33.63938, -117.83062], [33.63928, -117.83038], [33.63915, -117.83046], [33.63927, -117.83029], [33.64099, -117.83554], [33.63878, -117.83005], [33.63939, -117.83063], [33.63931, -117.83047], [33.64101, -117.8358], [33.63898, -117.83035], [33.63942, -117.83067], [33.63939, -117.83061], [33.64112, -117.83589], [33.6394, -117.83058], [33.64109, -117.83597], [33.63936, -117.83062], [33.64103, -117.83581], [33.63931, -117.83038], [33.64107, -117.83595], [33.64094, -117.83543], [33.64091, -117.83565], [33.6411, -117.83589], [33.64104, -117.83584], [33.63924, -117.83041], [33.641, -117.83573], [33.63885, -117.83004], [33.63939, -117.83064], [33.6388, -117.83003], [33.63919, -117.83027], [33.67733, -117.85939], [33.64106, -117.83592], [33.63933, -117.8304], [33.641, -117.83575], [33.63876, -117.83005], [33.63916, -117.8302], [33.63903, -117.83033], [33.63886, -117.8296], [33.63938, -117.83054], [33.641, -117.83583], [33.67638, -117.86301], [33.64094, -117.8356], [33.63923, -117.8304], [33.64106, -117.83588], [33.63872, -117.82999], [33.63936, -117.83057], [33.63938, -117.83055], [33.63923, -117.83029], [33.63944, -117.8307], [33.6411, -117.83567], [33.63937, -117.83052], [33.63939, -117.83066], [33.63876, -117.83007], [33.63938, -117.83063], [33.64097, -117.83547], [33.64111, -117.83587], [33.63929, -117.83037], [33.64105, -117.83586], [33.63915, -117.83048], [33.64101, -117.83558], [33.63932, -117.83057], [33.64117, -117.83589], [33.63941, -117.83064], [33.6394, -117.83066], [33.6388, -117.83011], [33.63939, -117.83064], [33.6393, -117.83033], [33.64099, -117.83574], [33.63885, -117.83013], [33.63895, -117.82969], [33.63941, -117.83058], [33.6394, -117.83064], [33.63934, -117.83059], [33.64107, -117.83585], [33.63877, -117.83003], [33.63942, -117.83068], [33.63937, -117.83055], [33.64106, -117.83588], [33.63938, -117.83063], [33.63936, -117.83058], [33.63877, -117.83003], [33.6394, -117.83063], [33.6392, -117.83043], [33.64101, -117.83577], [33.63887, -117.83012], [33.63938, -117.83057], [33.63943, -117.83062], [33.64104, -117.83589], [33.6394, -117.83064], [33.63943, -117.8306], [33.63944, -117.83063], [33.64102, -117.83579], [33.63874, -117.82993], [33.6381, -117.82996], [33.63881, -117.83006], [33.6389, -117.82961], [33.63941, -117.83058], [33.64099, -117.83578], [33.63886, -117.83015], [33.6394, -117.83065], [33.63929, -117.83037], [33.64104, -117.83596], [33.63941, -117.83061], [33.63939, -117.83066], [33.63939, -117.83059], [33.63938, -117.83065], [33.63884, -117.83013], [33.63935, -117.83052], [33.6393, -117.83042], [33.64104, -117.83567], [33.64102, -117.83562], [33.641, -117.83568], [33.64112, -117.83587], [33.641, -117.83581], [33.63942, -117.83058], [33.641, -117.83577], [33.63878, -117.83007], [33.6389, -117.82957], [33.63926, -117.83045], [33.64098, -117.83558], [33.63934, -117.83058], [33.64097, -117.83569], [33.63942, -117.83057], [33.63939, -117.83059], [33.6393, -117.83043], [33.64108, -117.83593], [33.63895, -117.83018], [33.64105, -117.83589], [33.64104, -117.8358], [33.64105, -117.83588], [33.63479, -117.8376], [33.56461, -117.8299], [33.6411, -117.83587], [33.64102, -117.83583], [33.63901, -117.83036], [33.63591, -117.83823], [33.63929, -117.83036], [33.64101, -117.83537], [33.63943, -117.83066], [33.63934, -117.83059], [33.63929, -117.83036], [33.64103, -117.83585], [33.63393, -117.8354], [33.63491, -117.83753], [33.6388, -117.83004], [33.63886, -117.83023], [33.63929, -117.8304], [33.64107, -117.83591], [33.63927, -117.83036], [33.64106, -117.83585], [33.64096, -117.83545], [33.64094, -117.83576], [33.63877, -117.83], [33.63918, -117.83023], [33.63927, -117.83043], [33.64106, -117.83596], [33.63937, -117.83054], [33.6394, -117.83061], [33.63935, -117.8306], [33.64105, -117.83588], [33.63883, -117.83013], [33.63915, -117.83016], [33.63943, -117.83065], [33.63942, -117.83068]]","[[33.637459900407265, -117.83429904378006], [33.637407440172225, -117.83425774884316], [33.649767315934035, -117.82683302890997]]","[37, 17, 10]","[1.3464277014539323, 5.720570767434882, 1531.7737354389928]","[[33.63942, -117.83064], [33.64105, -117.83585], [33.62832, -117.80591], [33.64146, -117.83512], [33.63938, -117.83813], [33.67733, -117.85939], [33.67638, -117.86301], [33.6381, -117.82996], [33.63479, -117.8376], [33.56461, -117.8299], [33.63591, -117.83823], [33.63393, -117.8354]]",[],[],[],0.45804715156555176,128.5357060432434,1.6774988174438477
4,400,"[33.64025067958688, -117.83443429448087]","[33.641901324304754, -117.8324284962947]",261.046795952948,"[[33.63877, -117.83003], [33.63886, -117.82954], [33.64477, -117.82931], [33.64121, -117.83729], [33.6385, -117.83393], [33.56461, -117.8299], [33.64475, -117.82933], [33.64121, -117.83669], [33.63879, -117.83], [33.63893, -117.8296], [33.63891, -117.82959], [33.63892, -117.82965], [33.63827, -117.83413], [33.63806, -117.83433], [33.63883, -117.83013], [33.63895, -117.8297], [33.64493, -117.82931], [33.64126, -117.83679], [33.62832, -117.80591], [33.64253, -117.83684], [33.64419, -117.82908], [33.6444, -117.829], [33.63885, -117.83013], [33.63946, -117.83571], [33.64457, -117.82933], [33.64253, -117.83668], [33.63878, -117.82996], [33.63888, -117.82962], [33.64501, -117.82931], [33.64117, -117.83701], [33.64479, -117.82934], [33.64123, -117.8373], [33.63859, -117.82959], [33.6387, -117.82926], [33.64487, -117.82931], [33.64121, -117.83667], [33.64484, -117.82932], [33.64121, -117.83727], [33.64515, -117.82933], [33.64126, -117.83679], [33.64446, -117.82938], [33.64122, -117.83723], [33.64447, -117.82934], [33.64118, -117.83728], [33.63887, -117.82952], [33.63885, -117.82953], [33.64485, -117.82933], [33.64274, -117.83667], [33.6388, -117.83011], [33.63861, -117.8291], [33.64466, -117.82935], [33.6413, -117.83677], [33.64464, -117.82933], [33.64127, -117.83687], [33.64466, -117.82932], [33.64125, -117.83701], [33.64442, -117.82934], [33.64127, -117.83699], [33.67638, -117.86301], [33.64127, -117.83705], [33.63863, -117.82971], [33.63885, -117.82956], [33.63879, -117.83002], [33.63855, -117.82901], [33.63897, -117.82972], [33.63894, -117.82967], [33.64479, -117.82932], [33.64117, -117.83685], [33.63887, -117.83008], [33.63895, -117.82973], [33.63881, -117.8301], [33.64127, -117.83684], [33.64447, -117.82937], [33.64119, -117.83675], [33.63891, -117.8296], [33.63892, -117.82962], [33.64551, -117.83517], [33.63942, -117.83571], [33.63876, -117.82924], [33.63897, -117.82973], [33.64487, -117.82928], [33.64244, -117.83679], [33.63875, -117.82987], [33.63895, -117.82969], [33.64495, -117.82931], [33.64128, -117.83684], [33.63885, -117.83004], [33.63859, -117.82909], [33.6388, -117.83003], [33.63896, -117.82975], [33.64454, -117.82938], [33.64255, -117.8367], [33.6445, -117.82936], [33.64127, -117.83699], [33.63883, -117.83005], [33.63893, -117.82967], [33.64459, -117.82931], [33.63946, -117.83571], [33.6447, -117.82931], [33.64123, -117.83683], [33.64508, -117.82931], [33.6412, -117.8373], [33.67733, -117.85939], [33.64114, -117.83685], [33.63898, -117.82979], [33.63884, -117.82951], [33.64495, -117.82934], [33.64129, -117.83687], [33.64524, -117.83522], [33.63935, -117.83572], [33.64468, -117.82932], [33.64121, -117.83675], [33.64456, -117.82932], [33.64128, -117.83677], [33.64497, -117.8353], [33.6285, -117.8061], [33.6388, -117.83004], [33.63874, -117.83006], [33.63877, -117.83003], [33.63884, -117.82953], [33.63871, -117.8292], [33.63891, -117.8296], [33.63877, -117.82981], [33.64111, -117.83725]]","[[33.64190758458279, -117.83240405556215], [33.63783638414972, -117.83192552404742], [33.64097083080952, -117.83453321828762]]","[35, 5, 4]","[2.3713214330032923, 453.27469280764683, 220.85531487042127]","[[33.63877, -117.83003], [33.64477, -117.82931], [33.64121, -117.83729], [33.6385, -117.83393], [33.56461, -117.8299], [33.62832, -117.80591], [33.64253, -117.83684], [33.63946, -117.83571], [33.67638, -117.86301], [33.64551, -117.83517], [33.67733, -117.85939]]","[[33.641918025639185, -117.83255498852427]]",[3],[11.880077852762417],0.3726322650909424,56.57868719100952,1.099609136581421
5,400,"[33.64025067958688, -117.83443429448087]","[33.637245928602994, -117.83360944530406]",341.947314735041,"[[33.6397, -117.83019], [33.64086, -117.8352], [33.63906, -117.82988], [33.6389, -117.82961], [33.63951, -117.83023], [33.64085, -117.83535], [33.63971, -117.83017], [33.63952, -117.83022], [33.63848, -117.82931], [33.63591, -117.83823], [33.63393, -117.8354], [33.63513, -117.83719], [33.63981, -117.83013], [33.64077, -117.83525], [33.63959, -117.83019], [33.64069, -117.8351], [33.64085, -117.83522], [33.64083, -117.83526], [33.63962, -117.8302], [33.64068, -117.83505], [33.63964, -117.83019], [33.64079, -117.83523], [33.6384, -117.82925], [33.63893, -117.82967], [33.63953, -117.83022], [33.64083, -117.83536], [33.63953, -117.83022], [33.6408, -117.83525], [33.63843, -117.82934], [33.63895, -117.82969], [33.63957, -117.83021], [33.64077, -117.83527], [33.63849, -117.82944], [33.63884, -117.82953], [33.64004, -117.83012], [33.64075, -117.83521], [33.63856, -117.82953], [33.639, -117.82979], [33.67638, -117.86301], [33.64066, -117.83507], [33.63964, -117.83018], [33.63987, -117.83687], [33.63846, -117.8294], [33.63884, -117.82956], [33.63984, -117.83016], [33.64067, -117.8351], [33.63989, -117.83012], [33.64074, -117.8352], [33.641, -117.83449], [33.6285, -117.8061], [33.63845, -117.82947], [33.63862, -117.82914], [33.63873, -117.82929], [33.63887, -117.82958], [33.63891, -117.82959], [33.63892, -117.82965], [33.6397, -117.83018], [33.64078, -117.83528], [33.6385, -117.82942], [33.64067, -117.83509], [33.63966, -117.8302], [33.64077, -117.83525], [33.64072, -117.83515], [33.64066, -117.83509], [33.63891, -117.8296], [33.63892, -117.82962], [33.63857, -117.82952], [33.63535, -117.82857], [33.63957, -117.83022], [33.64075, -117.83524], [33.63888, -117.82951], [33.63886, -117.8296], [33.64069, -117.8351], [33.64076, -117.83524], [33.63846, -117.82939], [33.63776, -117.82933], [33.63952, -117.83022], [33.64081, -117.83531], [33.63981, -117.83016], [33.64073, -117.83519], [33.63853, -117.82948], [33.63895, -117.82969], [33.63966, -117.83017], [33.64078, -117.83521], [33.63859, -117.82959], [33.6387, -117.82926], [33.6385, -117.82945], [33.63896, -117.82975], [33.63939, -117.82999], [33.63861, -117.82901], [33.64086, -117.83532], [33.64082, -117.83537], [33.63833, -117.82921], [33.63886, -117.82954], [33.62832, -117.80591], [33.64082, -117.83534], [33.63827, -117.82919], [33.64078, -117.83524], [33.63887, -117.82952], [33.63885, -117.82953], [33.63975, -117.83017], [33.64078, -117.83527], [33.63844, -117.82939], [33.63885, -117.82956], [33.63888, -117.82955], [33.63899, -117.8298], [33.64087, -117.83538], [33.64081, -117.83534], [33.63828, -117.82914], [33.6389, -117.82957], [33.63396, -117.83541], [33.6352, -117.83718], [33.63973, -117.83015], [33.64079, -117.83525], [33.63981, -117.83017], [33.64078, -117.83519], [33.63846, -117.82946], [33.63897, -117.82975], [33.63838, -117.82919], [33.63881, -117.82948], [33.63953, -117.83013], [33.64068, -117.83493], [33.63842, -117.82939], [33.63889, -117.82962], [33.63897, -117.82972], [33.63894, -117.82967], [33.63833, -117.8292], [33.63855, -117.82901], [33.63859, -117.82954], [33.63859, -117.82909], [33.63977, -117.83014], [33.64083, -117.83534], [33.63968, -117.83016], [33.64081, -117.83541], [33.63971, -117.8302], [33.64078, -117.83539], [33.63849, -117.82944], [33.6389, -117.82961], [33.63907, -117.82984], [33.63897, -117.82973], [33.63849, -117.82932], [33.64079, -117.8353], [33.6407, -117.83506], [33.64077, -117.83524], [33.63843, -117.82927], [33.63895, -117.82973], [33.63961, -117.8302], [33.64085, -117.83517], [33.63952, -117.83005], [33.63933, -117.83004], [33.63843, -117.82934], [33.63901, -117.82982], [33.63841, -117.82933], [33.63895, -117.8297], [33.63848, -117.82937], [33.63888, -117.82962], [33.63978, -117.83014], [33.64074, -117.83516], [33.63857, -117.82953], [33.63894, -117.82976], [33.63842, -117.82933], [33.63852, -117.82957], [33.63955, -117.83023], [33.64074, -117.8352], [33.67733, -117.85939], [33.64081, -117.83534], [33.6397, -117.83018], [33.64072, -117.83527], [33.63898, -117.82979], [33.63884, -117.82951], [33.63969, -117.83019], [33.64079, -117.83527], [33.64009, -117.83013], [33.6408, -117.83532]]","[[33.63724827161825, -117.83360447797202], [33.63885684046656, -117.83508667614444], [33.638064993793954, -117.83165600221147]]","[19, 4, 4]","[0.5290714976328407, 225.1835603764559, 202.7262594282749]","[[33.6397, -117.83019], [33.64086, -117.8352], [33.63591, -117.83823], [33.63393, -117.8354], [33.63513, -117.83719], [33.67638, -117.86301], [33.63987, -117.83687], [33.641, -117.83449], [33.6285, -117.8061], [33.63535, -117.82857], [33.63776, -117.82933], [33.67733, -117.85939]]",[],[],[],0.42907285690307617,115.82512879371643,1.849472999572754
6,400,"[33.64025067958688, -117.83443429448087]","[33.63728628267141, -117.83500631618364]",333.0538526119667,"[[33.6398, -117.83154], [33.63975, -117.83154], [33.63976, -117.83164], [33.64099, -117.83577], [33.63988, -117.83195], [33.64102, -117.83579], [33.63942, -117.83129], [33.64105, -117.83589], [33.63978, -117.83159], [33.64104, -117.83589], [33.63951, -117.83148], [33.63974, -117.83155], [33.64094, -117.83543], [33.64091, -117.83565], [33.6397, -117.83162], [33.63978, -117.83159], [33.63957, -117.83152], [33.6397, -117.83151], [33.63935, -117.83105], [33.64096, -117.83556], [33.6411, -117.83587], [33.64102, -117.83583], [33.63954, -117.83159], [33.63555, -117.83881], [33.63971, -117.83134], [33.641, -117.83575], [33.63978, -117.83155], [33.63972, -117.83148], [33.63943, -117.83132], [33.63935, -117.83125], [33.67733, -117.85939], [33.64106, -117.83592], [33.63982, -117.83176], [33.64104, -117.83596], [33.63974, -117.83149], [33.64098, -117.83581], [33.63948, -117.8313], [33.6353, -117.83078], [33.63447, -117.83778], [33.56461, -117.8299], [33.63941, -117.83118], [33.64101, -117.83577], [33.63972, -117.83147], [33.64109, -117.83594], [33.63967, -117.83141], [33.641, -117.8359], [33.63938, -117.8311], [33.63986, -117.83195], [33.64104, -117.8358], [33.64105, -117.83588], [33.63937, -117.83113], [33.6398, -117.83173], [33.6397, -117.83135], [33.64107, -117.83588], [33.63986, -117.83197], [33.641, -117.83583], [33.63974, -117.83148], [33.63948, -117.83139], [33.63977, -117.83163], [33.63973, -117.83153], [33.63977, -117.83162], [33.64107, -117.83595], [33.63953, -117.83159], [33.64101, -117.83558], [33.63971, -117.83146], [33.64112, -117.83589], [33.6411, -117.83589], [33.64104, -117.83584], [33.63981, -117.8318], [33.64107, -117.83591], [33.63971, -117.8316], [33.641, -117.83573], [33.63968, -117.83139], [33.6409, -117.8353], [33.63976, -117.83167], [33.63949, -117.83139], [33.63953, -117.83151], [33.63962, -117.83128], [33.63946, -117.83125], [33.63975, -117.83165], [33.63982, -117.83187], [33.64107, -117.83589], [33.63975, -117.83154], [33.63906, -117.83886], [33.67638, -117.86301], [33.64094, -117.8356], [33.63936, -117.83114], [33.63985, -117.83197], [33.6394, -117.83107], [33.63973, -117.83157], [33.63935, -117.83113], [33.63977, -117.83167], [33.63948, -117.8314], [33.64117, -117.83589], [33.63985, -117.83196], [33.64094, -117.8353], [33.63976, -117.83156], [33.64091, -117.83558], [33.63977, -117.83151], [33.64088, -117.83544], [33.641, -117.83449], [33.6285, -117.8061], [33.63979, -117.83162], [33.63976, -117.8316], [33.63987, -117.83196], [33.64101, -117.8358], [33.63933, -117.83103], [33.63747, -117.83059], [33.63976, -117.83158], [33.64109, -117.83597], [33.63979, -117.83165], [33.63971, -117.83149], [33.63943, -117.83109], [33.63976, -117.83173], [33.63963, -117.83114], [33.63978, -117.83164], [33.64112, -117.83587], [33.64088, -117.83545], [33.63979, -117.83167], [33.63974, -117.83154], [33.6398, -117.83163], [33.64108, -117.83593], [33.64102, -117.83562], [33.641, -117.83568], [33.6394, -117.83116], [33.63985, -117.83197], [33.63986, -117.8319], [33.64099, -117.83574], [33.63952, -117.83153], [33.63976, -117.83164], [33.63973, -117.83151], [33.64087, -117.83549], [33.63976, -117.8316], [33.64101, -117.83537]]","[[33.637286771793924, -117.83500294310718], [33.63842925830667, -117.83329749992825], [33.637195889837244, -117.83488901871463]]","[20, 8, 8]","[0.31760690205598735, 202.99052055857294, 14.796828655015466]","[[33.6398, -117.83154], [33.64099, -117.83577], [33.63555, -117.83881], [33.67733, -117.85939], [33.6353, -117.83078], [33.63447, -117.83778], [33.56461, -117.8299], [33.63906, -117.83886], [33.67638, -117.86301], [33.641, -117.83449], [33.6285, -117.8061], [33.63747, -117.83059]]",[],[],[],0.3063778877258301,62.24702453613281,1.4461643695831299
7,400,"[33.64025067958688, -117.83443429448087]","[33.63967871314309, -117.83623541524575]",178.73263039031139,"[[33.64359, -117.83559], [33.63783, -117.83234], [33.63973, -117.83143], [33.64268, -117.83897], [33.63967, -117.83109], [33.64271, -117.8389], [33.6398, -117.83166], [33.63978, -117.83171], [33.63978, -117.83155], [33.63972, -117.83148], [33.63971, -117.8316], [33.6427, -117.839], [33.63978, -117.83159], [33.64266, -117.83876], [33.63981, -117.8318], [33.64267, -117.83884], [33.63942, -117.83129], [33.6427, -117.83901], [33.6398, -117.83174], [33.63978, -117.83168], [33.63974, -117.83148], [33.63948, -117.83139], [33.63948, -117.8313], [33.63908, -117.83148], [33.6394, -117.83107], [33.63973, -117.83157], [33.63954, -117.83159], [33.63591, -117.83823], [33.63946, -117.83125], [33.63975, -117.83165], [33.63979, -117.83161], [33.64266, -117.83874], [33.63957, -117.83152], [33.6397, -117.83151], [33.63977, -117.83163], [33.63973, -117.83153], [33.63974, -117.83159], [33.6429, -117.83915], [33.6398, -117.83166], [33.63974, -117.83158], [33.63936, -117.83103], [33.63972, -117.83161], [33.63976, -117.83158], [33.64269, -117.83903], [33.63974, -117.83149], [33.64272, -117.83903], [33.63963, -117.83114], [33.63978, -117.83164], [33.63976, -117.83156], [33.64268, -117.83901], [33.63619, -117.835], [33.6359, -117.83639], [33.6394, -117.83118], [33.63978, -117.83171], [33.6394, -117.83116], [33.6398, -117.83167], [33.63976, -117.8316], [33.64268, -117.83871], [33.6396, -117.83124], [33.64269, -117.83905], [33.63971, -117.83146], [33.64274, -117.8391], [33.63975, -117.83154], [33.6427, -117.83904], [33.63971, -117.83141], [33.64264, -117.83879], [33.63978, -117.83164], [33.64271, -117.83919], [33.63969, -117.83141], [33.64266, -117.83868], [33.63953, -117.83151], [33.63962, -117.83128], [33.63958, -117.8311], [33.63971, -117.83147], [33.63971, -117.83134], [33.64268, -117.83895], [33.63977, -117.83151], [33.6397, -117.83153], [33.63969, -117.83134], [33.64265, -117.83875], [33.6398, -117.83154], [33.63975, -117.83154], [33.6398, -117.83163], [33.64265, -117.83881], [33.6397, -117.83151], [33.64265, -117.83874], [33.64331, -117.83578], [33.6285, -117.8061], [33.63954, -117.83162], [33.63974, -117.83165], [33.63982, -117.83175], [33.64268, -117.83883], [33.63594, -117.83635], [33.56461, -117.8299], [33.63959, -117.83175], [33.63974, -117.83156], [33.63951, -117.83148], [33.63974, -117.83155], [33.63975, -117.83154], [33.63679, -117.83931], [33.63977, -117.83184], [33.64269, -117.83893], [33.63952, -117.83153], [33.63976, -117.83164], [33.63958, -117.83169], [33.64267, -117.8389], [33.64349, -117.83565], [33.6427, -117.83905], [33.62832, -117.80591], [33.64276, -117.83908], [33.63948, -117.83144], [33.63972, -117.83147], [33.64328, -117.8357], [33.64266, -117.83887], [33.63621, -117.83502], [33.63599, -117.83633], [33.63976, -117.83151], [33.64267, -117.83881], [33.63935, -117.83113], [33.63977, -117.83167], [33.63942, -117.83138], [33.63976, -117.83166], [33.63961, -117.83179], [33.63976, -117.83173], [33.63968, -117.83139], [33.64278, -117.83856], [33.63941, -117.83118], [33.64264, -117.83877], [33.64361, -117.8356], [33.64359, -117.83567], [33.63964, -117.83132], [33.64287, -117.83902], [33.63973, -117.83151], [33.64264, -117.83881], [33.63955, -117.83169], [33.63973, -117.83152], [33.67638, -117.86301], [33.64266, -117.8387], [33.63977, -117.83162], [33.64274, -117.83905], [33.63976, -117.83156], [33.64268, -117.83883]]","[[33.64340617063584, -117.83129506300203], [33.644878514245065, -117.8293125488166], [33.63757088549851, -117.83736691440306]]","[14, 4, 3]","[617.2411746787418, 863.1900420471786, 256.2772025928868]","[[33.64359, -117.83559], [33.63783, -117.83234], [33.63973, -117.83143], [33.64268, -117.83897], [33.63591, -117.83823], [33.63619, -117.835], [33.6359, -117.83639], [33.6285, -117.8061], [33.56461, -117.8299], [33.63679, -117.83931], [33.67638, -117.86301]]",[],[],[],0.4065682888031006,48.81636023521423,1.0188798904418945
8,400,"[33.64025067958688, -117.83443429448087]","[33.63925721122181, -117.83155741577774]",288.74885931270893,"[[33.6367, -117.82814], [33.63704, -117.82792], [33.64266, -117.82974], [33.641, -117.83577], [33.64254, -117.82976], [33.64106, -117.83588], [33.64271, -117.82971], [33.64117, -117.83589], [33.64262, -117.82975], [33.64104, -117.83567], [33.64277, -117.82969], [33.641, -117.8359], [33.6427, -117.82968], [33.64105, -117.83588], [33.6428, -117.82968], [33.64102, -117.83581], [33.64268, -117.82971], [33.64105, -117.83587], [33.63713, -117.83523], [33.63721, -117.83518], [33.63688, -117.82819], [33.63717, -117.82795], [33.64271, -117.82973], [33.64096, -117.83554], [33.63622, -117.82801], [33.63687, -117.82787], [33.63727, -117.82795], [33.63696, -117.82789], [33.64277, -117.82969], [33.64104, -117.83588], [33.64094, -117.83543], [33.64091, -117.83565], [33.64276, -117.8297], [33.64089, -117.83545], [33.63722, -117.83516], [33.6372, -117.83518], [33.64266, -117.82973], [33.64103, -117.83585], [33.6426, -117.82971], [33.64106, -117.83585], [33.63661, -117.82811], [33.63682, -117.82784], [33.64275, -117.82967], [33.64102, -117.83579], [33.63664, -117.82809], [33.63713, -117.8352], [33.63677, -117.82816], [33.63683, -117.82785], [33.63686, -117.82814], [33.63713, -117.83519], [33.63687, -117.82817], [33.63677, -117.82785], [33.6368, -117.82811], [33.63704, -117.82793], [33.64285, -117.8296], [33.64103, -117.83581], [33.64096, -117.83545], [33.64094, -117.83576], [33.63688, -117.82785], [33.63723, -117.82799], [33.64262, -117.82975], [33.64109, -117.83597], [33.63639, -117.8281], [33.6368, -117.82784], [33.6411, -117.83587], [33.64102, -117.83583], [33.63664, -117.82811], [33.63713, -117.82795], [33.63624, -117.82807], [33.63712, -117.82796], [33.64271, -117.82965], [33.64087, -117.83542], [33.64272, -117.82968], [33.64104, -117.83596], [33.64269, -117.82969], [33.64104, -117.83589], [33.64284, -117.82964], [33.64107, -117.83585], [33.63681, -117.82816], [33.63716, -117.82796], [33.62832, -117.80591], [33.64103, -117.83582], [33.63693, -117.82784], [33.63709, -117.82794], [33.64264, -117.82971], [33.64099, -117.83554], [33.63685, -117.82815], [33.63688, -117.82786], [33.63632, -117.82805], [33.63705, -117.82795], [33.64273, -117.82967], [33.64107, -117.8359], [33.64097, -117.83547], [33.64111, -117.83587], [33.64285, -117.82964], [33.64107, -117.83591], [33.63666, -117.82819], [33.63707, -117.82792], [33.63641, -117.82813], [33.63712, -117.82794], [33.67638, -117.86301], [33.64094, -117.8356], [33.64268, -117.82968], [33.6411, -117.83601], [33.6363, -117.82808], [33.63692, -117.82789], [33.64275, -117.82971], [33.64086, -117.83544], [33.63625, -117.82804], [33.63696, -117.8279], [33.63662, -117.82812], [33.63713, -117.82797], [33.6368, -117.82782], [33.63723, -117.82799], [33.63685, -117.82815], [33.63718, -117.82796], [33.64277, -117.82963], [33.64107, -117.83595], [33.64258, -117.82974], [33.64099, -117.83574], [33.64265, -117.82969], [33.64106, -117.83588], [33.64274, -117.82969], [33.64107, -117.83589], [33.63656, -117.82817], [33.63721, -117.82798], [33.67733, -117.85939], [33.64106, -117.83592], [33.64281, -117.82966], [33.64088, -117.83544], [33.63679, -117.8282], [33.64096, -117.83556], [33.63681, -117.82814], [33.63721, -117.828], [33.64254, -117.82977], [33.64088, -117.83547], [33.63676, -117.8282], [33.63716, -117.82795], [33.64258, -117.82971], [33.641, -117.83583], [33.64251, -117.8296], [33.64248, -117.82953], [33.64267, -117.82974], [33.64087, -117.83549], [33.63679, -117.82808], [33.64105, -117.83589], [33.63646, -117.82808], [33.63617, -117.82804], [33.63686, -117.82815], [33.63692, -117.82791], [33.6411, -117.83589], [33.63933, -117.83616], [33.64268, -117.82971], [33.64101, -117.83577], [33.64261, -117.82974], [33.6411, -117.83567], [33.64268, -117.82969], [33.63931, -117.83601], [33.64112, -117.83587], [33.64088, -117.83545], [33.637, -117.82789], [33.63719, -117.82799], [33.64278, -117.82969], [33.64086, -117.83545], [33.64254, -117.82976], [33.64255, -117.8297], [33.64268, -117.8297], [33.64091, -117.83558], [33.63717, -117.82793], [33.63696, -117.82789], [33.63683, -117.82819], [33.63715, -117.82796], [33.63664, -117.82809], [33.63717, -117.82796], [33.64271, -117.82968], [33.641, -117.8359], [33.64264, -117.82973], [33.64089, -117.83551], [33.6429, -117.82964], [33.64098, -117.83558], [33.64248, -117.82957], [33.63688, -117.82785], [33.63713, -117.82794], [33.63669, -117.82782], [33.63684, -117.82782], [33.6368, -117.82785], [33.63677, -117.82781], [33.63712, -117.82794], [33.637, -117.82788], [33.63684, -117.82787], [33.64274, -117.82971], [33.64108, -117.83593], [33.63665, -117.82804], [33.63725, -117.83514], [33.6427, -117.82971], [33.64112, -117.83589]]","[[33.63926440336648, -117.83156381855767], [33.644270113842516, -117.83361451680904], [33.639434948584196, -117.81305906557354]]","[28, 9, 5]","[0.9945892856533876, 587.8498589321399, 1716.2677975903405]","[[33.6367, -117.82814], [33.64266, -117.82974], [33.641, -117.83577], [33.63713, -117.83523], [33.62832, -117.80591], [33.67638, -117.86301], [33.67733, -117.85939], [33.63933, -117.83616]]","[[33.6394930724376, -117.83185282746143]]",[3],[37.887890657048985],0.5416851043701172,177.01592016220093,0.8524441719055176
9,400,"[33.64025067958688, -117.83443429448087]","[33.639171683297135, -117.83300165283956]",178.8518217667519,"[[33.64238, -117.82975], [33.64126, -117.83685], [33.63785, -117.82867], [33.63831, -117.8287], [33.64185, -117.82984], [33.64117, -117.83701], [33.64192, -117.82981], [33.64128, -117.83665], [33.63801, -117.82884], [33.63826, -117.82865], [33.64239, -117.82978], [33.64248, -117.83638], [33.63782, -117.82871], [33.6382, -117.82861], [33.64264, -117.83622], [33.64206, -117.836], [33.63843, -117.82878], [33.63831, -117.82868], [33.63783, -117.82863], [33.63824, -117.82864], [33.63833, -117.82865], [33.63836, -117.82873], [33.64184, -117.82984], [33.64131, -117.83661], [33.64218, -117.8298], [33.64128, -117.8366], [33.64182, -117.82983], [33.64121, -117.83675], [33.64184, -117.82982], [33.64124, -117.83654], [33.63597, -117.83505], [33.63599, -117.83633], [33.63789, -117.82865], [33.63827, -117.82869], [33.64208, -117.82978], [33.64119, -117.83665], [33.64167, -117.82988], [33.64129, -117.83687], [33.63783, -117.82875], [33.64123, -117.83663], [33.6419, -117.82985], [33.64119, -117.83667], [33.63788, -117.82867], [33.63827, -117.82863], [33.63796, -117.8288], [33.6382, -117.82859], [33.63805, -117.8289], [33.63837, -117.82875], [33.64192, -117.8298], [33.64128, -117.83673], [33.63804, -117.82886], [33.63831, -117.8287], [33.64195, -117.82982], [33.6412, -117.83663], [33.64202, -117.83599], [33.64222, -117.83615], [33.64184, -117.82985], [33.64254, -117.83645], [33.64179, -117.82985], [33.64242, -117.83633], [33.64199, -117.8298], [33.64124, -117.83654], [33.63837, -117.82874], [33.63822, -117.82866], [33.64183, -117.82984], [33.64128, -117.83658], [33.63835, -117.82875], [33.63828, -117.82869], [33.63808, -117.82883], [33.63815, -117.82856], [33.63802, -117.82887], [33.63835, -117.82875], [33.63779, -117.82862], [33.63837, -117.82877], [33.63837, -117.82871], [33.63833, -117.82872], [33.64265, -117.83624], [33.64114, -117.83686], [33.63796, -117.82877], [33.63826, -117.82866], [33.64267, -117.83627], [33.64251, -117.83639], [33.63809, -117.82888], [33.63828, -117.82871], [33.63796, -117.82875], [33.6383, -117.82869], [33.67733, -117.85939], [33.64114, -117.83685], [33.64245, -117.8298], [33.64136, -117.83659], [33.64263, -117.83623], [33.64211, -117.83602], [33.64206, -117.82983], [33.64195, -117.83586], [33.63801, -117.82882], [33.63831, -117.82869], [33.64186, -117.82984], [33.64253, -117.83643], [33.64185, -117.82983], [33.64131, -117.83649], [33.64238, -117.83634], [33.64247, -117.83641], [33.63806, -117.82887], [33.63828, -117.82867], [33.6415, -117.82964], [33.64143, -117.82963], [33.63796, -117.82876], [33.63758, -117.82912], [33.64184, -117.82981], [33.64127, -117.83659], [33.6381, -117.82888], [33.63711, -117.83665], [33.6419, -117.82983], [33.64129, -117.83652], [33.62832, -117.80591], [33.64205, -117.83597]]","[[33.63919317631632, -117.83301215414592], [33.64308142497592, -117.81466866781169], [33.64355962288901, -117.81257201872559]]","[35, 12, 12]","[2.575308152756351, 1755.1924823625388, 1956.7737723283433]","[[33.64238, -117.82975], [33.64126, -117.83685], [33.63785, -117.82867], [33.64248, -117.83638], [33.63597, -117.83505], [33.63599, -117.83633], [33.67733, -117.85939], [33.63711, -117.83665], [33.62832, -117.80591]]",[],[],[],0.3817417621612549,58.42324948310852,0.7242648601531982
0,600,"[33.64025067958688, -117.83443429448087]","[33.63664558795505, -117.83578902702473]",419.14926010511147,"[[33.63944, -117.83024], [33.64199, -117.83743], [33.6385, -117.82945], [33.63896, -117.82975], [33.64216, -117.83611], [33.64222, -117.83615], [33.63973, -117.83023], [33.642, -117.83732], [33.63955, -117.83023], [33.64197, -117.83741], [33.63955, -117.83021], [33.64209, -117.83724], [33.63906, -117.82988], [33.63908, -117.82998], [33.63953, -117.83022], [33.64225, -117.83735], [33.63871, -117.82979], [33.63888, -117.82962], [33.67638, -117.86301], [33.64192, -117.83738], [33.63864, -117.8297], [33.63884, -117.82953], [33.63871, -117.8292], [33.63911, -117.83], [33.63887, -117.82952], [33.63885, -117.82953], [33.64009, -117.83013], [33.64209, -117.83733], [33.63857, -117.82959], [33.63909, -117.82997], [33.63951, -117.83021], [33.64195, -117.83732], [33.63981, -117.83017], [33.64206, -117.83728], [33.63846, -117.82946], [33.63897, -117.82975], [33.63947, -117.83024], [33.64041, -117.84052], [33.63888, -117.82951], [33.63886, -117.8296], [33.63951, -117.83023], [33.64191, -117.83745], [33.63877, -117.82981], [33.64221, -117.83737], [33.63234, -117.83995], [33.63237, -117.83986], [33.63859, -117.82961], [33.63895, -117.82969], [33.63957, -117.83021], [33.64218, -117.83738], [33.63948, -117.83026], [33.64194, -117.83746], [33.64267, -117.83627], [33.64251, -117.83639], [33.63946, -117.83025], [33.64199, -117.8373], [33.6387, -117.82979], [33.63893, -117.82967], [33.63897, -117.82972], [33.63894, -117.82967], [33.63959, -117.83022], [33.64209, -117.83734], [33.63977, -117.83014], [33.64191, -117.83734], [33.63907, -117.82984], [33.63897, -117.82973], [33.63952, -117.83005], [33.63933, -117.83004], [33.63973, -117.83018], [33.64197, -117.83745], [33.6397, -117.83018], [33.64193, -117.83747], [33.63843, -117.82927], [33.63895, -117.82973], [33.6398, -117.83017], [33.64192, -117.83733], [33.63961, -117.83022], [33.64217, -117.83739], [33.63853, -117.82948], [33.63895, -117.82969], [33.64233, -117.836], [33.6285, -117.8061], [33.63859, -117.82961], [33.63855, -117.82901], [33.63861, -117.82973], [33.63889, -117.82962], [33.63873, -117.82929], [33.63887, -117.82958], [33.64256, -117.83614], [33.64233, -117.83734], [33.63856, -117.8296], [33.64189, -117.83745], [33.63948, -117.83025], [33.642, -117.83739], [33.6323, -117.83999], [33.63235, -117.83989], [33.63906, -117.82992], [33.63899, -117.8298], [33.63859, -117.82954], [33.63905, -117.82997], [33.63891, -117.82959], [33.63892, -117.82965], [33.63841, -117.82933], [33.63895, -117.8297], [33.64265, -117.83624], [33.64227, -117.83735], [33.63945, -117.83025], [33.64215, -117.83733], [33.63977, -117.83014], [33.64225, -117.83738], [33.63946, -117.83023], [33.64212, -117.83737], [33.64238, -117.83634], [33.64247, -117.83641], [33.63859, -117.82959], [33.6387, -117.82926], [33.63848, -117.82948], [33.63903, -117.82989]]","[[33.63658674246887, -117.83572785635872], [33.63738604759107, -117.83378561000768], [33.63829368887098, -117.83190416828899]]","[61, 49, 19]","[8.649170283902308, 203.20514274339965, 404.1263577484436]","[[33.63944, -117.83024], [33.64199, -117.83743], [33.64216, -117.83611], [33.67638, -117.86301], [33.64041, -117.84052], [33.63234, -117.83995], [33.6285, -117.8061]]",[],[],[],0.37188267707824707,60.10925483703613,0.49874234199523926
1,600,"[33.64025067958688, -117.83443429448087]","[33.63642014063068, -117.83706106919824]",489.79687764801304,"[[33.63985, -117.83199], [33.63986, -117.83204], [33.63973, -117.83143], [33.64183, -117.83747], [33.6398, -117.83163], [33.64184, -117.83735], [33.63974, -117.83148], [33.63948, -117.83139], [33.63979, -117.83165], [33.63971, -117.83149], [33.63958, -117.83181], [33.63978, -117.83159], [33.63988, -117.83195], [33.64193, -117.83747], [33.63946, -117.83125], [33.63975, -117.83165], [33.63978, -117.83156], [33.64185, -117.83734], [33.64202, -117.83599], [33.64173, -117.83569], [33.6398, -117.83158], [33.6423, -117.83737], [33.63958, -117.83169], [33.64189, -117.83745], [33.63971, -117.83146], [33.64186, -117.8373], [33.63948, -117.8314], [33.64254, -117.83645], [33.63948, -117.8313], [33.63897, -117.83124], [33.63954, -117.83162], [33.63974, -117.83165], [33.63984, -117.83199], [33.64209, -117.83724], [33.63957, -117.83152], [33.6397, -117.83151], [33.63951, -117.83148], [33.63974, -117.83155], [33.63986, -117.83197], [33.64212, -117.83737], [33.63951, -117.8316], [33.63972, -117.83154], [33.6394, -117.83116], [33.63985, -117.83197], [33.63991, -117.83209], [33.64192, -117.83733], [33.63988, -117.83195], [33.64196, -117.83744], [33.63982, -117.83187], [33.64189, -117.83733], [33.63977, -117.83184], [33.64184, -117.83746], [33.64169, -117.8355], [33.63877, -117.83117], [33.63935, -117.83113], [33.63977, -117.83167], [33.63977, -117.83162], [33.64195, -117.83732], [33.63975, -117.83154], [33.64106, -117.84054], [33.6394, -117.83118], [33.63978, -117.83171], [33.63969, -117.83134], [33.64187, -117.83745], [33.63985, -117.83196], [33.64173, -117.83564], [33.63976, -117.83159], [33.64213, -117.83735], [33.63955, -117.83169], [33.63973, -117.83152], [33.6397, -117.83151], [33.64197, -117.83741], [33.63952, -117.83153], [33.63976, -117.83164], [33.63963, -117.83123], [33.642, -117.83739], [33.63935, -117.83123], [33.6397, -117.83144], [33.63989, -117.83204], [33.63976, -117.8316], [33.63979, -117.83161], [33.64184, -117.83744], [33.63967, -117.83141], [33.64183, -117.83751], [33.63933, -117.83098], [33.63974, -117.83152], [33.63192, -117.84106], [33.63198, -117.84089], [33.64167, -117.8355], [33.6388, -117.83117], [33.6395, -117.83145], [33.6398, -117.83173], [33.63963, -117.83114], [33.63978, -117.83164], [33.63968, -117.83139], [33.64172, -117.83567], [33.63981, -117.8318], [33.64185, -117.83734], [33.63973, -117.83151], [33.64209, -117.83734], [33.63937, -117.83113], [33.6398, -117.83173], [33.67638, -117.86301], [33.64192, -117.83738], [33.6398, -117.83166], [33.63978, -117.83171], [33.63959, -117.83175], [33.63974, -117.83156], [33.64175, -117.83571], [33.64172, -117.83565], [33.63966, -117.83137], [33.63976, -117.83164], [33.63964, -117.83132], [33.64231, -117.83723], [33.63987, -117.83202], [33.64192, -117.83734], [33.63978, -117.83155], [33.63972, -117.83148], [33.63183, -117.84131], [33.56461, -117.8299], [33.63971, -117.8316], [33.64191, -117.83745], [33.64176, -117.83549], [33.64186, -117.83742], [33.63987, -117.83203], [33.64185, -117.83746], [33.63985, -117.83201], [33.64195, -117.83741], [33.63977, -117.83151], [33.64187, -117.83745], [33.63979, -117.83167], [33.63974, -117.83154], [33.63971, -117.83134], [33.64189, -117.83733], [33.63972, -117.83147], [33.64185, -117.83745], [33.63953, -117.83151], [33.63962, -117.83128], [33.63933, -117.83103], [33.63747, -117.83059], [33.63958, -117.8311], [33.63971, -117.83147], [33.63986, -117.83206], [33.64193, -117.83738], [33.63961, -117.83179], [33.63976, -117.83173], [33.63984, -117.83203], [33.64174, -117.83565], [33.63982, -117.83158], [33.63975, -117.83159], [33.6398, -117.83154], [33.63975, -117.83154], [33.63943, -117.83132], [33.63935, -117.83125], [33.63967, -117.83109], [33.64187, -117.83731], [33.63976, -117.83156], [33.64183, -117.83746], [33.6417, -117.8355], [33.64206, -117.836], [33.64164, -117.83531], [33.6285, -117.8061], [33.6396, -117.83124], [33.64191, -117.83734], [33.63982, -117.83176], [33.64191, -117.83741], [33.63938, -117.8311], [33.63986, -117.83195], [33.63945, -117.83127], [33.63978, -117.83164], [33.63936, -117.83114], [33.63985, -117.83197], [33.67733, -117.85939], [33.64217, -117.83736], [33.63969, -117.83141], [33.64212, -117.8373], [33.63942, -117.83138], [33.63982, -117.83196], [33.6397, -117.83135], [33.64186, -117.83744], [33.63948, -117.83144], [33.63972, -117.83147], [33.63953, -117.83159], [33.64174, -117.83568], [33.63941, -117.83118], [33.64219, -117.83736], [33.6394, -117.83107], [33.63983, -117.83201], [33.64178, -117.83552], [33.64186, -117.83747], [33.63978, -117.83159], [33.64199, -117.8373], [33.63954, -117.83159], [33.63461, -117.84317]]","[[33.63643773982364, -117.83708334652562], [33.63825870227547, -117.83686049178358], [33.640136931868845, -117.83666703599101]]","[57, 36, 20]","[2.842909256043588, 204.77291452368874, 413.8687656866624]","[[33.63985, -117.83199], [33.64183, -117.83747], [33.64202, -117.83599], [33.64254, -117.83645], [33.64106, -117.84054], [33.63192, -117.84106], [33.67638, -117.86301], [33.56461, -117.8299], [33.63747, -117.83059], [33.6285, -117.8061], [33.67733, -117.85939], [33.63461, -117.84317]]",[],[],[],0.5840291976928711,177.1342055797577,1.7498157024383545
2,600,"[33.64025067958688, -117.83443429448087]","[33.641956984040796, -117.83857722709945]",428.4155267854699,"[[33.63973, -117.83265], [33.63949, -117.83282], [33.63947, -117.83282], [33.64419, -117.84467], [33.63944, -117.83285], [33.64412, -117.84464], [33.63951, -117.83273], [33.63949, -117.83281], [33.6395, -117.8328], [33.63977, -117.83257], [33.63946, -117.83279], [33.64419, -117.84472], [33.6476, -117.83518], [33.64415, -117.84474], [33.63952, -117.83279], [33.63947, -117.83283], [33.63951, -117.83277], [33.63976, -117.8326], [33.63943, -117.83281], [33.63738, -117.83504], [33.6395, -117.83279], [33.63948, -117.83279], [33.6395, -117.83278], [33.63649, -117.83937], [33.63951, -117.8328], [33.63952, -117.83279], [33.6395, -117.8328], [33.63946, -117.83283], [33.63945, -117.83284], [33.63947, -117.83282], [33.63951, -117.83276], [33.63984, -117.83256], [33.63949, -117.83276], [33.64423, -117.84458], [33.6395, -117.83279], [33.64414, -117.84467], [33.63946, -117.8328], [33.64426, -117.84467], [33.63945, -117.83283], [33.64411, -117.84461], [33.63747, -117.83486], [33.56461, -117.8299], [33.63951, -117.83279], [33.6441, -117.84457], [33.63747, -117.83489], [33.63735, -117.83506], [33.6395, -117.83276], [33.63947, -117.83282], [33.63948, -117.83274], [33.63945, -117.83284], [33.63946, -117.83281], [33.63948, -117.83282], [33.64654, -117.83513], [33.6442, -117.84452], [33.63947, -117.83282], [33.64426, -117.84478], [33.63949, -117.83281], [33.64423, -117.84478], [33.63951, -117.83274], [33.63944, -117.83283], [33.63989, -117.83256], [33.63978, -117.83258], [33.63951, -117.83273], [33.64418, -117.84468], [33.63953, -117.83275], [33.64417, -117.84464], [33.64688, -117.83517], [33.64159, -117.84568], [33.63954, -117.83278], [33.64411, -117.84459], [33.64736, -117.83516], [33.64747, -117.83542], [33.63947, -117.83274], [33.64415, -117.84454], [33.6395, -117.8328], [33.64443, -117.8449], [33.6395, -117.83276], [33.64407, -117.84457], [33.63945, -117.8327], [33.64415, -117.84464], [33.63948, -117.83279], [33.63945, -117.83284], [33.63974, -117.83267], [33.64422, -117.84453], [33.6395, -117.83281], [33.63973, -117.83261], [33.64725, -117.83517], [33.63714, -117.83531], [33.63949, -117.83279], [33.64415, -117.8447], [33.63946, -117.83277], [33.64414, -117.84457], [33.63973, -117.83268], [33.64429, -117.84479], [33.63951, -117.83279], [33.63949, -117.8328], [33.62832, -117.80591], [33.64159, -117.84542], [33.63948, -117.83279], [33.64419, -117.84469], [33.63949, -117.83278], [33.63947, -117.83283], [33.63954, -117.83279], [33.64423, -117.84472], [33.63946, -117.83273], [33.64426, -117.84475], [33.63952, -117.83279], [33.64413, -117.84457], [33.64001, -117.83246], [33.6398, -117.83256], [33.63952, -117.83276], [33.63946, -117.83282], [33.63968, -117.83271], [33.63953, -117.83277], [33.63953, -117.83275], [33.63941, -117.83272], [33.63734, -117.83508], [33.63737, -117.83507], [33.64718, -117.83516], [33.63771, -117.83393], [33.64255, -117.83167], [33.6442, -117.84468], [33.63947, -117.83277], [33.64415, -117.84461], [33.63948, -117.83281], [33.64154, -117.84559], [33.63951, -117.83278], [33.63959, -117.83276], [33.63955, -117.83276], [33.64422, -117.84476], [33.63952, -117.83278], [33.63984, -117.83254], [33.63955, -117.83275], [33.63982, -117.83255], [33.63959, -117.83272], [33.64424, -117.84478], [33.63946, -117.83282], [33.64414, -117.84466], [33.63949, -117.83279], [33.64409, -117.84455], [33.63949, -117.83271], [33.63951, -117.83279], [33.6395, -117.8328], [33.64419, -117.84468], [33.63954, -117.83272], [33.63981, -117.83257], [33.63954, -117.83277], [33.63948, -117.83282], [33.63951, -117.83278], [33.63957, -117.83276], [33.63952, -117.83278], [33.64404, -117.84458], [33.63951, -117.83275], [33.63948, -117.83281], [33.6395, -117.83276], [33.63948, -117.83282], [33.63947, -117.83281], [33.63735, -117.83511], [33.63947, -117.83277], [33.64422, -117.84476], [33.63943, -117.83283], [33.64409, -117.84456], [33.63972, -117.83267], [33.64415, -117.84463], [33.63949, -117.83281], [33.63947, -117.83283], [33.6395, -117.83281], [33.63954, -117.83279], [33.63987, -117.83261], [33.63978, -117.83258], [33.63949, -117.83276], [33.64421, -117.84467], [33.63954, -117.83277], [33.64415, -117.84463], [33.64674, -117.83513], [33.64421, -117.84474], [33.63951, -117.8328], [33.64409, -117.84462], [33.63951, -117.83278], [33.63967, -117.8327], [33.63949, -117.83278], [33.64423, -117.84477], [33.63946, -117.83281], [33.6441, -117.84461], [33.63946, -117.83282], [33.6285, -117.8061], [33.63949, -117.83279], [33.64417, -117.84464], [33.63947, -117.83279], [33.64412, -117.84461], [33.63962, -117.83274], [33.64414, -117.84453], [33.6395, -117.83276], [33.64409, -117.84457], [33.63948, -117.83279], [33.63946, -117.83283]]","[[33.64191185098901, -117.83859907093932], [33.64066276109086, -117.83689477257867], [33.641082385725575, -117.83667068707265]]","[351, 62, 47]","[5.400587751177999, 212.05808099579224, 201.72739990862632]","[[33.63973, -117.83265], [33.64419, -117.84467], [33.6476, -117.83518], [33.63738, -117.83504], [33.63649, -117.83937], [33.56461, -117.8299], [33.64159, -117.84568], [33.62832, -117.80591], [33.63771, -117.83393], [33.64255, -117.83167]]",[],[],[],0.8135874271392822,178.1708221435547,1.4994707107543945
3,600,"[33.64025067958688, -117.83443429448087]","[33.64088975773103, -117.83729562077315]",274.7523544137991,"[[33.64725, -117.83517], [33.6382, -117.83165], [33.63936, -117.83104], [33.63555, -117.83881], [33.63927, -117.83036], [33.64354, -117.84311], [33.63953, -117.831], [33.63936, -117.83058], [33.63944, -117.83071], [33.64351, -117.84303], [33.67638, -117.86301], [33.64354, -117.84296], [33.63952, -117.83099], [33.64349, -117.84309], [33.63944, -117.83063], [33.64351, -117.84304], [33.63955, -117.83095], [33.64356, -117.84316], [33.63956, -117.83091], [33.6394, -117.83064], [33.6395, -117.83081], [33.64354, -117.8432], [33.63951, -117.83089], [33.63913, -117.83052], [33.63957, -117.83097], [33.64351, -117.84321], [33.63938, -117.83054], [33.64351, -117.84301], [33.63942, -117.83057], [33.63939, -117.83059], [33.63952, -117.831], [33.64354, -117.84309], [33.6394, -117.83072], [33.64365, -117.84341], [33.63947, -117.83077], [33.6394, -117.83065], [33.63924, -117.83088], [33.63939, -117.83064], [33.63954, -117.83097], [33.64355, -117.84317], [33.63957, -117.83099], [33.64351, -117.84305], [33.63933, -117.83095], [33.63937, -117.83063], [33.63951, -117.83088], [33.64352, -117.84306], [33.63956, -117.83096], [33.64354, -117.84312], [33.63941, -117.83065], [33.64356, -117.84333], [33.63925, -117.83074], [33.64355, -117.84329], [33.63952, -117.83092], [33.64352, -117.84324], [33.63934, -117.831], [33.63955, -117.83097], [33.63936, -117.83103], [33.63951, -117.83099], [33.64609, -117.83512], [33.64361, -117.84321], [33.63926, -117.83079], [33.63953, -117.83091], [33.6393, -117.83033], [33.64353, -117.84295], [33.63924, -117.83074], [33.63953, -117.83098], [33.63943, -117.83062], [33.64352, -117.84321], [33.63915, -117.83065], [33.63945, -117.83074], [33.63907, -117.83057], [33.63938, -117.83063], [33.63947, -117.83087], [33.64353, -117.84333], [33.646, -117.83513], [33.63831, -117.83151], [33.63549, -117.83683], [33.56461, -117.8299], [33.6393, -117.83094], [33.63955, -117.83097], [33.63956, -117.83096], [33.63939, -117.83066], [33.63956, -117.831], [33.64354, -117.84312], [33.63931, -117.83087], [33.63939, -117.83068], [33.64617, -117.83514], [33.64642, -117.83535], [33.63922, -117.83078], [33.64167, -117.84397], [33.63923, -117.83084], [33.63936, -117.83057], [33.63958, -117.83101], [33.64357, -117.84306], [33.62832, -117.80591], [33.64164, -117.84417], [33.63939, -117.83108], [33.63943, -117.83072], [33.63938, -117.83055], [33.63922, -117.83071], [33.63942, -117.83063], [33.64354, -117.84329], [33.63933, -117.83097], [33.63913, -117.83065], [33.63955, -117.83097], [33.64353, -117.8431], [33.63953, -117.83086], [33.64351, -117.84301], [33.63953, -117.8309], [33.64354, -117.84326], [33.63943, -117.83065], [33.63942, -117.83068], [33.63957, -117.831], [33.64357, -117.84339], [33.63951, -117.83088], [33.63958, -117.83097], [33.63935, -117.83105], [33.6435, -117.84297], [33.63927, -117.83094], [33.63947, -117.83084], [33.6395, -117.83095], [33.64354, -117.84329], [33.63931, -117.831], [33.63939, -117.83063]]","[[33.644691904656476, -117.828854195042], [33.64088461319329, -117.83730846986646], [33.64577090704333, -117.82651045141753]]","[16, 12, 10]","[889.4411465645525, 1.3215668304866681, 1137.6170556394654]","[[33.64725, -117.83517], [33.6382, -117.83165], [33.63936, -117.83104], [33.63555, -117.83881], [33.64354, -117.84311], [33.67638, -117.86301], [33.64609, -117.83512], [33.63549, -117.83683], [33.56461, -117.8299], [33.64167, -117.84397], [33.62832, -117.80591]]","[[33.64097184249536, -117.83721372884963]]",[3],[11.857920626074453],0.6124715805053711,35.98380422592163,1.2485694885253906
4,600,"[33.64025067958688, -117.83443429448087]","[33.64325310293508, -117.8364688821456]",382.7881067510146,"[[33.63959, -117.83112], [33.64354, -117.84311], [33.63964, -117.83122], [33.64352, -117.84306], [33.6396, -117.83118], [33.6436, -117.84311], [33.64956, -117.83537], [33.64848, -117.83815], [33.63974, -117.83148], [33.64357, -117.84306], [33.63972, -117.83145], [33.63966, -117.83131], [33.63946, -117.83125], [33.63961, -117.83123], [33.6397, -117.83135], [33.64356, -117.84316], [33.63977, -117.83151], [33.64354, -117.84312], [33.63963, -117.83123], [33.64365, -117.84341], [33.63941, -117.83118], [33.64354, -117.84302], [33.6396, -117.8311], [33.64351, -117.84303], [33.63936, -117.83103], [33.63951, -117.83099], [33.63974, -117.83149], [33.64354, -117.84329], [33.64904, -117.83537], [33.6285, -117.8061], [33.63954, -117.83159], [33.63797, -117.83437], [33.63968, -117.83121], [33.64354, -117.84317], [33.63973, -117.83143], [33.64352, -117.84312], [33.63952, -117.83159], [33.63955, -117.83102], [33.63952, -117.83092], [33.64352, -117.84324], [33.6395, -117.83145], [33.63955, -117.83097], [33.63957, -117.83104], [33.64356, -117.84333], [33.63931, -117.831], [33.63966, -117.83137], [33.63948, -117.8314], [33.64355, -117.84329], [33.63954, -117.83162], [33.63962, -117.83126], [33.63973, -117.83143], [33.64349, -117.84299], [33.63935, -117.83123], [33.6397, -117.83144], [33.63965, -117.83125], [33.63973, -117.83153], [33.67733, -117.85939], [33.64352, -117.84304], [33.63977, -117.83151], [33.6397, -117.83153], [33.63965, -117.83114], [33.64352, -117.84321], [33.63964, -117.83132], [33.64352, -117.84293], [33.63952, -117.83153], [33.63968, -117.8314], [33.63957, -117.83152], [33.6397, -117.83151], [33.63966, -117.83123], [33.64351, -117.84305], [33.63974, -117.83148], [33.63948, -117.83139], [33.63958, -117.8311], [33.63971, -117.83147], [33.63933, -117.83103], [33.63809, -117.83436], [33.63969, -117.83129], [33.63957, -117.83108], [33.63957, -117.83097], [33.64351, -117.84321], [33.63964, -117.83137], [33.64352, -117.84321], [33.63958, -117.83169], [33.6435, -117.84297], [33.63968, -117.83122], [33.6435, -117.84294], [33.67638, -117.86301], [33.64354, -117.84296], [33.6394, -117.83118], [33.6396, -117.83114], [33.63964, -117.83122], [33.63971, -117.83149], [33.63936, -117.83114], [33.63973, -117.83148], [33.63811, -117.83432], [33.56461, -117.8299], [33.63966, -117.83137], [33.63959, -117.83112], [33.63966, -117.83125], [33.64353, -117.84302], [33.63973, -117.83144], [33.64354, -117.8432], [33.63976, -117.83151], [33.64354, -117.84326], [33.63975, -117.83154], [33.64349, -117.84314], [33.63973, -117.83151], [33.64352, -117.84312], [33.63935, -117.83113], [33.63965, -117.83128], [33.6397, -117.83151], [33.64347, -117.84294], [33.63969, -117.83129], [33.64353, -117.84295], [33.63975, -117.83154], [33.63807, -117.83868], [33.64889, -117.83537], [33.64211, -117.84304], [33.63948, -117.8313], [33.63908, -117.83148], [33.63967, -117.83127], [33.63974, -117.83154], [33.63968, -117.83133], [33.64351, -117.84312], [33.63943, -117.83132], [33.63935, -117.83125], [33.64911, -117.83533], [33.63794, -117.83426], [33.63955, -117.83097], [33.64353, -117.8431], [33.63971, -117.83134], [33.64351, -117.84301], [33.63933, -117.83098], [33.63811, -117.83438], [33.63969, -117.83134], [33.64357, -117.84339], [33.6397, -117.83144], [33.63949, -117.83139], [33.63937, -117.83113], [33.63964, -117.83121], [33.62832, -117.80591], [33.64201, -117.84318], [33.63938, -117.8311], [33.63963, -117.8311], [33.6394, -117.83056], [33.63972, -117.83148], [33.63967, -117.83109], [33.64354, -117.84293], [33.64867, -117.8352], [33.6435, -117.84314], [33.63808, -117.83428], [33.63798, -117.83438], [33.63967, -117.83141], [33.64349, -117.84309], [33.63969, -117.83141], [33.64354, -117.84309], [33.63955, -117.83169], [33.63973, -117.83152], [33.63963, -117.83114], [33.6396, -117.83109], [33.63968, -117.83132], [33.64355, -117.84331]]","[[33.6432283092359, -117.83647294555693], [33.64165146762311, -117.83519399427519], [33.64259799946518, -117.83876792620731]]","[56, 10, 4]","[2.775732599684526, 213.4163696806224, 225.31885244313787]","[[33.63959, -117.83112], [33.64354, -117.84311], [33.64956, -117.83537], [33.64848, -117.83815], [33.64904, -117.83537], [33.6285, -117.8061], [33.63797, -117.83437], [33.67733, -117.85939], [33.67638, -117.86301], [33.56461, -117.8299], [33.63807, -117.83868], [33.64211, -117.84304]]","[[33.643213016558036, -117.83667512928372]]",[3],[19.64319992710863],0.7541916370391846,220.1446681022644,1.7141132354736328
5,600,"[33.64025067958688, -117.83443429448087]","[33.641354942750155, -117.83840653941473]",388.333401845765,"[[33.63967, -117.83213], [33.63972, -117.83154], [33.63979, -117.83161], [33.644, -117.84439], [33.63959, -117.83183], [33.64396, -117.84431], [33.63989, -117.83204], [33.63976, -117.8316], [33.6398, -117.83166], [33.63974, -117.83158], [33.63967, -117.83109], [33.64397, -117.84436], [33.63964, -117.83209], [33.63974, -117.83155], [33.63963, -117.83114], [33.63978, -117.83164], [33.67733, -117.85939], [33.64396, -117.84438], [33.63965, -117.83214], [33.6396, -117.83211], [33.6398, -117.83163], [33.64395, -117.84434], [33.63976, -117.83151], [33.644, -117.84443], [33.63984, -117.83203], [33.64393, -117.84433], [33.6396, -117.83124], [33.64394, -117.84434], [33.63986, -117.83197], [33.64394, -117.84442], [33.63977, -117.83151], [33.64413, -117.84447], [33.64628, -117.83513], [33.64404, -117.84454], [33.6396, -117.83118], [33.64397, -117.84429], [33.63978, -117.83156], [33.64394, -117.84429], [33.63954, -117.83159], [33.63591, -117.83823], [33.63936, -117.83114], [33.63985, -117.83197], [33.6394, -117.83118], [33.63978, -117.83171], [33.63976, -117.83159], [33.64391, -117.84423], [33.63958, -117.832], [33.63982, -117.83196], [33.64255, -117.83167], [33.64395, -117.84432], [33.63656, -117.83503], [33.6359, -117.83639], [33.63968, -117.83139], [33.64399, -117.84436], [33.63984, -117.83202], [33.63949, -117.83139], [33.63979, -117.83165], [33.63971, -117.83149], [33.63963, -117.83123], [33.64422, -117.84453], [33.63982, -117.83187], [33.64393, -117.84431], [33.63966, -117.83137], [33.63976, -117.83164], [33.62832, -117.80591], [33.64159, -117.84542], [33.63982, -117.83158], [33.63975, -117.83159], [33.63972, -117.8321], [33.63976, -117.83173], [33.64715, -117.83519], [33.6285, -117.8061], [33.63941, -117.83118], [33.64402, -117.84426], [33.6397, -117.8322], [33.6398, -117.83173], [33.6397, -117.83135], [33.64407, -117.84434], [33.63987, -117.83205], [33.64394, -117.84435], [33.63978, -117.83159], [33.64396, -117.84436], [33.63981, -117.8318], [33.64396, -117.84443], [33.63973, -117.83143], [33.64393, -117.84439], [33.6476, -117.83518], [33.64169, -117.84492], [33.63938, -117.8311], [33.63986, -117.83195], [33.63971, -117.83134], [33.64398, -117.84448], [33.63946, -117.83125], [33.63975, -117.83165], [33.63972, -117.83147], [33.64393, -117.84436], [33.63969, -117.83134], [33.64399, -117.8442], [33.63982, -117.83176], [33.64394, -117.8443], [33.63987, -117.83196], [33.64397, -117.84439], [33.63985, -117.83199], [33.63986, -117.83204], [33.63963, -117.83211], [33.6397, -117.83144], [33.64718, -117.83516], [33.63746, -117.83368], [33.63987, -117.83202], [33.64392, -117.84429], [33.63987, -117.83205], [33.63973, -117.83153], [33.63968, -117.83214], [33.63977, -117.83167], [33.63969, -117.83217], [33.63976, -117.83164], [33.63985, -117.83196], [33.64401, -117.8444], [33.6394, -117.83116], [33.63985, -117.83197], [33.63936, -117.83103], [33.63972, -117.83161], [33.63942, -117.83129], [33.64154, -117.84559], [33.63655, -117.83523], [33.63599, -117.83633], [33.63976, -117.83164], [33.64405, -117.84428], [33.63966, -117.83209], [33.63974, -117.83156], [33.63988, -117.83195], [33.64402, -117.84448], [33.6398, -117.83158], [33.64396, -117.84434], [33.6397, -117.8322], [33.63974, -117.83165], [33.63984, -117.83199], [33.64397, -117.84442], [33.63979, -117.83167], [33.63974, -117.83154], [33.63948, -117.83144], [33.63972, -117.83147], [33.63986, -117.83206], [33.64394, -117.84424], [33.6397, -117.83151], [33.64393, -117.84437], [33.63991, -117.83209], [33.64397, -117.84442], [33.63972, -117.83219], [33.63983, -117.83201], [33.63975, -117.83154], [33.63596, -117.83921], [33.6398, -117.83154], [33.63975, -117.83154], [33.64609, -117.83512], [33.64393, -117.84411], [33.63948, -117.8313], [33.63908, -117.83148], [33.63971, -117.8316], [33.64392, -117.84428], [33.63973, -117.83151], [33.64396, -117.84439], [33.63978, -117.83155], [33.63972, -117.83148], [33.63966, -117.83203], [33.6398, -117.83173], [33.63985, -117.83201], [33.64394, -117.84424], [33.63933, -117.83098], [33.63974, -117.83152], [33.64617, -117.83514], [33.64642, -117.83535], [33.63974, -117.83148], [33.63965, -117.832], [33.64725, -117.83517], [33.63707, -117.83399], [33.63957, -117.8318], [33.63982, -117.83196], [33.6398, -117.83166], [33.63978, -117.83171], [33.63953, -117.83151], [33.63962, -117.83128], [33.63955, -117.83169], [33.63973, -117.83152], [33.63988, -117.83195], [33.64399, -117.8444], [33.63967, -117.83141], [33.64395, -117.84437], [33.67638, -117.86301], [33.6439, -117.84412], [33.63964, -117.83208], [33.64391, -117.84418]]","[[33.64132341166425, -117.83836671102857], [33.641415404895696, -117.83837510034157], [33.64743544628602, -117.83948749697834]]","[6, 5, 4]","[5.087593253309357, 7.313009580915723, 681.8392871197532]","[[33.63967, -117.83213], [33.644, -117.84439], [33.67733, -117.85939], [33.64628, -117.83513], [33.63591, -117.83823], [33.64255, -117.83167], [33.63656, -117.83503], [33.6359, -117.83639], [33.62832, -117.80591], [33.64159, -117.84542], [33.64715, -117.83519], [33.63746, -117.83368], [33.63596, -117.83921], [33.63707, -117.83399], [33.67638, -117.86301]]","[[33.64131889034023, -117.83832734844304]]",[3],[8.36441822015383],0.8536398410797119,162.1233696937561,3.875460147857666
6,600,"[33.64025067958688, -117.83443429448087]","[33.64383102813445, -117.83478333297413]",398.4356590612006,"[[33.63925, -117.83074], [33.64398, -117.84132], [33.63919, -117.83063], [33.63938, -117.83057], [33.6395, -117.83081], [33.64344, -117.84149], [33.63951, -117.83088], [33.64333, -117.84127], [33.63936, -117.83114], [33.63945, -117.83074], [33.63838, -117.83404], [33.56461, -117.8299], [33.63944, -117.83071], [33.64331, -117.84125], [33.63936, -117.83104], [33.63846, -117.83387], [33.63938, -117.83055], [33.63922, -117.83071], [33.63917, -117.83051], [33.63939, -117.83064], [33.63934, -117.83059], [33.6433, -117.84124], [33.6394, -117.83056], [33.63937, -117.83056], [33.63931, -117.831], [33.63939, -117.83063], [33.63942, -117.83063], [33.6433, -117.84124], [33.63941, -117.83064], [33.6394, -117.83066], [33.63936, -117.83062], [33.64333, -117.84123], [33.63934, -117.831], [33.6394, -117.83063], [33.63923, -117.83084], [33.63942, -117.83068], [33.64925, -117.83534], [33.64252, -117.84136], [33.63927, -117.83029], [33.64378, -117.84155], [33.63938, -117.83063], [33.63936, -117.83058], [33.63929, -117.8304], [33.64344, -117.84156], [33.63951, -117.83084], [33.6433, -117.8413], [33.63907, -117.83057], [33.63938, -117.83063], [33.64748, -117.82987], [33.64374, -117.84161], [33.67638, -117.86301], [33.64332, -117.84139], [33.6497, -117.83537], [33.63837, -117.83471], [33.63941, -117.83058], [33.64332, -117.84132], [33.64956, -117.83537], [33.64848, -117.83815], [33.63924, -117.83088], [33.63939, -117.83064], [33.63926, -117.83079], [33.63928, -117.8304], [33.63945, -117.83074], [33.64331, -117.84126], [33.63951, -117.83088], [33.63943, -117.8306], [33.63936, -117.83103], [33.63937, -117.83064], [33.6393, -117.83033], [33.64328, -117.8413], [33.63951, -117.83088], [33.64329, -117.84125], [33.63947, -117.83087], [33.64334, -117.84125], [33.63934, -117.83058], [33.64338, -117.84126], [33.6393, -117.83094], [33.63935, -117.83052], [33.63942, -117.83064], [33.6433, -117.84131], [33.63933, -117.83103], [33.63822, -117.83421], [33.63941, -117.83058], [33.6394, -117.83064], [33.63923, -117.83084], [33.63936, -117.83057], [33.63933, -117.83095], [33.63937, -117.83063], [33.63947, -117.83077], [33.6394, -117.83065], [33.63938, -117.83054], [33.6438, -117.84152], [33.63939, -117.83061], [33.64336, -117.84124], [33.63927, -117.83036], [33.64328, -117.84122], [33.6394, -117.83072], [33.64372, -117.84189], [33.63929, -117.83036], [33.64331, -117.84141], [33.63931, -117.83038], [33.64328, -117.84136], [33.63936, -117.83046], [33.63937, -117.83056], [33.63939, -117.83059], [33.63938, -117.83065], [33.63942, -117.83058], [33.64336, -117.84123], [33.63914, -117.83054], [33.64331, -117.8413], [33.63933, -117.83097], [33.63913, -117.83065], [33.63951, -117.83082], [33.64329, -117.8413], [33.63951, -117.83089], [33.63913, -117.83052], [33.63943, -117.83072], [33.64353, -117.84142], [33.63944, -117.83063], [33.64334, -117.84126], [33.63937, -117.83055], [33.64334, -117.84127], [33.63931, -117.83087], [33.63939, -117.83068], [33.63935, -117.83105], [33.6433, -117.84126], [33.63941, -117.83065], [33.64318, -117.84131], [33.63916, -117.83054], [33.6394, -117.83068], [33.63937, -117.83052], [33.63939, -117.83066], [33.63935, -117.83113], [33.63944, -117.83074], [33.64985, -117.83538], [33.63827, -117.83591], [33.64953, -117.83539], [33.64246, -117.84144], [33.63922, -117.83078], [33.64241, -117.84132], [33.63929, -117.83037], [33.64324, -117.84128], [33.63914, -117.83056], [33.63942, -117.83067], [33.63938, -117.83056], [33.64326, -117.84122], [33.6393, -117.83038], [33.64346, -117.84151], [33.63938, -117.8311], [33.63922, -117.83024], [33.63934, -117.83049], [33.64331, -117.8413], [33.67733, -117.85939], [33.64391, -117.84126], [33.64973, -117.83536], [33.64396, -117.84135], [33.63931, -117.83096], [33.6394, -117.83065], [33.63935, -117.83041], [33.64346, -117.84133], [33.63936, -117.83097], [33.63908, -117.83148], [33.63931, -117.83047], [33.64332, -117.84131], [33.63927, -117.83094], [33.63947, -117.83084], [33.63943, -117.83066], [33.63934, -117.83059], [33.63953, -117.83086], [33.6433, -117.84126], [33.63926, -117.83084], [33.63947, -117.8308], [33.63944, -117.8307], [33.64351, -117.84142], [33.63943, -117.83062], [33.64327, -117.84128], [33.64926, -117.83538], [33.6285, -117.8061], [33.63808, -117.83428], [33.63844, -117.83401], [33.63937, -117.83054], [33.6394, -117.83061], [33.6395, -117.83086], [33.64331, -117.84128], [33.63929, -117.83037], [33.64333, -117.84126], [33.63939, -117.83108], [33.63943, -117.83072], [33.6393, -117.83033], [33.64338, -117.84152], [33.63942, -117.83057], [33.63939, -117.83059], [33.63924, -117.83041], [33.64336, -117.84128], [33.63948, -117.83077], [33.6433, -117.84124], [33.63941, -117.83061], [33.63939, -117.83066]]","[[33.643814123954044, -117.83480145012919], [33.643881915005686, -117.8346836835744], [33.64204634815829, -117.83401661430581]]","[132, 26, 5]","[2.5179704815952455, 10.831170639765382, 210.3406956547942]","[[33.63925, -117.83074], [33.64398, -117.84132], [33.63838, -117.83404], [33.56461, -117.8299], [33.64925, -117.83534], [33.64252, -117.84136], [33.64748, -117.82987], [33.67638, -117.86301], [33.64848, -117.83815], [33.63827, -117.83591], [33.67733, -117.85939], [33.6285, -117.8061]]",[],[],[],0.8025364875793457,168.14090943336487,1.9330129623413086
7,600,"[33.64025067958688, -117.83443429448087]","[33.63884765426613, -117.83192741929024]",279.83219310776116,"[[33.64418, -117.82937], [33.64181, -117.83736], [33.64325, -117.83577], [33.64244, -117.83679], [33.63396, -117.83541], [33.63544, -117.83701], [33.63472, -117.82766], [33.63489, -117.82733], [33.6347, -117.82768], [33.63478, -117.82725], [33.6442, -117.82936], [33.64187, -117.83745], [33.64421, -117.82934], [33.64175, -117.83746], [33.64419, -117.82934], [33.64213, -117.83735], [33.63474, -117.82765], [33.63492, -117.82732], [33.63445, -117.82742], [33.63487, -117.8273], [33.64317, -117.83586], [33.64249, -117.83678], [33.64418, -117.82937], [33.64274, -117.83667], [33.64392, -117.82937], [33.64184, -117.83746], [33.64412, -117.82939], [33.64187, -117.83745], [33.63477, -117.82767], [33.63636, -117.83772], [33.64428, -117.82935], [33.64184, -117.83744], [33.64417, -117.82936], [33.6418, -117.83738], [33.63431, -117.83545], [33.63536, -117.83703], [33.63459, -117.82755], [33.63473, -117.82769], [33.63489, -117.82731], [33.63497, -117.82736], [33.64421, -117.82933], [33.64185, -117.83745], [33.63469, -117.82765], [33.63492, -117.82735], [33.64408, -117.82939], [33.64185, -117.83734], [33.64319, -117.83586], [33.64243, -117.83679], [33.64423, -117.82934], [33.64177, -117.83738], [33.64416, -117.82934], [33.6439, -117.82936], [33.63537, -117.83704], [33.56461, -117.8299], [33.63472, -117.82765], [33.63488, -117.82732], [33.64328, -117.8357], [33.64243, -117.83688], [33.64408, -117.82936], [33.64199, -117.8373], [33.64397, -117.82941], [33.64185, -117.83744], [33.64385, -117.8294], [33.64177, -117.83746], [33.64387, -117.82941], [33.64165, -117.83747], [33.64387, -117.82943], [33.64183, -117.83746], [33.63479, -117.82723], [33.63482, -117.82728], [33.64416, -117.82932], [33.64183, -117.83747], [33.63463, -117.82766], [33.63497, -117.82735], [33.63473, -117.82752], [33.63591, -117.83823], [33.64419, -117.82934], [33.64185, -117.83734], [33.63481, -117.82725], [33.63491, -117.82733], [33.6347, -117.82769], [33.63493, -117.82737], [33.6347, -117.82763], [33.63491, -117.82734], [33.63465, -117.82747], [33.64171, -117.83752], [33.6442, -117.82933], [33.64212, -117.8373], [33.644, -117.8294], [33.64249, -117.83671], [33.64393, -117.82935], [33.64195, -117.83732], [33.6347, -117.82763], [33.63469, -117.82766], [33.64425, -117.82935], [33.64186, -117.8373], [33.64418, -117.82934], [33.63917, -117.83867], [33.64388, -117.82944], [33.64187, -117.83731], [33.635, -117.82736], [33.63492, -117.82734], [33.64412, -117.82936], [33.64185, -117.83735], [33.63474, -117.82765], [33.63481, -117.82727], [33.64414, -117.82937], [33.6418, -117.83738], [33.63466, -117.82763], [33.6349, -117.82732], [33.64388, -117.8294], [33.64209, -117.83724], [33.64338, -117.8357], [33.64246, -117.83691], [33.64392, -117.82907], [33.64374, -117.82904], [33.64415, -117.82934], [33.64181, -117.83739], [33.644, -117.82938], [33.64178, -117.83739], [33.64395, -117.82945], [33.64255, -117.8367], [33.64411, -117.82935], [33.64186, -117.83744], [33.63459, -117.82759], [33.63488, -117.82731], [33.64416, -117.82933], [33.64182, -117.83737], [33.67733, -117.85939], [33.64171, -117.83749]]","[[33.63886982143495, -117.83187884843828], [33.6399249380968, -117.83367922121401], [33.641518782229554, -117.81199875210653]]","[59, 13, 10]","[5.133241540048787, 201.71830900486685, 1872.4198574145373]","[[33.64418, -117.82937], [33.64181, -117.83736], [33.64325, -117.83577], [33.64244, -117.83679], [33.63396, -117.83541], [33.63544, -117.83701], [33.63472, -117.82766], [33.63636, -117.83772], [33.56461, -117.8299], [33.63591, -117.83823], [33.63917, -117.83867], [33.67733, -117.85939]]","[[33.63881862855989, -117.83195932883694]]",[5],[4.373605781032863],0.5864403247833252,93.75106549263,1.809736728668213
8,600,"[33.64025067958688, -117.83443429448087]","[33.63861255834392, -117.82991940957744]",456.5708206483263,"[[33.64406, -117.82935], [33.64102, -117.83579], [33.64103, -117.83577], [33.64105, -117.83588], [33.63383, -117.82619], [33.63922, -117.82322], [33.63385, -117.82633], [33.63915, -117.82325], [33.63389, -117.82649], [33.6393, -117.82314], [33.6411, -117.83587], [33.64102, -117.83583], [33.64423, -117.82937], [33.64117, -117.83589], [33.63396, -117.82657], [33.63923, -117.82321], [33.64421, -117.82934], [33.641, -117.83583], [33.64421, -117.82936], [33.64112, -117.8358], [33.63386, -117.82622], [33.63955, -117.82296], [33.6441, -117.8293], [33.64107, -117.83595], [33.64414, -117.82937], [33.64101, -117.83572], [33.63384, -117.82621], [33.6394, -117.82306], [33.63389, -117.82646], [33.63888, -117.82343], [33.67638, -117.86301], [33.64107, -117.83595], [33.64412, -117.82939], [33.64105, -117.83586], [33.6441, -117.82936], [33.64105, -117.83588], [33.63387, -117.8264], [33.63931, -117.82311], [33.64421, -117.82934], [33.64099, -117.83574], [33.64401, -117.82934], [33.64107, -117.83589], [33.64415, -117.82934], [33.64106, -117.83585], [33.63384, -117.82629], [33.63954, -117.823], [33.64414, -117.82936], [33.641, -117.83577], [33.63393, -117.82662], [33.63932, -117.82316], [33.64421, -117.82934], [33.641, -117.8359], [33.64421, -117.82933], [33.64109, -117.83594], [33.64104, -117.83575], [33.64094, -117.83576], [33.64416, -117.82934], [33.64422, -117.82933], [33.64112, -117.83585], [33.64119, -117.83594], [33.64419, -117.82934], [33.64106, -117.83588], [33.64421, -117.82937], [33.64099, -117.83577], [33.64407, -117.82935], [33.641, -117.83573], [33.64429, -117.82935], [33.64105, -117.83587], [33.63386, -117.8262], [33.63933, -117.82316], [33.63385, -117.82621], [33.63926, -117.82319], [33.64426, -117.82937], [33.641, -117.83583], [33.63389, -117.82641], [33.63883, -117.82344], [33.64418, -117.82937], [33.64111, -117.83581], [33.64418, -117.82937], [33.64098, -117.83581], [33.63386, -117.82631], [33.63936, -117.82312], [33.63385, -117.8263], [33.63944, -117.82304], [33.64408, -117.82936], [33.64104, -117.83589], [33.63387, -117.82631], [33.63926, -117.82318], [33.63386, -117.8264], [33.63938, -117.82307], [33.67733, -117.85939], [33.64106, -117.83592], [33.64419, -117.82908], [33.64407, -117.82904], [33.63392, -117.82662], [33.63927, -117.82314], [33.64111, -117.83582], [33.64111, -117.83587], [33.63394, -117.82664], [33.63933, -117.82312], [33.64164, -117.83531], [33.6285, -117.8061], [33.64403, -117.82905], [33.63883, -117.8234], [33.6339, -117.82647], [33.639, -117.82335], [33.6338, -117.82626], [33.63935, -117.82313], [33.64112, -117.83587], [33.641, -117.83581], [33.63388, -117.82638], [33.63891, -117.82339], [33.64428, -117.82935], [33.64104, -117.83588], [33.63535, -117.8353], [33.6359, -117.83639], [33.63383, -117.82617], [33.63912, -117.82327], [33.63387, -117.82633], [33.63918, -117.82323], [33.64419, -117.82936], [33.64099, -117.83578], [33.63384, -117.82624], [33.63916, -117.82323], [33.6339, -117.82632], [33.6388, -117.82343], [33.64427, -117.82937], [33.64104, -117.83578], [33.64409, -117.82941], [33.6411, -117.83567], [33.63387, -117.82636], [33.63378, -117.82627], [33.64424, -117.82935], [33.64101, -117.83577], [33.64418, -117.82937], [33.64106, -117.83596], [33.64418, -117.82934], [33.63931, -117.83635], [33.64417, -117.82936], [33.64105, -117.83585], [33.63383, -117.82628], [33.63888, -117.8234], [33.6442, -117.82933], [33.64107, -117.83585], [33.63387, -117.82627], [33.63942, -117.82307], [33.64416, -117.82932], [33.64107, -117.8359], [33.62832, -117.80591], [33.64103, -117.83582], [33.64411, -117.82935], [33.64107, -117.83588], [33.63388, -117.82633], [33.63937, -117.82313], [33.64408, -117.82939], [33.64107, -117.83591], [33.64416, -117.82933], [33.64103, -117.83581], [33.63641, -117.83589], [33.56461, -117.8299], [33.64401, -117.82937], [33.641, -117.83575], [33.64421, -117.82935], [33.641, -117.8359], [33.63388, -117.82641], [33.63881, -117.82345], [33.64414, -117.82937], [33.64113, -117.83583], [33.6411, -117.83589], [33.64104, -117.83584], [33.64406, -117.82936], [33.64098, -117.83578], [33.64419, -117.82937], [33.64108, -117.83593], [33.63386, -117.82636], [33.64106, -117.83585], [33.64412, -117.82935], [33.6411, -117.83601], [33.64423, -117.82934], [33.64108, -117.83591], [33.63381, -117.82619], [33.63928, -117.82319], [33.63388, -117.82639], [33.63917, -117.82327], [33.6442, -117.82936], [33.64102, -117.83581], [33.63391, -117.82643], [33.63891, -117.82337], [33.6339, -117.82638], [33.63907, -117.82329], [33.64477, -117.82931], [33.64106, -117.83588], [33.64422, -117.82938], [33.64109, -117.83597], [33.63386, -117.82632], [33.63923, -117.8232], [33.63538, -117.83529], [33.63599, -117.83633]]","[[33.63861953491182, -117.82991322190558], [33.63671115301775, -117.81746112341071], [33.6375160244363, -117.81939358991532]]","[59, 19, 14]","[0.9634965706763124, 1174.9028604749374, 984.0750806160662]","[[33.64406, -117.82935], [33.64102, -117.83579], [33.63383, -117.82619], [33.63922, -117.82322], [33.67638, -117.86301], [33.67733, -117.85939], [33.64164, -117.83531], [33.6285, -117.8061], [33.63535, -117.8353], [33.6359, -117.83639], [33.63931, -117.83635], [33.63641, -117.83589], [33.56461, -117.8299], [33.64477, -117.82931]]","[[33.63295241986728, -117.81547177611492]]",[3],[1480.146393462577],0.8744897842407227,4107.331923723221,1.4250659942626953
9,600,"[33.64025067958688, -117.83443429448087]","[33.64192610117462, -117.83694840006652]",298.21605100312274,"[[33.63937, -117.83113], [33.63942, -117.83067], [33.63934, -117.83058], [33.64353, -117.84315], [33.6395, -117.83081], [33.64354, -117.8432], [33.63943, -117.83109], [33.63939, -117.83064], [33.6394, -117.83118], [33.63947, -117.8308], [33.63952, -117.83099], [33.64354, -117.84341], [33.63942, -117.83058], [33.64354, -117.84317], [33.6393, -117.83033], [33.64354, -117.84321], [33.63923, -117.83084], [33.63936, -117.83057], [33.63957, -117.83104], [33.64356, -117.84333], [33.63925, -117.83074], [33.64355, -117.84329], [33.6472, -117.83516], [33.64361, -117.84321], [33.63933, -117.83095], [33.63956, -117.83107], [33.63924, -117.83088], [33.63939, -117.83064], [33.63936, -117.83114], [33.63957, -117.83103], [33.63931, -117.83087], [33.63939, -117.83068], [33.63942, -117.83063], [33.64354, -117.84329], [33.63944, -117.83063], [33.64356, -117.8434], [33.63931, -117.83096], [33.63955, -117.83102], [33.63951, -117.83084], [33.64355, -117.84333], [33.63951, -117.83088], [33.64355, -117.84332], [33.63947, -117.83087], [33.64353, -117.84333], [33.63931, -117.831], [33.63939, -117.83063], [33.63955, -117.83097], [33.64355, -117.84331], [33.63943, -117.83065], [33.63942, -117.83068], [33.63936, -117.83046], [33.63952, -117.8309], [33.63941, -117.83058], [33.64349, -117.84314], [33.6476, -117.83518], [33.64191, -117.84362], [33.63931, -117.83034], [33.64354, -117.84332], [33.63927, -117.83036], [33.64358, -117.84333], [33.63935, -117.83041], [33.64365, -117.84351], [33.63958, -117.8311], [33.6395, -117.83089], [33.63941, -117.83061], [33.63958, -117.83112], [33.63953, -117.831], [33.63936, -117.83058], [33.63923, -117.83084], [33.63942, -117.83068], [33.63956, -117.83096], [33.6436, -117.84343], [33.63943, -117.83062], [33.64352, -117.84321], [33.63961, -117.83109], [33.63939, -117.83113], [33.63939, -117.83108], [33.63943, -117.83072], [33.63952, -117.831], [33.6436, -117.8434], [33.63948, -117.83077], [33.64353, -117.84332], [33.63934, -117.831], [33.63955, -117.83097], [33.6393, -117.83094], [33.63955, -117.83097], [33.6395, -117.83095], [33.64354, -117.84329], [33.63957, -117.831], [33.64357, -117.84339], [33.63641, -117.83589], [33.56461, -117.8299], [33.63933, -117.83103], [33.63687, -117.8339], [33.6394, -117.83056], [33.63957, -117.83103], [33.64718, -117.83516], [33.63767, -117.83276], [33.63935, -117.83105], [33.64358, -117.84344], [33.63961, -117.83103], [33.63939, -117.83059], [33.63933, -117.83098], [33.63953, -117.83095], [33.63941, -117.83064], [33.63954, -117.83097], [33.6395, -117.83086], [33.64362, -117.84324], [33.63656, -117.83503], [33.6359, -117.83639], [33.63936, -117.83103], [33.63951, -117.83099], [33.6394, -117.83115], [33.63953, -117.83098], [33.64725, -117.83517], [33.63707, -117.83399], [33.63947, -117.83077], [33.6394, -117.83065], [33.63939, -117.83061], [33.6436, -117.84336], [33.67638, -117.86301], [33.64352, -117.8432], [33.63936, -117.83097], [33.63897, -117.83124], [33.6394, -117.83118], [33.64356, -117.8434], [33.6396, -117.8311], [33.64356, -117.84337], [33.63922, -117.83078], [33.64179, -117.84363], [33.63927, -117.83094], [33.63947, -117.83084], [33.63958, -117.83101], [33.64363, -117.8433], [33.63951, -117.83082], [33.64352, -117.84325], [33.6394, -117.83107], [33.63953, -117.83099], [33.63933, -117.83097], [33.63935, -117.83125], [33.63963, -117.83107], [33.63958, -117.83097]]","[[33.645839945227614, -117.82668635665374], [33.64430324788073, -117.82781247860287], [33.64270908085922, -117.82882532132857]]","[31, 28, 16]","[1046.299797396325, 887.59865524076, 758.567267051784]","[[33.63937, -117.83113], [33.64353, -117.84315], [33.6472, -117.83516], [33.64191, -117.84362], [33.63641, -117.83589], [33.56461, -117.8299], [33.63687, -117.8339], [33.63767, -117.83276], [33.63656, -117.83503], [33.6359, -117.83639], [33.67638, -117.86301]]","[[33.631585605290915, -117.83248886452444]]",[3],[1219.268693034282],0.39943552017211914,161.42322039604187,16.809021472930908
0,800,"[33.64025067958688, -117.83443429448087]","[33.63892626208734, -117.83085249035702]",363.3171854579245,"[[33.64659, -117.82931], [33.64049, -117.82237], [33.64609, -117.82942], [33.64262, -117.83853], [33.64608, -117.82941], [33.64268, -117.83897], [33.64608, -117.82937], [33.64262, -117.83862], [33.64609, -117.82939], [33.64262, -117.83858], [33.64516, -117.83523], [33.64251, -117.83838], [33.64605, -117.82946], [33.6426, -117.83858], [33.64605, -117.8294], [33.64264, -117.83863], [33.63375, -117.82455], [33.64061, -117.82232], [33.64518, -117.83526], [33.64264, -117.83865], [33.63376, -117.82444], [33.64067, -117.82227], [33.64613, -117.82946], [33.64261, -117.83853], [33.64617, -117.82944], [33.6427, -117.83839], [33.63376, -117.82457], [33.64055, -117.82235], [33.63378, -117.82454], [33.64062, -117.82233], [33.63376, -117.82453], [33.64081, -117.82225], [33.64607, -117.82946], [33.64271, -117.83835], [33.64623, -117.82947], [33.64258, -117.83838], [33.64616, -117.82942], [33.64268, -117.83884], [33.64606, -117.82942], [33.6426, -117.83854], [33.63378, -117.82474], [33.64051, -117.82237], [33.6471, -117.82973], [33.64268, -117.83871], [33.67733, -117.85939], [33.64269, -117.83907], [33.6461, -117.82939], [33.6429, -117.83915], [33.64607, -117.82945], [33.64263, -117.83859], [33.63374, -117.82439], [33.64057, -117.8223], [33.63376, -117.82461], [33.64045, -117.8224], [33.6462, -117.82941], [33.63679, -117.83931], [33.6461, -117.82943], [33.64269, -117.83898], [33.63375, -117.82443], [33.64067, -117.82229], [33.63379, -117.82465], [33.64063, -117.82232], [33.64551, -117.83517], [33.64269, -117.83896], [33.64616, -117.82939], [33.6426, -117.83859], [33.64617, -117.82939], [33.64265, -117.83875], [33.64605, -117.82943], [33.6426, -117.83848], [33.63373, -117.82425], [33.64264, -117.83869], [33.63371, -117.8243], [33.64065, -117.8223], [33.6461, -117.8294], [33.64268, -117.83883], [33.64613, -117.82941], [33.64262, -117.83862], [33.64608, -117.82946], [33.64266, -117.83876], [33.63377, -117.82463], [33.6406, -117.82232], [33.6461, -117.82944], [33.64268, -117.83885], [33.6337, -117.82438], [33.64069, -117.82229], [33.64605, -117.82938], [33.64274, -117.83905], [33.63447, -117.83778], [33.56461, -117.8299], [33.64524, -117.83522], [33.64265, -117.83872], [33.64548, -117.83517], [33.64541, -117.83539], [33.63371, -117.8243], [33.64066, -117.8223], [33.64612, -117.82941], [33.6427, -117.839], [33.64613, -117.82935], [33.64267, -117.83884], [33.63374, -117.82458], [33.64069, -117.82224], [33.64611, -117.8294], [33.64262, -117.83861], [33.6461, -117.82943], [33.64265, -117.83878], [33.6338, -117.8246], [33.64058, -117.82232], [33.64614, -117.82942], [33.64259, -117.83845], [33.64657, -117.82938], [33.64265, -117.83871], [33.64607, -117.82942], [33.64261, -117.83855], [33.63379, -117.82457], [33.6357, -117.83861], [33.63372, -117.82442], [33.64066, -117.82229], [33.63379, -117.82477], [33.64267, -117.8389], [33.63375, -117.82454], [33.64047, -117.82234], [33.64618, -117.82944], [33.64265, -117.83881], [33.64627, -117.82924], [33.64638, -117.82925], [33.63376, -117.82465], [33.64045, -117.82241], [33.63376, -117.82469], [33.64081, -117.82224], [33.63369, -117.82434], [33.64058, -117.82232], [33.64612, -117.82943], [33.64268, -117.83903], [33.64605, -117.82935], [33.64271, -117.83899], [33.64609, -117.82944], [33.64262, -117.83827], [33.64535, -117.83519], [33.64265, -117.83878], [33.63378, -117.82475], [33.6404, -117.82241], [33.63374, -117.82454], [33.64074, -117.82223], [33.64616, -117.8293], [33.64265, -117.83867], [33.63378, -117.82461], [33.64071, -117.8223], [33.64608, -117.82945], [33.64267, -117.83881], [33.64535, -117.83525], [33.64268, -117.83849], [33.63377, -117.82471], [33.6408, -117.82222], [33.63378, -117.82474], [33.64053, -117.82235], [33.64614, -117.82943], [33.64264, -117.83877], [33.64618, -117.8294], [33.64272, -117.83903], [33.63373, -117.82435], [33.6405, -117.82236], [33.63379, -117.82472], [33.64077, -117.82224], [33.63329, -117.83646], [33.63449, -117.83783], [33.63331, -117.83632], [33.63458, -117.83774], [33.64608, -117.82944], [33.64264, -117.83849], [33.6461, -117.82946], [33.64258, -117.83856], [33.64607, -117.82939], [33.64611, -117.82933]]","[[33.638915242016616, -117.8308483696174], [33.640655317611056, -117.82887014350933], [33.64089357501132, -117.83932310353359]]","[36, 18, 10]","[1.2806913199667727, 265.70971594720345, 815.5747443691102]","[[33.64659, -117.82931], [33.64049, -117.82237], [33.64262, -117.83853], [33.64516, -117.83523], [33.63375, -117.82455], [33.6471, -117.82973], [33.67733, -117.85939], [33.63679, -117.83931], [33.63447, -117.83778], [33.56461, -117.8299], [33.6357, -117.83861], [33.63329, -117.83646]]",[],[],[],12.95114517211914,842.5527803897858,12.066073656082153
1,800,"[33.64025067958688, -117.83443429448087]","[33.63988525792955, -117.82816181252775]",583.3243423379715,"[[33.63538, -117.83529], [33.63599, -117.83633], [33.63351, -117.82373], [33.63345, -117.82367], [33.64714, -117.82977], [33.64128, -117.83665], [33.64755, -117.82989], [33.64121, -117.83727], [33.63353, -117.82371], [33.64503, -117.82181], [33.63351, -117.82371], [33.64527, -117.82187], [33.64267, -117.83627], [33.64251, -117.83639], [33.64712, -117.82938], [33.64709, -117.82963], [33.63352, -117.82377], [33.64493, -117.82178], [33.63347, -117.82371], [33.64495, -117.8218], [33.64703, -117.82974], [33.64129, -117.83666], [33.64723, -117.82912], [33.64507, -117.8218], [33.64842, -117.83017], [33.64126, -117.83679], [33.63352, -117.8237], [33.64503, -117.82181], [33.67733, -117.85939], [33.64114, -117.83685], [33.64726, -117.82978], [33.64125, -117.83699], [33.64712, -117.82982], [33.6413, -117.83677], [33.63356, -117.82353], [33.64111, -117.83725], [33.63355, -117.82378], [33.64512, -117.8218], [33.6475, -117.82986], [33.64117, -117.83685], [33.64747, -117.82988], [33.64128, -117.83668], [33.64707, -117.82976], [33.64129, -117.83705], [33.63354, -117.82375], [33.64531, -117.82189], [33.63349, -117.82369], [33.64505, -117.82183], [33.64747, -117.82983], [33.64123, -117.83683], [33.63352, -117.8237], [33.64481, -117.82173], [33.6427, -117.83621], [33.64249, -117.83646], [33.64273, -117.83628], [33.6412, -117.8371], [33.64875, -117.83027], [33.64121, -117.83675], [33.64752, -117.82985], [33.64128, -117.83673], [33.63355, -117.82382], [33.64492, -117.82179], [33.63353, -117.82377], [33.64485, -117.82177], [33.64733, -117.82984], [33.64126, -117.83694], [33.64758, -117.82989], [33.64123, -117.83694], [33.63332, -117.82399], [33.64485, -117.82174], [33.64756, -117.82988], [33.64125, -117.83694], [33.63351, -117.82377], [33.64528, -117.82184], [33.63353, -117.82378], [33.6451, -117.82184], [33.64699, -117.82972], [33.64127, -117.83699], [33.64702, -117.82975], [33.64126, -117.83679], [33.63354, -117.82383], [33.64524, -117.82184], [33.64787, -117.83], [33.64129, -117.83687], [33.64719, -117.82981], [33.64248, -117.83638], [33.64757, -117.8299], [33.6412, -117.8373], [33.63355, -117.82384], [33.64497, -117.8218], [33.63349, -117.82369], [33.64477, -117.8217], [33.63351, -117.82368], [33.64505, -117.82182], [33.64265, -117.83624], [33.64114, -117.83686], [33.63535, -117.8353], [33.6359, -117.83639], [33.64736, -117.82984], [33.64119, -117.83665], [33.64731, -117.82984], [33.64121, -117.83733], [33.63352, -117.82377], [33.64477, -117.82171], [33.64699, -117.82971], [33.64119, -117.83667], [33.64734, -117.82979], [33.64126, -117.83685], [33.64705, -117.82975], [33.64244, -117.83631], [33.63353, -117.82379], [33.64501, -117.82178], [33.64263, -117.83623], [33.64255, -117.8364], [33.64736, -117.82982], [33.64124, -117.83685], [33.64731, -117.82979], [33.64128, -117.83677], [33.63356, -117.82389], [33.64493, -117.82176], [33.63352, -117.82375], [33.64468, -117.82171], [33.6473, -117.82984], [33.64132, -117.83667], [33.64251, -117.83645], [33.64252, -117.83645], [33.64238, -117.83634], [33.64247, -117.83641], [33.63357, -117.82383], [33.64471, -117.82173], [33.6471, -117.82973], [33.64253, -117.83643], [33.6335, -117.82373], [33.64498, -117.82179], [33.63333, -117.82397], [33.63714, -117.83656], [33.67638, -117.86301], [33.64127, -117.83705], [33.64742, -117.8298], [33.64117, -117.83701], [33.62832, -117.80591], [33.64253, -117.83636], [33.63353, -117.82367], [33.64508, -117.82175], [33.64264, -117.83622], [33.64244, -117.83633], [33.64769, -117.82993], [33.63987, -117.83687], [33.63354, -117.82372], [33.64502, -117.82181], [33.63352, -117.82367], [33.64471, -117.82174], [33.64721, -117.8295], [33.64254, -117.83645], [33.647, -117.82969], [33.64118, -117.83728], [33.6473, -117.82978], [33.64122, -117.83721], [33.63354, -117.82386], [33.64524, -117.82184], [33.63359, -117.8239], [33.64498, -117.82178], [33.64738, -117.82979], [33.64127, -117.83687], [33.64749, -117.82983], [33.64127, -117.83699], [33.64813, -117.83006], [33.64127, -117.83692], [33.63353, -117.82369], [33.64484, -117.82179], [33.64704, -117.82933], [33.64715, -117.8294], [33.63353, -117.82364], [33.64501, -117.82179], [33.63355, -117.82381], [33.64127, -117.83684], [33.64258, -117.83625], [33.6285, -117.8061], [33.63354, -117.82389], [33.64476, -117.82169]]","[[33.63989415725364, -117.82815980136253], [33.641018937323736, -117.83236318259661], [33.64159302990808, -117.82989108579048]]","[30, 23, 12]","[1.0045559723077842, 409.5512684236795, 248.22715232313573]","[[33.63538, -117.83529], [33.63599, -117.83633], [33.63351, -117.82373], [33.64714, -117.82977], [33.64128, -117.83665], [33.64503, -117.82181], [33.64267, -117.83627], [33.67733, -117.85939], [33.63714, -117.83656], [33.67638, -117.86301], [33.62832, -117.80591], [33.63987, -117.83687]]","[[33.63964587099504, -117.82825096147351], [33.6389996255942, -117.8304868812558]]","[3, 3]","[27.810104901296608, 237.01813600000858]",10.488384008407593,1001.6475501060486,12.313477277755737
2,800,"[33.64025067958688, -117.83443429448087]","[33.64579634464118, -117.83646081437011]",643.1912957848388,"[[33.63936, -117.83103], [33.63972, -117.83161], [33.67638, -117.86301], [33.64459, -117.845], [33.6515, -117.83102], [33.6448, -117.84519], [33.63955, -117.83169], [33.63973, -117.83152], [33.63963, -117.83114], [33.63978, -117.83164], [33.63976, -117.83167], [33.63949, -117.83139], [33.63958, -117.83169], [33.64443, -117.84497], [33.63945, -117.83127], [33.63978, -117.83164], [33.63958, -117.8311], [33.63971, -117.83147], [33.63963, -117.83123], [33.64467, -117.84504], [33.6398, -117.83158], [33.64472, -117.84511], [33.63936, -117.83114], [33.63978, -117.83165], [33.63954, -117.83159], [33.63846, -117.83387], [33.63978, -117.83159], [33.64448, -117.84501], [33.65279, -117.83357], [33.64473, -117.8451], [33.6398, -117.83166], [33.63974, -117.83158], [33.63953, -117.83159], [33.64456, -117.84502], [33.63979, -117.83159], [33.64456, -117.84502], [33.6397, -117.83135], [33.64483, -117.84509], [33.63948, -117.8313], [33.63908, -117.83148], [33.6398, -117.83154], [33.63975, -117.83154], [33.63971, -117.83134], [33.64474, -117.84525], [33.63943, -117.83132], [33.63904, -117.83342], [33.63979, -117.83162], [33.63976, -117.8316], [33.63946, -117.83125], [33.63975, -117.83165], [33.63979, -117.83167], [33.63974, -117.83154], [33.63966, -117.83118], [33.64469, -117.84515], [33.63974, -117.83149], [33.64439, -117.84492], [33.63937, -117.83113], [33.63964, -117.83121], [33.63958, -117.832], [33.63976, -117.83166], [33.63972, -117.83145], [33.63978, -117.83168], [33.63957, -117.83152], [33.6397, -117.83151], [33.63942, -117.83129], [33.64167, -117.84397], [33.63978, -117.83155], [33.63972, -117.83148], [33.65301, -117.83802], [33.63857, -117.83535], [33.63976, -117.83157], [33.6445, -117.84504], [33.63959, -117.83175], [33.63974, -117.83156], [33.6398, -117.83163], [33.64484, -117.84519], [33.63977, -117.83151], [33.64471, -117.84509], [33.63975, -117.83154], [33.63888, -117.83892], [33.65318, -117.83818], [33.63827, -117.83591], [33.63972, -117.83147], [33.64456, -117.84504], [33.63973, -117.83151], [33.64485, -117.84527], [33.6388, -117.83429], [33.56461, -117.8299], [33.63966, -117.83123], [33.64488, -117.84526], [33.63935, -117.83123], [33.6397, -117.83144], [33.63968, -117.83139], [33.64476, -117.8451], [33.63976, -117.83158], [33.64478, -117.8452], [33.63971, -117.8316], [33.64441, -117.84495], [33.63959, -117.83183], [33.64476, -117.84516], [33.63976, -117.83159], [33.64464, -117.845], [33.63976, -117.83164], [33.64482, -117.84505], [33.63969, -117.83141], [33.64479, -117.8452], [33.63951, -117.83148], [33.63974, -117.83155], [33.63933, -117.83098], [33.63855, -117.83529], [33.6397, -117.83155], [33.64444, -117.84499], [33.65321, -117.83823], [33.64176, -117.84385], [33.63974, -117.83159], [33.64453, -117.84508], [33.63973, -117.83143], [33.64452, -117.84501], [33.6396, -117.83124], [33.64449, -117.84503], [33.67733, -117.85939], [33.6445, -117.84501], [33.6394, -117.83107], [33.63973, -117.83157], [33.63968, -117.83133], [33.64436, -117.84492], [33.63971, -117.83141], [33.64446, -117.84498], [33.63957, -117.8318], [33.63976, -117.83168], [33.63966, -117.83137], [33.63976, -117.83164], [33.63948, -117.83144], [33.63972, -117.83147], [33.63976, -117.8316], [33.6447, -117.84519], [33.63976, -117.83156], [33.6444, -117.84493], [33.63964, -117.83132], [33.64441, -117.84497], [33.6397, -117.83151], [33.64441, -117.84496], [33.63977, -117.83151], [33.6397, -117.83153], [33.63808, -117.83428], [33.63844, -117.83401], [33.63967, -117.83141], [33.64437, -117.84492], [33.63976, -117.83151], [33.64439, -117.84492], [33.63979, -117.83165], [33.63971, -117.83149], [33.6394, -117.83116], [33.63975, -117.8315], [33.63976, -117.83156], [33.64451, -117.84503], [33.65271, -117.83365], [33.64487, -117.84512], [33.6398, -117.83166], [33.63958, -117.83112], [33.63938, -117.8311], [33.63977, -117.83155], [33.65317, -117.83822], [33.6285, -117.8061], [33.63974, -117.83148], [33.64448, -117.84498], [33.63959, -117.83112], [33.6447, -117.84512], [33.63933, -117.83103], [33.63879, -117.83407], [33.63975, -117.83154], [33.64462, -117.845], [33.63827, -117.83413], [33.63868, -117.83379], [33.6396, -117.83118], [33.64453, -117.84499], [33.6394, -117.83118], [33.6396, -117.83114], [33.63977, -117.83162], [33.64459, -117.845], [33.65338, -117.8384], [33.65246, -117.83986], [33.63952, -117.83153], [33.63976, -117.83164], [33.63953, -117.83151], [33.63962, -117.83128], [33.63958, -117.83181], [33.63978, -117.83159], [33.63954, -117.83162], [33.63974, -117.83165], [33.63978, -117.83158], [33.64456, -117.84506], [33.63978, -117.83164], [33.64441, -117.84493], [33.63979, -117.83161], [33.64491, -117.84523], [33.63982, -117.83158], [33.63975, -117.83159], [33.63974, -117.83148], [33.63948, -117.83139], [33.63971, -117.83146], [33.64455, -117.84501], [33.63935, -117.83113], [33.63977, -117.83167], [33.63969, -117.83134], [33.64491, -117.8452], [33.63941, -117.83118], [33.63908, -117.83329], [33.63978, -117.83156], [33.64446, -117.84496], [33.65348, -117.8385], [33.64182, -117.84385], [33.63961, -117.83179], [33.63976, -117.83173], [33.63977, -117.83163], [33.63973, -117.83153], [33.6395, -117.83145], [33.63955, -117.83097], [33.63977, -117.83164], [33.64455, -117.84502], [33.63967, -117.83109], [33.64458, -117.84507]]","[[33.64578276547748, -117.8364747551202], [33.64418990834944, -117.83541250579847], [33.6425508279448, -117.83446079343491]]","[93, 14, 12]","[1.985178162481101, 202.9907651134551, 404.98127267062574]","[[33.63936, -117.83103], [33.67638, -117.86301], [33.64459, -117.845], [33.6515, -117.83102], [33.63846, -117.83387], [33.65279, -117.83357], [33.63904, -117.83342], [33.64167, -117.84397], [33.65301, -117.83802], [33.63857, -117.83535], [33.63888, -117.83892], [33.63827, -117.83591], [33.56461, -117.8299], [33.67733, -117.85939], [33.6285, -117.8061], [33.65246, -117.83986]]",[],[],[],5.193519592285156,976.3614749908447,19.303092002868652
3,800,"[33.64025067958688, -117.83443429448087]","[33.642494040546914, -117.83856492187256]",456.9008512951759,"[[33.6392, -117.8306], [33.63867, -117.83116], [33.63934, -117.83049], [33.64682, -117.8458], [33.63916, -117.83061], [33.6394, -117.83063], [33.63936, -117.8305], [33.64691, -117.84599], [33.63589, -117.83507], [33.63536, -117.83703], [33.6394, -117.83064], [33.63943, -117.8306], [33.63921, -117.83078], [33.63944, -117.83074], [33.6393, -117.83043], [33.64675, -117.84559], [33.63919, -117.83063], [33.63938, -117.83057], [33.63944, -117.83063], [33.64688, -117.8459], [33.63915, -117.83065], [33.63945, -117.83074], [33.6393, -117.83033], [33.64679, -117.8457], [33.63939, -117.83059], [33.63938, -117.83065], [33.6393, -117.83042], [33.64696, -117.84608], [33.63926, -117.83084], [33.63918, -117.83023], [33.63932, -117.83037], [33.64688, -117.84593], [33.63913, -117.8306], [33.63935, -117.83052], [33.63934, -117.83058], [33.64689, -117.84596], [33.6394, -117.83056], [33.63937, -117.83056], [33.63933, -117.8305], [33.6391, -117.83003], [33.63942, -117.83064], [33.64682, -117.84576], [33.63923, -117.83072], [33.63937, -117.83064], [33.63929, -117.83037], [33.64682, -117.84577], [33.63931, -117.83047], [33.64676, -117.84554], [33.63938, -117.83056], [33.64674, -117.84559], [33.63941, -117.83058], [33.6394, -117.83064], [33.6392, -117.83065], [33.63922, -117.83024], [33.6394, -117.83072], [33.64678, -117.84557], [33.63907, -117.83057], [33.63938, -117.83063], [33.63927, -117.83029], [33.64689, -117.84594], [33.63928, -117.8304], [33.64682, -117.84574], [33.63938, -117.83054], [33.64688, -117.84594], [33.63538, -117.83529], [33.63536, -117.83709], [33.6393, -117.83033], [33.64692, -117.84602], [33.63914, -117.83056], [33.63942, -117.83067], [33.63936, -117.83051], [33.64687, -117.84596], [33.63943, -117.83072], [33.64694, -117.8461], [33.63942, -117.83058], [33.64684, -117.84583], [33.6394, -117.83058], [33.64683, -117.84581], [33.63938, -117.83055], [33.63922, -117.83071], [33.63937, -117.83054], [33.6394, -117.83061], [33.63922, -117.83073], [33.63895, -117.82969], [33.63911, -117.83056], [33.64675, -117.84557], [33.63941, -117.83061], [33.63939, -117.83066], [33.63929, -117.8304], [33.64676, -117.84558], [33.63927, -117.83036], [33.64681, -117.84573], [33.64231, -117.82992], [33.64683, -117.84579], [33.63938, -117.83063], [33.63936, -117.83058], [33.64953, -117.83539], [33.64135, -117.8471], [33.63926, -117.83079], [33.63928, -117.8304], [33.63934, -117.83059], [33.64692, -117.84597], [33.63944, -117.83071], [33.64676, -117.84552], [33.63914, -117.83053], [33.63428, -117.83994], [33.64926, -117.83538], [33.6285, -117.8061], [33.63914, -117.83065], [33.63916, -117.8302], [33.63945, -117.83074], [33.64676, -117.84558], [33.6497, -117.83537], [33.63831, -117.83151], [33.63939, -117.83061], [33.64683, -117.84575], [33.63931, -117.83034], [33.64689, -117.84598], [33.63924, -117.83041], [33.64675, -117.84559], [33.63926, -117.83043], [33.6469, -117.846], [33.6391, -117.83055], [33.63939, -117.83063], [33.63942, -117.83063], [33.64688, -117.84591], [33.64925, -117.83534], [33.64688, -117.84595], [33.6391, -117.83058], [33.63939, -117.83064], [33.67733, -117.85939], [33.64684, -117.84579], [33.63925, -117.83074], [33.64684, -117.84582], [33.63928, -117.83038], [33.63913, -117.83052], [33.63934, -117.83052], [33.64682, -117.84576], [33.63919, -117.83063], [33.63943, -117.83072], [33.63941, -117.83058], [33.64689, -117.846], [33.63936, -117.83062], [33.64686, -117.84586], [33.63936, -117.83046], [33.63937, -117.83056], [33.63913, -117.83058], [33.6469, -117.84597], [33.6393, -117.83043], [33.6394, -117.83065], [33.63924, -117.83074], [33.6389, -117.82961], [33.63914, -117.83054], [33.64692, -117.84598], [33.63924, -117.8308], [33.63689, -117.8328], [33.63944, -117.8307], [33.64688, -117.84585], [33.64973, -117.83536], [33.64681, -117.84576], [33.6393, -117.83038], [33.64674, -117.84556], [33.63923, -117.8304], [33.64675, -117.84558], [33.64985, -117.83538], [33.63849, -117.83132], [33.63916, -117.83054], [33.6394, -117.83068], [33.63923, -117.83084], [33.63942, -117.83068], [33.63941, -117.83064], [33.6394, -117.83066], [33.6391, -117.83051], [33.6394, -117.83065]]","[[33.642551862016205, -117.83853933604006], [33.64515419808077, -117.84658379292408], [33.65360772629233, -117.84274171412677]]","[43, 11, 10]","[6.838470201519547, 800.2768328720738, 1292.1444291625276]","[[33.6392, -117.8306], [33.63867, -117.83116], [33.64682, -117.8458], [33.63589, -117.83507], [33.63536, -117.83703], [33.63538, -117.83529], [33.64231, -117.82992], [33.64953, -117.83539], [33.64135, -117.8471], [33.63428, -117.83994], [33.6285, -117.8061], [33.67733, -117.85939], [33.63689, -117.8328]]","[[33.641331171561326, -117.83406986096612]]",[3],[436.5009346986356],4.868193626403809,606.2665767669678,9.634751796722412
4,800,"[33.64025067958688, -117.83443429448087]","[33.64226669996235, -117.84052670753837]",607.8267638295215,"[[33.64834, -117.8353], [33.6285, -117.8061], [33.63998, -117.83225], [33.6472, -117.84688], [33.63975, -117.83236], [33.63994, -117.83233], [33.63996, -117.83234], [33.64714, -117.84703], [33.63966, -117.83137], [33.63976, -117.83164], [33.63969, -117.83229], [33.63974, -117.83155], [33.63974, -117.83231], [33.63974, -117.83152], [33.63969, -117.83217], [33.6399, -117.83221], [33.63989, -117.83235], [33.64713, -117.84698], [33.63991, -117.83222], [33.63994, -117.83231], [33.6394, -117.83118], [33.63978, -117.83171], [33.63972, -117.83147], [33.64714, -117.84697], [33.63967, -117.83213], [33.63992, -117.83231], [33.64003, -117.83225], [33.6397, -117.83153], [33.63978, -117.83243], [33.6399, -117.83225], [33.63957, -117.8318], [33.63982, -117.83196], [33.67638, -117.86301], [33.64713, -117.84699], [33.63974, -117.83237], [33.64713, -117.84702], [33.63995, -117.83235], [33.64718, -117.847], [33.64798, -117.83521], [33.64771, -117.84621], [33.64905, -117.83534], [33.63707, -117.83399], [33.63998, -117.83232], [33.64714, -117.84708], [33.63967, -117.83141], [33.64713, -117.84701], [33.63994, -117.83235], [33.63949, -117.83139], [33.64795, -117.83518], [33.64714, -117.8471], [33.63655, -117.83523], [33.63579, -117.83662], [33.63974, -117.83231], [33.6398, -117.83173], [33.63958, -117.83181], [33.63978, -117.83159], [33.63975, -117.83216], [33.6397, -117.83151], [33.63996, -117.83226], [33.64719, -117.84684], [33.63954, -117.83159], [33.63428, -117.83994], [33.63974, -117.83227], [33.63985, -117.83197], [33.63594, -117.83635], [33.56461, -117.8299], [33.63994, -117.8322], [33.64714, -117.84705], [33.63978, -117.83241], [33.63994, -117.83228], [33.64889, -117.83537], [33.64307, -117.84916], [33.63993, -117.83223], [33.63973, -117.83153], [33.63982, -117.83158], [33.63994, -117.8323], [33.63994, -117.83219], [33.64721, -117.84683], [33.63994, -117.83222], [33.6399, -117.83221], [33.64, -117.83234], [33.64712, -117.84703], [33.63977, -117.83151], [33.64714, -117.84704], [33.63996, -117.83221], [33.63994, -117.83228], [33.63991, -117.83228], [33.64788, -117.8461], [33.63997, -117.83232], [33.63974, -117.83158], [33.63974, -117.83227], [33.63996, -117.83227], [33.63995, -117.83226], [33.64722, -117.84682], [33.63948, -117.8313], [33.63908, -117.83148], [33.63996, -117.83235], [33.63965, -117.832], [33.63936, -117.83103], [33.63972, -117.83161], [33.63945, -117.83127], [33.63978, -117.83164], [33.63959, -117.83183], [33.64715, -117.84699], [33.64911, -117.83533], [33.63746, -117.83368], [33.63942, -117.83129], [33.64329, -117.8493], [33.64255, -117.83167], [33.64722, -117.8468], [33.63968, -117.83214], [33.63994, -117.83236], [33.63996, -117.83229], [33.64722, -117.8468], [33.63963, -117.83211], [33.6399, -117.8322], [33.63967, -117.83109], [33.64723, -117.84682], [33.63989, -117.83221], [33.64713, -117.847], [33.63995, -117.83233], [33.64713, -117.847], [33.63987, -117.83202], [33.64716, -117.84703], [33.63976, -117.83227], [33.63991, -117.83226], [33.63993, -117.83221], [33.63994, -117.83235], [33.63991, -117.83232], [33.64714, -117.847], [33.64001, -117.8323], [33.63996, -117.83231], [33.62832, -117.80591], [33.6428, -117.84914], [33.63997, -117.83226], [33.63994, -117.83229], [33.63933, -117.83103], [33.63699, -117.83464], [33.63972, -117.83224], [33.64713, -117.84709], [33.63972, -117.83219], [33.63983, -117.83201], [33.63656, -117.83503], [33.6359, -117.83639], [33.63998, -117.83231], [33.64716, -117.84705], [33.63972, -117.83226], [33.63962, -117.83128], [33.63958, -117.832], [33.63991, -117.83228], [33.63991, -117.83229], [33.64713, -117.84702], [33.63995, -117.83224], [33.64713, -117.8471]]","[[33.642274181082726, -117.8405092610288], [33.64395307449841, -117.84497945453076], [33.64305045273672, -117.84267932566576]]","[96, 14, 10]","[1.8188251189406626, 453.4533552328925, 217.7986327160861]","[[33.64834, -117.8353], [33.6285, -117.8061], [33.63998, -117.83225], [33.6472, -117.84688], [33.67638, -117.86301], [33.64771, -117.84621], [33.64905, -117.83534], [33.63707, -117.83399], [33.63655, -117.83523], [33.63579, -117.83662], [33.63428, -117.83994], [33.56461, -117.8299], [33.64307, -117.84916], [33.63746, -117.83368], [33.64255, -117.83167], [33.63699, -117.83464]]","[[33.64220350338999, -117.84059915860298], [33.62713248083659, -117.82886353882756]]","[5, 3]","[9.711289694960282, 1997.1722773581926]",3.52710223197937,601.5489523410797,15.931291580200195
5,800,"[33.64025067958688, -117.83443429448087]","[33.63619703613356, -117.83548404199404]",460.04020169145406,"[[33.64186, -117.82984], [33.64275, -117.83909], [33.64192, -117.82981], [33.64282, -117.83892], [33.63417, -117.82706], [33.63441, -117.82688], [33.64194, -117.82982], [33.64288, -117.8391], [33.64235, -117.82977], [33.64291, -117.83914], [33.64194, -117.82984], [33.6428, -117.83915], [33.64245, -117.8298], [33.64282, -117.83898], [33.63441, -117.82688], [33.63443, -117.82687], [33.63427, -117.82712], [33.64274, -117.83972], [33.64184, -117.82982], [33.64281, -117.83916], [33.64183, -117.82984], [33.64273, -117.83921], [33.63414, -117.82706], [33.63445, -117.8269], [33.64182, -117.82984], [33.6428, -117.83929], [33.6344, -117.82687], [33.63439, -117.82688], [33.64194, -117.82983], [33.64284, -117.83922], [33.63445, -117.82691], [33.63441, -117.82686], [33.64181, -117.82987], [33.64273, -117.83928], [33.63459, -117.82705], [33.63448, -117.82694], [33.64191, -117.82983], [33.64291, -117.83923], [33.64184, -117.82981], [33.64279, -117.83933], [33.64349, -117.83565], [33.6428, -117.83914], [33.64199, -117.8298], [33.64274, -117.83921], [33.64194, -117.82985], [33.64276, -117.83917], [33.63133, -117.84205], [33.63113, -117.84239], [33.64179, -117.82985], [33.64279, -117.83915], [33.64239, -117.82978], [33.6429, -117.83916], [33.63415, -117.82709], [33.63457, -117.82704], [33.63413, -117.82703], [33.6345, -117.82691], [33.64191, -117.82984], [33.64286, -117.83914], [33.64191, -117.82981], [33.64292, -117.83925], [33.63421, -117.82715], [33.63446, -117.82688], [33.6437, -117.83556], [33.64273, -117.83932], [33.63423, -117.82712], [33.63443, -117.82684], [33.63407, -117.82702], [33.6347, -117.82701], [33.63415, -117.82696], [33.63499, -117.84419], [33.64359, -117.83559], [33.64273, -117.83961], [33.63416, -117.82719], [33.63444, -117.82685], [33.64196, -117.82981], [33.64239, -117.83998], [33.64195, -117.82982], [33.64289, -117.83914], [33.64192, -117.82985], [33.64289, -117.83926], [33.64205, -117.82959], [33.64187, -117.82954], [33.64238, -117.82975], [33.64271, -117.83919], [33.63418, -117.82711], [33.63441, -117.82687], [33.63442, -117.82691], [33.63445, -117.82689], [33.63445, -117.82693], [33.63456, -117.82705], [33.63415, -117.82708], [33.63452, -117.82701], [33.63418, -117.8271], [33.63441, -117.82684], [33.64182, -117.82985], [33.64276, -117.83926], [33.64202, -117.82983], [33.64283, -117.83929], [33.6341, -117.82702], [33.64271, -117.8393], [33.6418, -117.82985], [33.6428, -117.83898], [33.67733, -117.85939], [33.64284, -117.83913], [33.64185, -117.82983], [33.64284, -117.83914], [33.63438, -117.82689], [33.63466, -117.82704], [33.64177, -117.82987], [33.64279, -117.83917], [33.63127, -117.84225], [33.63137, -117.84208], [33.63441, -117.82689], [33.63456, -117.82703], [33.67638, -117.86301], [33.64275, -117.83911], [33.64183, -117.82982], [33.6429, -117.83915], [33.6344, -117.82689], [33.63443, -117.82692]]","[[33.636215469466144, -117.83546007577155], [33.642335795461044, -117.83193489148965], [33.63615250288451, -117.8356253966652]]","[25, 13, 10]","[3.020623675685062, 756.3216412574084, 14.013793931103054]","[[33.64186, -117.82984], [33.64275, -117.83909], [33.63417, -117.82706], [33.64349, -117.83565], [33.63133, -117.84205], [33.63499, -117.84419], [33.67733, -117.85939], [33.67638, -117.86301]]","[[33.636283256377816, -117.83530451898864]]",[5],[19.20578341108389],3.5435121059417725,343.6188950538635,4.639292240142822
6,800,"[33.64025067958688, -117.83443429448087]","[33.63676093957562, -117.83741883673589]",475.90828251556894,"[[33.64126, -117.82997], [33.64357, -117.84065], [33.64038, -117.82982], [33.63861, -117.82901], [33.64101, -117.83], [33.64351, -117.84073], [33.64048, -117.83003], [33.64356, -117.84054], [33.63808, -117.82883], [33.63844, -117.82888], [33.63802, -117.82887], [33.63855, -117.82901], [33.64405, -117.83545], [33.64365, -117.84062], [33.63812, -117.82895], [33.63846, -117.8289], [33.6411, -117.82998], [33.6435, -117.84052], [33.64125, -117.82995], [33.6435, -117.84059], [33.64081, -117.82974], [33.64023, -117.82985], [33.64082, -117.83002], [33.64354, -117.84075], [33.64062, -117.82999], [33.64079, -117.82998], [33.64159, -117.82987], [33.64353, -117.84057], [33.63789, -117.82876], [33.63847, -117.82889], [33.6407, -117.83006], [33.64354, -117.84057], [33.64099, -117.82999], [33.64351, -117.84059], [33.63788, -117.82867], [33.6385, -117.8289], [33.64132, -117.82994], [33.64351, -117.84057], [33.64074, -117.83001], [33.64356, -117.84064], [33.63861, -117.82908], [33.63853, -117.829], [33.67638, -117.86301], [33.64353, -117.84057], [33.64096, -117.82997], [33.6435, -117.84059], [33.63806, -117.82887], [33.63856, -117.82901], [33.64119, -117.83003], [33.64358, -117.8407], [33.64438, -117.83539], [33.6285, -117.8061], [33.64125, -117.82995], [33.64352, -117.84069], [33.64107, -117.82998], [33.64356, -117.84065], [33.63811, -117.82883], [33.64165, -117.84402], [33.64095, -117.83002], [33.64351, -117.84053], [33.638, -117.82882], [33.63792, -117.82878], [33.64097, -117.83003], [33.64348, -117.84075], [33.63857, -117.82902], [33.63858, -117.82901], [33.64385, -117.83548], [33.64203, -117.8434], [33.63814, -117.82894], [33.63859, -117.82905], [33.64096, -117.83001], [33.64397, -117.84094], [33.64397, -117.83553], [33.64176, -117.84385], [33.67733, -117.85939], [33.64394, -117.84088], [33.64065, -117.83001], [33.64356, -117.84064], [33.63862, -117.82906], [33.63851, -117.82895], [33.64089, -117.82996], [33.64352, -117.84063], [33.63809, -117.82888], [33.6385, -117.82899], [33.64071, -117.82991], [33.64353, -117.84053], [33.64069, -117.83002], [33.64353, -117.84063], [33.64125, -117.82998], [33.64356, -117.84049], [33.64277, -117.83249], [33.64367, -117.84061], [33.63783, -117.82875], [33.6435, -117.84062], [33.63796, -117.82875], [33.63856, -117.829], [33.63858, -117.82903], [33.63846, -117.82894], [33.631, -117.84261], [33.56461, -117.8299], [33.64096, -117.83], [33.64357, -117.84064], [33.64058, -117.83004], [33.64357, -117.84065], [33.63801, -117.82884], [33.63849, -117.82892], [33.64147, -117.82992], [33.6435, -117.8406], [33.64072, -117.83], [33.64352, -117.84062], [33.63778, -117.82863], [33.63847, -117.82892], [33.64173, -117.82983], [33.64355, -117.84061], [33.64076, -117.83004], [33.64352, -117.84071], [33.64104, -117.82996], [33.64354, -117.84062], [33.63066, -117.84284], [33.63093, -117.84266], [33.64068, -117.83], [33.64372, -117.84071], [33.63801, -117.82882], [33.6385, -117.82893], [33.64051, -117.83003], [33.64354, -117.84058], [33.63809, -117.82892], [33.63853, -117.82899], [33.63843, -117.82878], [33.63851, -117.82893], [33.64115, -117.82998], [33.64351, -117.84059], [33.64113, -117.82996], [33.64348, -117.8406], [33.64109, -117.82996], [33.6435, -117.84066], [33.63783, -117.82863], [33.63847, -117.82891], [33.6386, -117.82907], [33.63857, -117.82904], [33.63805, -117.8289], [33.63859, -117.82904], [33.64104, -117.82996], [33.64353, -117.84056], [33.63854, -117.82894], [33.6385, -117.82895], [33.63817, -117.82894], [33.63848, -117.82896], [33.63804, -117.82891], [33.6385, -117.82895], [33.63804, -117.82886], [33.63854, -117.82899]]","[[33.636777779162024, -117.83741301924942], [33.637996868439, -117.83108579919272], [33.64098570006572, -117.83217886157354]]","[44, 6, 6]","[1.944194584849013, 603.3306460315924, 675.2070906431642]","[[33.64126, -117.82997], [33.64357, -117.84065], [33.63861, -117.82901], [33.64405, -117.83545], [33.67638, -117.86301], [33.6285, -117.8061], [33.64165, -117.84402], [33.64203, -117.8434], [33.67733, -117.85939], [33.64277, -117.83249], [33.631, -117.84261], [33.56461, -117.8299]]",[],[],[],3.590299367904663,557.6456501483917,9.562626838684082
7,800,"[33.64025067958688, -117.83443429448087]","[33.64149115141617, -117.8394752150308]",487.47481638248576,"[[33.6394, -117.83118], [33.6396, -117.83114], [33.63948, -117.83077], [33.64672, -117.84544], [33.63956, -117.831], [33.64689, -117.84594], [33.64825, -117.83525], [33.64799, -117.83548], [33.63931, -117.83034], [33.64689, -117.84598], [33.63939, -117.83061], [33.64674, -117.84541], [33.63939, -117.83108], [33.63943, -117.83072], [33.63951, -117.83084], [33.64674, -117.84554], [33.63939, -117.83059], [33.63958, -117.83111], [33.63953, -117.83103], [33.64675, -117.84559], [33.63952, -117.83092], [33.64674, -117.84556], [33.63951, -117.83082], [33.64688, -117.84593], [33.64795, -117.83525], [33.6285, -117.8061], [33.63958, -117.8311], [33.6395, -117.83089], [33.63952, -117.83099], [33.6469, -117.846], [33.63956, -117.831], [33.64677, -117.84556], [33.63952, -117.831], [33.64673, -117.84543], [33.63936, -117.83114], [33.63957, -117.83103], [33.63953, -117.831], [33.63959, -117.83112], [33.63957, -117.83099], [33.64691, -117.84607], [33.64219, -117.83022], [33.64673, -117.84546], [33.63934, -117.83058], [33.64673, -117.84546], [33.63953, -117.83086], [33.64672, -117.84548], [33.63931, -117.83087], [33.63939, -117.83068], [33.6394, -117.83118], [33.64672, -117.8455], [33.63935, -117.83123], [33.63955, -117.83103], [33.6395, -117.83081], [33.64671, -117.84544], [33.63931, -117.831], [33.63939, -117.83063], [33.63954, -117.83097], [33.64671, -117.84544], [33.6394, -117.83116], [33.63953, -117.83091], [33.63933, -117.83095], [33.63956, -117.83107], [33.6396, -117.83108], [33.64688, -117.84594], [33.67733, -117.85939], [33.64671, -117.84543], [33.63931, -117.83096], [33.63955, -117.83102], [33.64798, -117.83521], [33.6467, -117.84545], [33.63947, -117.83087], [33.64674, -117.84555], [33.63951, -117.83089], [33.63941, -117.83117], [33.63943, -117.83109], [33.63939, -117.83064], [33.6394, -117.83115], [33.63953, -117.83098], [33.63957, -117.83104], [33.64672, -117.84547], [33.63951, -117.83088], [33.64675, -117.84559], [33.63923, -117.83084], [33.63942, -117.83068], [33.64889, -117.83537], [33.64168, -117.84832], [33.635, -117.83542], [33.63431, -117.83805], [33.63494, -117.83543], [33.63414, -117.83827], [33.63955, -117.83097], [33.64674, -117.84547], [33.63933, -117.83097], [33.63913, -117.83065], [33.6394, -117.83056], [33.63957, -117.83103], [33.6394, -117.83107], [33.63953, -117.83099], [33.63956, -117.83096], [33.63957, -117.83108], [33.63962, -117.83109], [33.63954, -117.83105], [33.63943, -117.83072], [33.64694, -117.8461], [33.63933, -117.83098], [33.63953, -117.83095], [33.63955, -117.83097], [33.64676, -117.84558], [33.63961, -117.83109], [33.63939, -117.83113], [33.63956, -117.83091], [33.6396, -117.83112], [33.64792, -117.83513], [33.64671, -117.84549], [33.63943, -117.83062], [33.64673, -117.84552], [33.6396, -117.83111], [33.64676, -117.84558], [33.63927, -117.83094], [33.63947, -117.83084], [33.64795, -117.83518], [33.64673, -117.84554], [33.63963, -117.83114], [33.6396, -117.83109], [33.67638, -117.86301], [33.6468, -117.84577], [33.63431, -117.83795], [33.56461, -117.8299], [33.63942, -117.83063], [33.64672, -117.84546], [33.63956, -117.83096], [33.64672, -117.84544], [33.6395, -117.83086], [33.64696, -117.84608], [33.63935, -117.83105], [33.64675, -117.84557], [33.63922, -117.83078], [33.64157, -117.84828], [33.63943, -117.83065], [33.6396, -117.83111], [33.6395, -117.83095], [33.64672, -117.84543], [33.63947, -117.83077], [33.6394, -117.83065], [33.63963, -117.83114], [33.63952, -117.8309], [33.63955, -117.83095], [33.64693, -117.84603], [33.63963, -117.83107], [33.63958, -117.83097], [33.62832, -117.80591], [33.64155, -117.8482], [33.64905, -117.83534], [33.6382, -117.83165], [33.63953, -117.83095], [33.64676, -117.84554], [33.63936, -117.83097], [33.63897, -117.83124], [33.63947, -117.83092], [33.64675, -117.84558], [33.63933, -117.83103], [33.63689, -117.8328], [33.63924, -117.83088], [33.63939, -117.83064], [33.63956, -117.831], [33.64674, -117.84546], [33.63916, -117.83054], [33.63955, -117.83106], [33.63936, -117.83103], [33.63951, -117.83099], [33.63938, -117.8311], [33.63963, -117.8311], [33.63935, -117.83113], [33.63944, -117.83074], [33.63936, -117.83104], [33.63428, -117.83994], [33.63957, -117.83097], [33.64674, -117.84552], [33.63939, -117.8311], [33.63958, -117.83106], [33.63942, -117.83058], [33.64674, -117.84545], [33.63937, -117.83113], [33.63942, -117.83067], [33.63941, -117.83064], [33.63954, -117.83097], [33.63959, -117.83112], [33.64681, -117.84573], [33.6393, -117.83094], [33.63955, -117.83097], [33.6396, -117.8311], [33.64676, -117.84552], [33.63957, -117.831], [33.64674, -117.84559], [33.63941, -117.83058], [33.64689, -117.846], [33.63941, -117.83061], [33.63958, -117.83112], [33.63967, -117.83109], [33.64672, -117.84542]]","[[33.641482796863606, -117.83949045849695], [33.64850639788089, -117.84498327293598], [33.650211224136584, -117.8442407811036]]","[54, 33, 14]","[1.690714135398884, 930.8772057294246, 1063.4406696293145]","[[33.6394, -117.83118], [33.64672, -117.84544], [33.64825, -117.83525], [33.6285, -117.8061], [33.64219, -117.83022], [33.67733, -117.85939], [33.64889, -117.83537], [33.64168, -117.84832], [33.635, -117.83542], [33.63431, -117.83805], [33.67638, -117.86301], [33.56461, -117.8299], [33.6382, -117.83165], [33.63689, -117.8328], [33.63428, -117.83994]]","[[33.64148113927246, -117.8394504068927]]",[3],[2.555391383656839],5.01603364944458,765.08251786232,14.902221202850342
8,800,"[33.64025067958688, -117.83443429448087]","[33.640455655241425, -117.83767357170005]",301.3739833751392,"[[33.63828, -117.82913], [33.63854, -117.82901], [33.63873, -117.82929], [33.63858, -117.82906], [33.64311, -117.82952], [33.64479, -117.8452], [33.63843, -117.82927], [33.63861, -117.82915], [33.63862, -117.82906], [33.63865, -117.82917], [33.63839, -117.82922], [33.63531, -117.83154], [33.64301, -117.82958], [33.64484, -117.84519], [33.63842, -117.82939], [33.63853, -117.82902], [33.64319, -117.82949], [33.64449, -117.84503], [33.63871, -117.8292], [33.63851, -117.82893], [33.64322, -117.82947], [33.64456, -117.84504], [33.64312, -117.82953], [33.64439, -117.84492], [33.64315, -117.82954], [33.64446, -117.84498], [33.64308, -117.82951], [33.64441, -117.84493], [33.64321, -117.82945], [33.64459, -117.845], [33.63849, -117.82932], [33.64129, -117.8469], [33.63848, -117.82935], [33.63859, -117.82909], [33.64293, -117.82957], [33.6448, -117.84519], [33.67733, -117.85939], [33.6445, -117.84501], [33.63858, -117.82903], [33.63846, -117.82894], [33.63825, -117.82909], [33.63864, -117.82918], [33.63857, -117.82902], [33.63858, -117.82901], [33.63387, -117.83412], [33.63316, -117.83825], [33.64305, -117.82953], [33.64444, -117.84493], [33.64322, -117.82952], [33.64491, -117.8452], [33.63333, -117.83902], [33.56461, -117.8299], [33.64308, -117.82953], [33.64469, -117.84515], [33.64911, -117.83533], [33.6413, -117.84687], [33.62832, -117.80591], [33.64142, -117.84643], [33.64321, -117.82952], [33.64447, -117.84494], [33.6384, -117.82925], [33.63863, -117.82915], [33.64315, -117.8295], [33.64441, -117.84495], [33.63833, -117.82919], [33.63869, -117.82926], [33.64758, -117.8352], [33.64456, -117.84492], [33.63827, -117.82909], [33.63873, -117.82924], [33.64322, -117.8295], [33.64445, -117.84491], [33.6432, -117.82953], [33.64454, -117.84491], [33.64305, -117.82955], [33.64455, -117.84501], [33.63842, -117.82933], [33.63834, -117.82929], [33.63841, -117.82926], [33.6385, -117.82899], [33.63876, -117.82924], [33.6385, -117.8289], [33.643, -117.82959], [33.64462, -117.845], [33.63835, -117.82919], [33.63859, -117.82905], [33.63833, -117.8292], [33.63855, -117.82901], [33.64309, -117.82954], [33.64456, -117.84502], [33.63822, -117.82909], [33.63861, -117.8291], [33.63838, -117.82919], [33.63866, -117.82922], [33.64329, -117.8295], [33.64437, -117.84492], [33.64279, -117.82943], [33.63861, -117.82901], [33.64298, -117.82957], [33.64441, -117.84496], [33.64303, -117.82956], [33.64456, -117.84502], [33.64752, -117.83519], [33.64473, -117.8451], [33.63386, -117.83403], [33.63322, -117.83838], [33.64309, -117.82952], [33.6447, -117.84512], [33.64318, -117.82948], [33.64441, -117.84497], [33.64317, -117.82952], [33.64476, -117.84516], [33.63823, -117.82907], [33.63855, -117.82903], [33.64764, -117.8352], [33.64133, -117.84668], [33.63841, -117.82933], [33.63866, -117.82918], [33.64324, -117.82948], [33.64453, -117.84508], [33.63828, -117.82914], [33.6387, -117.82923], [33.63833, -117.82921], [33.63847, -117.8289], [33.64309, -117.82954], [33.64491, -117.84523], [33.63827, -117.82919], [33.64443, -117.84497], [33.63848, -117.82931], [33.63376, -117.84125], [33.64316, -117.82948], [33.64474, -117.84525], [33.63821, -117.82902], [33.63857, -117.82905], [33.64306, -117.82955], [33.6445, -117.84504], [33.63869, -117.82916], [33.63855, -117.829], [33.63838, -117.82926], [33.6387, -117.82926], [33.63861, -117.82908], [33.63854, -117.82896], [33.63868, -117.8292], [33.63849, -117.82894], [33.64311, -117.82954], [33.64456, -117.84507], [33.63823, -117.82909], [33.63859, -117.82904], [33.67638, -117.86301], [33.64451, -117.8449], [33.63848, -117.82937], [33.63859, -117.8291], [33.64312, -117.82952], [33.64474, -117.84498], [33.6432, -117.8295], [33.64451, -117.84503], [33.64304, -117.82955], [33.64448, -117.84501], [33.63843, -117.82934], [33.63871, -117.82926], [33.64316, -117.82954], [33.6444, -117.84492], [33.64763, -117.83521], [33.6285, -117.8061], [33.64305, -117.82954], [33.6444, -117.84493], [33.64298, -117.82957], [33.64455, -117.84502], [33.64302, -117.82955], [33.64464, -117.845], [33.63829, -117.82912], [33.63856, -117.829], [33.64736, -117.83516], [33.64747, -117.83542], [33.63827, -117.82918], [33.63862, -117.82914], [33.64313, -117.82953], [33.64439, -117.84492], [33.63873, -117.82927], [33.63857, -117.82904], [33.64317, -117.82952], [33.64443, -117.8449]]","[[33.64046364425352, -117.83768647332799], [33.64395847972406, -117.8337274206973], [33.64282017742328, -117.83872548993284]]","[50, 16, 7]","[1.4892237515811169, 533.821874597169, 279.83080676917336]","[[33.63828, -117.82913], [33.64311, -117.82952], [33.64479, -117.8452], [33.63531, -117.83154], [33.64129, -117.8469], [33.67733, -117.85939], [33.63387, -117.83412], [33.63316, -117.83825], [33.63333, -117.83902], [33.56461, -117.8299], [33.64911, -117.83533], [33.62832, -117.80591], [33.64758, -117.8352], [33.63376, -117.84125], [33.67638, -117.86301]]","[[33.64049182454037, -117.83753810975801], [33.64051116753209, -117.8382150186301]]","[3, 3]","[13.191896169938389, 50.60716310365048]",4.746454477310181,798.3860657215118,18.870002508163452
9,800,"[33.64025067958688, -117.83443429448087]","[33.63782700429727, -117.82846524814394]",615.5714987114067,"[[33.64541, -117.82931], [33.64127, -117.83612], [33.64501, -117.82931], [33.64123, -117.83611], [33.64564, -117.82937], [33.64122, -117.83608], [33.64508, -117.82931], [33.64126, -117.83614], [33.63271, -117.82172], [33.64235, -117.82174], [33.6327, -117.82167], [33.64238, -117.82173], [33.64523, -117.82935], [33.64134, -117.83617], [33.63267, -117.8216], [33.63682, -117.83713], [33.63262, -117.82149], [33.64274, -117.82168], [33.64175, -117.83571], [33.64208, -117.83602], [33.63288, -117.82198], [33.6426, -117.8217], [33.63291, -117.82205], [33.6427, -117.82165], [33.63254, -117.82136], [33.64251, -117.82169], [33.64194, -117.8356], [33.64251, -117.83639], [33.64549, -117.82934], [33.64124, -117.83626], [33.64561, -117.82938], [33.64124, -117.83611], [33.64549, -117.82934], [33.64242, -117.83633], [33.63276, -117.82176], [33.64231, -117.8217], [33.64544, -117.82936], [33.64124, -117.83608], [33.64553, -117.82934], [33.64123, -117.83611], [33.64177, -117.83579], [33.64247, -117.83641], [33.64553, -117.82936], [33.64248, -117.83638], [33.64204, -117.83562], [33.64128, -117.83605], [33.64233, -117.836], [33.6285, -117.8061], [33.64555, -117.82934], [33.64123, -117.83613], [33.64199, -117.83563], [33.64122, -117.83616], [33.64195, -117.83558], [33.64206, -117.836], [33.64521, -117.82931], [33.64123, -117.83613], [33.64513, -117.82933], [33.64121, -117.83612], [33.63278, -117.82189], [33.64245, -117.82174], [33.64557, -117.82935], [33.64122, -117.83611], [33.64504, -117.82936], [33.64127, -117.83608], [33.64504, -117.82931], [33.64125, -117.83615], [33.64566, -117.82909], [33.64521, -117.829], [33.63266, -117.82163], [33.64262, -117.82167], [33.64202, -117.83599], [33.64222, -117.83615], [33.63287, -117.82205], [33.64274, -117.82168], [33.64576, -117.82936], [33.64125, -117.83613], [33.64501, -117.82931], [33.64124, -117.8361], [33.63275, -117.82175], [33.64281, -117.82167], [33.63277, -117.82167], [33.64121, -117.83609], [33.64196, -117.8356], [33.64211, -117.83602], [33.6329, -117.82206], [33.64246, -117.82172], [33.6456, -117.82935], [33.6412, -117.8361], [33.64547, -117.82933], [33.64122, -117.83608], [33.64521, -117.82906], [33.64254, -117.83645], [33.6452, -117.82937], [33.64126, -117.83622], [33.64522, -117.8293], [33.64121, -117.83609], [33.6329, -117.82209], [33.64252, -117.8217], [33.64505, -117.82931], [33.64123, -117.83613], [33.63267, -117.82164], [33.64257, -117.82171], [33.64505, -117.82901], [33.64266, -117.82169], [33.6454, -117.82931], [33.63987, -117.83687], [33.64552, -117.82933], [33.64122, -117.83611], [33.64554, -117.82934], [33.64123, -117.83614], [33.64525, -117.82934], [33.64127, -117.83608], [33.63283, -117.82189], [33.64269, -117.82167]]","[[33.63783140665377, -117.82847152419056], [33.63766227831399, -117.82856627963133], [33.64180729154383, -117.83129221958416]]","[41, 9, 9]","[0.7599048087123194, 20.534759842144105, 513.5033209376619]","[[33.64541, -117.82931], [33.64127, -117.83612], [33.63271, -117.82172], [33.64235, -117.82174], [33.63682, -117.83713], [33.64175, -117.83571], [33.6285, -117.8061], [33.63987, -117.83687]]","[[33.63837687163983, -117.83065389530238]]",[3],[212.01278186918546],4.433173179626465,363.8240852355957,5.329485893249512
0,1000,"[33.64025067958688, -117.83443429448087]","[33.634130832850595, -117.83314138705086]",689.3049024341751,"[[33.64302, -117.82955], [33.6424, -117.83752], [33.64273, -117.82967], [33.64241, -117.83756], [33.63309, -117.8224], [33.63858, -117.82358], [33.64282, -117.83621], [33.64244, -117.8379], [33.63311, -117.82243], [33.63867, -117.8235], [33.63272, -117.82171], [33.63861, -117.8236], [33.6432, -117.8295], [33.64242, -117.83789], [33.633, -117.82225], [33.63858, -117.82359], [33.62832, -117.80591], [33.64245, -117.83744], [33.64274, -117.82969], [33.6424, -117.83749], [33.64269, -117.82969], [33.64247, -117.8378], [33.64274, -117.82969], [33.64271, -117.82966], [33.64276, -117.83631], [33.6285, -117.8061], [33.64309, -117.82952], [33.64246, -117.83747], [33.64274, -117.82971], [33.64242, -117.83751], [33.67638, -117.86301], [33.6424, -117.83745], [33.64307, -117.82955], [33.64247, -117.83741], [33.64268, -117.82968], [33.64242, -117.83749], [33.64291, -117.8296], [33.64274, -117.83667], [33.64302, -117.82956], [33.64243, -117.83753], [33.63286, -117.82194], [33.63862, -117.82358], [33.63279, -117.82188], [33.63866, -117.82354], [33.64272, -117.82968], [33.64241, -117.83754], [33.6427, -117.82971], [33.64248, -117.83745], [33.64281, -117.82966], [33.64241, -117.83742], [33.63254, -117.82136], [33.63855, -117.82361], [33.64287, -117.82966], [33.64243, -117.83764], [33.643, -117.82959], [33.6424, -117.83749], [33.64283, -117.83615], [33.64243, -117.83797], [33.63278, -117.82189], [33.63867, -117.82353], [33.63025, -117.84357], [33.56461, -117.8299], [33.63248, -117.8213], [33.63872, -117.82349], [33.63271, -117.82167], [33.64242, -117.83751], [33.6327, -117.82166], [33.6388, -117.82345], [33.64271, -117.82965], [33.64241, -117.83757], [33.63305, -117.8223], [33.63868, -117.82352], [33.64271, -117.82968], [33.64251, -117.83725], [33.63276, -117.82179], [33.63888, -117.82343], [33.64268, -117.82969], [33.64087, -117.84038], [33.63273, -117.82164], [33.63875, -117.82352], [33.63309, -117.82237], [33.6388, -117.82343], [33.6329, -117.82209], [33.63857, -117.82361], [33.63262, -117.82149], [33.63881, -117.82346], [33.63278, -117.82182], [33.63857, -117.82359], [33.64277, -117.83628], [33.64241, -117.83759], [33.64276, -117.8297], [33.64244, -117.83753], [33.64274, -117.8295], [33.64299, -117.82931], [33.64278, -117.82969], [33.64241, -117.83744], [33.64277, -117.82969], [33.64244, -117.83763], [33.64269, -117.82969], [33.64248, -117.83801], [33.64302, -117.82958], [33.64241, -117.83743], [33.63271, -117.82172], [33.63863, -117.82356], [33.63308, -117.82239], [33.63868, -117.82352], [33.63274, -117.82177], [33.63863, -117.82354], [33.63276, -117.82176], [33.63863, -117.82354], [33.6428, -117.83626], [33.6424, -117.83768], [33.64277, -117.82963], [33.64245, -117.83757], [33.63309, -117.82241], [33.63858, -117.82357], [33.6327, -117.82167], [33.63865, -117.82358], [33.64277, -117.83628], [33.6424, -117.83747], [33.63285, -117.82194], [33.63284, -117.8221], [33.63287, -117.82205], [33.63873, -117.82352], [33.63293, -117.82212], [33.63857, -117.82361], [33.64285, -117.8296], [33.64255, -117.83725], [33.64297, -117.8296], [33.64243, -117.83752], [33.64312, -117.82954], [33.64249, -117.83755], [33.64316, -117.82955], [33.6424, -117.83781], [33.64271, -117.82973], [33.64246, -117.83745], [33.6331, -117.82242], [33.63859, -117.82355], [33.64297, -117.83598], [33.64243, -117.83767], [33.63027, -117.84348], [33.63022, -117.84362], [33.63303, -117.82226], [33.63857, -117.82356], [33.64275, -117.82967], [33.64241, -117.83744], [33.63015, -117.84377], [33.63049, -117.84322], [33.63283, -117.82189], [33.63872, -117.82354], [33.63309, -117.82233], [33.63883, -117.82344], [33.63303, -117.82216], [33.64243, -117.83786], [33.63269, -117.82167], [33.63874, -117.82349], [33.64264, -117.82951], [33.63883, -117.8234], [33.64278, -117.82969], [33.64243, -117.83756], [33.63304, -117.82228], [33.63871, -117.82351], [33.64312, -117.82952], [33.64244, -117.83744], [33.6328, -117.82197], [33.63872, -117.82349], [33.63306, -117.8222], [33.63485, -117.84391], [33.63307, -117.82233], [33.63876, -117.82349], [33.64271, -117.82971], [33.64242, -117.83748], [33.64283, -117.82965], [33.64243, -117.83742], [33.63307, -117.82235], [33.6386, -117.82358], [33.64268, -117.82971], [33.64246, -117.83797], [33.64277, -117.82969], [33.64247, -117.83806], [33.67733, -117.85939], [33.64243, -117.83748], [33.64295, -117.82956], [33.64244, -117.83743], [33.64325, -117.82949], [33.6424, -117.83745], [33.64284, -117.82964], [33.64248, -117.83751], [33.63302, -117.82228], [33.63861, -117.82355], [33.63273, -117.8217], [33.6386, -117.82359], [33.6429, -117.82964], [33.64245, -117.83738], [33.64278, -117.83629], [33.64282, -117.83629], [33.6427, -117.82968], [33.64241, -117.83741], [33.64268, -117.82971], [33.64244, -117.83748]]","[[33.63413237259124, -117.83313799419317], [33.63807375904966, -117.8331009707898], [33.63927367033413, -117.83528164512231]]","[137, 50, 32]","[0.35812914233641535, 437.34900865322624, 603.9946239407622]","[[33.64302, -117.82955], [33.6424, -117.83752], [33.63309, -117.8224], [33.63858, -117.82358], [33.64282, -117.83621], [33.62832, -117.80591], [33.67638, -117.86301], [33.63025, -117.84357], [33.56461, -117.8299], [33.64087, -117.84038], [33.63485, -117.84391], [33.67733, -117.85939]]","[[33.6341718756323, -117.83316237009946]]",[3],[4.951095103684331],6.257561683654785,1356.5800685882568,12.416342496871948
