n,radius,center,randomCenter,centerShift,endpoints,EPZs,EPZsFreq,distance,preprocessingTime,normalProcessingTime
0,200,"[33.64025067958688, -117.83443429448087]","[33.63899450964143, -117.83514538080972]",154.15780040756732,"[[33.63959, -117.83306], [33.63946, -117.83296], [33.62832, -117.80591], [33.64082, -117.83534], [33.6395, -117.83292], [33.64082, -117.83537], [33.63953, -117.83308], [33.64083, -117.83534], [33.63951, -117.83293], [33.63945, -117.83301], [33.63951, -117.83287], [33.63948, -117.83289], [33.63958, -117.83299], [33.64086, -117.83539], [33.63948, -117.83285], [33.63944, -117.83291], [33.63951, -117.83302], [33.63953, -117.83295], [33.63955, -117.83292], [33.63945, -117.8329], [33.63954, -117.83308], [33.63947, -117.83306], [33.6395, -117.83296], [33.64091, -117.83558], [33.64087, -117.83532], [33.64088, -117.83545], [33.63956, -117.83304], [33.63947, -117.83288], [33.63955, -117.83304], [33.63946, -117.83295], [33.6395, -117.83302], [33.63945, -117.83291], [33.64085, -117.83525], [33.641, -117.83568], [33.63955, -117.83286], [33.63945, -117.83303], [33.63719, -117.83511], [33.56461, -117.8299], [33.63949, -117.83293], [33.63943, -117.83297], [33.63953, -117.83299], [33.64086, -117.83531], [33.63953, -117.83301], [33.63944, -117.83297], [33.67638, -117.86301], [33.64094, -117.8356], [33.63954, -117.83299], [33.64085, -117.83517], [33.63955, -117.83291], [33.63946, -117.83306], [33.63954, -117.83309], [33.64087, -117.83533], [33.63955, -117.83296], [33.64079, -117.83539], [33.63956, -117.83287], [33.63944, -117.8329], [33.63948, -117.83296], [33.6408, -117.83532], [33.63954, -117.83297], [33.64108, -117.83593]]","[[33.639002600813264, -117.83514783377588], [33.632701879416075, -117.82576201986056], [33.631550613534, -117.82407207421728]]","[15, 6, 6]","[0.9258434557143218, 1115.8021601141556, 1318.0107726073954]",0.3091614246368408,62.68283438682556
1,200,"[33.64025067958688, -117.83443429448087]","[33.63967742846518, -117.8332482705577]",127.08069563476587,"[[33.63958, -117.83101], [33.64085, -117.83517], [33.63935, -117.83105], [33.64078, -117.83524], [33.63907, -117.83057], [33.63955, -117.83103], [33.63962, -117.83109], [33.63954, -117.83105], [33.64073, -117.83522], [33.64079, -117.83535], [33.63947, -117.83087], [33.64074, -117.8352], [33.63916, -117.83054], [33.63955, -117.83106], [33.63931, -117.83087], [33.63939, -117.83068], [33.64085, -117.83525], [33.641, -117.83568], [33.63938, -117.8311], [33.64063, -117.83508], [33.63954, -117.83097], [33.64077, -117.83527], [33.63957, -117.83097], [33.64078, -117.83529], [33.63931, -117.83034], [33.64069, -117.8351], [33.63943, -117.83065], [33.63942, -117.83068], [33.63944, -117.83063], [33.64084, -117.83534], [33.63922, -117.83078], [33.64079, -117.8353], [33.63956, -117.83096], [33.64078, -117.83521], [33.63955, -117.83097], [33.6408, -117.83525], [33.63948, -117.83077], [33.64091, -117.83558], [33.63914, -117.83054], [33.64067, -117.8351], [33.63944, -117.83071], [33.64078, -117.83528], [33.63956, -117.831], [33.63988, -117.83545], [33.63923, -117.83084], [33.63936, -117.83057], [33.64087, -117.83532], [33.64088, -117.83545], [33.63915, -117.83065], [33.63957, -117.83103], [33.63943, -117.83072], [33.6408, -117.83532], [33.6395, -117.83095], [33.64081, -117.83531], [33.63808, -117.83428], [33.63798, -117.83438], [33.63933, -117.83103], [33.63809, -117.83436], [33.6393, -117.83094], [33.63955, -117.83097], [33.63941, -117.83064], [33.63954, -117.83097], [33.6395, -117.83081], [33.64055, -117.83516], [33.62832, -117.80591], [33.64082, -117.83534], [33.63925, -117.83074], [33.64087, -117.83533], [33.63945, -117.83074], [33.64046, -117.83525], [33.63947, -117.83092], [33.64086, -117.83539], [33.6393, -117.83033], [33.64079, -117.83523], [33.63957, -117.83104], [33.64072, -117.83516], [33.63936, -117.83103], [33.63951, -117.83099], [33.63719, -117.83511], [33.56461, -117.8299], [33.63942, -117.83063], [33.64072, -117.83521]]","[[33.64591339599033, -117.82687115471921], [33.647519991683936, -117.82588542530952], [33.65072698893107, -117.82391989337678]]","[7, 6, 6]","[910.1643492399992, 1105.989597568633, 1500.2960996845738]",0.7487320899963379,119.01418447494507
2,200,"[33.64025067958688, -117.83443429448087]","[33.641005672206795, -117.8339497967417]",95.04110342737084,"[[33.63972, -117.8321], [33.63976, -117.83173], [33.6395, -117.83081], [33.64124, -117.83643], [33.63953, -117.8327], [33.63948, -117.83279], [33.6394, -117.83118], [33.63978, -117.83171], [33.6398, -117.83154], [33.63975, -117.83154], [33.6393, -117.83094], [33.63955, -117.83097], [33.63943, -117.83065], [33.63942, -117.83068], [33.63966, -117.83137], [33.63976, -117.83164], [33.63947, -117.83087], [33.64123, -117.8361], [33.63946, -117.83271], [33.64248, -117.83638], [33.6393, -117.83033], [33.64123, -117.83611], [33.63943, -117.83072], [33.6413, -117.83626], [33.63907, -117.83057], [33.63955, -117.83103], [33.63948, -117.83077], [33.64124, -117.8363], [33.63984, -117.83202], [33.63949, -117.83139], [33.63938, -117.8311], [33.63986, -117.83195], [33.63945, -117.83074], [33.64122, -117.83611], [33.63974, -117.83237], [33.64242, -117.83633], [33.63928, -117.83311], [33.63906, -117.83341], [33.6395, -117.83276], [33.63977, -117.83167], [33.63947, -117.83277], [33.64127, -117.83612], [33.63948, -117.83279], [33.63946, -117.83283], [33.63974, -117.83231], [33.63946, -117.83283], [33.63989, -117.83204], [33.63976, -117.8316], [33.63949, -117.83276], [33.64124, -117.8361], [33.63946, -117.83281], [33.63971, -117.83147], [33.63947, -117.83277], [33.64127, -117.83628], [33.63808, -117.83428], [33.63798, -117.83438], [33.67733, -117.85939], [33.64122, -117.8361], [33.63987, -117.83196], [33.64123, -117.83611], [33.64202, -117.83599], [33.64222, -117.83615], [33.63982, -117.83176], [33.64123, -117.83614], [33.63969, -117.83217], [33.63945, -117.83285], [33.63948, -117.83278], [33.63942, -117.83285], [33.63945, -117.83284], [33.63978, -117.83159], [33.63958, -117.83101], [33.64195, -117.83586], [33.63978, -117.83159], [33.64123, -117.83621], [33.64265, -117.83624], [33.64122, -117.83616], [33.63931, -117.83034], [33.64125, -117.83613], [33.63941, -117.83064], [33.63954, -117.83097], [33.6397, -117.8322], [33.63974, -117.83165], [33.63948, -117.83279], [33.63945, -117.83284], [33.63995, -117.83219], [33.64123, -117.83613], [33.63914, -117.83054], [33.64127, -117.83617], [33.64263, -117.83623], [33.63953, -117.83567], [33.63956, -117.83096], [33.64126, -117.83622], [33.63719, -117.83511], [33.56461, -117.8299], [33.63946, -117.83273], [33.64123, -117.83612], [33.63945, -117.8327], [33.64121, -117.83611], [33.63951, -117.83273], [33.63965, -117.832], [33.63943, -117.83283], [33.64124, -117.83626], [33.63986, -117.83197], [33.64123, -117.83613]]","[[33.640984381624264, -117.833971121118], [33.652725117262015, -117.82390952737258], [33.64110093532371, -117.83395811188751]]","[127, 9, 8]","[3.0806124663965346, 1599.11168176541, 10.594318010051936]",0.5837383270263672,392.12005281448364
3,200,"[33.64025067958688, -117.83443429448087]","[33.6418049165365, -117.8342005545]",173.7480801667115,"[[33.63943, -117.83283], [33.64124, -117.83626], [33.63954, -117.83307], [33.64135, -117.83635], [33.64273, -117.83628], [33.6412, -117.8371], [33.63947, -117.83277], [33.64128, -117.8364], [33.63988, -117.83349], [33.64117, -117.83685], [33.6395, -117.83081], [33.64124, -117.83643], [33.63922, -117.83078], [33.64111, -117.83725], [33.63947, -117.83087], [33.64123, -117.83635], [33.63956, -117.831], [33.63988, -117.83545], [33.63984, -117.83344], [33.64122, -117.83631], [33.64002, -117.83379], [33.63994, -117.83383], [33.62832, -117.80591], [33.64253, -117.83636], [33.63941, -117.83064], [33.63954, -117.83097], [33.63944, -117.83063], [33.64131, -117.83629], [33.63978, -117.83159], [33.64124, -117.83654], [33.6398, -117.83154], [33.63975, -117.83154], [33.63995, -117.83219], [33.6412, -117.83663], [33.6393, -117.83033], [33.64117, -117.83701], [33.64265, -117.83624], [33.64114, -117.83686], [33.63955, -117.83292], [33.63945, -117.8329], [33.63931, -117.83087], [33.63939, -117.83068], [33.63995, -117.8337], [33.6285, -117.8061], [33.63946, -117.83271], [33.64248, -117.83638], [33.63972, -117.8321], [33.63976, -117.83173], [33.63951, -117.83273], [33.63965, -117.832], [33.63948, -117.83285], [33.63944, -117.83291], [33.63938, -117.8311], [33.63986, -117.83195], [33.63995, -117.83373], [33.64006, -117.83536], [33.63931, -117.83034], [33.64124, -117.83641], [33.64251, -117.83645], [33.64252, -117.83645], [33.64263, -117.83623], [33.63953, -117.83567], [33.67733, -117.85939], [33.64114, -117.83685], [33.63954, -117.83097], [33.64119, -117.83641], [33.63947, -117.83092], [33.64128, -117.83653], [33.63994, -117.83455], [33.64124, -117.83627], [33.64264, -117.83622], [33.64244, -117.83633], [33.63928, -117.83311], [33.63906, -117.83341], [33.63948, -117.83279], [33.63945, -117.83284], [33.63985, -117.83348], [33.64116, -117.837], [33.63925, -117.83074], [33.64254, -117.83645], [33.63955, -117.83097], [33.64131, -117.83637]]","[[33.64191102484504, -117.83426899131976], [33.64251207008592, -117.83860561461904], [33.64125404167793, -117.83026505955921]]","[9, 6, 5]","[13.372385401324959, 416.1180231478454, 370.1773877797874]",0.19043588638305664,172.62252855300903
4,200,"[33.64025067958688, -117.83443429448087]","[33.64030451843404, -117.83560987128901]",109.2244292527181,"[[33.63989, -117.83204], [33.63976, -117.8316], [33.63986, -117.83349], [33.63971, -117.83323], [33.63957, -117.83097], [33.64141, -117.83743], [33.64216, -117.83611], [33.64222, -117.83615], [33.63955, -117.83292], [33.63945, -117.8329], [33.63948, -117.83279], [33.63945, -117.83284], [33.63947, -117.83087], [33.6413, -117.83741], [33.63966, -117.83137], [33.63976, -117.83164], [33.63951, -117.83289], [33.64134, -117.83744], [33.63979, -117.83344], [33.63971, -117.83324], [33.6395, -117.83081], [33.6414, -117.83737], [33.63972, -117.8321], [33.63976, -117.83173], [33.63953, -117.83299], [33.64139, -117.8374], [33.63954, -117.83315], [33.6398, -117.83336], [33.63941, -117.83064], [33.63954, -117.83097], [33.63942, -117.83063], [33.64133, -117.83739], [33.63954, -117.83297], [33.64128, -117.83743], [33.63984, -117.83344], [33.64168, -117.83741], [33.63969, -117.83327], [33.6391, -117.83349], [33.6393, -117.83094], [33.63955, -117.83097], [33.63984, -117.83202], [33.63949, -117.83139], [33.63947, -117.83092], [33.64131, -117.83744], [33.63958, -117.83101], [33.64209, -117.83598], [33.63916, -117.83054], [33.63955, -117.83106], [33.63976, -117.83353], [33.64134, -117.83752], [33.63953, -117.8327], [33.63948, -117.83279], [33.63935, -117.83105], [33.64136, -117.83739], [33.63982, -117.8334], [33.63846, -117.83493]]","[[33.64986012193823, -117.82697864130232], [33.648291843802774, -117.82815580871737], [33.65297956959633, -117.82466783734519]]","[9, 6, 6]","[1328.3206733553536, 1123.8454988649162, 1734.0051852674574]",0.14044952392578125,91.0068519115448
5,200,"[33.64025067958688, -117.83443429448087]","[33.640178489858805, -117.83367217054747]",71.1560447775374,"[[33.63962, -117.83109], [33.63954, -117.83105], [33.63936, -117.83103], [33.63951, -117.83099], [33.63915, -117.83065], [33.63957, -117.83103], [33.63947, -117.83087], [33.6413, -117.83741], [33.63971, -117.83141], [33.64104, -117.83567], [33.67733, -117.85939], [33.64114, -117.83685], [33.6398, -117.83154], [33.63975, -117.83154], [33.63969, -117.83137], [33.64112, -117.8358], [33.6393, -117.83094], [33.63955, -117.83097], [33.63923, -117.83084], [33.63973, -117.83152], [33.63964, -117.83137], [33.64124, -117.83626], [33.63965, -117.83114], [33.64124, -117.83654], [33.63956, -117.831], [33.63946, -117.83571], [33.63963, -117.83114], [33.6396, -117.83109], [33.63964, -117.83115], [33.63958, -117.83112], [33.63963, -117.83114], [33.63952, -117.8309], [33.63954, -117.83162], [33.63962, -117.83126], [33.63976, -117.83157], [33.64134, -117.83744], [33.64102, -117.83562], [33.641, -117.83568], [33.63964, -117.83122], [33.63971, -117.83149], [33.63959, -117.83112], [33.64106, -117.83585], [33.63935, -117.83105], [33.64136, -117.83739], [33.63827, -117.83413], [33.63806, -117.83433], [33.63955, -117.83097], [33.64131, -117.83637], [33.63966, -117.83125], [33.64123, -117.83612], [33.63957, -117.83104], [33.64099, -117.83577], [33.63973, -117.83143], [33.64128, -117.83743], [33.63719, -117.83511], [33.56461, -117.8299], [33.6394, -117.83107], [33.63973, -117.83157], [33.63931, -117.83034], [33.64124, -117.83641], [33.63958, -117.83101], [33.64209, -117.83598], [33.6394, -117.83118], [33.6396, -117.83114], [33.63945, -117.83127], [33.63958, -117.83106], [33.63948, -117.83077], [33.64124, -117.8363]]","[[33.64270136569076, -117.82887362174097], [33.63775537784169, -117.83206388704627], [33.64593672647374, -117.82693534851552]]","[6, 4, 4]","[525.8105454387181, 307.4010384112578, 893.5889777407601]",0.2043769359588623,131.52621817588806
6,200,"[33.64025067958688, -117.83443429448087]","[33.640707686311394, -117.8356942722629]",127.40833206552473,"[[33.63925, -117.83074], [33.64254, -117.83645], [33.63923, -117.83084], [33.63973, -117.83152], [33.63969, -117.83327], [33.6391, -117.83349], [33.6393, -117.83033], [33.64203, -117.83735], [33.63958, -117.83295], [33.63961, -117.83324], [33.63941, -117.83064], [33.63954, -117.83097], [33.63957, -117.83097], [33.64192, -117.83734], [33.63923, -117.83084], [33.63936, -117.83057], [33.63974, -117.83231], [33.63946, -117.83283], [33.63945, -117.83127], [33.63958, -117.83106], [33.63943, -117.83072], [33.64209, -117.83733], [33.63972, -117.8333], [33.63973, -117.83345], [33.63933, -117.83103], [33.63809, -117.83436], [33.63945, -117.8327], [33.64185, -117.83744], [33.63956, -117.831], [33.63958, -117.8377], [33.64265, -117.83624], [33.64186, -117.83747], [33.6398, -117.83154], [33.63975, -117.83154], [33.64264, -117.83622], [33.64244, -117.83633], [33.63963, -117.83114], [33.6396, -117.83109], [33.63944, -117.83063], [33.64176, -117.83748], [33.63962, -117.83323], [33.64187, -117.83745], [33.63995, -117.8337], [33.6285, -117.8061], [33.63827, -117.83413], [33.63806, -117.83433], [33.63995, -117.83358], [33.63968, -117.83338], [33.63945, -117.83284], [33.63978, -117.83159], [33.6395, -117.83276], [33.63977, -117.83167], [33.63972, -117.8321], [33.63976, -117.83173], [33.63986, -117.83197], [33.64175, -117.83746], [33.63955, -117.83292], [33.63945, -117.8329], [33.63949, -117.83276], [33.64186, -117.83744], [33.63947, -117.83277], [33.64209, -117.83724], [33.63964, -117.83115], [33.63958, -117.83112], [33.63914, -117.83054], [33.64219, -117.83736], [33.63958, -117.83101], [33.64244, -117.83631], [33.64263, -117.83623], [33.63882, -117.83566], [33.63954, -117.83162], [33.63962, -117.83126], [33.63957, -117.83104], [33.64183, -117.83746], [33.63944, -117.83071], [33.64189, -117.83733], [33.63977, -117.83332], [33.63979, -117.83337], [33.63977, -117.83338], [33.63977, -117.83331], [33.63946, -117.83281], [33.63971, -117.83147], [33.63987, -117.83196], [33.64202, -117.83731], [33.63962, -117.83109], [33.63954, -117.83105], [33.63953, -117.83299], [33.64192, -117.8373], [33.63995, -117.83219], [33.64215, -117.83733], [33.63938, -117.8311], [33.63986, -117.83195], [33.63955, -117.83097], [33.64213, -117.83735], [33.63986, -117.83349], [33.63971, -117.83323], [33.63956, -117.83096], [33.64187, -117.83745], [33.63953, -117.83308], [33.64191, -117.83734]]","[[33.652710421899414, -117.8238678476482], [33.65123881851511, -117.82519320313622], [33.64071016161125, -117.83570144620906]]","[26, 13, 6]","[1725.0917635806088, 1520.969709621167, 0.7199460542587566]",0.22103524208068848,314.7893362045288
7,200,"[33.64025067958688, -117.83443429448087]","[33.63987419115376, -117.83380829545752]",71.53005249599074,"[[33.64263, -117.83623], [33.63882, -117.83566], [33.63935, -117.83105], [33.64136, -117.83739], [33.63952, -117.83159], [33.63974, -117.83156], [33.64216, -117.83611], [33.64222, -117.83615], [33.63967, -117.83141], [33.64134, -117.83752], [33.63953, -117.83151], [33.63962, -117.83128], [33.63978, -117.83156], [33.64215, -117.83733], [33.6394, -117.83118], [33.6396, -117.83114], [33.6393, -117.83033], [33.64203, -117.83735], [33.63944, -117.83063], [33.64176, -117.83748], [33.63922, -117.83078], [33.64111, -117.83725], [33.63937, -117.83113], [33.63964, -117.83121], [33.63976, -117.83157], [33.64134, -117.83744], [33.63923, -117.83084], [33.63973, -117.83152], [33.63947, -117.83087], [33.6413, -117.83741], [33.63978, -117.83164], [33.6411, -117.83601], [33.64264, -117.83622], [33.64244, -117.83633], [33.63971, -117.83134], [33.641, -117.83575], [33.63931, -117.83087], [33.63939, -117.83068], [33.6397, -117.83162], [33.63978, -117.83159], [33.63954, -117.83097], [33.64119, -117.83641], [33.63933, -117.83098], [33.63811, -117.83438], [33.63964, -117.83115], [33.63958, -117.83112], [33.6396, -117.83124], [33.64191, -117.83734], [33.63943, -117.83109], [33.63959, -117.83119], [33.63957, -117.83104], [33.64183, -117.83746], [33.6395, -117.83145], [33.63955, -117.83097], [33.63938, -117.8311], [33.63977, -117.83155], [33.63916, -117.83054], [33.63955, -117.83106], [33.63925, -117.83074], [33.64254, -117.83645]]","[[33.649701940682796, -117.8264201288075], [33.64820304007052, -117.8277371000692], [33.643357168504004, -117.83199440419477]]","[11, 10, 8]","[1287.6208783973757, 1081.9527473846692, 421.37666699194796]",0.20539188385009766,100.43581581115723
8,200,"[33.64025067958688, -117.83443429448087]","[33.64161208016824, -117.8338124036019]",161.64740122162988,"[[33.63941, -117.83064], [33.63954, -117.83097], [33.63982, -117.83176], [33.64123, -117.83614], [33.63931, -117.83034], [33.64124, -117.83641], [33.63963, -117.83114], [33.63952, -117.8309], [33.63951, -117.83273], [33.63965, -117.832], [33.64273, -117.83628], [33.6412, -117.8371], [33.64118, -117.83594], [33.64119, -117.83594], [33.63948, -117.83278], [33.63942, -117.83285], [33.64263, -117.83623], [33.63882, -117.83566], [33.63907, -117.83057], [33.63955, -117.83103], [33.64265, -117.83624], [33.64186, -117.83747], [33.63945, -117.8327], [33.64185, -117.83744], [33.6395, -117.83276], [33.63977, -117.83167], [33.63977, -117.83332], [33.63979, -117.83337], [33.63923, -117.83084], [33.63936, -117.83057], [33.63956, -117.83096], [33.64187, -117.83745], [33.63976, -117.83157], [33.64134, -117.83744], [33.6397, -117.83162], [33.63978, -117.83159], [33.63925, -117.83074], [33.64254, -117.83645], [33.63957, -117.83104], [33.64183, -117.83746], [33.63987, -117.83196], [33.64202, -117.83731], [33.63971, -117.83141], [33.64118, -117.836], [33.6393, -117.83033], [33.64203, -117.83735], [33.63964, -117.83122], [33.63971, -117.83149], [33.63957, -117.83097], [33.64192, -117.83734], [33.63948, -117.83077], [33.64124, -117.8363], [33.63954, -117.83315], [33.6398, -117.83336], [33.64264, -117.83622], [33.64244, -117.83633], [33.63969, -117.83217], [33.63945, -117.83285], [33.63938, -117.8311], [33.63977, -117.83155], [33.63966, -117.83137], [33.63976, -117.83164], [33.63962, -117.83306], [33.64117, -117.83685], [33.63977, -117.83338], [33.63977, -117.83331], [33.63947, -117.83277], [33.64128, -117.8364], [33.63947, -117.83277], [33.64209, -117.83724], [33.6395, -117.83095], [33.64114, -117.83601], [33.63978, -117.83156], [33.64215, -117.83733], [33.6393, -117.83094], [33.63955, -117.83097], [33.63933, -117.83098], [33.63811, -117.83438], [33.63964, -117.83115], [33.63958, -117.83112], [33.63937, -117.83113], [33.63964, -117.83121], [33.63974, -117.83237], [33.64242, -117.83633], [33.63962, -117.83109], [33.63954, -117.83105], [33.63955, -117.83097], [33.64213, -117.83735], [33.63922, -117.83078], [33.64111, -117.83725], [33.67638, -117.86301], [33.64107, -117.83595], [33.63969, -117.83327], [33.6391, -117.83349], [33.63935, -117.83105], [33.64136, -117.83739], [33.62832, -117.80591], [33.64253, -117.83636], [33.63954, -117.83162], [33.63962, -117.83126], [33.63978, -117.83332], [33.63968, -117.83338]]","[[33.63773920075949, -117.8320188524454], [33.644304486049194, -117.82787457420119], [33.64668885505409, -117.82908331149318]]","[15, 13, 12]","[460.6645428523856, 626.5904107393734, 713.82246561758]",0.08504414558410645,363.9986698627472
9,200,"[33.64025067958688, -117.83443429448087]","[33.64136553789579, -117.83416388206913]",126.17460136355021,"[[33.63953, -117.83151], [33.63962, -117.83128], [33.63966, -117.83125], [33.64123, -117.83648], [33.63969, -117.83327], [33.6391, -117.83349], [33.6396, -117.83124], [33.64191, -117.83734], [33.63957, -117.83104], [33.64183, -117.83746], [33.63719, -117.83511], [33.56461, -117.8299], [33.6394, -117.83118], [33.6396, -117.83114], [33.63951, -117.83273], [33.63965, -117.832], [33.63956, -117.831], [33.63958, -117.8377], [33.63946, -117.83271], [33.64248, -117.83638], [33.63954, -117.83097], [33.64119, -117.83641], [33.63976, -117.83157], [33.64134, -117.83744], [33.63946, -117.83281], [33.63971, -117.83147], [33.63962, -117.83306], [33.64117, -117.83685], [33.63971, -117.83141], [33.64135, -117.83642], [33.63948, -117.83077], [33.64129, -117.83664], [33.6393, -117.83033], [33.64203, -117.83735], [33.63943, -117.83109], [33.63959, -117.83119], [33.63942, -117.83063], [33.64133, -117.83739], [33.63827, -117.83413], [33.63806, -117.83433], [33.63956, -117.83096], [33.64187, -117.83745], [33.63965, -117.83114], [33.64124, -117.83654], [33.63964, -117.83309], [33.64125, -117.83648], [33.63962, -117.83323], [33.64187, -117.83745], [33.6396, -117.83307], [33.64116, -117.837], [33.6395, -117.83095], [33.64128, -117.8366], [33.63966, -117.83137], [33.63976, -117.83164], [33.63987, -117.83196], [33.64202, -117.83731], [33.63966, -117.8332], [33.64168, -117.83741], [33.63978, -117.83156], [33.64215, -117.83733], [33.63938, -117.8311], [33.63977, -117.83155], [33.63973, -117.83143], [33.64128, -117.83743], [33.63957, -117.83097], [33.64192, -117.83734], [33.63964, -117.83122], [33.63971, -117.83149], [33.63952, -117.83159], [33.63974, -117.83156], [33.6394, -117.83107], [33.63973, -117.83157], [33.63963, -117.83114], [33.6396, -117.83109], [33.63936, -117.83103], [33.63951, -117.83099], [33.63954, -117.83162], [33.63962, -117.83126], [33.63945, -117.8327], [33.64185, -117.83744], [33.64267, -117.83627], [33.63989, -117.83543], [33.64264, -117.83622], [33.64244, -117.83633]]","[[33.63774663529307, -117.83199275940834], [33.64137045313973, -117.84605268184323], [33.648198992978884, -117.82773314435676]]","[12, 9, 8]","[449.09662498207024, 1102.9385596307905, 964.5519881920806]",0.16699576377868652,236.54790115356445
0,400,"[33.64025067958688, -117.83443429448087]","[33.64174323548698, -117.83283898079375]",222.05890707779386,"[[33.64401, -117.82937], [33.64122, -117.83721], [33.63876, -117.83005], [33.63897, -117.82975], [33.63906, -117.82988], [33.6389, -117.82961], [33.63881, -117.82997], [33.63881, -117.82948], [33.64535, -117.83525], [33.64119, -117.8373], [33.64408, -117.82939], [33.64134, -117.83744], [33.63907, -117.82984], [33.63897, -117.82973], [33.64407, -117.82935], [33.6412, -117.8373], [33.63859, -117.82959], [33.6387, -117.82926], [33.644, -117.8294], [33.64239, -117.83724], [33.63883, -117.83002], [33.63824, -117.83155], [33.64423, -117.82934], [33.64191, -117.83734], [33.64418, -117.82937], [33.64133, -117.83739], [33.63881, -117.83006], [33.6389, -117.82961], [33.64516, -117.83523], [33.6424, -117.83713], [33.64401, -117.82934], [33.64189, -117.83733], [33.63885, -117.83004], [33.63905, -117.82997], [33.64419, -117.82934], [33.64215, -117.83733], [33.6442, -117.82936], [33.64187, -117.83745], [33.64421, -117.82936], [33.64243, -117.8372], [33.6388, -117.83004], [33.63886, -117.83023], [33.63887, -117.82952], [33.63885, -117.82953], [33.64497, -117.8353], [33.6285, -117.8061], [33.64419, -117.82934], [33.64213, -117.83735], [33.63873, -117.82929], [33.63887, -117.82958], [33.63827, -117.83413], [33.63806, -117.83433], [33.64392, -117.82937], [33.64131, -117.83744], [33.63881, -117.8301], [33.64136, -117.83739], [33.64418, -117.82937], [33.64209, -117.83733], [33.64416, -117.82933], [33.64121, -117.83733], [33.64412, -117.82936], [33.64202, -117.83731], [33.64421, -117.82934], [33.64203, -117.83735], [33.63719, -117.83511], [33.56461, -117.8299], [33.64406, -117.82936], [33.64121, -117.83724], [33.64412, -117.82935], [33.64121, -117.8372], [33.63906, -117.82992], [33.63899, -117.8298], [33.63874, -117.82993], [33.63809, -117.83436], [33.64408, -117.82936], [33.64121, -117.83727], [33.644, -117.82938], [33.64219, -117.83736], [33.64524, -117.83522], [33.63933, -117.83616], [33.64414, -117.82936], [33.64119, -117.83732], [33.63883, -117.83005], [33.63893, -117.82967], [33.63877, -117.83003], [33.63884, -117.82953], [33.64419, -117.82937], [33.64128, -117.83743], [33.64393, -117.82935], [33.64123, -117.83733], [33.64416, -117.82932], [33.64168, -117.83741], [33.62832, -117.80591], [33.64247, -117.8371], [33.63887, -117.83012], [33.63895, -117.82969], [33.64404, -117.82945], [33.64122, -117.83728], [33.64422, -117.82938], [33.64192, -117.83734], [33.64494, -117.83526], [33.64237, -117.83715], [33.63808, -117.83428], [33.63798, -117.83438]]","[[33.64542133122184, -117.83957795844668], [33.641412876825996, -117.81899926020807], [33.641430707674125, -117.81676463503995]]","[6, 6, 6]","[746.5018126334795, 1284.4473637416236, 1491.6356826569727]",0.7823917865753174,290.36710691452026
1,400,"[33.64025067958688, -117.83443429448087]","[33.64053167967742, -117.83145594190829]",278.0607848856739,"[[33.64423, -117.82934], [33.64191, -117.83734], [33.63757, -117.8284], [33.63738, -117.83504], [33.644, -117.82938], [33.64219, -117.83736], [33.63786, -117.82825], [33.63774, -117.82823], [33.64407, -117.82935], [33.6412, -117.8373], [33.63775, -117.82858], [33.63793, -117.82835], [33.63767, -117.82852], [33.63785, -117.82829], [33.63792, -117.8283], [33.63788, -117.82831], [33.63769, -117.82854], [33.63786, -117.82831], [33.63789, -117.8283], [33.6378, -117.82827], [33.63755, -117.82848], [33.63797, -117.82839], [33.63747, -117.83489], [33.63735, -117.83506], [33.64251, -117.83645], [33.64252, -117.83645], [33.62832, -117.80591], [33.64247, -117.8371], [33.64419, -117.82934], [33.64215, -117.83733], [33.64428, -117.82935], [33.6414, -117.83737], [33.64419, -117.82934], [33.64213, -117.83735], [33.63746, -117.82844], [33.63794, -117.82838], [33.64387, -117.82943], [33.64183, -117.83746], [33.63773, -117.82863], [33.63777, -117.82825], [33.64417, -117.82936], [33.64116, -117.837], [33.64395, -117.82945], [33.64244, -117.83631], [33.64414, -117.82937], [33.64135, -117.83635], [33.63775, -117.82861], [33.6378, -117.82826], [33.63758, -117.8285], [33.63796, -117.82838], [33.64385, -117.8294], [33.6413, -117.83741], [33.63763, -117.82845], [33.63789, -117.82833], [33.63773, -117.82856], [33.6379, -117.82835], [33.64406, -117.82935], [33.64176, -117.83748], [33.64414, -117.82936], [33.64119, -117.83732], [33.63719, -117.8283], [33.64136, -117.83739], [33.63779, -117.82864], [33.63777, -117.82865], [33.6442, -117.82936], [33.64187, -117.83745], [33.63779, -117.82857], [33.63741, -117.83501], [33.64392, -117.82937], [33.64131, -117.83744], [33.64383, -117.82944], [33.64254, -117.83645], [33.64418, -117.82934], [33.63958, -117.8377], [33.63777, -117.82865], [33.63788, -117.82832], [33.64535, -117.83525], [33.64119, -117.8373], [33.6378, -117.82861], [33.6378, -117.8283], [33.64388, -117.8294], [33.64209, -117.83724], [33.64516, -117.83523], [33.6424, -117.83713], [33.64421, -117.82934], [33.64175, -117.83746], [33.64387, -117.82938], [33.64123, -117.83614], [33.63794, -117.82832], [33.63797, -117.82842], [33.64412, -117.82936], [33.64202, -117.83731], [33.64421, -117.82934], [33.64203, -117.83735], [33.63767, -117.8286], [33.63784, -117.8283], [33.63768, -117.82857], [33.63794, -117.82836], [33.64497, -117.8353], [33.6285, -117.8061], [33.64376, -117.82904], [33.6378, -117.82823], [33.63738, -117.82832], [33.6379, -117.82838], [33.64416, -117.82934], [33.64376, -117.8294], [33.67733, -117.85939], [33.64114, -117.83685], [33.64412, -117.82935], [33.64121, -117.8372], [33.64264, -117.83622], [33.64244, -117.83633]]","[[33.64105529689852, -117.82618797907709], [33.64009599723572, -117.8319349349317], [33.64481408582092, -117.827290820633]]","[6, 4, 4]","[492.15732660057546, 65.64978415885005, 612.3037175892304]",0.6100254058837891,321.2720613479614
2,400,"[33.64025067958688, -117.83443429448087]","[33.641082553537395, -117.83207554870648]",237.48260976184324,"[[33.63789, -117.8283], [33.6378, -117.82827], [33.64429, -117.82935], [33.64124, -117.83641], [33.64419, -117.82934], [33.64213, -117.83735], [33.63829, -117.82912], [33.6383, -117.82869], [33.63758, -117.8285], [33.63796, -117.82838], [33.64419, -117.82934], [33.64215, -117.83733], [33.64416, -117.82932], [33.64168, -117.83741], [33.64414, -117.82937], [33.6413, -117.83677], [33.64421, -117.82936], [33.64243, -117.8372], [33.63794, -117.82832], [33.63797, -117.82842], [33.64407, -117.82935], [33.6412, -117.8373], [33.6442, -117.82936], [33.64187, -117.83745], [33.63738, -117.82832], [33.6379, -117.82838], [33.64415, -117.82934], [33.64128, -117.83658], [33.64404, -117.82945], [33.64122, -117.83728], [33.63773, -117.82863], [33.63777, -117.82825], [33.64421, -117.82937], [33.64183, -117.83746], [33.63841, -117.8288], [33.63854, -117.82896], [33.63747, -117.83489], [33.63735, -117.83506], [33.63767, -117.82852], [33.63785, -117.82829], [33.63828, -117.82913], [33.63854, -117.82901], [33.64396, -117.82938], [33.64134, -117.83752], [33.64524, -117.83522], [33.63933, -117.83616], [33.63833, -117.82919], [33.63847, -117.82892], [33.64494, -117.83526], [33.64237, -117.83715], [33.63831, -117.82911], [33.63844, -117.82888], [33.64417, -117.82936], [33.64116, -117.837], [33.63719, -117.8283], [33.64136, -117.83739], [33.63843, -117.82879], [33.63855, -117.829], [33.64418, -117.82937], [33.64248, -117.83638], [33.64415, -117.82935], [33.6413, -117.8366], [33.644, -117.82938], [33.64219, -117.83736], [33.64416, -117.82934], [33.6439, -117.82936], [33.64421, -117.82934], [33.64175, -117.83746], [33.63835, -117.82875], [33.63849, -117.82894], [33.63843, -117.82882], [33.63853, -117.829], [33.64423, -117.82934], [33.64191, -117.83734], [33.63767, -117.8286], [33.63784, -117.8283], [33.64418, -117.82934], [33.63958, -117.8377], [33.64411, -117.82935], [33.64186, -117.83744]]","[[33.64266613798004, -117.81434103669324], [33.64293677005987, -117.81215133660167], [33.64239298858173, -117.81655077249755]]","[25, 25, 9]","[1654.5919125049732, 1859.7861212984615, 1447.5618367187967]",0.20003676414489746,196.38795638084412
3,400,"[33.64025067958688, -117.83443429448087]","[33.63947402069893, -117.83579024001772]",152.4634909844679,"[[33.64407, -117.82935], [33.6427, -117.839], [33.64383, -117.82944], [33.64265, -117.83871], [33.644, -117.82938], [33.64264, -117.83877], [33.64497, -117.8353], [33.6285, -117.8061], [33.63746, -117.82844], [33.63794, -117.82838], [33.6393, -117.83094], [33.63955, -117.83097], [33.64318, -117.83588], [33.64316, -117.8359], [33.63779, -117.82857], [33.63663, -117.83306], [33.64428, -117.82935], [33.64256, -117.83826], [33.64494, -117.83526], [33.64252, -117.83828], [33.64408, -117.82939], [33.64267, -117.83884], [33.63789, -117.8283], [33.6378, -117.82827], [33.63769, -117.82854], [33.63786, -117.82831], [33.64423, -117.82934], [33.64259, -117.83845], [33.63835, -117.82875], [33.63849, -117.82894], [33.64414, -117.82937], [33.6427, -117.83839], [33.63874, -117.82993], [33.63703, -117.83228], [33.64376, -117.82904], [33.6378, -117.82823], [33.63828, -117.82913], [33.63854, -117.82901], [33.64395, -117.82945], [33.64262, -117.83827], [33.64421, -117.82934], [33.64268, -117.83883], [33.64418, -117.82937], [33.64272, -117.83903], [33.63964, -117.83115], [33.63958, -117.83112], [33.63843, -117.82882], [33.63853, -117.829], [33.63936, -117.83103], [33.63951, -117.83099], [33.63967, -117.83109], [33.64258, -117.83838], [33.63831, -117.82911], [33.63844, -117.82888], [33.64404, -117.82945], [33.64255, -117.83832], [33.63758, -117.8285], [33.63796, -117.82838], [33.644, -117.8294], [33.64269, -117.83898], [33.63589, -117.83507], [33.6359, -117.83639], [33.63777, -117.82865], [33.63788, -117.82832], [33.63954, -117.83097], [33.64265, -117.83878], [33.64388, -117.8294], [33.64261, -117.83793], [33.63945, -117.83074], [33.64259, -117.83859], [33.63969, -117.83141], [33.64266, -117.83868], [33.6394, -117.83056], [33.63972, -117.83148], [33.63757, -117.8284], [33.63591, -117.83823], [33.63719, -117.8283], [33.64252, -117.83832], [33.63922, -117.83078], [33.64264, -117.83869], [33.67733, -117.85939], [33.64269, -117.83907], [33.64317, -117.83586], [33.63831, -117.83151], [33.64524, -117.83522], [33.6382, -117.83165], [33.6442, -117.82936], [33.64265, -117.83875], [33.64416, -117.82932], [33.64268, -117.83897], [33.64416, -117.82933], [33.64287, -117.83902]]","[[33.63926512254588, -117.82689248164279], [33.6391852985161, -117.84003446866399], [33.640410726375656, -117.8252169476788]]","[6, 5, 4]","[825.8000585182497, 395.05164225059394, 986.4001795495941]",0.4058074951171875,263.0328252315521
4,400,"[33.64025067958688, -117.83443429448087]","[33.64327113381036, -117.83424382998099]",335.4821384447098,"[[33.63719, -117.83511], [33.56461, -117.8299], [33.63841, -117.8288], [33.63854, -117.82896], [33.64417, -117.82936], [33.64267, -117.83881], [33.64718, -117.83516], [33.63831, -117.83151], [33.63831, -117.82911], [33.63844, -117.82888], [33.64407, -117.82935], [33.6427, -117.839], [33.64416, -117.82933], [33.64287, -117.83902], [33.64418, -117.82934], [33.63958, -117.8377], [33.64419, -117.82934], [33.64268, -117.83903], [33.63835, -117.82875], [33.63849, -117.82894], [33.64736, -117.83516], [33.64747, -117.83542], [33.64422, -117.82938], [33.64261, -117.83853], [33.63954, -117.83162], [33.63962, -117.83126], [33.67638, -117.86301], [33.64259, -117.83851], [33.63953, -117.83299], [33.64264, -117.83849], [33.63829, -117.82912], [33.6383, -117.82869], [33.64727, -117.83514], [33.64266, -117.83887], [33.63773, -117.82856], [33.6379, -117.82835], [33.64419, -117.82934], [33.64262, -117.83861], [33.64408, -117.82939], [33.64267, -117.83884], [33.64416, -117.82932], [33.64268, -117.83897], [33.63719, -117.8283], [33.64267, -117.8389], [33.63969, -117.83327], [33.6391, -117.83349], [33.63954, -117.83097], [33.64265, -117.83878], [33.63775, -117.82858], [33.63793, -117.82835], [33.64418, -117.82937], [33.64272, -117.83903], [33.63738, -117.82832], [33.6379, -117.82838], [33.63881, -117.82997], [33.63881, -117.82948], [33.64688, -117.83517], [33.64278, -117.83897], [33.63955, -117.83306], [33.63948, -117.83287], [33.63956, -117.83096], [33.64268, -117.83885], [33.63757, -117.8284], [33.63591, -117.83823], [33.64412, -117.82936], [33.64262, -117.83853], [33.64396, -117.82938], [33.6426, -117.83858], [33.63755, -117.82848], [33.63797, -117.82839], [33.63779, -117.82864], [33.63777, -117.82865], [33.63589, -117.83507], [33.6359, -117.83639], [33.63945, -117.8327], [33.64263, -117.83859]]","[[33.64212773731142, -117.81882555146979], [33.64088980095668, -117.83922808907296], [33.64286208885466, -117.81214281457815]]","[12, 11, 9]","[1435.9616784780874, 532.5127368337015, 2050.799748361226]",0.16618943214416504,174.7573595046997
5,400,"[33.64025067958688, -117.83443429448087]","[33.64136925813056, -117.83624729165099]",209.00354113157692,"[[33.64383, -117.82944], [33.64321, -117.84024], [33.63833, -117.82919], [33.63847, -117.82892], [33.64718, -117.83516], [33.63831, -117.83151], [33.63831, -117.82911], [33.63844, -117.82888], [33.63938, -117.8311], [33.63977, -117.83155], [33.63758, -117.8285], [33.63796, -117.82838], [33.63945, -117.83074], [33.64305, -117.84022], [33.64412, -117.82935], [33.64311, -117.8401], [33.64535, -117.83519], [33.64277, -117.84034], [33.63779, -117.82864], [33.63777, -117.82865], [33.63843, -117.82879], [33.63855, -117.829], [33.63767, -117.8286], [33.63784, -117.8283], [33.64385, -117.8294], [33.6431, -117.84012], [33.64415, -117.82934], [33.64333, -117.84021], [33.64408, -117.82939], [33.64309, -117.84011], [33.64401, -117.82934], [33.64305, -117.84011], [33.63769, -117.82854], [33.63786, -117.82831], [33.64421, -117.82934], [33.64341, -117.84045], [33.64408, -117.82936], [33.64336, -117.8404], [33.64419, -117.82934], [33.64308, -117.84006], [33.63789, -117.8283], [33.6378, -117.82827], [33.63994, -117.83227], [33.64306, -117.84012], [33.63763, -117.82845], [33.63789, -117.82833], [33.64418, -117.82937], [33.64327, -117.84028], [33.64411, -117.82935], [33.64331, -117.8403], [33.6394, -117.83056], [33.63972, -117.83148], [33.63881, -117.82997], [33.63881, -117.82948], [33.64414, -117.82937], [33.64318, -117.84011]]","[[33.64294754958826, -117.81215891151996], [33.641353701550244, -117.82628817561624], [33.64264818571865, -117.81433688037565]]","[18, 4, 4]","[2241.534137313258, 923.9209967262565, 2037.5842686814622]",0.18413305282592773,74.16792011260986
6,400,"[33.64025067958688, -117.83443429448087]","[33.64068961369839, -117.83245194848566]",190.24150455948964,"[[33.63848, -117.82882], [33.6385, -117.8289], [33.64421, -117.82936], [33.64243, -117.8372], [33.64418, -117.82937], [33.64209, -117.83733], [33.63775, -117.82861], [33.6378, -117.82826], [33.64401, -117.82937], [33.64122, -117.83721], [33.64419, -117.82934], [33.64268, -117.83903], [33.64412, -117.82936], [33.64262, -117.83853], [33.64421, -117.82937], [33.64183, -117.83746], [33.64339, -117.82949], [33.64258, -117.83838], [33.6442, -117.82936], [33.64265, -117.83875], [33.63758, -117.8285], [33.63796, -117.82838], [33.67733, -117.85939], [33.64269, -117.83907], [33.63773, -117.82863], [33.63777, -117.82825], [33.64727, -117.83514], [33.64266, -117.83887], [33.64404, -117.82945], [33.64255, -117.83832], [33.64416, -117.82932], [33.64268, -117.83897], [33.63828, -117.82913], [33.63824, -117.82865], [33.64351, -117.82944], [33.64264, -117.83849], [33.64335, -117.82948], [33.64268, -117.83885], [33.64392, -117.82937], [33.64131, -117.83744], [33.63822, -117.82909], [33.63847, -117.82889], [33.64351, -117.82941], [33.64265, -117.83878], [33.64355, -117.82943], [33.64266, -117.83868], [33.64396, -117.82938], [33.6426, -117.83858], [33.63846, -117.82882], [33.63851, -117.82895], [33.63794, -117.82832], [33.63797, -117.82842], [33.64535, -117.83519], [33.64277, -117.84034], [33.64385, -117.8294], [33.6431, -117.84012], [33.64324, -117.82928], [33.64374, -117.82904], [33.64407, -117.82935], [33.6427, -117.839], [33.64418, -117.82937], [33.64327, -117.84028]]","[[33.65132317076288, -117.8280062540812], [33.65295156631023, -117.82676950739146], [33.654542001681456, -117.82556153664235]]","[4, 4, 4]","[1249.4564640231342, 1458.6287661083836, 1664.104287041898]",0.1873011589050293,128.88982892036438
7,400,"[33.64025067958688, -117.83443429448087]","[33.64160617943221, -117.83524436935656]",168.08300889182473,"[[33.63975, -117.83154], [33.64306, -117.84012], [33.63755, -117.82848], [33.63797, -117.82839], [33.63757, -117.8284], [33.63591, -117.83823], [33.63763, -117.82845], [33.63789, -117.82833], [33.64408, -117.82939], [33.64309, -117.84011], [33.64355, -117.82943], [33.6429, -117.83943], [33.63773, -117.82856], [33.6379, -117.82835], [33.63843, -117.82879], [33.63855, -117.829], [33.64416, -117.82934], [33.6439, -117.82936], [33.63792, -117.8283], [33.63788, -117.82831], [33.63779, -117.82864], [33.63777, -117.82865], [33.63938, -117.8311], [33.63963, -117.8311], [33.63873, -117.82929], [33.63887, -117.82958], [33.63719, -117.83511], [33.56461, -117.8299], [33.64421, -117.82936], [33.64294, -117.83933], [33.63775, -117.82861], [33.6378, -117.82826], [33.63841, -117.8288], [33.63854, -117.82896], [33.644, -117.8294], [33.64289, -117.83928], [33.64351, -117.82944], [33.64291, -117.83937], [33.6394, -117.83116], [33.63975, -117.8315], [33.63915, -117.83065], [33.63957, -117.83103], [33.64376, -117.82904], [33.6378, -117.82823], [33.64718, -117.83516], [33.63831, -117.83151], [33.64408, -117.82936], [33.64336, -117.8404], [33.64421, -117.82934], [33.64293, -117.83932], [33.64736, -117.83516], [33.64747, -117.83542], [33.64404, -117.82945], [33.64293, -117.8394], [33.64416, -117.82932], [33.64291, -117.83947], [33.64419, -117.82937], [33.64284, -117.83944], [33.64428, -117.82935], [33.6429, -117.83929], [33.64422, -117.82938], [33.64289, -117.83956], [33.64535, -117.83519], [33.64277, -117.84034], [33.64418, -117.82937], [33.64296, -117.83928], [33.644, -117.82938], [33.64291, -117.83927], [33.63933, -117.83098], [33.63974, -117.83152], [33.63848, -117.82882], [33.6385, -117.8289], [33.64219, -117.83022], [33.64294, -117.83939], [33.64406, -117.82935], [33.64291, -117.83946], [33.63773, -117.82863], [33.63777, -117.82825], [33.63767, -117.8286], [33.63784, -117.8283], [33.63589, -117.83507], [33.6359, -117.83639], [33.64392, -117.82937], [33.64294, -117.83944], [33.6378, -117.82861], [33.6378, -117.8283], [33.63922, -117.83078], [33.64274, -117.83972], [33.63738, -117.82832], [33.6379, -117.82838], [33.64727, -117.83514], [33.64293, -117.83946], [33.64421, -117.82934], [33.64341, -117.84045], [33.63945, -117.83074], [33.64305, -117.84022], [33.64544, -117.83521], [33.6285, -117.8061]]","[[33.63596832759337, -117.81549623309206], [33.63928447277289, -117.82689066021331], [33.640747108432215, -117.83581978129604]]","[4, 3, 3]","[1935.8908342838438, 816.6555041744864, 109.21895316358727]",0.2154066562652588,274.77142333984375
8,400,"[33.64025067958688, -117.83443429448087]","[33.638793145885224, -117.83339641437534]",188.165910789018,"[[33.644, -117.8294], [33.64289, -117.83928], [33.63814, -117.82896], [33.63855, -117.82901], [33.63789, -117.8283], [33.6378, -117.82827], [33.64418, -117.82934], [33.63958, -117.8377], [33.64416, -117.82934], [33.6439, -117.82936], [33.64351, -117.82941], [33.64265, -117.83878], [33.64415, -117.82934], [33.64333, -117.84021], [33.63594, -117.83635], [33.56461, -117.8299], [33.64524, -117.83522], [33.64251, -117.83639], [33.63801, -117.82884], [33.63849, -117.82892], [33.63843, -117.82879], [33.63855, -117.829], [33.64407, -117.82935], [33.6427, -117.839], [33.63818, -117.829], [33.63758, -117.82912], [33.64422, -117.82938], [33.64289, -117.83956], [33.63746, -117.82844], [33.63794, -117.82838], [33.64718, -117.83516], [33.64211, -117.83602], [33.63775, -117.82858], [33.63793, -117.82835], [33.63843, -117.82878], [33.63851, -117.82893], [33.63801, -117.82882], [33.6385, -117.82893], [33.63719, -117.8283], [33.64267, -117.8389], [33.64335, -117.82948], [33.64268, -117.83885], [33.63846, -117.82882], [33.63851, -117.82895], [33.64421, -117.82937], [33.64183, -117.83746], [33.64544, -117.83521], [33.6285, -117.8061], [33.64421, -117.82934], [33.64341, -117.84045], [33.63773, -117.82856], [33.6379, -117.82835], [33.64419, -117.82934], [33.64308, -117.84006], [33.64411, -117.82935], [33.64331, -117.8403], [33.6442, -117.82936], [33.64265, -117.83875], [33.64385, -117.8294], [33.6431, -117.84012], [33.63846, -117.82889], [33.63858, -117.82906], [33.64415, -117.82935], [33.6413, -117.8366], [33.64688, -117.83517], [33.64278, -117.83897], [33.64421, -117.82936], [33.64294, -117.83933]]","[[33.642662776013765, -117.81435284652358], [33.6429546066827, -117.81216213646321], [33.641445302141726, -117.82342658395362]]","[23, 18, 13]","[1818.0959775587994, 2023.2935255669347, 970.5787607611926]",0.1772935390472412,144.4570586681366
9,400,"[33.64025067958688, -117.83443429448087]","[33.638982343512225, -117.8351836958886]",156.92069135153935,"[[33.64408, -117.82936], [33.64336, -117.8404], [33.63814, -117.82896], [33.63855, -117.82901], [33.63846, -117.82882], [33.63851, -117.82895], [33.63769, -117.82854], [33.63786, -117.82831], [33.6442, -117.82936], [33.64265, -117.83875], [33.63767, -117.82852], [33.63785, -117.82829], [33.64727, -117.83514], [33.64293, -117.83946], [33.64494, -117.83526], [33.64252, -117.83828], [33.64393, -117.82935], [33.64227, -117.83735], [33.67733, -117.85939], [33.64269, -117.83907], [33.63763, -117.82845], [33.63789, -117.82833], [33.64421, -117.82937], [33.64217, -117.83739], [33.63773, -117.82856], [33.6379, -117.82835], [33.63829, -117.82912], [33.6383, -117.82869], [33.64392, -117.82937], [33.64294, -117.83944], [33.63789, -117.8283], [33.6378, -117.82827], [33.63775, -117.82861], [33.6378, -117.82826], [33.63746, -117.82844], [33.63794, -117.82838], [33.63801, -117.82882], [33.6385, -117.82893], [33.64428, -117.82935], [33.6429, -117.83929], [33.64408, -117.82939], [33.64309, -117.84011], [33.63818, -117.829], [33.63758, -117.82912], [33.63775, -117.82858], [33.63793, -117.82835], [33.64429, -117.82935], [33.64231, -117.83735], [33.67638, -117.86301], [33.64259, -117.83851], [33.63843, -117.82882], [33.63853, -117.829], [33.63835, -117.82875], [33.63849, -117.82894], [33.644, -117.82938], [33.64291, -117.83927], [33.64419, -117.82937], [33.64284, -117.83944], [33.64415, -117.82934], [33.64333, -117.84021], [33.64418, -117.82937], [33.64272, -117.83903], [33.64688, -117.83517], [33.64278, -117.83897], [33.63881, -117.82997], [33.63881, -117.82948], [33.63768, -117.82857], [33.63794, -117.82836], [33.644, -117.8294], [33.64289, -117.83928], [33.63779, -117.82864], [33.63777, -117.82865], [33.64419, -117.82934], [33.64308, -117.84006]]","[[33.64296181693542, -117.8121554366266], [33.64150897711686, -117.82349990342934], [33.64269344432272, -117.81434955140432]]","[16, 14, 12]","[2181.4895612914374, 1119.5753228851725, 1976.1648007041024]",0.08999991416931152,203.99821782112122
0,600,"[33.64025067958688, -117.83443429448087]","[33.642500639502884, -117.83836076442472]",441.5497567411354,"[[33.64416, -117.82932], [33.64417, -117.84473], [33.63801, -117.82884], [33.63849, -117.82892], [33.63755, -117.82848], [33.63797, -117.82839], [33.64422, -117.82938], [33.64424, -117.84478], [33.64763, -117.83521], [33.6285, -117.8061], [33.67733, -117.85939], [33.6441, -117.84458], [33.64414, -117.82936], [33.64411, -117.84459], [33.64393, -117.82935], [33.64426, -117.84475], [33.63792, -117.8283], [33.63788, -117.82831], [33.64423, -117.82934], [33.64411, -117.84461], [33.6442, -117.82936], [33.64415, -117.84454], [33.63738, -117.82832], [33.6379, -117.82838], [33.64428, -117.82935], [33.64415, -117.84463], [33.63779, -117.82864], [33.63777, -117.82865], [33.63758, -117.8285], [33.63796, -117.82838], [33.64388, -117.8294], [33.64422, -117.84476], [33.64401, -117.82937], [33.64404, -117.84458], [33.64421, -117.82937], [33.64426, -117.84467], [33.64416, -117.82933], [33.64419, -117.84472], [33.64339, -117.82949], [33.64415, -117.84463], [33.64418, -117.82937], [33.64414, -117.84457], [33.63846, -117.82889], [33.63858, -117.82906], [33.64376, -117.82904], [33.6378, -117.82823], [33.64392, -117.82937], [33.64419, -117.84469], [33.63746, -117.82844], [33.63794, -117.82838], [33.63589, -117.83507], [33.6359, -117.83639], [33.63831, -117.82911], [33.63844, -117.82888], [33.64418, -117.82934], [33.63679, -117.83931], [33.64758, -117.8352], [33.6442, -117.84452], [33.63767, -117.8286], [33.63784, -117.8283], [33.64351, -117.82941], [33.64426, -117.84479], [33.64727, -117.83514], [33.64421, -117.84474], [33.64419, -117.82937], [33.64418, -117.84468], [33.63763, -117.82845], [33.63789, -117.82833], [33.64395, -117.82945], [33.64419, -117.84467], [33.64736, -117.83518], [33.64159, -117.84568], [33.64429, -117.82935], [33.64424, -117.84473], [33.6476, -117.83518], [33.64169, -117.84492], [33.64725, -117.83517], [33.64153, -117.84553], [33.63794, -117.82832], [33.63797, -117.82842], [33.62832, -117.80591], [33.64159, -117.84542], [33.6393, -117.83094], [33.63955, -117.83097], [33.63848, -117.82882], [33.6385, -117.8289], [33.64415, -117.82935], [33.6441, -117.84457], [33.63827, -117.83413], [33.63806, -117.83433], [33.63786, -117.82825], [33.63774, -117.82823], [33.63773, -117.82863], [33.63777, -117.82825], [33.64406, -117.82935], [33.64409, -117.84457], [33.63769, -117.82854], [33.63786, -117.82831], [33.63822, -117.82909], [33.63847, -117.82889], [33.64414, -117.82937], [33.64422, -117.84453], [33.63768, -117.82857], [33.63794, -117.82836], [33.63843, -117.82878], [33.63851, -117.82893], [33.63757, -117.8284], [33.63591, -117.83823], [33.644, -117.82938], [33.64414, -117.84453]]","[[33.642295889606835, -117.83844967469165], [33.643237734648, -117.84655564677371], [33.64254020465067, -117.838351784657]]","[10, 6, 5]","[24.161507123372107, 764.6193693225988, 4.466775400500121]",0.7989292144775391,351.10659289360046
1,600,"[33.64025067958688, -117.83443429448087]","[33.63906412088547, -117.8385512125909]",403.9779278894387,"[[33.63773, -117.82863], [33.63777, -117.82825], [33.63773, -117.82856], [33.6379, -117.82835], [33.67733, -117.85939], [33.6441, -117.84458], [33.64423, -117.82934], [33.64411, -117.84461], [33.64376, -117.82904], [33.6378, -117.82823], [33.63357, -117.83879], [33.56461, -117.8299], [33.63841, -117.8288], [33.63854, -117.82896], [33.63777, -117.82865], [33.63788, -117.82832], [33.64351, -117.82941], [33.64426, -117.84479], [33.64725, -117.83517], [33.64153, -117.84553], [33.64412, -117.82935], [33.64365, -117.84205], [33.64407, -117.82935], [33.64356, -117.84232], [33.64418, -117.82937], [33.64353, -117.84231], [33.6378, -117.82861], [33.6378, -117.8283], [33.63938, -117.8311], [33.63963, -117.8311], [33.64383, -117.82944], [33.64405, -117.84115], [33.63843, -117.82882], [33.63853, -117.829], [33.64419, -117.82934], [33.64364, -117.84201], [33.63779, -117.82857], [33.63604, -117.83277], [33.63758, -117.8285], [33.63796, -117.82838], [33.63801, -117.82882], [33.6385, -117.82893], [33.64351, -117.82944], [33.64359, -117.84225], [33.64718, -117.83516], [33.64154, -117.84456], [33.64355, -117.82943], [33.64362, -117.8421], [33.63848, -117.82882], [33.6385, -117.8289], [33.64416, -117.82932], [33.64417, -117.84473], [33.64406, -117.82935], [33.64409, -117.84457], [33.64736, -117.83516], [33.64747, -117.83542], [33.62832, -117.80591], [33.64159, -117.84542], [33.64401, -117.82934], [33.64351, -117.8425], [33.63846, -117.82882], [33.63851, -117.82895], [33.64406, -117.82936], [33.64352, -117.8423], [33.64428, -117.82935], [33.64415, -117.84463], [33.64763, -117.83521], [33.6285, -117.8061], [33.64388, -117.8294], [33.64422, -117.84476], [33.64422, -117.82938], [33.64424, -117.84478], [33.64411, -117.82935], [33.64354, -117.84234], [33.63833, -117.82919], [33.63847, -117.82892], [33.64401, -117.82937], [33.64404, -117.84458], [33.63763, -117.82845], [33.63789, -117.82833], [33.63775, -117.82861], [33.6378, -117.82826], [33.63789, -117.8283], [33.6378, -117.82827], [33.63818, -117.829], [33.63758, -117.82912], [33.64414, -117.82936], [33.64411, -117.84459]]","[[33.64527799621371, -117.84294748162934], [33.64315127573639, -117.84649857418579], [33.639247009835195, -117.82688039574856]]","[19, 8, 6]","[800.8479741069198, 865.5074228460368, 1082.9335803124145]",0.24651646614074707,256.79671454429626
2,600,"[33.64025067958688, -117.83443429448087]","[33.637104716933436, -117.83465232436376]",349.52299864610103,"[[33.64421, -117.82936], [33.64294, -117.83933], [33.64412, -117.82935], [33.64365, -117.84205], [33.64396, -117.82938], [33.6426, -117.83858], [33.64758, -117.8352], [33.6442, -117.84452], [33.64383, -117.82944], [33.64405, -117.84115], [33.64324, -117.82928], [33.64374, -117.82904], [33.63641, -117.82813], [33.6373, -117.82801], [33.64412, -117.82936], [33.64262, -117.83853], [33.64718, -117.83516], [33.64154, -117.84456], [33.64416, -117.82933], [33.64419, -117.84472], [33.64428, -117.82935], [33.64415, -117.84463], [33.64401, -117.82937], [33.64404, -117.84458], [33.64335, -117.82948], [33.64268, -117.83885], [33.63664, -117.82809], [33.63764, -117.82819], [33.6442, -117.82936], [33.64415, -117.84454], [33.63679, -117.82808], [33.64274, -117.83972], [33.64421, -117.82934], [33.64341, -117.84045], [33.64406, -117.82935], [33.64409, -117.84457], [33.64376, -117.82904], [33.6378, -117.82823], [33.63624, -117.82807], [33.63759, -117.82817], [33.63632, -117.82805], [33.6375, -117.82813], [33.6378, -117.82822], [33.63759, -117.82813], [33.64421, -117.82937], [33.64426, -117.84467], [33.63664, -117.82811], [33.63763, -117.82819], [33.63686, -117.82814], [33.63533, -117.82808], [33.63677, -117.82816], [33.63727, -117.828], [33.63685, -117.82815], [33.63743, -117.82804], [33.63646, -117.82808], [33.63617, -117.82804], [33.64355, -117.82943], [33.64362, -117.8421], [33.64415, -117.82935], [33.6441, -117.84457], [33.64404, -117.82945], [33.64293, -117.8394], [33.63264, -117.83895], [33.63245, -117.83959], [33.64092, -117.83001], [33.64305, -117.84022], [33.63681, -117.82816], [33.6374, -117.82806], [33.63764, -117.82815], [33.6375, -117.82811], [33.63665, -117.82804], [33.63399, -117.84034], [33.64423, -117.82934], [33.64411, -117.84461], [33.64429, -117.82935], [33.64424, -117.84473], [33.6374, -117.82805], [33.63759, -117.82815], [33.64219, -117.83022], [33.64294, -117.83939], [33.64351, -117.82944], [33.64359, -117.84225], [33.64414, -117.82936], [33.64411, -117.84459], [33.64736, -117.83516], [33.64747, -117.83542], [33.64101, -117.83], [33.64306, -117.84012], [33.67733, -117.85939], [33.6441, -117.84458], [33.64418, -117.82937], [33.64353, -117.84231], [33.64417, -117.82936], [33.64267, -117.83881], [33.64763, -117.83521], [33.6285, -117.8061], [33.64416, -117.82934], [33.6439, -117.82936], [33.64415, -117.82934], [33.64333, -117.84021]]","[[33.637110332220814, -117.83245648553134], [33.63716627349, -117.83027323458536], [33.64195163564475, -117.81628672019684]]","[19, 15, 10]","[203.72162570398626, 406.33073115848475, 1786.636543472556]",0.4528050422668457,361.26410031318665
3,600,"[33.64025067958688, -117.83443429448087]","[33.63801605234183, -117.8337261651959]",256.41441864632293,"[[33.63568, -117.82761], [33.63556, -117.82759], [33.64355, -117.82943], [33.64362, -117.8421], [33.64418, -117.82934], [33.63843, -117.84113], [33.63573, -117.82761], [33.63584, -117.82765], [33.64407, -117.82935], [33.64356, -117.84232], [33.6476, -117.83518], [33.64169, -117.84492], [33.63539, -117.82792], [33.63551, -117.82759], [33.64417, -117.82936], [33.64267, -117.83881], [33.63568, -117.82761], [33.6356, -117.82759], [33.63545, -117.82789], [33.63582, -117.82766], [33.63542, -117.82794], [33.63564, -117.82761], [33.64736, -117.83518], [33.64159, -117.84568], [33.636, -117.82768], [33.63548, -117.82756], [33.64421, -117.82934], [33.64341, -117.84045], [33.64236, -117.82982], [33.64305, -117.84022], [33.64419, -117.82937], [33.64418, -117.84468], [33.6352, -117.82797], [33.63589, -117.82767], [33.63538, -117.82789], [33.63559, -117.82761], [33.6355, -117.82757], [33.63558, -117.8276], [33.63515, -117.82789], [33.63548, -117.82756], [33.63542, -117.82754], [33.63539, -117.82754], [33.6357, -117.82761], [33.63551, -117.82759], [33.64758, -117.8352], [33.6442, -117.84452], [33.63549, -117.828], [33.63551, -117.82759], [33.64419, -117.82934], [33.64268, -117.83903], [33.64415, -117.82935], [33.6441, -117.84457], [33.63546, -117.82798], [33.63546, -117.82757], [33.644, -117.82938], [33.64414, -117.84453], [33.64411, -117.82935], [33.64354, -117.84234], [33.63545, -117.82791], [33.63555, -117.8276], [33.64412, -117.82935], [33.64365, -117.84205], [33.63532, -117.82789], [33.63557, -117.82757], [33.6354, -117.8279], [33.63564, -117.82763], [33.63547, -117.82794], [33.63561, -117.82761], [33.67733, -117.85939], [33.6441, -117.84458], [33.63601, -117.82766], [33.63551, -117.82759], [33.62832, -117.80591], [33.64159, -117.84542], [33.64428, -117.82935], [33.64415, -117.84463], [33.64396, -117.82938], [33.6426, -117.83858], [33.63533, -117.82782], [33.64274, -117.83972], [33.63534, -117.82794], [33.64267, -117.8389], [33.6442, -117.82936], [33.64415, -117.84454], [33.63526, -117.82789], [33.63549, -117.82759]]","[[33.64244976346479, -117.81222764613905], [33.64211352104469, -117.8144511334831], [33.63639694889986, -117.82337346487975]]","[11, 10, 9]","[2054.2023247697125, 1845.044358569087, 977.1233504053567]",0.29654669761657715,184.8716971874237
4,600,"[33.64025067958688, -117.83443429448087]","[33.63774993251467, -117.83483789601745]",279.88849081573795,"[[33.64414, -117.82937], [33.64422, -117.84453], [33.64423, -117.82934], [33.64411, -117.84461], [33.63764, -117.82815], [33.6375, -117.82811], [33.64421, -117.82934], [33.64293, -117.83932], [33.63738, -117.82832], [33.63758, -117.82817], [33.64351, -117.82944], [33.64359, -117.84225], [33.63686, -117.82814], [33.63533, -117.82808], [33.64736, -117.83516], [33.64747, -117.83542], [33.62832, -117.80591], [33.64159, -117.84542], [33.64339, -117.82949], [33.64415, -117.84463], [33.64401, -117.82937], [33.64404, -117.84458], [33.63539, -117.82792], [33.63551, -117.82759], [33.64376, -117.82904], [33.6378, -117.82823], [33.644, -117.8294], [33.64289, -117.83928], [33.63714, -117.82821], [33.63792, -117.82834], [33.64414, -117.82936], [33.64411, -117.84459], [33.6357, -117.82761], [33.63551, -117.82759], [33.64419, -117.82934], [33.64268, -117.83903], [33.67733, -117.85939], [33.6441, -117.84458], [33.63665, -117.82804], [33.63399, -117.84034], [33.6476, -117.83518], [33.64169, -117.84492], [33.64419, -117.82937], [33.64418, -117.84468], [33.63533, -117.82782], [33.64274, -117.83972], [33.64416, -117.82933], [33.64419, -117.84472], [33.64416, -117.82934], [33.6439, -117.82936], [33.63573, -117.82761], [33.63584, -117.82765], [33.63719, -117.82826], [33.63767, -117.82822], [33.63515, -117.82789], [33.63548, -117.82756], [33.64411, -117.82935], [33.64354, -117.84234], [33.64416, -117.82932], [33.64417, -117.84473], [33.64428, -117.82935], [33.64415, -117.84463], [33.6352, -117.82797], [33.63589, -117.82767], [33.63715, -117.82827], [33.63779, -117.82825], [33.6442, -117.82936], [33.64415, -117.84454], [33.64415, -117.82935], [33.6441, -117.84457], [33.644, -117.82938], [33.64414, -117.84453], [33.64408, -117.82939], [33.64309, -117.84011], [33.67638, -117.86301], [33.64259, -117.83851], [33.63722, -117.82829], [33.63771, -117.82821], [33.63542, -117.82794], [33.63564, -117.82761], [33.64404, -117.82945], [33.64293, -117.8394], [33.638, -117.82836], [33.63782, -117.82828], [33.64415, -117.82934], [33.64333, -117.84021], [33.64392, -117.82937], [33.64419, -117.84469], [33.64418, -117.82937], [33.64272, -117.83903], [33.64401, -117.82934], [33.64351, -117.8425], [33.64383, -117.82944], [33.64405, -117.84115], [33.64412, -117.82935], [33.64365, -117.84205], [33.64393, -117.82935], [33.64426, -117.84475]]","[[33.638695295592264, -117.81742635218374], [33.6390983477553, -117.81531734622736], [33.63950095918414, -117.81321043875771]]","[4, 4, 4]","[1618.7484722988527, 1817.1719708824323, 2015.8468483883958]",0.1250016689300537,262.5609893798828
5,600,"[33.64025067958688, -117.83443429448087]","[33.64331121385868, -117.8318643319814]",414.8220340789374,"[[33.63686, -117.82814], [33.63533, -117.82808], [33.63542, -117.82754], [33.63539, -117.82754], [33.64861, -117.83019], [33.64353, -117.84231], [33.63573, -117.82761], [33.63584, -117.82765], [33.62832, -117.80591], [33.64159, -117.84542], [33.64855, -117.83017], [33.64422, -117.84476], [33.63715, -117.82827], [33.63779, -117.82825], [33.67638, -117.86301], [33.64259, -117.83851], [33.63764, -117.82815], [33.6375, -117.82811], [33.63646, -117.82808], [33.63617, -117.82804], [33.64871, -117.83023], [33.64293, -117.83932], [33.64869, -117.83025], [33.64306, -117.84012], [33.64905, -117.83534], [33.64153, -117.84553], [33.64869, -117.83024], [33.64272, -117.83903], [33.63533, -117.82782], [33.64274, -117.83972], [33.64888, -117.83034], [33.64414, -117.84457], [33.64867, -117.83027], [33.64411, -117.84461], [33.64865, -117.83021], [33.64426, -117.84479], [33.63539, -117.82792], [33.63551, -117.82759], [33.64862, -117.83023], [33.64262, -117.83853], [33.6355, -117.82757], [33.63558, -117.8276], [33.64873, -117.83028], [33.64424, -117.84473], [33.64795, -117.83525], [33.6285, -117.8061], [33.64875, -117.83027], [33.64354, -117.84234], [33.63357, -117.83879], [33.56461, -117.8299], [33.63755, -117.82848], [33.63797, -117.82839], [33.64866, -117.83023], [33.64294, -117.83939], [33.64872, -117.83032], [33.64422, -117.84453], [33.64865, -117.83022], [33.64417, -117.84473], [33.64862, -117.83025], [33.6431, -117.84012], [33.63545, -117.82791], [33.63555, -117.8276], [33.63641, -117.82813], [33.6373, -117.82801], [33.6489, -117.83034], [33.64267, -117.83881], [33.64868, -117.83026], [33.64364, -117.84201], [33.63714, -117.82821], [33.63792, -117.82834], [33.63538, -117.82789], [33.63559, -117.82761], [33.64872, -117.8303], [33.64419, -117.84467], [33.64891, -117.83033], [33.64419, -117.84472], [33.64889, -117.83537], [33.64159, -117.84568], [33.63568, -117.82761], [33.63556, -117.82759], [33.64863, -117.83023], [33.64336, -117.8404], [33.63758, -117.8285], [33.63796, -117.82838]]","[[33.64512949779914, -117.81341412566314], [33.64485481545968, -117.81573943877072], [33.64095020218978, -117.83945794279994]]","[5, 4, 4]","[1723.432474344589, 1505.6450172518857, 751.5617353105771]",0.3772711753845215,185.7206392288208
6,600,"[33.64025067958688, -117.83443429448087]","[33.63937585710226, -117.8391943965733]",452.14282597729255,"[[33.638, -117.82836], [33.63782, -117.82828], [33.64416, -117.82934], [33.6439, -117.82936], [33.64889, -117.83537], [33.64159, -117.84568], [33.6354, -117.8279], [33.63564, -117.82763], [33.63738, -117.82832], [33.63758, -117.82817], [33.63681, -117.82816], [33.6374, -117.82806], [33.6378, -117.82861], [33.6378, -117.8283], [33.63686, -117.82814], [33.63533, -117.82808], [33.63542, -117.82754], [33.63539, -117.82754], [33.64422, -117.82938], [33.64424, -117.84478], [33.64736, -117.83516], [33.64747, -117.83542], [33.63545, -117.82789], [33.63582, -117.82766], [33.64419, -117.82937], [33.64418, -117.84468], [33.63764, -117.82815], [33.6375, -117.82811], [33.64428, -117.82935], [33.64415, -117.84463], [33.64871, -117.83023], [33.64361, -117.84363], [33.63646, -117.82808], [33.63617, -117.82804], [33.67638, -117.86301], [33.64356, -117.84336], [33.64869, -117.83024], [33.64369, -117.84384], [33.64855, -117.83017], [33.64422, -117.84476], [33.63763, -117.82845], [33.63789, -117.82833], [33.63538, -117.82789], [33.63559, -117.82761], [33.62832, -117.80591], [33.64159, -117.84542], [33.64236, -117.82982], [33.64358, -117.84349], [33.63769, -117.82854], [33.63786, -117.82831], [33.64865, -117.83022], [33.64417, -117.84473], [33.64863, -117.83023], [33.64363, -117.84363], [33.63714, -117.82821], [33.63792, -117.82834], [33.6374, -117.82805], [33.63759, -117.82815]]","[[33.64397665221701, -117.83367426324871], [33.63599634832364, -117.83234641987046], [33.64694744984261, -117.84193903085695]]","[7, 6, 6]","[722.9535599037143, 737.6585436766463, 877.5601516920605]",0.1450042724609375,96.7573025226593
7,600,"[33.64025067958688, -117.83443429448087]","[33.63877437801996, -117.83082415642438]",372.80915715427744,"[[33.64869, -117.83025], [33.64306, -117.84012], [33.67638, -117.86301], [33.64356, -117.84336], [33.64889, -117.83537], [33.64159, -117.84568], [33.63264, -117.83895], [33.63245, -117.83959], [33.64891, -117.83033], [33.64419, -117.84472], [33.64419, -117.82934], [33.64268, -117.83903], [33.64419, -117.82937], [33.64418, -117.84468], [33.64868, -117.83026], [33.64364, -117.84201], [33.63421, -117.82714], [33.63446, -117.82689], [33.64873, -117.83028], [33.64424, -117.84473], [33.64871, -117.83023], [33.64361, -117.84363], [33.63418, -117.82718], [33.63442, -117.82688], [33.63416, -117.82719], [33.63444, -117.82685], [33.64415, -117.82935], [33.6441, -117.84457], [33.63402, -117.82695], [33.63442, -117.82693], [33.64875, -117.83027], [33.64354, -117.84234], [33.6342, -117.82709], [33.63439, -117.82685], [33.63426, -117.82718], [33.63441, -117.82685], [33.6341, -117.82702], [33.64267, -117.8389], [33.64861, -117.83019], [33.64353, -117.84231], [33.63415, -117.82709], [33.63444, -117.82687], [33.62832, -117.80591], [33.64159, -117.84542], [33.64426, -117.82937], [33.64358, -117.84349], [33.64412, -117.82935], [33.64365, -117.84205], [33.64422, -117.82938], [33.64424, -117.84478], [33.63418, -117.82712], [33.63442, -117.82686], [33.64795, -117.83525], [33.6285, -117.8061], [33.64477, -117.82931], [33.64419, -117.84469], [33.64427, -117.82937], [33.64415, -117.84463], [33.63421, -117.82717], [33.63441, -117.82687], [33.63414, -117.82706], [33.63425, -117.82719], [33.63413, -117.82701], [33.63443, -117.82685]]","[[33.64213179610595, -117.81226759016226], [33.645337432603895, -117.843007537207], [33.64172306884276, -117.81453351157549]]","[18, 15, 15]","[1761.3496271598885, 1344.392301567237, 1546.3058562042384]",0.2003192901611328,127.89217042922974
8,600,"[33.64025067958688, -117.83443429448087]","[33.63961222686038, -117.8371652024083]",263.0644024050234,"[[33.6374, -117.82805], [33.63759, -117.82815], [33.64718, -117.83516], [33.64154, -117.84456], [33.64869, -117.83025], [33.64343, -117.84185], [33.64875, -117.83027], [33.64354, -117.84234], [33.64889, -117.83537], [33.64159, -117.84568], [33.63421, -117.82717], [33.63441, -117.82687], [33.64727, -117.83514], [33.64421, -117.84474], [33.63835, -117.82875], [33.63849, -117.82894], [33.64888, -117.83034], [33.64414, -117.84457], [33.63539, -117.82792], [33.63551, -117.82759], [33.644, -117.82938], [33.64414, -117.84453], [33.64867, -117.83027], [33.64411, -117.84461], [33.6342, -117.82709], [33.63439, -117.82685], [33.63415, -117.82709], [33.63444, -117.82687], [33.64401, -117.82937], [33.64404, -117.84458], [33.64404, -117.82945], [33.6435, -117.84173], [33.64415, -117.82935], [33.6441, -117.84457], [33.63681, -117.82816], [33.6374, -117.82806], [33.64427, -117.82937], [33.64415, -117.84463], [33.63568, -117.82761], [33.63556, -117.82759], [33.63426, -117.82718], [33.63441, -117.82685], [33.64419, -117.82937], [33.64418, -117.84468], [33.64422, -117.82938], [33.64424, -117.84478], [33.64865, -117.83021], [33.64426, -117.84479], [33.62832, -117.80591], [33.64159, -117.84542], [33.63357, -117.83879], [33.56461, -117.8299], [33.63413, -117.82701], [33.63443, -117.82685], [33.63714, -117.82821], [33.63792, -117.82834], [33.64866, -117.83023], [33.64396, -117.84117], [33.64868, -117.83026], [33.64364, -117.84201], [33.63418, -117.82718], [33.63442, -117.82688], [33.63416, -117.82719], [33.63444, -117.82685], [33.63646, -117.82808], [33.63617, -117.82804], [33.64477, -117.82931], [33.64419, -117.84469], [33.64862, -117.83025], [33.6435, -117.84179], [33.63549, -117.828], [33.63551, -117.82759], [33.64416, -117.82934], [33.6439, -117.82936], [33.64414, -117.82936], [33.64411, -117.84459], [33.64383, -117.82944], [33.64405, -117.84115], [33.64736, -117.83516], [33.64747, -117.83542], [33.63641, -117.82813], [33.6373, -117.82801], [33.63758, -117.8285], [33.63796, -117.82838], [33.64872, -117.83032], [33.64422, -117.84453], [33.64415, -117.82934], [33.64352, -117.84177]]","[[33.64296828437772, -117.81215077661163], [33.64266946327287, -117.81435290574386], [33.6358232080359, -117.82546706755532]]","[24, 15, 12]","[2350.2858781052278, 2143.3243419525184, 1163.8246398466708]",0.11454892158508301,255.85001182556152
9,600,"[33.64025067958688, -117.83443429448087]","[33.64233440441703, -117.83146446721278]",359.6164887087521,"[[33.64767, -117.82996], [33.64352, -117.8423], [33.64891, -117.83033], [33.64419, -117.84472], [33.64889, -117.83537], [33.64159, -117.84568], [33.63426, -117.82718], [33.63441, -117.82685], [33.64891, -117.83032], [33.64289, -117.83928], [33.63624, -117.82807], [33.63759, -117.82817], [33.64875, -117.83027], [33.64354, -117.84234], [33.64813, -117.83006], [33.64415, -117.84463], [33.64769, -117.82993], [33.63843, -117.84113], [33.64773, -117.82995], [33.64409, -117.84457], [33.63545, -117.82791], [33.63555, -117.8276], [33.64795, -117.82998], [33.64352, -117.84177], [33.64865, -117.83021], [33.64426, -117.84479], [33.6483, -117.83013], [33.64426, -117.84467], [33.63421, -117.82714], [33.63446, -117.82689], [33.64788, -117.82998], [33.64404, -117.84458], [33.6478, -117.82997], [33.64309, -117.84011], [33.64888, -117.83034], [33.64414, -117.84457], [33.6357, -117.82761], [33.63551, -117.82759], [33.63714, -117.82821], [33.63763, -117.82816], [33.63542, -117.82754], [33.63539, -117.82754], [33.63533, -117.82782], [33.64274, -117.83972], [33.63526, -117.82789], [33.63549, -117.82759], [33.64861, -117.83019], [33.64353, -117.84231], [33.63735, -117.82802], [33.63754, -117.82812], [33.64871, -117.83023], [33.64361, -117.84363], [33.6341, -117.82702], [33.64267, -117.8389], [33.64855, -117.83017], [33.64422, -117.84476], [33.64885, -117.83038], [33.6435, -117.84173], [33.63734, -117.83508], [33.63737, -117.83507], [33.64867, -117.83027], [33.64411, -117.84461], [33.67638, -117.86301], [33.64356, -117.84336], [33.64771, -117.82991], [33.64419, -117.84469], [33.6354, -117.8279], [33.63564, -117.82763], [33.63738, -117.82832], [33.63758, -117.82817]]","[[33.647588632565736, -117.83211113495265], [33.634727672126594, -117.83213571777165], [33.64870473088558, -117.82802193021689]]","[6, 6, 5]","[585.8573698646983, 846.0025171753573, 775.3896507689979]",0.1499035358428955,162.35425448417664
0,800,"[33.64025067958688, -117.83443429448087]","[33.6369761160291, -117.83065137306056]",505.0605149857299,"[[33.63339, -117.82308], [33.64003, -117.82262], [33.64758, -117.8352], [33.6442, -117.84452], [33.64771, -117.82991], [33.64419, -117.84469], [33.63339, -117.82311], [33.64267, -117.8389], [33.63336, -117.82313], [33.64018, -117.82254], [33.64412, -117.82935], [33.64365, -117.84205], [33.64891, -117.83032], [33.64289, -117.83928], [33.64515, -117.82933], [33.64356, -117.84232], [33.64862, -117.83025], [33.6435, -117.84179], [33.64727, -117.83514], [33.64421, -117.84474], [33.63333, -117.82289], [33.64008, -117.82261], [33.64416, -117.82934], [33.64422, -117.82933], [33.63339, -117.82315], [33.64034, -117.82245], [33.64421, -117.82936], [33.64294, -117.83933], [33.6442, -117.82904], [33.64012, -117.82257], [33.63335, -117.82301], [33.63996, -117.82266], [33.64414, -117.82936], [33.64411, -117.84459], [33.64795, -117.82998], [33.64352, -117.84177], [33.64866, -117.83023], [33.64396, -117.84117], [33.64718, -117.83516], [33.64154, -117.84456], [33.63336, -117.82306], [33.64005, -117.82261], [33.63339, -117.82311], [33.64009, -117.82255], [33.63286, -117.83827], [33.63378, -117.83858], [33.64885, -117.83038], [33.6435, -117.84173], [33.63319, -117.82257], [33.63989, -117.8227], [33.63337, -117.82311], [33.64012, -117.82258], [33.64428, -117.82935], [33.64415, -117.84463], [33.6441, -117.8293], [33.64426, -117.84475], [33.64813, -117.83006], [33.64415, -117.84463], [33.64889, -117.83537], [33.64159, -117.84568], [33.6489, -117.83034], [33.64267, -117.83881], [33.63342, -117.82309], [33.63993, -117.82272], [33.64419, -117.82934], [33.64268, -117.83903], [33.67733, -117.85939], [33.6441, -117.84458], [33.64773, -117.82995], [33.64409, -117.84457]]","[[33.641802518762226, -117.8410028076346], [33.651559023474526, -117.81553502569075], [33.6438012075057, -117.83365280168555]]","[4, 3, 3]","[1099.4635194234372, 2140.728938647976, 806.5978018209951]",0.4276576042175293,139.9537422657013
1,800,"[33.64025067958688, -117.83443429448087]","[33.64387733250532, -117.83694611565967]",464.8737533577331,"[[33.63641, -117.82813], [33.6373, -117.82801], [33.64866, -117.83023], [33.64558, -117.84546], [33.64888, -117.83034], [33.64527, -117.84543], [33.6374, -117.82805], [33.63759, -117.82815], [33.67638, -117.86301], [33.64541, -117.84542], [33.65118, -117.83514], [33.64159, -117.84568], [33.63568, -117.82761], [33.63556, -117.82759], [33.6485, -117.83018], [33.64534, -117.84545], [33.64871, -117.83023], [33.64533, -117.84546], [33.65107, -117.83513], [33.64558, -117.84554], [33.64883, -117.83026], [33.64531, -117.84542], [33.64719, -117.82923], [33.64833, -117.83003], [33.65096, -117.83511], [33.6285, -117.8061], [33.63415, -117.82709], [33.63444, -117.82687], [33.64846, -117.83018], [33.64531, -117.84547], [33.63601, -117.82766], [33.63551, -117.82759], [33.63421, -117.82717], [33.63441, -117.82687], [33.63319, -117.82257], [33.63989, -117.8227], [33.63573, -117.82761], [33.63584, -117.82765], [33.64716, -117.82916], [33.64781, -117.82964], [33.63336, -117.82313], [33.64018, -117.82254], [33.64865, -117.83021], [33.64547, -117.84545], [33.65114, -117.83515], [33.64153, -117.84553], [33.64869, -117.83028], [33.64572, -117.8455], [33.63539, -117.82792], [33.63551, -117.82759], [33.63715, -117.82827], [33.63779, -117.82825], [33.6485, -117.83019], [33.64549, -117.84549], [33.63339, -117.82315], [33.64034, -117.82245], [33.64842, -117.83013], [33.64551, -117.84545], [33.64859, -117.83021], [33.64521, -117.84546], [33.65122, -117.83495], [33.64536, -117.84546], [33.63646, -117.82808], [33.63617, -117.82804], [33.6483, -117.83013], [33.64537, -117.84548], [33.64861, -117.83019], [33.64548, -117.84545], [33.63286, -117.83827], [33.63378, -117.83858], [33.64872, -117.83032], [33.64528, -117.84541], [33.63418, -117.82718], [33.63442, -117.82688], [33.64869, -117.83026], [33.64524, -117.84543], [33.63357, -117.83879], [33.56461, -117.8299], [33.64885, -117.83038], [33.6454, -117.84547], [33.64832, -117.83012], [33.64541, -117.84544], [33.63665, -117.82804], [33.63399, -117.84034], [33.64862, -117.83025], [33.64514, -117.84545], [33.64865, -117.83025], [33.64542, -117.84552], [33.63738, -117.82832], [33.63758, -117.82817]]","[[33.64389237507734, -117.83695655717986], [33.64674270735323, -117.83916090124166], [33.64383970089209, -117.85611689440566]]","[9, 6, 5]","[1.929257778360029, 378.4446408886049, 1778.4501676227135]",0.5042552947998047,220.4775664806366
2,800,"[33.64025067958688, -117.83443429448087]","[33.643860421159445, -117.83582963452136]",420.78355556101957,"[[33.63601, -117.82766], [33.63551, -117.82759], [33.64967, -117.83055], [33.64414, -117.84467], [33.67733, -117.85939], [33.6441, -117.84458], [33.64982, -117.83033], [33.64527, -117.84543], [33.63336, -117.82313], [33.64018, -117.82254], [33.63545, -117.82791], [33.63555, -117.8276], [33.63339, -117.82308], [33.64003, -117.82262], [33.63402, -117.82695], [33.63442, -117.82693], [33.63538, -117.82789], [33.63559, -117.82761], [33.64961, -117.83056], [33.64423, -117.84472], [33.64964, -117.83051], [33.64418, -117.84468], [33.64956, -117.8305], [33.64541, -117.84544], [33.636, -117.82768], [33.63548, -117.82756], [33.63714, -117.82821], [33.63763, -117.82816], [33.63568, -117.82761], [33.63556, -117.82759], [33.63339, -117.82315], [33.64034, -117.82245], [33.63264, -117.83895], [33.63245, -117.83959], [33.64965, -117.83047], [33.64551, -117.84545], [33.63764, -117.82815], [33.6375, -117.82811], [33.64963, -117.83051], [33.64419, -117.84466], [33.64963, -117.83052], [33.64534, -117.84545], [33.63319, -117.82257], [33.63989, -117.8227], [33.64961, -117.83052], [33.64409, -117.84457], [33.63335, -117.82301], [33.63996, -117.82266], [33.63542, -117.82754], [33.63539, -117.82754], [33.63681, -117.82816], [33.6374, -117.82806], [33.65107, -117.83513], [33.64558, -117.84554], [33.67638, -117.86301], [33.64541, -117.84542], [33.63539, -117.82792], [33.63551, -117.82759], [33.65112, -117.83513], [33.6285, -117.8061], [33.64957, -117.83051], [33.64415, -117.84454], [33.6374, -117.82805], [33.63759, -117.82815], [33.64767, -117.82833], [33.64012, -117.82257], [33.65122, -117.83495], [33.64536, -117.84546], [33.64955, -117.83051], [33.64409, -117.84456], [33.64934, -117.83013], [33.64417, -117.84464], [33.64958, -117.83047], [33.64412, -117.84461], [33.64962, -117.83051], [33.64407, -117.84457], [33.63337, -117.82311], [33.64012, -117.82258], [33.64965, -117.83053], [33.64419, -117.84468], [33.63339, -117.82311], [33.64009, -117.82255], [33.64975, -117.83065], [33.64419, -117.84467], [33.63568, -117.82761], [33.6356, -117.82759], [33.64782, -117.8281], [33.64886, -117.82958], [33.64962, -117.8305], [33.64423, -117.84478], [33.63415, -117.82709], [33.63444, -117.82687], [33.63418, -117.82718], [33.63442, -117.82688], [33.64961, -117.83052], [33.64414, -117.84466], [33.64958, -117.83049], [33.64409, -117.84462], [33.63624, -117.82807], [33.63759, -117.82817], [33.64966, -117.83054], [33.64404, -117.84458], [33.63339, -117.82311], [33.64404, -117.84453], [33.6496, -117.83051], [33.64402, -117.84448]]","[[33.64389145322502, -117.83585798174066], [33.63655812582695, -117.82105019561321], [33.6359837541127, -117.8255045213519]]","[7, 6, 5]","[4.331571308778772, 1592.478385832334, 1296.4613761626017]",0.48114466667175293,284.0448853969574
3,800,"[33.64025067958688, -117.83443429448087]","[33.638143928585414, -117.8291768537964]",540.8364942983538,"[[33.63318, -117.82261], [33.63314, -117.82266], [33.64872, -117.83032], [33.64528, -117.84541], [33.63324, -117.82267], [33.64209, -117.8218], [33.64957, -117.83051], [33.64415, -117.84454], [33.64871, -117.83023], [33.64533, -117.84546], [33.64869, -117.83026], [33.64524, -117.84543], [33.65112, -117.83513], [33.6285, -117.8061], [33.62832, -117.80591], [33.64159, -117.84542], [33.63315, -117.82253], [33.64252, -117.8217], [33.64869, -117.83024], [33.64369, -117.84384], [33.64961, -117.83056], [33.64423, -117.84472], [33.63325, -117.82271], [33.6427, -117.82165], [33.64873, -117.83028], [33.64424, -117.84473], [33.64866, -117.83023], [33.64558, -117.84546], [33.63264, -117.83895], [33.63245, -117.83959], [33.64855, -117.83017], [33.64422, -117.84476], [33.63327, -117.82278], [33.64198, -117.82183], [33.64958, -117.83047], [33.64412, -117.84461], [33.64967, -117.83055], [33.64414, -117.84467], [33.64542, -117.82933], [33.64341, -117.84045], [33.64865, -117.83025], [33.64542, -117.84552], [33.64862, -117.83025], [33.64514, -117.84545], [33.64964, -117.83051], [33.64418, -117.84468], [33.64965, -117.83047], [33.64551, -117.84545], [33.64863, -117.83023], [33.64363, -117.84363], [33.63315, -117.82254], [33.64218, -117.82177], [33.64718, -117.83516], [33.64154, -117.84456], [33.63313, -117.82256], [33.64214, -117.82181], [33.64883, -117.83026], [33.64531, -117.84542], [33.64962, -117.8305], [33.64423, -117.84478], [33.6496, -117.83051], [33.64402, -117.84448], [33.65118, -117.83514], [33.64159, -117.84568], [33.63319, -117.82257], [33.64213, -117.82181], [33.63324, -117.82271], [33.64221, -117.82177], [33.64962, -117.83051], [33.64407, -117.84457], [33.64982, -117.83033], [33.64527, -117.84543], [33.64846, -117.83018], [33.64531, -117.84547], [33.63318, -117.82246], [33.642, -117.82183], [33.63318, -117.82259], [33.64201, -117.82181], [33.63326, -117.82277], [33.64215, -117.82175], [33.63282, -117.82297], [33.64194, -117.82182], [33.63327, -117.8228], [33.64196, -117.82182], [33.64963, -117.83052], [33.64534, -117.84545], [33.64868, -117.83026], [33.64364, -117.84201]]","[[33.64322743225134, -117.82590656721601], [33.63815406956086, -117.82914501200584], [33.64562319117258, -117.84329682282777]]","[9, 6, 4]","[640.2836822783697, 3.161002886794175, 1550.50731005927]",0.367002010345459,231.1193470954895
4,800,"[33.64025067958688, -117.83443429448087]","[33.63995975535888, -117.83019739532489]",394.3902984438063,"[[33.64873, -117.83028], [33.64424, -117.84473], [33.63385, -117.82542], [33.64198, -117.82185], [33.63327, -117.8228], [33.64196, -117.82182], [33.64869, -117.83026], [33.64524, -117.84543], [33.63383, -117.82516], [33.64185, -117.82187], [33.63382, -117.82542], [33.64188, -117.82186], [33.64957, -117.83051], [33.64415, -117.84454], [33.63387, -117.82549], [33.64274, -117.83972], [33.63318, -117.82246], [33.642, -117.82183], [33.64871, -117.83023], [33.64533, -117.84546], [33.63318, -117.82259], [33.64201, -117.82181], [33.63335, -117.82301], [33.64225, -117.82177], [33.64767, -117.82833], [33.64204, -117.82181], [33.63382, -117.82508], [33.64202, -117.82182], [33.63383, -117.82555], [33.64235, -117.82176], [33.64862, -117.83025], [33.64514, -117.84545], [33.64865, -117.83022], [33.64417, -117.84473], [33.64965, -117.83047], [33.64551, -117.84545], [33.63388, -117.82553], [33.64216, -117.82177], [33.64962, -117.8305], [33.64423, -117.84478], [33.63385, -117.82509], [33.64194, -117.82185], [33.63339, -117.82315], [33.64219, -117.82178], [33.64846, -117.83018], [33.64531, -117.84547], [33.64965, -117.83053], [33.64419, -117.84468], [33.64966, -117.83054], [33.64404, -117.84458], [33.63327, -117.82278], [33.64198, -117.82183], [33.64964, -117.83051], [33.64418, -117.84468], [33.63387, -117.82532], [33.63399, -117.84034], [33.63315, -117.82254], [33.64218, -117.82177], [33.64758, -117.8352], [33.6442, -117.84452], [33.63339, -117.82308], [33.64194, -117.82185], [33.63357, -117.83879], [33.56461, -117.8299]]","[[33.628421583720936, -117.825681226254], [33.63675989671463, -117.80575401637695], [33.642795080219265, -117.8260387787733]]","[12, 7, 7]","[1346.6124629444919, 2295.3262624663394, 497.73577464632297]",0.27101850509643555,115.54136824607849
5,800,"[33.64025067958688, -117.83443429448087]","[33.63759607723435, -117.83086072762197]",443.4049483109243,"[[33.63264, -117.83895], [33.63245, -117.83959], [33.6335, -117.82361], [33.64216, -117.82177], [33.64964, -117.83051], [33.64418, -117.84468], [33.64957, -117.83051], [33.64415, -117.84454], [33.6485, -117.83019], [33.64549, -117.84549], [33.63339, -117.82314], [33.64034, -117.82245], [33.65122, -117.83495], [33.64536, -117.84546], [33.64934, -117.83013], [33.64417, -117.84464], [33.63339, -117.82308], [33.64194, -117.82185], [33.64495, -117.82931], [33.6441, -117.84457], [33.64961, -117.83052], [33.64414, -117.84466], [33.64867, -117.83027], [33.64411, -117.84461], [33.64718, -117.83516], [33.64154, -117.84456], [33.63315, -117.82254], [33.64218, -117.82177], [33.63353, -117.82369], [33.64021, -117.82253], [33.64859, -117.83021], [33.64521, -117.84546], [33.63282, -117.82297], [33.64194, -117.82182], [33.63337, -117.82307], [33.6401, -117.82256], [33.64958, -117.83049], [33.64409, -117.84462], [33.64965, -117.83047], [33.64551, -117.84545], [33.64963, -117.83051], [33.64419, -117.84466], [33.65112, -117.83513], [33.6285, -117.8061], [33.63286, -117.83827], [33.63378, -117.83858], [33.64505, -117.82929], [33.64351, -117.8425], [33.64758, -117.8352], [33.6442, -117.84452], [33.64542, -117.82933], [33.64341, -117.84045], [33.64871, -117.83023], [33.64533, -117.84546], [33.6483, -117.83013], [33.64537, -117.84548], [33.64958, -117.83047], [33.64412, -117.84461], [33.65107, -117.83513], [33.64558, -117.84554], [33.63327, -117.8228], [33.64196, -117.82182], [33.63326, -117.82277], [33.64215, -117.82175], [33.63335, -117.82301], [33.64225, -117.82177], [33.63319, -117.82257], [33.64031, -117.82245], [33.63342, -117.82319], [33.64004, -117.82263], [33.64865, -117.83022], [33.64417, -117.84473], [33.63339, -117.82315], [33.64219, -117.82178], [33.64736, -117.83516], [33.64747, -117.83542], [33.63324, -117.82267], [33.64209, -117.8218], [33.63351, -117.82371], [33.64202, -117.82182], [33.63327, -117.82278], [33.64198, -117.82183], [33.63352, -117.82367], [33.64012, -117.82258], [33.63344, -117.82331], [33.64012, -117.82258], [33.63356, -117.82353], [33.64274, -117.83972], [33.64863, -117.83023], [33.64363, -117.84363], [33.63353, -117.82367], [33.64194, -117.82185], [33.63349, -117.82369], [33.64007, -117.8226], [33.63325, -117.82271], [33.6427, -117.82165], [33.64481, -117.8293], [33.64362, -117.8421], [33.63318, -117.82259], [33.64201, -117.82181]]","[[33.636633008243656, -117.82121638654225], [33.64215600162304, -117.82615397802533], [33.640657490282386, -117.82033458793121]]","[10, 9, 8]","[901.1149354975157, 668.185570157341, 1033.8987936123158]",0.28102684020996094,329.09077310562134
6,800,"[33.64025067958688, -117.83443429448087]","[33.64346677161122, -117.8332300183018]",373.8019515146585,"[[33.65062, -117.83083], [33.64409, -117.84457], [33.63326, -117.82277], [33.64215, -117.82175], [33.63353, -117.82367], [33.64194, -117.82185], [33.6492, -117.82798], [33.64926, -117.82766], [33.63282, -117.82297], [33.64194, -117.82182], [33.67638, -117.86301], [33.64541, -117.84542], [33.65064, -117.83082], [33.64521, -117.84546], [33.63681, -117.82816], [33.6374, -117.82806], [33.65063, -117.83082], [33.64537, -117.84548], [33.63402, -117.82695], [33.63442, -117.82693], [33.63539, -117.82792], [33.63551, -117.82759], [33.65073, -117.83084], [33.64524, -117.84543], [33.65058, -117.8308], [33.64415, -117.84454], [33.63339, -117.82311], [33.64404, -117.84453], [33.63387, -117.82532], [33.63399, -117.84034], [33.65045, -117.83074], [33.64549, -117.84549], [33.63353, -117.82369], [33.64021, -117.82253], [33.63313, -117.82256], [33.64214, -117.82181], [33.65053, -117.83079], [33.64541, -117.84544], [33.65049, -117.83072], [33.64551, -117.84545], [33.65066, -117.83083], [33.64531, -117.84547], [33.65041, -117.83057], [33.64422, -117.84476], [33.65046, -117.83073], [33.64548, -117.84545], [33.65067, -117.83088], [33.64419, -117.84467], [33.65048, -117.83075], [33.64423, -117.84478], [33.63319, -117.82257], [33.64213, -117.82181], [33.63327, -117.82278], [33.64198, -117.82183], [33.6335, -117.82361], [33.64216, -117.82177], [33.63352, -117.82367], [33.64012, -117.82258], [33.65064, -117.83082], [33.64419, -117.84469], [33.63383, -117.82555], [33.64235, -117.82176], [33.64925, -117.82797], [33.64204, -117.82181], [33.65057, -117.83079], [33.64412, -117.84461], [33.65065, -117.83086], [33.64528, -117.84541], [33.65059, -117.83081], [33.64533, -117.84546], [33.63325, -117.82271], [33.6427, -117.82165], [33.65051, -117.83075], [33.64362, -117.8421], [33.65062, -117.83524], [33.64954, -117.83946], [33.65069, -117.83087], [33.64402, -117.84448], [33.63344, -117.82331], [33.64012, -117.82258], [33.63318, -117.82261], [33.63314, -117.82266], [33.65042, -117.83077], [33.64514, -117.84545], [33.65063, -117.83081], [33.64531, -117.84542], [33.65114, -117.83515], [33.64153, -117.84553], [33.63324, -117.82271], [33.64221, -117.82177], [33.63385, -117.82542], [33.64198, -117.82185], [33.63319, -117.82257], [33.64031, -117.82245], [33.63356, -117.82353], [33.64217, -117.84268], [33.65058, -117.83082], [33.64572, -117.8455]]","[[33.63205071507709, -117.82491960082585], [33.63665011571048, -117.8213072499596], [33.64215203669546, -117.8261568051613]]","[16, 14, 12]","[1482.4837338418902, 1339.8215345873039, 672.1879911311344]",0.2863738536834717,280.71277689933777
7,800,"[33.64025067958688, -117.83443429448087]","[33.637000098831905, -117.8362608611167]",398.37908636076617,"[[33.67733, -117.85939], [33.6441, -117.84458], [33.64885, -117.83038], [33.6454, -117.84547], [33.65058, -117.8308], [33.64415, -117.84454], [33.65064, -117.83082], [33.64419, -117.84469], [33.63127, -117.84225], [33.63148, -117.84188], [33.63568, -117.82761], [33.63556, -117.82759], [33.65065, -117.83086], [33.64528, -117.84541], [33.64962, -117.83051], [33.64407, -117.84457], [33.63339, -117.82314], [33.64034, -117.82245], [33.63415, -117.82709], [33.63444, -117.82687], [33.65053, -117.83079], [33.64541, -117.84544], [33.64867, -117.83027], [33.64411, -117.84461], [33.63324, -117.82271], [33.64221, -117.82177], [33.64795, -117.82998], [33.64352, -117.84177], [33.67638, -117.86301], [33.64541, -117.84542], [33.63349, -117.82369], [33.64007, -117.8226], [33.65073, -117.83084], [33.64524, -117.84543], [33.65118, -117.83514], [33.64159, -117.84568], [33.65114, -117.83515], [33.64153, -117.84553], [33.63318, -117.82246], [33.642, -117.82183], [33.64925, -117.82797], [33.64204, -117.82181], [33.64716, -117.82916], [33.64781, -117.82964], [33.65051, -117.83075], [33.64362, -117.8421], [33.63337, -117.82307], [33.6401, -117.82256], [33.63418, -117.82712], [33.63442, -117.82686], [33.63342, -117.82319], [33.64004, -117.82263], [33.64963, -117.83052], [33.64534, -117.84545], [33.64955, -117.83051], [33.64409, -117.84456], [33.64869, -117.83024], [33.64369, -117.84384], [33.65063, -117.83082], [33.64537, -117.84548], [33.63387, -117.82532], [33.64219, -117.84253], [33.63326, -117.82277], [33.64215, -117.82175], [33.63319, -117.82257], [33.64031, -117.82245], [33.64542, -117.82933], [33.64341, -117.84045], [33.64958, -117.83049], [33.64409, -117.84462], [33.64963, -117.83051], [33.64419, -117.84466], [33.65062, -117.83524], [33.64954, -117.83946], [33.64961, -117.83052], [33.64414, -117.84466], [33.64865, -117.83022], [33.64417, -117.84473], [33.63335, -117.82301], [33.64225, -117.82177], [33.65041, -117.83057], [33.64422, -117.84476], [33.64495, -117.82931], [33.6441, -117.84457], [33.65058, -117.83082], [33.64572, -117.8455], [33.63339, -117.82308], [33.64194, -117.82185], [33.63353, -117.82367], [33.64194, -117.82185]]","[[33.64966122129009, -117.83267517793892], [33.63663679084182, -117.8212034142287], [33.638483569540014, -117.81189453161417]]","[20, 10, 10]","[1443.1791380842374, 1397.5522079878306, 2266.569046611843]",0.13510680198669434,348.0684115886688
8,800,"[33.64025067958688, -117.83443429448087]","[33.644387896679824, -117.83856264888324]",597.7072130560579,"[[33.64963, -117.83051], [33.64724, -117.84663], [33.63324, -117.82271], [33.64221, -117.82177], [33.63327, -117.8228], [33.64196, -117.82182], [33.63568, -117.82761], [33.63556, -117.82759], [33.65051, -117.83075], [33.64723, -117.84654], [33.6335, -117.82361], [33.64216, -117.82177], [33.63339, -117.82314], [33.64034, -117.82245], [33.63325, -117.82271], [33.6427, -117.82165], [33.63315, -117.82253], [33.64252, -117.8217], [33.64542, -117.82933], [33.64724, -117.8466], [33.64495, -117.82931], [33.64721, -117.84658], [33.65058, -117.8308], [33.64722, -117.84662], [33.65118, -117.83514], [33.64143, -117.84649], [33.63339, -117.82308], [33.64194, -117.82185], [33.65046, -117.83073], [33.64725, -117.84663], [33.64965, -117.83053], [33.64724, -117.84668], [33.63686, -117.82814], [33.63533, -117.82808], [33.63339, -117.82311], [33.64723, -117.84663], [33.64869, -117.83024], [33.64724, -117.84656], [33.64885, -117.83038], [33.64727, -117.84649], [33.65057, -117.83079], [33.64724, -117.84672], [33.63387, -117.82532], [33.64134, -117.8467], [33.63357, -117.83879], [33.56461, -117.8299], [33.63415, -117.82709], [33.63444, -117.82687], [33.64863, -117.83023], [33.64722, -117.84655], [33.63318, -117.82261], [33.63314, -117.82266], [33.65053, -117.83079], [33.64724, -117.84654], [33.67638, -117.86301], [33.64722, -117.84654], [33.64867, -117.83027], [33.64723, -117.84661], [33.64795, -117.82998], [33.64723, -117.84662], [33.65073, -117.83084], [33.64725, -117.84665], [33.63127, -117.84225], [33.63148, -117.84188], [33.64958, -117.83049], [33.64725, -117.84662]]","[[33.64434050384139, -117.84394399996562], [33.65040820655979, -117.82857482315603], [33.64967132684699, -117.83268589763244]]","[6, 6, 6]","[499.2448720125334, 1142.0702561422477, 800.3829819429039]",0.311063289642334,161.37483644485474
9,800,"[33.64025067958688, -117.83443429448087]","[33.638011245920694, -117.83665180398475]",322.5218148815046,"[[33.63385, -117.82542], [33.64198, -117.82185], [33.64964, -117.83051], [33.64418, -117.84468], [33.63568, -117.82761], [33.63556, -117.82759], [33.65053, -117.83079], [33.64724, -117.84654], [33.64873, -117.83028], [33.64424, -117.84473], [33.65114, -117.83515], [33.64153, -117.84553], [33.63351, -117.82371], [33.64202, -117.82182], [33.65045, -117.83074], [33.64549, -117.84549], [33.65064, -117.83082], [33.64521, -117.84546], [33.63349, -117.82369], [33.64007, -117.8226], [33.65064, -117.83082], [33.64419, -117.84469], [33.64963, -117.83051], [33.64724, -117.84663], [33.65073, -117.83084], [33.64725, -117.84665], [33.65048, -117.83075], [33.64423, -117.84478], [33.64934, -117.83013], [33.64417, -117.84464], [33.65067, -117.83088], [33.64419, -117.84467], [33.63327, -117.82278], [33.64198, -117.82183], [33.65112, -117.83513], [33.6285, -117.8061], [33.64925, -117.82797], [33.64204, -117.82181], [33.63324, -117.82271], [33.64221, -117.82177], [33.64865, -117.83025], [33.64542, -117.84552], [33.65058, -117.83082], [33.64572, -117.8455], [33.63418, -117.82712], [33.63442, -117.82686], [33.65062, -117.83083], [33.64409, -117.84457], [33.64982, -117.83033], [33.64527, -117.84543], [33.65122, -117.83495], [33.64536, -117.84546], [33.63318, -117.82261], [33.63314, -117.82266], [33.63127, -117.84225], [33.63148, -117.84188], [33.64863, -117.83023], [33.64722, -117.84655], [33.63319, -117.82257], [33.64213, -117.82181], [33.63639, -117.8281], [33.63728, -117.82801], [33.63339, -117.82308], [33.64194, -117.82185], [33.6361, -117.82801], [33.63716, -117.82796], [33.64718, -117.83516], [33.64154, -117.84456], [33.63382, -117.82542], [33.64188, -117.82186], [33.64868, -117.83026], [33.64357, -117.84222], [33.64958, -117.83049], [33.64725, -117.84662], [33.63313, -117.82256], [33.64214, -117.82181], [33.64875, -117.83027], [33.64354, -117.84234], [33.64967, -117.83055], [33.64414, -117.84467], [33.64962, -117.83051], [33.64407, -117.84457], [33.65059, -117.83081], [33.64533, -117.84546], [33.63339, -117.82311], [33.64723, -117.84663], [33.63318, -117.82246], [33.642, -117.82183], [33.64965, -117.83053], [33.64724, -117.84668], [33.65107, -117.83513], [33.64558, -117.84554]]","[[33.642685836423816, -117.82824550205254], [33.649700122426715, -117.83268521425703], [33.645601676643714, -117.84332866476991]]","[15, 14, 12]","[936.4980568262272, 1347.6920248408214, 1045.21432306435]",0.09995102882385254,266.6838471889496
0,1000,"[33.64025067958688, -117.83443429448087]","[33.63846244049977, -117.82795986479877]",632.555489341112,"[[33.63171, -117.8197], [33.64657, -117.82241], [33.65063, -117.83082], [33.64537, -117.84548], [33.65058, -117.83082], [33.64572, -117.8455], [33.64869, -117.83024], [33.64724, -117.84656], [33.63178, -117.81994], [33.64686, -117.82253], [33.65065, -117.83086], [33.64528, -117.84541], [33.63195, -117.82046], [33.64647, -117.82239], [33.63177, -117.81989], [33.64723, -117.84663], [33.63182, -117.82002], [33.64674, -117.82244], [33.64961, -117.83056], [33.64423, -117.84472], [33.62832, -117.80591], [33.64159, -117.84542], [33.65122, -117.83495], [33.64536, -117.84546], [33.63186, -117.82011], [33.6464, -117.82229], [33.63127, -117.84225], [33.63148, -117.84188], [33.67733, -117.85939], [33.6441, -117.84458], [33.65062, -117.83083], [33.64409, -117.84457], [33.64966, -117.83054], [33.64404, -117.84458], [33.63193, -117.82022], [33.64644, -117.82228], [33.632, -117.82034], [33.64674, -117.82244], [33.6319, -117.82015], [33.64663, -117.82238], [33.65069, -117.83087], [33.64402, -117.84448], [33.64764, -117.82992], [33.64721, -117.84658], [33.64934, -117.83013], [33.64417, -117.84464], [33.65048, -117.83075], [33.64423, -117.84478], [33.64758, -117.8352], [33.6442, -117.84452], [33.63192, -117.82025], [33.64681, -117.82249], [33.63179, -117.81985], [33.64668, -117.82243], [33.63357, -117.83879], [33.56461, -117.8299], [33.63173, -117.81979], [33.64699, -117.82259], [33.65073, -117.83084], [33.64725, -117.84665], [33.64873, -117.83028], [33.64424, -117.84473], [33.65112, -117.83513], [33.6285, -117.8061], [33.63186, -117.82003], [33.64666, -117.82238], [33.67638, -117.86301], [33.64722, -117.84654], [33.65064, -117.83082], [33.64419, -117.84469], [33.63173, -117.81975], [33.64654, -117.82236]]","[[33.64970269795203, -117.83269544424175], [33.65213097574772, -117.82460213462716], [33.64470000135587, -117.849699048168]]","[9, 9, 6]","[1321.8607110170522, 1547.7271623185272, 2132.133317552776]",0.40259385108947754,151.34552001953125
1,1000,"[33.64025067958688, -117.83443429448087]","[33.646749563775714, -117.83352281634701]",725.7725204983784,"[[33.65526, -117.83751], [33.64531, -117.84542], [33.63337, -117.82307], [33.6401, -117.82256], [33.65519, -117.83748], [33.64542, -117.84552], [33.63127, -117.84225], [33.63148, -117.84188], [33.632, -117.82034], [33.64674, -117.82244], [33.63351, -117.82371], [33.64202, -117.82182], [33.65367, -117.82656], [33.64536, -117.84546], [33.63173, -117.81979], [33.64699, -117.82259], [33.65493, -117.82889], [33.64527, -117.84543], [33.65561, -117.8356], [33.64422, -117.84476], [33.65578, -117.83349], [33.64414, -117.84466], [33.63339, -117.82308], [33.64194, -117.82185], [33.63315, -117.82253], [33.64252, -117.8217], [33.65367, -117.82659], [33.6442, -117.84452], [33.6547, -117.83911], [33.6285, -117.8061], [33.65448, -117.83909], [33.64143, -117.84649], [33.65519, -117.83748], [33.64725, -117.84665], [33.63318, -117.82261], [33.63314, -117.82266], [33.63639, -117.8281], [33.63728, -117.82801], [33.63192, -117.82025], [33.64681, -117.82249], [33.65502, -117.82862], [33.64528, -117.84541], [33.65489, -117.82884], [33.64724, -117.84663], [33.63177, -117.81989], [33.64723, -117.84663], [33.63318, -117.82259], [33.64201, -117.82181], [33.65524, -117.8375], [33.64404, -117.84458], [33.65524, -117.83752], [33.64549, -117.84549], [33.65612, -117.82887], [33.64423, -117.84472], [33.65517, -117.83748], [33.64414, -117.84467], [33.65525, -117.83757], [33.64725, -117.84662], [33.65517, -117.83755], [33.64547, -117.84545], [33.65516, -117.83741], [33.64724, -117.84656], [33.65524, -117.83755], [33.64725, -117.84663], [33.65516, -117.83744], [33.64531, -117.84547], [33.63178, -117.81994], [33.64686, -117.82253], [33.65523, -117.83753], [33.64724, -117.84672], [33.65529, -117.83753], [33.64723, -117.84654], [33.65521, -117.83748], [33.64724, -117.8466], [33.63415, -117.82709], [33.63444, -117.82687], [33.63349, -117.82369], [33.64007, -117.8226], [33.63342, -117.82319], [33.64004, -117.82263]]","[[33.64676436450809, -117.83351120594958], [33.65439237773232, -117.84771387505255], [33.65250439073024, -117.84511151618608]]","[22, 12, 7]","[1.9634152387062414, 1565.7186252510505, 1250.2179849990152]",1.2591252326965332,264.27839946746826
2,1000,"[33.64025067958688, -117.83443429448087]","[33.64655854402208, -117.83193047281654]",737.1924956024965,"[[33.65493, -117.83633], [33.64514, -117.84545], [33.65477, -117.83639], [33.64534, -117.84545], [33.65054, -117.82205], [33.64204, -117.82181], [33.62832, -117.80591], [33.64159, -117.84542], [33.63539, -117.82792], [33.63551, -117.82759], [33.63387, -117.82532], [33.64134, -117.8467], [33.63352, -117.82367], [33.64012, -117.82258], [33.63193, -117.82022], [33.6506, -117.82147], [33.65516, -117.83744], [33.64531, -117.84547], [33.63325, -117.82271], [33.6427, -117.82165], [33.63173, -117.81975], [33.65048, -117.82217], [33.63173, -117.81979], [33.65049, -117.82207], [33.63186, -117.82003], [33.65052, -117.82208], [33.63315, -117.82253], [33.64252, -117.8217], [33.63353, -117.82369], [33.64021, -117.82253], [33.63357, -117.83879], [33.56461, -117.8299], [33.63337, -117.82307], [33.6401, -117.82256], [33.65523, -117.83753], [33.64724, -117.84672], [33.65567, -117.83313], [33.64558, -117.84546], [33.6539, -117.83883], [33.64558, -117.84554], [33.65484, -117.83674], [33.64724, -117.84668], [33.65482, -117.83677], [33.64419, -117.84469], [33.63192, -117.82025], [33.6505, -117.82192], [33.6547, -117.83911], [33.6285, -117.8061], [33.63127, -117.84225], [33.63148, -117.84188], [33.65478, -117.83645], [33.64407, -117.84457], [33.6548, -117.83647], [33.64537, -117.84548], [33.65485, -117.83678], [33.64424, -117.84473], [33.63339, -117.82308], [33.64194, -117.82185], [33.65516, -117.83741], [33.64724, -117.84656], [33.63178, -117.81994], [33.65048, -117.82201], [33.65456, -117.82656], [33.64536, -117.84546], [33.65484, -117.83681], [33.64409, -117.84456], [33.65529, -117.83753], [33.64723, -117.84654], [33.65561, -117.8356], [33.64422, -117.84476], [33.65383, -117.83879], [33.64153, -117.84553], [33.63318, -117.82246], [33.642, -117.82183], [33.63327, -117.82278], [33.64198, -117.82183]]","[[33.6439107952314, -117.8323593179606], [33.643340847859704, -117.83029861597613], [33.63939702883717, -117.81614743470253]]","[10, 8, 8]","[296.36000025618887, 387.6727100081565, 1665.7701588766802]",0.6001954078674316,261.87291955947876
3,1000,"[33.64025067958688, -117.83443429448087]","[33.63715353041917, -117.83149100124004]",438.8286027767196,"[[33.63127, -117.84225], [33.63148, -117.84188], [33.65489, -117.82884], [33.64724, -117.84663], [33.65048, -117.83075], [33.64423, -117.84478], [33.67733, -117.85939], [33.6441, -117.84458], [33.64875, -117.83027], [33.64354, -117.84234], [33.63173, -117.81975], [33.65048, -117.82217], [33.63272, -117.82171], [33.64198, -117.82183], [33.63279, -117.82188], [33.64177, -117.8219], [33.65058, -117.83082], [33.64572, -117.8455], [33.63171, -117.8197], [33.64657, -117.82241], [33.65448, -117.83909], [33.64143, -117.84649], [33.63278, -117.82182], [33.64225, -117.82177], [33.65484, -117.83681], [33.64409, -117.84456], [33.64964, -117.83051], [33.64418, -117.84468], [33.63173, -117.81979], [33.65049, -117.82207], [33.64718, -117.83516], [33.64154, -117.84456], [33.65049, -117.83072], [33.64551, -117.84545], [33.65478, -117.83645], [33.64407, -117.84457], [33.65067, -117.83088], [33.64419, -117.84467], [33.64885, -117.83038], [33.64727, -117.84649], [33.65517, -117.83748], [33.64414, -117.84467], [33.65053, -117.83079], [33.64724, -117.84654], [33.63205, -117.84075], [33.63204, -117.84077], [33.65525, -117.83757], [33.64725, -117.84662], [33.63288, -117.82186], [33.64134, -117.8467], [33.65367, -117.82659], [33.6442, -117.84452], [33.63178, -117.81994], [33.65048, -117.82201], [33.6547, -117.83911], [33.6285, -117.8061], [33.65526, -117.83751], [33.64531, -117.84542], [33.63278, -117.82182], [33.64216, -117.82177], [33.65062, -117.83083], [33.64409, -117.84457], [33.63285, -117.82194], [33.63269, -117.82175], [33.63267, -117.82161], [33.64209, -117.8218], [33.63287, -117.82195], [33.64202, -117.82184], [33.63186, -117.82011], [33.6464, -117.82229], [33.65069, -117.83087], [33.64402, -117.84448], [33.63278, -117.8218], [33.64198, -117.82185], [33.64616, -117.82939], [33.64351, -117.8425], [33.65058, -117.8308], [33.64722, -117.84662], [33.63262, -117.82149], [33.64201, -117.82181], [33.63207, -117.84078], [33.56461, -117.8299], [33.63273, -117.82164], [33.642, -117.82183], [33.63254, -117.82136], [33.64149, -117.82199], [33.63274, -117.82172], [33.6427, -117.82165], [33.63192, -117.82025], [33.6505, -117.82192], [33.63288, -117.82198], [33.64185, -117.82187], [33.63275, -117.82175], [33.64233, -117.82175], [33.64868, -117.83026], [33.64357, -117.84222], [33.63261, -117.82148], [33.6415, -117.82203], [33.63268, -117.82165], [33.64161, -117.82198]]","[[33.636728144435516, -117.81728661649363], [33.62504717909663, -117.8309006624646], [33.63896059323956, -117.80941359650963]]","[22, 10, 9]","[1318.6698554516195, 1343.9015686877547, 2058.009497149119]",0.3110370635986328,416.15902733802795
4,1000,"[33.64025067958688, -117.83443429448087]","[33.635162525000254, -117.83182205255073]",614.1929111914365,"[[33.63186, -117.82011], [33.6464, -117.82229], [33.63254, -117.82136], [33.64149, -117.82199], [33.6322, -117.82089], [33.64225, -117.82177], [33.63239, -117.82115], [33.64201, -117.82181], [33.63219, -117.82078], [33.64185, -117.82187], [33.632, -117.82034], [33.64674, -117.82244], [33.63222, -117.8209], [33.64198, -117.82183], [33.63155, -117.8418], [33.56461, -117.8299], [33.65485, -117.83678], [33.64424, -117.84473], [33.63252, -117.82125], [33.64202, -117.82184], [33.63222, -117.82087], [33.6427, -117.82165], [33.63253, -117.82129], [33.64021, -117.82253], [33.65478, -117.83645], [33.64407, -117.84457], [33.63251, -117.82143], [33.64177, -117.8219], [33.63186, -117.82003], [33.65052, -117.82208], [33.63193, -117.82022], [33.6506, -117.82147], [33.64867, -117.83027], [33.64723, -117.84661], [33.65524, -117.83752], [33.64549, -117.84549], [33.63173, -117.81979], [33.65049, -117.82207], [33.65502, -117.82862], [33.64528, -117.84541], [33.65516, -117.83744], [33.64531, -117.84547], [33.6319, -117.82015], [33.64663, -117.82238], [33.65059, -117.83081], [33.64533, -117.84546], [33.65612, -117.82887], [33.64423, -117.84472], [33.63245, -117.82122], [33.64198, -117.82185], [33.63142, -117.84194], [33.6314, -117.84191], [33.63223, -117.82088], [33.64209, -117.8218], [33.63177, -117.81989], [33.64723, -117.84663], [33.65517, -117.83748], [33.64414, -117.84467], [33.65521, -117.83748], [33.64724, -117.8466], [33.65561, -117.8356], [33.64422, -117.84476], [33.63171, -117.8197], [33.64657, -117.82241], [33.6548, -117.83647], [33.64537, -117.84548], [33.65069, -117.83087], [33.64402, -117.84448], [33.65053, -117.83079], [33.64724, -117.84654], [33.64718, -117.83516], [33.64154, -117.84456], [33.63229, -117.82106], [33.64252, -117.8217], [33.65477, -117.83639], [33.64534, -117.84545], [33.63222, -117.82091], [33.64029, -117.8225], [33.65493, -117.82889], [33.64527, -117.84543], [33.64891, -117.83033], [33.64419, -117.84472], [33.65489, -117.82884], [33.64724, -117.84663], [33.67638, -117.86301], [33.64722, -117.84654], [33.65456, -117.82656], [33.64536, -117.84546]]","[[33.64470838326636, -117.84970088755308], [33.630457136959315, -117.82144282917686], [33.64652656036388, -117.84137990843685]]","[13, 12, 12]","[1967.7939120763074, 1095.3210297573555, 1541.0956644899143]",0.13565802574157715,463.24546790122986
5,1000,"[33.64025067958688, -117.83443429448087]","[33.63767242981192, -117.83001247005264]",500.06637529190743,"[[33.63242, -117.82111], [33.64217, -117.84268], [33.64891, -117.83033], [33.64419, -117.84472], [33.65612, -117.82887], [33.64423, -117.84472], [33.63223, -117.82088], [33.64352, -117.82162], [33.67733, -117.85939], [33.6441, -117.84458], [33.63177, -117.81989], [33.64723, -117.84663], [33.64868, -117.83026], [33.64357, -117.84222], [33.63221, -117.82089], [33.63221, -117.82095], [33.6547, -117.83911], [33.6285, -117.8061], [33.65448, -117.83909], [33.64143, -117.84649], [33.67638, -117.86301], [33.64722, -117.84654], [33.65519, -117.83748], [33.64725, -117.84665], [33.63222, -117.82091], [33.64392, -117.8217], [33.63179, -117.81985], [33.64668, -117.82243], [33.63171, -117.8197], [33.64657, -117.82241], [33.63222, -117.8209], [33.64368, -117.82166], [33.64863, -117.83023], [33.64722, -117.84655], [33.6492, -117.82798], [33.64926, -117.82766], [33.64865, -117.83022], [33.64417, -117.84473], [33.63222, -117.82087], [33.64374, -117.82167], [33.65053, -117.83079], [33.64724, -117.84654], [33.65517, -117.83755], [33.64547, -117.84545], [33.63221, -117.82088], [33.64338, -117.82164], [33.64875, -117.83027], [33.64354, -117.84234], [33.64964, -117.83051], [33.64418, -117.84468], [33.65529, -117.83753], [33.64723, -117.84654], [33.65456, -117.82656], [33.64536, -117.84546], [33.63182, -117.82002], [33.64674, -117.82244], [33.65062, -117.83083], [33.64409, -117.84457], [33.63227, -117.82094], [33.64357, -117.82169], [33.64885, -117.83038], [33.64727, -117.84649], [33.6322, -117.82082], [33.64359, -117.82161], [33.63186, -117.82011], [33.6464, -117.82229], [33.64726, -117.82978], [33.64351, -117.8425], [33.65059, -117.83081], [33.64533, -117.84546], [33.65516, -117.83744], [33.64531, -117.84547], [33.63219, -117.82081], [33.64354, -117.82165], [33.63239, -117.82115], [33.64404, -117.82168], [33.63221, -117.82082], [33.64357, -117.82166], [33.65523, -117.83753], [33.64724, -117.84672], [33.64716, -117.82916], [33.64781, -117.82964], [33.63222, -117.82093], [33.64435, -117.8217]]","[[33.645274444474126, -117.8429444361355], [33.633559830723804, -117.81939073800147], [33.63046983007814, -117.82144877705866]]","[12, 10, 9]","[1466.3801804591294, 1085.909522661323, 1126.717548491235]",0.1558668613433838,227.7477262020111
6,1000,"[33.64025067958688, -117.83443429448087]","[33.63535795486962, -117.83212678378536]",583.3801596473911,"[[33.65524, -117.8375], [33.64404, -117.84458], [33.62832, -117.80591], [33.64159, -117.84542], [33.65062, -117.83524], [33.64954, -117.83946], [33.63275, -117.82176], [33.64006, -117.82262], [33.63182, -117.82002], [33.64674, -117.82244], [33.63273, -117.82164], [33.642, -117.82183], [33.65484, -117.83681], [33.64409, -117.84456], [33.64868, -117.83026], [33.64357, -117.84222], [33.63275, -117.82175], [33.64233, -117.82175], [33.63142, -117.84194], [33.6314, -117.84191], [33.6547, -117.83911], [33.6285, -117.8061], [33.63221, -117.82089], [33.63221, -117.82095], [33.63173, -117.81979], [33.65049, -117.82207], [33.64764, -117.82992], [33.64721, -117.84658], [33.65054, -117.82205], [33.64204, -117.82181], [33.65567, -117.83313], [33.64558, -117.84546], [33.63223, -117.82088], [33.64352, -117.82162], [33.63221, -117.82088], [33.64338, -117.82164], [33.6322, -117.82089], [33.64225, -117.82177], [33.65524, -117.83752], [33.64549, -117.84549], [33.64875, -117.83027], [33.64354, -117.84234], [33.63227, -117.82094], [33.64357, -117.82169], [33.65502, -117.82862], [33.64528, -117.84541], [33.63268, -117.82165], [33.64161, -117.82198], [33.65367, -117.82659], [33.6442, -117.84452], [33.65477, -117.83639], [33.64534, -117.84545], [33.65049, -117.83072], [33.64551, -117.84545], [33.64795, -117.82998], [33.64723, -117.84662], [33.67638, -117.86301], [33.64722, -117.84654], [33.65383, -117.83879], [33.64153, -117.84553], [33.64934, -117.83013], [33.64417, -117.84464], [33.65493, -117.82889], [33.64527, -117.84543]]","[[33.636743715501176, -117.8173043227497], [33.64469479739178, -117.8496866556489], [33.643851714019796, -117.85167149782409]]","[8, 6, 6]","[1383.745213589719, 1930.379419016503, 2043.3599216312555]",0.09010958671569824,178.2725749015808
7,1000,"[33.64025067958688, -117.83443429448087]","[33.643768584687415, -117.83220435856259]",441.63984905485023,"[[33.63219, -117.82078], [33.64983, -117.82417], [33.65477, -117.83639], [33.64534, -117.84545], [33.65456, -117.82656], [33.64536, -117.84546], [33.63229, -117.82106], [33.64981, -117.82418], [33.63223, -117.82088], [33.64989, -117.82421], [33.6547, -117.83911], [33.6285, -117.8061], [33.63239, -117.82115], [33.64992, -117.82425], [33.65525, -117.83757], [33.64725, -117.84662], [33.63178, -117.81994], [33.65048, -117.82201], [33.63193, -117.82022], [33.6506, -117.82147], [33.632, -117.82034], [33.64983, -117.82414], [33.65367, -117.82659], [33.6442, -117.84452], [33.65517, -117.83748], [33.64414, -117.84467], [33.63173, -117.81979], [33.65049, -117.82207], [33.63288, -117.82186], [33.64134, -117.8467], [33.65523, -117.83753], [33.64724, -117.84672], [33.63222, -117.8209], [33.64986, -117.82422], [33.6539, -117.83883], [33.64558, -117.84554], [33.65516, -117.83744], [33.64531, -117.84547], [33.65262, -117.83], [33.64418, -117.84468], [33.6322, -117.82082], [33.64982, -117.82416], [33.63313, -117.82256], [33.6498, -117.82417], [33.63339, -117.82315], [33.6499, -117.8242], [33.6548, -117.83647], [33.64537, -117.84548], [33.65561, -117.8356], [33.64422, -117.84476], [33.65261, -117.83002], [33.64351, -117.84303], [33.63242, -117.82111], [33.64208, -117.84298], [33.63222, -117.82093], [33.64988, -117.82421], [33.67733, -117.85939], [33.6441, -117.84458], [33.63219, -117.82081], [33.64989, -117.82421], [33.65524, -117.83755], [33.64725, -117.84663], [33.63275, -117.82175], [33.6499, -117.82423], [33.63337, -117.82307], [33.64993, -117.82423], [33.65277, -117.8298], [33.64355, -117.84331], [33.63275, -117.82176], [33.64988, -117.82423], [33.65199, -117.8367], [33.64154, -117.84456], [33.6526, -117.82998], [33.64409, -117.84457], [33.65482, -117.83677], [33.64419, -117.84469], [33.65521, -117.83748], [33.64724, -117.8466], [33.63342, -117.82319], [33.64987, -117.82419], [33.65516, -117.83741], [33.64724, -117.84656], [33.65489, -117.82884], [33.64724, -117.84663], [33.65274, -117.8299], [33.64727, -117.84649], [33.63268, -117.82165], [33.64989, -117.82422], [33.62832, -117.80591], [33.64159, -117.84542], [33.6526, -117.82996], [33.64722, -117.84655], [33.65276, -117.82985], [33.64721, -117.84658], [33.63221, -117.82088], [33.64989, -117.82422], [33.65274, -117.82986], [33.64533, -117.84546], [33.65383, -117.83879], [33.64153, -117.84553], [33.65519, -117.83748], [33.64542, -117.84552], [33.65484, -117.83674], [33.64724, -117.84668], [33.65263, -117.82998], [33.64423, -117.84478]]","[[33.64719160334383, -117.82982579069028], [33.64377429676399, -117.83216174582613], [33.645443064200876, -117.83102928766152]]","[27, 22, 16]","[439.12960048642736, 4.003573506712275, 215.3537555296835]",0.3653898239135742,451.7178735733032
8,1000,"[33.64025067958688, -117.83443429448087]","[33.6364144085603, -117.82958547921234]",619.2049472741314,"[[33.65069, -117.83087], [33.64402, -117.84448], [33.67733, -117.85939], [33.6441, -117.84458], [33.63186, -117.82011], [33.6464, -117.82229], [33.65456, -117.82656], [33.64536, -117.84546], [33.65064, -117.83082], [33.64521, -117.84546], [33.63186, -117.82003], [33.65052, -117.82208], [33.63177, -117.81972], [33.64274, -117.82167], [33.65477, -117.83639], [33.64534, -117.84545], [33.6317, -117.81974], [33.63175, -117.82], [33.64865, -117.83022], [33.64417, -117.84473], [33.64875, -117.83027], [33.64354, -117.84234], [33.65578, -117.83349], [33.64414, -117.84466], [33.63174, -117.81997], [33.64647, -117.82239], [33.65523, -117.83753], [33.64724, -117.84672], [33.65383, -117.83879], [33.64153, -117.84553], [33.65261, -117.83002], [33.64351, -117.84303], [33.63171, -117.8197], [33.64657, -117.82241], [33.63184, -117.82005], [33.64988, -117.82423], [33.65526, -117.83751], [33.64531, -117.84542], [33.63175, -117.81978], [33.64989, -117.82421], [33.6547, -117.83911], [33.6285, -117.8061], [33.6548, -117.83647], [33.64537, -117.84548], [33.65485, -117.83678], [33.64424, -117.84473], [33.6318, -117.8198], [33.6426, -117.82171], [33.64891, -117.83033], [33.64419, -117.84472], [33.65489, -117.82884], [33.64724, -117.84663], [33.65062, -117.83524], [33.64954, -117.83946], [33.65493, -117.82889], [33.64527, -117.84543], [33.63177, -117.81993], [33.6499, -117.8242], [33.6318, -117.81995], [33.64993, -117.82423], [33.63178, -117.81994], [33.65048, -117.82201]]","[[33.64381725606897, -117.84682933870253], [33.653230834457354, -117.82799569299215], [33.64531295309566, -117.84299727913864]]","[3, 3, 3]","[1798.1704502749644, 1871.0319702967379, 1588.1667248192614]",0.11513519287109375,97.72929620742798
9,1000,"[33.64025067958688, -117.83443429448087]","[33.63675065945337, -117.82756015252244]",746.6071633820062,"[[33.63145, -117.81852], [33.64502, -117.82181], [33.6314, -117.81871], [33.64647, -117.82239], [33.64934, -117.83013], [33.64417, -117.84464], [33.65526, -117.83751], [33.64531, -117.84542], [33.65069, -117.83087], [33.64402, -117.84448], [33.65578, -117.83349], [33.64414, -117.84466], [33.63141, -117.81849], [33.64992, -117.82425], [33.65493, -117.83633], [33.64514, -117.84545], [33.65519, -117.83748], [33.64542, -117.84552], [33.63143, -117.81861], [33.6499, -117.82423], [33.65456, -117.82656], [33.64536, -117.84546], [33.63142, -117.81864], [33.64986, -117.82422], [33.65261, -117.83002], [33.64351, -117.84303], [33.63145, -117.81861], [33.64983, -117.82417], [33.63143, -117.81851], [33.64442, -117.8217], [33.63142, -117.81836], [33.64663, -117.82238], [33.67638, -117.86301], [33.64722, -117.84654], [33.65199, -117.8367], [33.64154, -117.84456], [33.63142, -117.81851], [33.64982, -117.82416], [33.65524, -117.83755], [33.64725, -117.84663], [33.65448, -117.83909], [33.64143, -117.84649], [33.63145, -117.81865], [33.64674, -117.82244], [33.65493, -117.82889], [33.64527, -117.84543], [33.6492, -117.82798], [33.64926, -117.82766], [33.65383, -117.83879], [33.64153, -117.84553], [33.63142, -117.81843], [33.64989, -117.82422], [33.63144, -117.81856], [33.65049, -117.82207], [33.6526, -117.82996], [33.64722, -117.84655], [33.63148, -117.81881], [33.64456, -117.82173], [33.65054, -117.82205], [33.64433, -117.82169], [33.65478, -117.83645], [33.64407, -117.84457], [33.65524, -117.8375], [33.64404, -117.84458], [33.65274, -117.8299], [33.64727, -117.84649], [33.6314, -117.81845], [33.64134, -117.8467], [33.65277, -117.8298], [33.64355, -117.84331], [33.64795, -117.82998], [33.64723, -117.84662], [33.65489, -117.82884], [33.64724, -117.84663], [33.65517, -117.83755], [33.64547, -117.84545], [33.63151, -117.81867], [33.64208, -117.84298], [33.65612, -117.82887], [33.64423, -117.84472], [33.6539, -117.83883], [33.64558, -117.84554], [33.63147, -117.81846], [33.64668, -117.82243], [33.6314, -117.81856], [33.64464, -117.82176], [33.65524, -117.83752], [33.64549, -117.84549], [33.65058, -117.83082], [33.64572, -117.8455], [33.63146, -117.81862], [33.64989, -117.82421], [33.65482, -117.83677], [33.64419, -117.84469], [33.63144, -117.81853], [33.65048, -117.82201], [33.65053, -117.83079], [33.64724, -117.84654], [33.65521, -117.83748], [33.64724, -117.8466], [33.62832, -117.80591], [33.64159, -117.84542]]","[[33.64473488169119, -117.84973179679851], [33.64556633357278, -117.84329713732583], [33.618956585021245, -117.81602731130498]]","[10, 9, 5]","[2239.443349092318, 1757.1348879321079, 2245.0700731865336]",0.17357635498046875,339.116672039032
0,1200,"[33.64025067958688, -117.83443429448087]","[33.64391787327141, -117.83826395626627]",540.0640981266245,"[[33.65561, -117.8356], [33.65245, -117.84647], [33.62832, -117.80591], [33.6476, -117.85052], [33.65257, -117.83003], [33.64765, -117.85067], [33.65489, -117.82884], [33.64765, -117.85068], [33.63171, -117.8197], [33.64657, -117.82241], [33.6548, -117.83647], [33.64765, -117.85072], [33.63326, -117.82277], [33.64215, -117.82175], [33.63142, -117.81851], [33.64982, -117.82416], [33.65521, -117.83748], [33.64779, -117.85099], [33.63186, -117.82003], [33.65052, -117.82208], [33.63222, -117.82093], [33.64988, -117.82421], [33.63221, -117.82088], [33.64989, -117.82422], [33.63145, -117.81852], [33.64502, -117.82181], [33.63155, -117.8418], [33.56461, -117.8299], [33.65274, -117.8299], [33.65252, -117.84642], [33.65477, -117.83639], [33.64767, -117.85075], [33.65456, -117.82656], [33.64766, -117.85077], [33.6314, -117.81845], [33.64775, -117.85092], [33.65488, -117.83908], [33.64773, -117.85092], [33.63151, -117.81867], [33.6477, -117.85087], [33.65493, -117.82889], [33.65245, -117.84643], [33.63148, -117.81881], [33.64456, -117.82173], [33.65054, -117.82205], [33.64433, -117.82169], [33.6549, -117.83908], [33.6551, -117.83929], [33.64945, -117.82676], [33.6494, -117.82709], [33.65246, -117.82969], [33.64759, -117.85055], [33.65263, -117.82995], [33.64765, -117.85061], [33.63193, -117.82022], [33.6506, -117.82147], [33.6314, -117.81856], [33.64464, -117.82176], [33.65277, -117.8298], [33.64764, -117.85063]]","[[33.635820038361096, -117.85600020269594], [33.65164968945781, -117.82374944987487], [33.634805317918435, -117.85860063074144]]","[6, 4, 4]","[1874.620806206737, 1596.3450315243651, 2140.3768573097714]",0.46654391288757324,160.4533336162567
1,1200,"[33.64025067958688, -117.83443429448087]","[33.64180581000471, -117.8282211252222]",601.6607871743716,"[[33.6314, -117.81871], [33.6507, -117.8207], [33.65263, -117.82995], [33.64765, -117.85061], [33.63148, -117.81881], [33.65077, -117.82092], [33.65258, -117.82956], [33.64759, -117.85055], [33.65493, -117.83633], [33.64514, -117.84545], [33.63141, -117.81849], [33.65077, -117.82065], [33.65516, -117.83741], [33.64724, -117.84656], [33.65529, -117.83753], [33.64723, -117.84654], [33.65277, -117.8298], [33.64764, -117.85063], [33.63143, -117.81851], [33.65044, -117.82015], [33.63147, -117.81846], [33.65059, -117.82054], [33.65448, -117.83909], [33.64143, -117.84649], [33.63155, -117.8418], [33.56461, -117.8299], [33.65367, -117.82659], [33.6442, -117.84452], [33.65264, -117.82993], [33.64723, -117.84661], [33.67733, -117.85939], [33.6441, -117.84458], [33.63243, -117.82117], [33.65082, -117.82088], [33.63142, -117.81836], [33.65084, -117.8211], [33.63145, -117.81865], [33.65061, -117.82067], [33.65482, -117.83677], [33.64419, -117.84469], [33.6526, -117.83001], [33.64402, -117.84448], [33.6314, -117.81856], [33.65068, -117.82044], [33.63184, -117.82005], [33.65074, -117.82075], [33.63221, -117.82082], [33.65073, -117.82045], [33.63146, -117.81862], [33.65077, -117.82096], [33.6548, -117.83647], [33.64765, -117.85072], [33.65264, -117.82989], [33.64419, -117.84472], [33.65561, -117.8356], [33.65245, -117.84647], [33.63144, -117.81856], [33.6508, -117.82088], [33.65484, -117.83674], [33.64724, -117.84668], [33.65274, -117.82986], [33.64533, -117.84546], [33.65517, -117.83748], [33.64414, -117.84467], [33.65477, -117.83639], [33.64767, -117.85075], [33.632, -117.82034], [33.65059, -117.82066], [33.65519, -117.83748], [33.64725, -117.84665], [33.65524, -117.83752], [33.64549, -117.84549], [33.63142, -117.81843], [33.65073, -117.82056], [33.6526, -117.82998], [33.64409, -117.84457], [33.65456, -117.82656], [33.64766, -117.85077], [33.65276, -117.82985], [33.64721, -117.84658], [33.63222, -117.82087], [33.65077, -117.82091], [33.65263, -117.82994], [33.64551, -117.84545]]","[[33.641818057500146, -117.82823145716196], [33.64164783549292, -117.8279415997908], [33.6288871334348, -117.82251679213167]]","[4, 4, 4]","[1.6625556341865328, 31.296569214114626, 1527.4981080048785]",0.45273756980895996,199.07671666145325
2,1200,"[33.64025067958688, -117.83443429448087]","[33.63772714582744, -117.82894442651045]",581.1596323890739,"[[33.63144, -117.81828], [33.65059, -117.82054], [33.63139, -117.8183], [33.64989, -117.82422], [33.65561, -117.8356], [33.65245, -117.84647], [33.65524, -117.8375], [33.64404, -117.84458], [33.65058, -117.8308], [33.64722, -117.84662], [33.63134, -117.81763], [33.64982, -117.82416], [33.65521, -117.83748], [33.64779, -117.85099], [33.63142, -117.81818], [33.65077, -117.82092], [33.64945, -117.82676], [33.6494, -117.82709], [33.63131, -117.81743], [33.65052, -117.82208], [33.65502, -117.82862], [33.64528, -117.84541], [33.65612, -117.82887], [33.64423, -117.84472], [33.65493, -117.83633], [33.64514, -117.84545], [33.65262, -117.83], [33.64418, -117.84468], [33.63133, -117.81775], [33.6498, -117.82417], [33.63139, -117.81839], [33.65074, -117.82075], [33.63145, -117.81826], [33.6477, -117.85087], [33.65277, -117.8298], [33.64764, -117.85063], [33.64906, -117.82815], [33.64852, -117.82989], [33.65567, -117.83313], [33.64558, -117.84546], [33.63142, -117.81808], [33.6473, -117.82281], [33.63133, -117.8176], [33.64803, -117.8232], [33.65456, -117.82656], [33.64766, -117.85077], [33.63141, -117.81775], [33.65073, -117.82045], [33.65524, -117.83755], [33.64725, -117.84663], [33.65482, -117.83677], [33.64419, -117.84469], [33.63136, -117.81795], [33.64981, -117.82418], [33.65484, -117.83674], [33.64724, -117.84668], [33.63141, -117.81824], [33.64733, -117.82281], [33.63137, -117.81798], [33.65077, -117.82065], [33.63142, -117.84194], [33.6314, -117.84191], [33.65478, -117.83645], [33.64407, -117.84457], [33.67638, -117.86301], [33.64722, -117.84654], [33.6526, -117.83001], [33.64402, -117.84448], [33.63139, -117.81823], [33.6505, -117.82192], [33.65524, -117.83752], [33.64549, -117.84549], [33.65258, -117.82956], [33.64759, -117.85055], [33.63138, -117.81833], [33.6499, -117.8242], [33.65516, -117.83744], [33.64531, -117.84547], [33.67733, -117.85939], [33.6441, -117.84458], [33.65263, -117.82998], [33.64423, -117.84478], [33.65516, -117.83741], [33.64724, -117.84656], [33.63136, -117.8177], [33.64987, -117.82419], [33.65367, -117.82659], [33.6442, -117.84452], [33.65484, -117.83681], [33.64409, -117.84456], [33.63138, -117.81809], [33.65068, -117.82044], [33.63141, -117.81835], [33.65077, -117.82096], [33.65517, -117.83748], [33.64414, -117.84467], [33.65488, -117.83908], [33.64773, -117.85092], [33.63141, -117.81809], [33.6506, -117.82147], [33.63141, -117.81831], [33.65061, -117.82067], [33.63135, -117.81772], [33.64746, -117.82287], [33.65477, -117.83639], [33.64767, -117.85075], [33.64865, -117.83022], [33.64417, -117.84473], [33.65261, -117.83002], [33.64351, -117.84303]]","[[33.635852790002765, -117.85605262675267], [33.62419831696144, -117.81888855943922], [33.637368344088934, -117.85478896372318]]","[16, 8, 6]","[2523.571774723814, 1766.9699797259143, 2398.065291945907]",0.24233746528625488,390.2072243690491
3,1200,"[33.64025067958688, -117.83443429448087]","[33.642415497786196, -117.82522093298118]",887.8210754233224,"[[33.65516, -117.83741], [33.64724, -117.84656], [33.63136, -117.81795], [33.6482, -117.81413], [33.63173, -117.81975], [33.64823, -117.81427], [33.65448, -117.83909], [33.64143, -117.84649], [33.6524, -117.83032], [33.64724, -117.84654], [33.65578, -117.83349], [33.64414, -117.84466], [33.64976, -117.81565], [33.63553, -117.8152], [33.63141, -117.81775], [33.64824, -117.81416], [33.63219, -117.82081], [33.64824, -117.81416], [33.63144, -117.81856], [33.64824, -117.81429], [33.65225, -117.83065], [33.64722, -117.84662], [33.632, -117.82034], [33.64828, -117.81415], [33.65485, -117.83678], [33.64424, -117.84473], [33.63143, -117.81851], [33.64824, -117.81421], [33.65612, -117.82887], [33.64423, -117.84472], [33.65524, -117.8375], [33.64404, -117.84458], [33.63145, -117.81826], [33.6477, -117.85087], [33.65257, -117.83003], [33.64765, -117.85067], [33.63142, -117.81864], [33.64822, -117.81426], [33.6497, -117.81559], [33.63551, -117.81517], [33.6548, -117.83647], [33.64765, -117.85072], [33.65274, -117.8299], [33.65252, -117.84642], [33.63177, -117.81972], [33.64822, -117.81424], [33.65482, -117.83677], [33.64419, -117.84469], [33.6314, -117.81871], [33.64822, -117.81421], [33.63127, -117.84225], [33.63148, -117.84188], [33.6314, -117.81845], [33.64775, -117.85092], [33.6526, -117.83001], [33.64402, -117.84448], [33.65263, -117.82995], [33.64765, -117.85061], [33.65524, -117.83755], [33.64725, -117.84663], [33.63217, -117.8208], [33.64823, -117.8143], [33.63138, -117.81833], [33.64824, -117.81413], [33.6526, -117.82996], [33.64722, -117.84655], [33.65261, -117.83002], [33.64351, -117.84303], [33.65517, -117.83748], [33.64414, -117.84467], [33.63131, -117.81743], [33.64825, -117.8142], [33.65477, -117.83639], [33.64767, -117.85075], [33.63133, -117.81775], [33.64823, -117.81413], [33.65489, -117.82884], [33.64765, -117.85068], [33.63141, -117.81835], [33.64822, -117.81424], [33.65525, -117.83757], [33.64725, -117.84662], [33.6549, -117.83908], [33.6551, -117.83929], [33.6547, -117.83911], [33.6285, -117.8061], [33.63221, -117.82075], [33.64826, -117.81418], [33.65262, -117.83], [33.64418, -117.84468], [33.63135, -117.81772], [33.6482, -117.8142], [33.63137, -117.81798], [33.64823, -117.81427], [33.65264, -117.82989], [33.64419, -117.84472], [33.65529, -117.83753], [33.64723, -117.84654], [33.63155, -117.8418], [33.56461, -117.8299]]","[[33.64717336957857, -117.8422285428685], [33.64208767475809, -117.81879050518103], [33.646023986188986, -117.84493721040782]]","[8, 7, 6]","[1663.6709045590314, 597.659616380511, 1872.3217268016747]",1.095201015472412,318.4168117046356
4,1200,"[33.64025067958688, -117.83443429448087]","[33.63925137770656, -117.82675886729406]",720.6467536220565,"[[33.65277, -117.8298], [33.64764, -117.85063], [33.63135, -117.81791], [33.64822, -117.81426], [33.63142, -117.84194], [33.6314, -117.84191], [33.6539, -117.83883], [33.64558, -117.84554], [33.63139, -117.81778], [33.64822, -117.81424], [33.64997, -117.82443], [33.64997, -117.82425], [33.6547, -117.83911], [33.6285, -117.8061], [33.65448, -117.83909], [33.64143, -117.84649], [33.65502, -117.82862], [33.64528, -117.84541], [33.63135, -117.81772], [33.65048, -117.82201], [33.65263, -117.82998], [33.64423, -117.84478], [33.63136, -117.81789], [33.6505, -117.82192], [33.63138, -117.81778], [33.64824, -117.81416], [33.65484, -117.83681], [33.64409, -117.84456], [33.65276, -117.82985], [33.64721, -117.84658], [33.65612, -117.82887], [33.64423, -117.84472], [33.65456, -117.82656], [33.64766, -117.85077], [33.65263, -117.82995], [33.64765, -117.85061], [33.63133, -117.8176], [33.64995, -117.82422], [33.63137, -117.81787], [33.64822, -117.81424], [33.6524, -117.83032], [33.64724, -117.84654], [33.63137, -117.81773], [33.64994, -117.82421], [33.65263, -117.82994], [33.64551, -117.84545], [33.63131, -117.81741], [33.64994, -117.82421], [33.65521, -117.83748], [33.64779, -117.85099], [33.6526, -117.82996], [33.64722, -117.84655], [33.63135, -117.81772], [33.6482, -117.8142], [33.63134, -117.8176], [33.64723, -117.84663], [33.65489, -117.82884], [33.64765, -117.85068], [33.65524, -117.83755], [33.64725, -117.84663], [33.6526, -117.83001], [33.64402, -117.84448], [33.63136, -117.81787], [33.64996, -117.82423], [33.63134, -117.81773], [33.64988, -117.82421], [33.65493, -117.83633], [33.64514, -117.84545], [33.65484, -117.83674], [33.64724, -117.84668], [33.65485, -117.83678], [33.64424, -117.84473], [33.63133, -117.81773], [33.63129, -117.81779], [33.65274, -117.82986], [33.64533, -117.84546], [33.67733, -117.85939], [33.6441, -117.84458], [33.65524, -117.83752], [33.64549, -117.84549], [33.65257, -117.83003], [33.64765, -117.85067]]","[[33.64029614618238, -117.81938623511887], [33.64540093124354, -117.81976008125636], [33.652549758499525, -117.84791655182435]]","[16, 6, 6]","[693.7276531639097, 941.7010006210282, 2455.1801424718624]",0.1656792163848877,174.450208902359
5,1200,"[33.64025067958688, -117.83443429448087]","[33.64056403948355, -117.82506673106124]",869.7446567786078,"[[33.63142, -117.84194], [33.6314, -117.84191], [33.65264, -117.82989], [33.64419, -117.84472], [33.65502, -117.82862], [33.64528, -117.84541], [33.63131, -117.81741], [33.65071, -117.82049], [33.63136, -117.81795], [33.6482, -117.81413], [33.63138, -117.81809], [33.65068, -117.82044], [33.65478, -117.83645], [33.64407, -117.84457], [33.65456, -117.82656], [33.64766, -117.85077], [33.65258, -117.82956], [33.64759, -117.85055], [33.65059, -117.83078], [33.64417, -117.84473], [33.63134, -117.8176], [33.64723, -117.84663], [33.65489, -117.82884], [33.64765, -117.85068], [33.65274, -117.82986], [33.64533, -117.84546], [33.65277, -117.8298], [33.64764, -117.85063], [33.65067, -117.83088], [33.64419, -117.84467], [33.63133, -117.8176], [33.65075, -117.82051], [33.65523, -117.83753], [33.64724, -117.84672], [33.65263, -117.82994], [33.64551, -117.84545], [33.63137, -117.81773], [33.65077, -117.82072], [33.63138, -117.81792], [33.64823, -117.81427], [33.65257, -117.83003], [33.64765, -117.85067], [33.63136, -117.8177], [33.65076, -117.82054], [33.65578, -117.83349], [33.64414, -117.84466], [33.65516, -117.83741], [33.64724, -117.84656], [33.65263, -117.82995], [33.64765, -117.85061], [33.65488, -117.83908], [33.64773, -117.85092], [33.63133, -117.81775], [33.64823, -117.81413], [33.63136, -117.81795], [33.65071, -117.82051], [33.65482, -117.83677], [33.64419, -117.84469], [33.65561, -117.8356], [33.65245, -117.84647], [33.6526, -117.82998], [33.64409, -117.84457], [33.65064, -117.83082], [33.64521, -117.84546], [33.63134, -117.8177], [33.64775, -117.85092], [33.6548, -117.83647], [33.64765, -117.85072], [33.65264, -117.82993], [33.64723, -117.84661], [33.65493, -117.83633], [33.64514, -117.84545], [33.63138, -117.81803], [33.64824, -117.81413], [33.63127, -117.84225], [33.63148, -117.84188], [33.63135, -117.81791], [33.64822, -117.81426], [33.64976, -117.81565], [33.63616, -117.81315], [33.63138, -117.8179], [33.6508, -117.82074], [33.6549, -117.83908], [33.6551, -117.83929], [33.6497, -117.81559], [33.63614, -117.81313], [33.65225, -117.83065], [33.64722, -117.84662], [33.63141, -117.81775], [33.64824, -117.81416], [33.63135, -117.81755], [33.65074, -117.8206]]","[[33.6405568249896, -117.82496854547024], [33.6429527223939, -117.8004262685797], [33.643091667088314, -117.79801829894629]]","[11, 6, 6]","[9.143962569937383, 2301.2179131594007, 2524.9154664100192]",0.2071382999420166,284.7453989982605
6,1200,"[33.64025067958688, -117.83443429448087]","[33.6455110362436, -117.83276662089021]",603.6204240581983,"[[33.65562, -117.83815], [33.64765, -117.85072], [33.65553, -117.838], [33.64725, -117.84665], [33.63145, -117.81826], [33.6477, -117.85087], [33.65557, -117.83812], [33.64685, -117.84586], [33.65507, -117.8391], [33.6285, -117.8061], [33.65549, -117.83783], [33.64723, -117.84654], [33.63136, -117.8177], [33.65076, -117.82054], [33.65528, -117.83903], [33.64688, -117.84595], [33.63133, -117.81775], [33.64823, -117.81413], [33.65549, -117.83791], [33.64722, -117.84662], [33.63144, -117.81828], [33.65059, -117.82054], [33.63138, -117.81792], [33.64823, -117.81427], [33.6556, -117.83811], [33.64722, -117.84655], [33.6314, -117.81871], [33.64822, -117.81421], [33.6318, -117.81995], [33.65058, -117.8208], [33.65557, -117.83809], [33.64765, -117.85067], [33.64976, -117.81565], [33.63616, -117.81315], [33.63136, -117.81795], [33.65071, -117.82051], [33.65547, -117.83784], [33.64765, -117.85061], [33.65505, -117.83907], [33.6551, -117.83929], [33.65546, -117.83785], [33.64725, -117.84662], [33.65561, -117.83817], [33.64688, -117.8459], [33.65558, -117.83807], [33.64694, -117.84604], [33.65588, -117.8289], [33.64765, -117.85068], [33.63217, -117.8208], [33.64823, -117.8143], [33.63135, -117.81772], [33.65055, -117.82111], [33.65567, -117.83827], [33.64724, -117.84656], [33.65556, -117.8381], [33.64689, -117.84598], [33.65495, -117.8391], [33.64143, -117.84649], [33.63155, -117.8418], [33.56461, -117.8299], [33.65557, -117.83813], [33.64723, -117.84661], [33.65556, -117.83813], [33.6469, -117.846], [33.67733, -117.85939], [33.64684, -117.84579], [33.63135, -117.81755], [33.65074, -117.8206], [33.65635, -117.83347], [33.64721, -117.84658], [33.65566, -117.83821], [33.64724, -117.84668], [33.63144, -117.81856], [33.64824, -117.81429], [33.65439, -117.8251], [33.64681, -117.84576], [33.65558, -117.83807], [33.64689, -117.84595], [33.63141, -117.81809], [33.65066, -117.82135], [33.63135, -117.81772], [33.6482, -117.8142], [33.63134, -117.81773], [33.65061, -117.82097], [33.63136, -117.81795], [33.6482, -117.81413], [33.65612, -117.82887], [33.6469, -117.84591], [33.63131, -117.81741], [33.65071, -117.82049], [33.65591, -117.82892], [33.64688, -117.84585], [33.65597, -117.82891], [33.65252, -117.84642], [33.65545, -117.83789], [33.64686, -117.84586], [33.65561, -117.83817], [33.64689, -117.846], [33.65514, -117.83906], [33.64773, -117.85092]]","[[33.64555588988908, -117.84745041922709], [33.634930348865616, -117.81720298385169], [33.648573075531885, -117.8451081939019]]","[16, 12, 12]","[1362.1773282539675, 1860.6553321053805, 1194.1817014875032]",0.8582925796508789,320.3837697505951
7,1200,"[33.64025067958688, -117.83443429448087]","[33.644364228222265, -117.842898635265]",908.1691691669238,"[[33.65558, -117.83807], [33.65054, -117.85352], [33.63136, -117.8177], [33.65076, -117.82054], [33.65514, -117.83906], [33.65064, -117.85355], [33.63138, -117.81778], [33.64824, -117.81416], [33.65524, -117.83752], [33.65088, -117.85365], [33.63137, -117.81798], [33.64823, -117.81427], [33.65556, -117.8381], [33.65087, -117.85366], [33.63135, -117.81772], [33.6482, -117.8142], [33.65546, -117.83785], [33.65059, -117.85357], [33.65566, -117.83821], [33.6509, -117.85367], [33.65261, -117.83002], [33.65087, -117.85365], [33.65477, -117.83639], [33.65065, -117.85359], [33.63143, -117.81861], [33.6499, -117.82423], [33.65516, -117.83744], [33.65063, -117.85358], [33.63138, -117.81792], [33.64823, -117.81427], [33.65521, -117.83748], [33.65082, -117.85367], [33.65547, -117.83784], [33.65091, -117.85365], [33.65482, -117.83677], [33.65054, -117.85353], [33.63134, -117.8177], [33.65536, -117.84479], [33.63139, -117.81778], [33.64822, -117.81424], [33.65558, -117.83807], [33.65089, -117.85366], [33.65588, -117.8289], [33.65063, -117.85359], [33.65556, -117.83813], [33.65063, -117.85354], [33.6318, -117.81995], [33.65058, -117.8208], [33.65058, -117.83082], [33.65054, -117.85355], [33.65528, -117.83903], [33.65513, -117.84506], [33.6556, -117.83811], [33.65083, -117.85366], [33.65488, -117.83908], [33.65067, -117.85356], [33.63135, -117.81772], [33.65055, -117.82111], [33.62832, -117.80591], [33.65091, -117.85363], [33.65635, -117.83347], [33.65058, -117.85356], [33.63134, -117.81773], [33.65061, -117.82097], [33.65505, -117.83907], [33.6551, -117.83929], [33.63131, -117.81743], [33.64825, -117.8142], [33.65262, -117.83], [33.6506, -117.85357], [33.65549, -117.83791], [33.65087, -117.8537], [33.63221, -117.82075], [33.64826, -117.81418], [33.63217, -117.8208], [33.64823, -117.8143], [33.63243, -117.82117], [33.65082, -117.82088], [33.63138, -117.81809], [33.65068, -117.82044], [33.65612, -117.82887], [33.6509, -117.85372], [33.63136, -117.81795], [33.6482, -117.81413], [33.65495, -117.8391], [33.6507, -117.85357], [33.63142, -117.84194], [33.6314, -117.84191], [33.65263, -117.82994], [33.65062, -117.85357], [33.65493, -117.82889], [33.65505, -117.84508], [33.64976, -117.81565], [33.63616, -117.81315]]","[[33.634981141393396, -117.81785858339342], [33.664933409218044, -117.8577143862557], [33.65808038592065, -117.85290688089223]]","[9, 8, 6]","[2545.515359438203, 2663.38831917771, 1782.2337401247228]",1.0207843780517578,282.7934510707855
8,1200,"[33.64025067958688, -117.83443429448087]","[33.64353433456589, -117.8381606485898]",502.1499932081641,"[[33.65635, -117.83347], [33.65058, -117.85356], [33.63141, -117.81831], [33.65061, -117.82067], [33.63137, -117.81798], [33.64823, -117.81427], [33.6497, -117.81559], [33.63614, -117.81313], [33.63143, -117.81861], [33.6499, -117.82423], [33.63131, -117.81741], [33.65071, -117.82049], [33.65521, -117.83748], [33.65082, -117.85367], [33.62832, -117.80591], [33.65091, -117.85363], [33.65495, -117.8391], [33.6507, -117.85357], [33.63139, -117.81778], [33.64822, -117.81424], [33.63136, -117.81795], [33.65071, -117.82051], [33.63134, -117.8177], [33.65536, -117.84479], [33.63142, -117.81843], [33.65073, -117.82056], [33.63133, -117.81775], [33.64823, -117.81413], [33.632, -117.82034], [33.64828, -117.81415], [33.65578, -117.83349], [33.64765, -117.85072], [33.65556, -117.8381], [33.65087, -117.85366], [33.65493, -117.82889], [33.65505, -117.84508], [33.65255, -117.83009], [33.65054, -117.85355], [33.65549, -117.83783], [33.64773, -117.85089], [33.63135, -117.81772], [33.6482, -117.8142], [33.63138, -117.81778], [33.64824, -117.81416], [33.65549, -117.83791], [33.65087, -117.8537], [33.63133, -117.81773], [33.63129, -117.81779], [33.63143, -117.81851], [33.64824, -117.81421], [33.65597, -117.82891], [33.65252, -117.84642], [33.67733, -117.85939], [33.65183, -117.84648], [33.65526, -117.83751], [33.64757, -117.85045], [33.65557, -117.83809], [33.64765, -117.85067], [33.63144, -117.81856], [33.64824, -117.81429], [33.65545, -117.83789], [33.64762, -117.85064], [33.65502, -117.82862], [33.65188, -117.84671], [33.65263, -117.82994], [33.65062, -117.85357], [33.63144, -117.81828], [33.65059, -117.82054], [33.65258, -117.82956], [33.64759, -117.85055], [33.6318, -117.81995], [33.65058, -117.8208], [33.63127, -117.84225], [33.63148, -117.84188]]","[[33.65611160986285, -117.83560941514122], [33.62963860530146, -117.8186556160904], [33.641878477085555, -117.81835400336355]]","[5, 5, 4]","[1414.9535115950305, 2377.0031481559963, 1846.6141514985134]",0.22504949569702148,206.23557543754578
9,1200,"[33.64025067958688, -117.83443429448087]","[33.64453887804785, -117.82673206836789]",858.362263812217,"[[33.63142, -117.81843], [33.64818, -117.81436], [33.65591, -117.82892], [33.64688, -117.84585], [33.65549, -117.83783], [33.64773, -117.85089], [33.63137, -117.81773], [33.64811, -117.81443], [33.63243, -117.82117], [33.64815, -117.81439], [33.65517, -117.83748], [33.64414, -117.84467], [33.65545, -117.83789], [33.64762, -117.85064], [33.632, -117.82034], [33.64828, -117.81415], [33.65561, -117.83817], [33.64688, -117.8459], [33.63141, -117.81809], [33.64812, -117.81438], [33.65521, -117.83748], [33.65082, -117.85367], [33.63137, -117.81787], [33.64822, -117.81424], [33.63141, -117.81831], [33.64814, -117.81439], [33.65528, -117.83903], [33.65513, -117.84506], [33.65493, -117.83039], [33.64533, -117.84546], [33.63139, -117.81778], [33.64822, -117.81424], [33.65557, -117.83813], [33.64723, -117.84661], [33.63144, -117.81856], [33.64824, -117.81429], [33.65368, -117.83399], [33.64759, -117.85055], [33.67638, -117.86301], [33.64722, -117.84654], [33.65561, -117.83817], [33.64689, -117.846], [33.63127, -117.84225], [33.63148, -117.84188], [33.63143, -117.81851], [33.64824, -117.81421], [33.65516, -117.83744], [33.65063, -117.85358], [33.63145, -117.81826], [33.6477, -117.85087], [33.63143, -117.81861], [33.64818, -117.81439], [33.65578, -117.83349], [33.64765, -117.85072], [33.65558, -117.83807], [33.65054, -117.85352], [33.65547, -117.83784], [33.65091, -117.85365], [33.65463, -117.82165], [33.64681, -117.84576], [33.65378, -117.83364], [33.64764, -117.85063], [33.63133, -117.81775], [33.64823, -117.81413], [33.64981, -117.8153], [33.63616, -117.81315], [33.63133, -117.81773], [33.63129, -117.81779], [33.63134, -117.81763], [33.648, -117.8144], [33.65556, -117.83813], [33.65063, -117.85354], [33.65465, -117.82202], [33.64766, -117.85077], [33.65488, -117.83908], [33.65067, -117.85356], [33.63138, -117.81792], [33.64823, -117.81427], [33.65524, -117.8375], [33.64404, -117.84458], [33.63138, -117.81809], [33.64799, -117.81447], [33.63135, -117.81791], [33.64822, -117.81426], [33.65537, -117.82865], [33.65505, -117.84508], [33.63142, -117.81808], [33.64813, -117.81441], [33.65588, -117.8289], [33.65063, -117.85359], [33.65612, -117.82887], [33.6509, -117.85372], [33.65377, -117.83361], [33.64417, -117.84473], [33.63131, -117.81741], [33.64812, -117.81442], [33.65566, -117.83821], [33.6509, -117.85367], [33.63142, -117.81818], [33.64817, -117.81436], [33.63133, -117.8176], [33.64812, -117.81442]]","[[33.63737923288532, -117.85479946636718], [33.62962687637907, -117.81859432604195], [33.651063221716335, -117.84927352630413]]","[8, 7, 6]","[2722.261177687339, 1818.1430863784967, 2212.7214638827613]",0.6852219104766846,287.6659243106842
0,1400,"[33.64025067958688, -117.83443429448087]","[33.640131510930516, -117.84243845551708]",742.6834922451349,"[[33.65502, -117.82862], [33.65237, -117.84643], [33.65378, -117.83364], [33.64937, -117.85314], [33.65495, -117.8391], [33.6507, -117.85357], [33.63135, -117.81791], [33.64822, -117.81426], [33.63136, -117.8177], [33.65076, -117.82054], [33.63133, -117.8176], [33.64812, -117.81442], [33.65561, -117.8356], [33.65245, -117.84647], [33.6556, -117.83811], [33.65083, -117.85366], [33.65547, -117.83784], [33.65091, -117.85365], [33.63136, -117.81795], [33.65071, -117.82051], [33.65566, -117.83821], [33.6509, -117.85367], [33.63243, -117.82117], [33.64815, -117.81439], [33.65368, -117.83399], [33.64916, -117.8531], [33.65588, -117.8289], [33.65063, -117.85359], [33.65558, -117.83807], [33.65089, -117.85366], [33.65519, -117.83748], [33.64912, -117.85318], [33.65516, -117.83744], [33.65063, -117.85358], [33.63142, -117.81843], [33.64818, -117.81436], [33.63134, -117.81763], [33.648, -117.8144], [33.65528, -117.83903], [33.65513, -117.84506], [33.65477, -117.83639], [33.65065, -117.85359], [33.65612, -117.82887], [33.6509, -117.85372], [33.65557, -117.83812], [33.64976, -117.85322], [33.67638, -117.86301], [33.6494, -117.85314], [33.63144, -117.81828], [33.65059, -117.82054], [33.63141, -117.81831], [33.64814, -117.81439], [33.65524, -117.83755], [33.64975, -117.85314], [33.65263, -117.82994], [33.65062, -117.85357], [33.65556, -117.83813], [33.65063, -117.85354], [33.65523, -117.83753], [33.64926, -117.85317], [33.65505, -117.83907], [33.6551, -117.83929], [33.63138, -117.81803], [33.64824, -117.81413], [33.63133, -117.81775], [33.64823, -117.81413], [33.65557, -117.83809], [33.64925, -117.85316], [33.65558, -117.83807], [33.65054, -117.85352], [33.65521, -117.83748], [33.65082, -117.85367], [33.63141, -117.81775], [33.64824, -117.81416], [33.63133, -117.81773], [33.63129, -117.81779]]","[[33.64910941827267, -117.85747831252274], [33.65359909417128, -117.81504155549784], [33.65140928072396, -117.8162797403539]]","[10, 8, 6]","[1714.1251113975168, 2947.962511682067, 2730.0833614882918]",0.2823672294616699,146.1998746395111
