name,location_name,latitude,longitude
The Shawshank Redemption,Ashland,40.869331,-82.317917
The Shawshank Redemption,Bissman Building (Closed),40.763622,-82.515564
The Shawshank Redemption,Butler,40.589268,-82.426643
The Shawshank Redemption,Ohio State Reformatory,40.784168,-82.502548
The Shawshank Redemption,Snyder Road and Hagerman Road,40.616440,-82.429008
The Shawshank Redemption,Upper Sandusky,40.827511,-83.281372
The Shawshank Redemption,Virgin Islands (Final Scene),17.679745,-64.900841
The Shawshank Redemption,Wyandot County Courthouse,40.827187,-83.280800
The Dark Knight,550 S Hope St,34.049660,-118.255707
The Dark Knight,Cairngorms National Park,57.060017,-3.607898
The Dark Knight,Cardington Studios,52.107933,-0.423461
The Dark Knight,Carnegie Mellon University,40.442440,-79.943153
The Dark Knight,Chand Bawri,27.007240,76.606415
The Dark Knight,Delta Point (Gotham General Hospital),51.379135,-0.100420
The Dark Knight,"Downtown, Los Angeles",34.039845,-118.247932
The Dark Knight,El Camino College,33.885521,-118.326874
The Dark Knight,El Camino Village,33.888344,-118.332596
The Dark Knight,Farmiloe Building (closed),51.520699,-0.101378
The Dark Knight,Greenwood Lake,41.222240,-74.295151
The Dark Knight,Heinz Field,40.446735,-80.015785
The Dark Knight,Inverness Airport,57.541225,-4.053508
The Dark Knight,La Loggia del Piazzale Michelangelo,43.761822,11.264711
The Dark Knight,Mehrangarh Fort,26.297928,73.018799
The Dark Knight,Newark,40.731441,-74.188026
The Dark Knight,Nottingham,52.954597,-1.159561
The Dark Knight,One Liberty Plaza,40.709518,-74.010674
The Dark Knight,Osterley Park And House,51.489414,-0.345879
The Dark Knight,Pittsburgh (Gotham City),40.435158,-80.001976
The Dark Knight,Queensboro Bridge,40.756702,-73.954506
The Dark Knight,Senate House,51.521023,-0.128841
The Dark Knight,Sony Pictures Studios,34.017433,-118.401627
The Dark Knight,Stansted Airport (Gotham City Airport),51.885815,0.238678
The Dark Knight,Third Street Tunnel,34.052807,-118.251175
The Dark Knight,Trump Tower,40.762325,-73.973907
The Dark Knight,Union Station,34.056206,-118.236572
The Dark Knight,Wall St,40.705997,-74.008987
The Dark Knight,Warner Brothers Burbank Studios,34.148224,-118.339310
The Dark Knight,Wollaton Hall,52.947845,-1.209799
The Godfather Part II,7B Horseshoe Bar aka Vazacs,40.725033,-73.981544
The Godfather Part II,Av. Mella,18.476238,-69.889229
The Godfather Part II,Calle Duarte,18.474518,-69.886520
The Godfather Part II,Calle Hostos,18.473351,-69.885422
The Godfather Part II,East Village,40.726624,-73.982605
The Godfather Part II,"El Embajador, a Royal Hideaway Hotel",18.454899,-69.933662
The Godfather Part II,Fanucci Residence,40.724590,-73.982353
The Godfather Part II,Fleur Du Lac Estates Association (Corleone Compound),39.102753,-120.161766
The Godfather Part II,Forza d'Agrò,37.914951,15.334050
The Godfather Part II,Greenwich Village,40.733727,-74.003456
The Godfather Part II,Hospital Padre Billini,18.471357,-69.889214
The Godfather Part II,Hyman Roth Residence,25.894215,-80.156616
The Godfather Part II,Lake Tahoe,39.096329,-120.033623
The Godfather Part II,Las Vegas,36.170452,-115.147148
The Godfather Part II,Manhattan,40.767704,-73.978271
The Godfather Part II,Miami,25.764952,-80.202324
The Godfather Part II,Parque Independencia,18.471247,-69.892052
The Godfather Part II,Riva Nazario Sauro,45.648159,13.762903
The Godfather Part II,Santo Domingo,18.486057,-69.931213
The Godfather Part II,Tomkin's Square Park,40.726410,-73.981857
The Godfather Part II,Trieste,45.653599,13.778510
The Godfather Part II,Via Vecchia Pozzillo,37.661682,15.173572
The Godfather Part II,W Washington D.C. Hotel,38.896961,-77.033493
12 Angry Men,New York City,40.742298,-73.982559
12 Angry Men,New York County Courthouse,40.714310,-74.001930
Schindler's List,Auschwitz-Birkenau Concentration Camp,50.038906,19.171297
Schindler's List,Jerusalem,31.768318,35.213711
Schindler's List,Józefa,50.050930,19.945850
Schindler's List,Kraków,50.062382,19.932924
Schindler's List,Most Pilsudskiego,50.045540,19.944941
Schindler's List,Plaszów,50.043324,19.982622
Schindler's List,Szeroka,50.052422,19.948021
Pulp Fiction,11813 Runnymede St,34.205936,-118.391266
Pulp Fiction,11827 Valerio Street,34.205036,-118.391251
Pulp Fiction,13763 Hawthorne Boulevard,33.908806,-118.352875
Pulp Fiction,1435 Flower Street,34.162949,-118.290237
Pulp Fiction,1541 Summitridge Dr,34.099152,-118.420868
Pulp Fiction,20933 Roscoe Blvd,34.220512,-118.589539
Pulp Fiction,2934 Riverside Drive,34.111053,-118.265823
Pulp Fiction,3519 La Clede Ave,34.119659,-118.257248
Pulp Fiction,4149 Kraft Ave,34.143940,-118.380424
Pulp Fiction,5800 Harold Way,34.099388,-118.316017
Pulp Fiction,A & R Auto Dismantlers,34.252350,-118.397812
Pulp Fiction,Beverly Hills,34.073620,-118.400352
Pulp Fiction,Hawthorne,33.916420,-118.350281
Pulp Fiction,Kendall Alley,34.146915,-118.149292
Pulp Fiction,Riverside Drive & Glendale Boulevard,34.111061,-118.264977
Pulp Fiction,The Raymond Theatre,34.148090,-118.149338
The Lord of the Rings: The Fellowship of the Ring,Buckland Road,-37.872272,175.684326
The Lord of the Rings: The Fellowship of the Ring,Camperdown Studios,-41.306202,174.823685
The Lord of the Rings: The Fellowship of the Ring,Deer Park Heights,-45.036549,168.703674
The Lord of the Rings: The Fellowship of the Ring,Harcourt Park,-41.102879,175.094360
The Lord of the Rings: The Fellowship of the Ring,Kaitoke Regional Park,-41.067394,175.197266
The Lord of the Rings: The Fellowship of the Ring,Lake Alta,-45.063122,168.810822
The Lord of the Rings: The Fellowship of the Ring,Lake Wakatipu,-45.056900,168.591995
The Lord of the Rings: The Fellowship of the Ring,Milford Sound,-44.674503,167.919434
The Lord of the Rings: The Fellowship of the Ring,Mount Ruapehu,-39.283619,175.561111
The Lord of the Rings: The Fellowship of the Ring,Port Waikato,-37.391396,174.719284
The Lord of the Rings: The Fellowship of the Ring,Putangirua Pinnacles,-41.444431,175.218063
The Lord of the Rings: The Fellowship of the Ring,Queenstown,-45.032700,168.658005
The Lord of the Rings: The Fellowship of the Ring,Rangitikei River,-40.017651,175.540237
The Lord of the Rings: The Fellowship of the Ring,South and North Mavora Lakes,-45.229050,168.172165
The Lord of the Rings: The Fellowship of the Ring,Stone Street Studios,-41.317581,174.813126
The Lord of the Rings: The Fellowship of the Ring,Twizel,-44.256500,170.098999
The Lord of the Rings: The Fellowship of the Ring,Upper Hutt,-41.125278,175.067841
The Lord of the Rings: The Fellowship of the Ring,Wellington,-41.286461,174.776230
"The Good, the Bad and the Ugly",Almería,36.840092,-2.467900
"The Good, the Bad and the Ugly",Arlanza River,42.031197,-3.598888
"The Good, the Bad and the Ugly",Burgos,42.340889,-3.699760
"The Good, the Bad and the Ugly",Cabo de Gata,36.780781,-2.241530
"The Good, the Bad and the Ugly",Carazo,41.969521,-3.353930
"The Good, the Bad and the Ugly",Colmenar Viejo,40.658951,-3.766040
"The Good, the Bad and the Ugly",Cortijo del Fraile,36.865620,-2.075143
"The Good, the Bad and the Ugly",Covarrubias,42.059189,-3.520240
"The Good, the Bad and the Ugly",Durango,24.023161,-104.671242
"The Good, the Bad and the Ugly",Granada,37.176479,-3.597940
"The Good, the Bad and the Ugly",La Calahorra,37.181358,-3.064510
"The Good, the Bad and the Ugly",La Pedriza,40.772499,-3.870090
"The Good, the Bad and the Ugly",Los Albaricoques,36.850307,-2.123087
"The Good, the Bad and the Ugly",Mini Hollywood,37.019821,-2.431640
"The Good, the Bad and the Ugly",Monasterio de San Pedro de Arlanza,42.048508,-3.467145
"The Good, the Bad and the Ugly",Rodalquilar,36.846851,-2.042987
"The Good, the Bad and the Ugly",Rome,41.890560,12.494270
"The Good, the Bad and the Ugly",Santo Domingo de Silos,41.962379,-3.419730
"The Good, the Bad and the Ugly",Tabernas,37.049450,-2.392680
Goodfellas,10 East 60th St,40.764324,-73.971992
Goodfellas,1080 Inwood Terrace (Henry & Karen's House),40.837318,-73.985985
Goodfellas,14 Alfred Ln (Bruce's House),40.953999,-73.780655
Goodfellas,"1818 86th St, Brooklyn",40.606728,-74.002304
Goodfellas,2995 Richmond Ave,40.571209,-74.169670
Goodfellas,5th Ave,40.774414,-73.965645
Goodfellas,Astoria,40.765549,-73.930748
Goodfellas,Astoria (Henry Hill's House),40.762428,-73.924011
Goodfellas,Atlantic Beach,40.586201,-73.732628
Goodfellas,Babbage St,40.701752,-73.834648
Goodfellas,Broadway,40.812401,-73.961700
Goodfellas,Catalina Beach Club,40.586922,-73.739311
Goodfellas,Chicago,41.883228,-87.632401
Goodfellas,Coney Island,40.576359,-73.974182
Goodfellas,Coney Island Ave & Avenue Y,40.589439,-73.960602
Goodfellas,"East Side, Manhattan",40.770760,-73.976555
Goodfellas,Foley Square,40.714325,-74.002907
Goodfellas,Fort Lee,40.850830,-73.967491
Goodfellas,George Washington Bridge,40.850670,-73.947227
Goodfellas,GoodFellas Diner (closed),40.722744,-73.913467
Goodfellas,Gowanus Canal,40.670822,-73.999611
Goodfellas,Hawaii Kai (closed),40.761639,-73.983757
Goodfellas,Hudson River,42.349583,-73.813805
Goodfellas,Jackson Hole,40.767525,-73.899384
Goodfellas,John F. Kennedy International Airport,40.641281,-73.778473
Goodfellas,Kaufman Astoria Studios,40.757004,-73.924164
Goodfellas,Lawrence,40.613705,-73.733330
Goodfellas,Long Island Railroad,40.699654,-73.832390
Goodfellas,Lower Manhattan,40.719517,-73.999825
Goodfellas,Marlboro,40.316101,-74.247543
Goodfellas,Maspeth,40.727844,-73.909279
Goodfellas,New Rochelle,40.911549,-73.782341
Goodfellas,New York County Supreme Court,40.714306,-74.002045
Goodfellas,Oyster Bay,40.871311,-73.537170
Goodfellas,Palisades Interstate Parkway,40.859940,-73.962440
Goodfellas,Prospect Park,40.660191,-73.969040
Goodfellas,Red Hook,40.673519,-74.011093
Goodfellas,Richmond Ave,40.579666,-74.169411
Goodfellas,Richmond Hill,40.694443,-73.830940
Goodfellas,Salerno's Restaurant (Henry and Karen Date),40.700546,-73.832817
Goodfellas,Smith St,40.675365,-73.998039
Goodfellas,Staten Island,40.573486,-74.138786
Goodfellas,Tampa,27.947420,-82.458778
Goodfellas,Valley Stream,40.663303,-73.710892
Goodfellas,West 9th Street & Smith Street,40.674740,-73.997772
Goodfellas,Woodhaven,40.690517,-73.859436
The Departed,12 Farnsworth St,42.351391,-71.048813
The Departed,Boston,42.358990,-71.058632
The Departed,Bronx,40.824200,-73.866142
The Departed,Brooklyn,40.697029,-73.951233
The Departed,Brooklyn Heights,40.703072,-73.992599
The Departed,Charlestown,42.377762,-71.067322
The Departed,Chinatown,42.347961,-71.056412
The Departed,Dorchester,42.299782,-71.078842
The Departed,Erich Lindemann Mental Health Center,42.362251,-71.063492
The Departed,Gerritsen Beach,40.587543,-73.922775
The Departed,Greenpoint,40.726830,-73.943512
The Departed,Lynn,42.464409,-70.948509
The Departed,New York City,40.713051,-74.007233
The Departed,Quincy,42.251389,-71.002342
The Departed,Sunset Park,40.652794,-74.014961
The Departed,SUNY Maritime College,40.809162,-73.801483
The Departed,White Plains,41.032730,-73.766327
The Godfather,1 Allen Ave (Kay Adams' School),37.961567,-122.558044
The Godfather,1011 North Beverly Drive,34.089012,-118.413902
The Godfather,110 Longfellow Road (The Home of the Godfather),40.606518,-74.097946
The Godfather,120 Longfellow Road,40.606838,-74.097626
The Godfather,1999 East 5th St (Clemenza's home),40.601719,-73.967308
The Godfather,3531 White Plains Road,40.878395,-73.866478
The Godfather,5th Avenue,40.813629,-73.936989
The Godfather,Calvary Cemetery,40.736832,-73.913841
The Godfather,Castello degli Schiavi (Don Tommasino's Villa),37.791779,15.223215
The Godfather,Federal Reserve Bank,40.708290,-74.008827
The Godfather,Forza d'Agrò,37.914951,15.334050
The Godfather,Hollywood United Methodist Church,34.104404,-118.338882
The Godfather,Hotel Edison,40.759686,-73.986275
The Godfather,Jack Dempsey's Restaurant,40.748489,-73.986900
The Godfather,Liberty State Park,40.704998,-74.051208
The Godfather,Lincoln Medical Center,40.816971,-73.924110
The Godfather,Little Italy,40.719330,-73.997307
The Godfather,Mott Street,40.724758,-73.994148
The Godfather,New York County Supreme Court,40.714466,-74.001869
The Godfather,New York Eye and Ear Infirmary of Mount Sinai,40.731880,-73.984703
The Godfather,Old Church of St. Joachim and St. Anne,40.511707,-74.220924
The Godfather,Queensboro Bridge,40.756180,-73.952766
The Godfather,Radio City Music Hall,40.759724,-73.979294
The Godfather,Riverdale,40.890591,-73.912712
The Godfather,Santo Domingo,18.486057,-69.931213
The Godfather,Savoca,37.953979,15.340460
The Godfather,St Regis Hotel,40.761230,-73.974319
The Godfather,The Basilica of St. Patrick's Old Cathedral,40.723621,-73.995308
The Godfather,UCLA Royce Hall,34.072914,-118.442253
The Lord of the Rings: The Return of the King,Deer Park Heights,-45.030987,168.674713
The Lord of the Rings: The Return of the King,Edoras,-43.548275,170.893158
The Lord of the Rings: The Return of the King,Hobbiton,-37.872128,175.682861
The Lord of the Rings: The Return of the King,Lothlórien,-44.726971,168.377991
The Lord of the Rings: The Return of the King,Milford Sound,-44.642090,167.895569
The Lord of the Rings: The Return of the King,Mount Ruapehu,-39.281979,175.568451
The Lord of the Rings: The Return of the King,Putangirua Pinnacles,-41.445580,175.247772
The Lord of the Rings: The Return of the King,Queenstown,-45.029835,168.657822
The Lord of the Rings: The Return of the King,Rangipo Desert,-39.170471,175.247528
The Lord of the Rings: The Return of the King,Stone Street Studios,-41.318405,174.813477
The Lord of the Rings: The Return of the King,Tongariro National Park,-39.041531,175.733261
The Lord of the Rings: The Return of the King,Twizel,-44.261295,170.085251
The Lord of the Rings: The Return of the King,Upper Hutt,-41.137726,175.029755
Forrest Gump,Ambassador Hotel,34.059277,-118.297127
Forrest Gump,Beaufort,32.431122,-80.668488
Forrest Gump,Bus Stop Bench,32.075851,-81.093132
Forrest Gump,East Los Angeles College,34.041531,-118.150291
Forrest Gump,Flagstaff,35.198181,-111.651321
Forrest Gump,Glacier National Park,48.716526,-113.823685
Forrest Gump,Grandfather Mountain,36.089340,-81.838333
Forrest Gump,Lincoln Memorial,38.889256,-77.050194
Forrest Gump,Marks Hall,34.019749,-118.282433
Forrest Gump,Marshall Point Lighthouse,43.927792,-69.253052
Forrest Gump,Monument Valley,37.027641,-110.225388
Forrest Gump,Paramount Studios,34.084019,-118.319092
Forrest Gump,Pemaquid,43.906750,-69.515053
Forrest Gump,Pritchardville,32.237900,-80.964363
Forrest Gump,Santa Monica Pier,34.008987,-118.497231
Forrest Gump,The Ebell of Los Angeles,34.061161,-118.324821
Forrest Gump,University of Southern California,34.020340,-118.285278
Forrest Gump,Valley of the Gods,37.275410,-109.868103
Forrest Gump,Varnville,32.848598,-81.078018
Fight Club,123 South Figueroa Stree,34.057648,-118.253342
Fight Club,150 World Way,33.945492,-118.400940
Fight Club,240 North Neptune Ave (Tyler's House),33.772537,-118.268265
Fight Club,325 West 8th Street,34.044521,-118.255447
Fight Club,330 West 8th Street,34.044235,-118.255737
Fight Club,421 West 8th Street,34.044968,-118.256317
Fight Club,505 North Avalon Boulevard,33.775795,-118.262398
Fight Club,Los Angeles Center Studios,34.054974,-118.260033
Fight Club,Los Angeles Theatre,34.046471,-118.252762
Fight Club,Melrose Avenue & N. Heliotrope Dr,34.083580,-118.295319
Fight Club,Olympic Theatre,34.044312,-118.254936
Fight Club,St. Brendan's Catholic Church,34.068481,-118.314690
Fight Club,"Stage 15, 20th Century Fox Studios",34.050060,-118.411812
Fight Club,"Stage 16, 20th Century Fox Studios",34.049763,-118.412369
Fight Club,The Tower Theatre,34.043438,-118.254501
The Lord of the Rings: The Two Towers,Camperdown Studios,-33.889095,151.174698
The Lord of the Rings: The Two Towers,Dry Creek Quarry,-41.159557,174.970734
The Lord of the Rings: The Two Towers,Milford Sound,-44.641624,167.897400
The Lord of the Rings: The Two Towers,Mount Ruapehu,-39.281712,175.568390
The Lord of the Rings: The Two Towers,Mount Sunday (Edoras),-43.548267,170.893036
The Lord of the Rings: The Two Towers,Mount Tasman,-43.566708,170.149841
The Lord of the Rings: The Two Towers,Queenstown,-45.032700,168.658005
The Lord of the Rings: The Two Towers,Te Anau,-45.414902,167.716003
The Lord of the Rings: The Two Towers,Twizel,-44.256500,170.098999
The Lord of the Rings: The Two Towers,Upper Hutt,-41.125278,175.067841
Inception,100 Universal City Plaza,34.136543,-118.355919
Inception,1240 S Hope Street,34.039948,-118.265465
Inception,453 S Spring Street,34.047829,-118.249702
Inception,Bedford,52.139683,-0.470588
Inception,Cardington,52.117191,-0.413708
Inception,Commodore Schuyler F. Heim Bridge,33.765846,-118.240547
Inception,Da Stuzzi Delicatessen,48.847466,2.309767
Inception,Farnborough Airfield,51.283043,-0.779496
Inception,Fortress Mountain,50.820099,-115.215508
Inception,Kananaskis,50.921616,-115.152443
Inception,Leo Carrillo State Beach,34.043861,-118.938713
Inception,Los Angeles Department of Water and Power (JFB),34.057949,-118.250252
Inception,Malibu,34.023647,-118.782433
Inception,Paris 15,48.840271,2.288117
Inception,Pasadena,34.153900,-118.153107
Inception,Pont de Bir-Hakeim,48.855564,2.287042
Inception,Rancho Palos Verdes,33.744633,-118.389435
Inception,Rue Bouchut,48.846958,2.309540
Inception,Shizuoka,34.976460,138.385849
Inception,Spring Street,34.047230,-118.250221
Inception,Tangier,35.758907,-5.844688
Inception,University College London,51.524529,-0.134724
Star Wars: Episode V - The Empire Strikes Back,Alcatraz Island,37.826916,-122.423012
Star Wars: Episode V - The Empire Strikes Back,Banks,45.615997,-123.111877
Star Wars: Episode V - The Empire Strikes Back,Elstree Studios,51.657597,-0.268488
Star Wars: Episode V - The Empire Strikes Back,Forest Grove,45.518391,-123.111191
Star Wars: Episode V - The Empire Strikes Back,Hardangerjøkulen,60.539738,7.400998
Star Wars: Episode V - The Empire Strikes Back,Hillsboro,45.523949,-122.989738
Star Wars: Episode V - The Empire Strikes Back,San Francisco,37.780079,-122.420174
The Matrix,AON,-33.863773,151.203613
The Matrix,BT Global Communication (closed),-33.871269,151.204300
The Matrix,Chippendale,-33.886322,151.199677
The Matrix,Forty One Restaurant (closed),-33.866123,151.211533
The Matrix,Fox Studios Australia,-33.893051,151.223694
The Matrix,Hickson Road,-33.860222,151.202637
The Matrix,Hunter St & O'Connell St,-33.865780,151.208725
The Matrix,Museum railway station,-33.876816,151.209137
The Matrix,Nashville,36.166340,-86.779068
The Matrix,Redfern,-33.892490,151.201797
The Matrix,Rozelle,-33.864117,151.173843
The Matrix,San Francisco,37.780079,-122.420174
The Matrix,Secure Parking - Allianz Centre Car Park,-33.870697,151.204117
The Matrix,Surry Hills,-33.889885,151.212204
The Matrix,Sydney,-33.872761,151.205338
The Matrix,Sydney CBD,-33.872761,151.205338
The Matrix,The Fullerton Hotel Sydney,-33.868130,151.207642
The Matrix,Waterloo,-33.896042,151.200043
One Flew Over the Cuckoo's Nest,Depoe Bay,44.811680,-124.062309
One Flew Over the Cuckoo's Nest,Fort Bragg,39.445492,-123.804543
One Flew Over the Cuckoo's Nest,Oregon State Hospital,44.938286,-123.002266
One Flew Over the Cuckoo's Nest,Salem,44.939018,-123.039307
Se7en,123 E. 6th. St (Wild Bill's Leather Shop),34.045025,-118.249435
Se7en,215 West 5th St (Chester Williams Building),34.048008,-118.250221
Se7en,501 S. Spring St (John Doe's Apartment),34.047295,-118.250015
Se7en,530 South Grand Avenue,34.049366,-118.254478
Se7en,650 S. Spring St (Library Scene),34.044601,-118.252014
Se7en,673 Mateo Street,34.035431,-118.232780
Se7en,746 S. San Pedro Street,34.039673,-118.247612
Se7en,Ambassador Hotel,34.059757,-118.296982
Se7en,Lancaster (Ending Scene),34.703907,-118.248062
Se7en,Mojave,35.052319,-118.173630
Se7en,Pacific Electric Building (Police Headquarters),34.044960,-118.250038
Se7en,Quality Cafe,34.051903,-118.267120
Se7en,Rosslyn Hotel,34.046715,-118.248932
Se7en,S Broadway & W 3rd St (Sloth apartment),34.051319,-118.248077
Se7en,Salon Pure,34.045033,-118.249390
Se7en,Warner Brothers Burbank Studios,34.150661,-118.338676
Seven Samurai,123 E. 6th. St (Wild Bill's Leather Shop),34.045025,-118.249435
Seven Samurai,215 West 5th St (Chester Williams Building),34.048008,-118.250221
Seven Samurai,501 S. Spring St (John Doe's Apartment),34.047295,-118.250015
Seven Samurai,530 South Grand Avenue,34.049366,-118.254478
Seven Samurai,650 S. Spring St (Library Scene),34.044601,-118.252014
Seven Samurai,673 Mateo Street,34.035431,-118.232780
Seven Samurai,746 S. San Pedro Street,34.039673,-118.247612
Seven Samurai,Ambassador Hotel,34.059757,-118.296982
Seven Samurai,Lancaster (Ending Scene),34.703907,-118.248062
Seven Samurai,Mojave,35.052319,-118.173630
Seven Samurai,Pacific Electric Building (Police Headquarters),34.044960,-118.250038
Seven Samurai,Quality Cafe,34.051903,-118.267120
Seven Samurai,Rosslyn Hotel,34.046715,-118.248932
Seven Samurai,S Broadway & W 3rd St (Sloth apartment),34.051319,-118.248077
Seven Samurai,Salon Pure,34.045033,-118.249390
Seven Samurai,Warner Brothers Burbank Studios,34.150661,-118.338676
It's a Wonderful Life,4587 Viro Road,34.197643,-118.179146
It's a Wonderful Life,Balboa Boulevard & Burbank Boulevard,34.172264,-118.500977
It's a Wonderful Life,Beverly Hills,34.073620,-118.400352
It's a Wonderful Life,Beverly Hills High School,34.061218,-118.411209
It's a Wonderful Life,The Culver Studios,34.022720,-118.390533
The Silence of the Lambs,8 Circle St,40.090408,-79.721809
The Silence of the Lambs,Bellaire,40.022049,-80.742500
The Silence of the Lambs,Carnegie Museum of Natural History,40.444141,-79.949272
The Silence of the Lambs,Clay County,38.469109,-81.101288
The Silence of the Lambs,E 8th Ave & Amity St,40.407059,-79.910858
The Silence of the Lambs,FBI Academy,38.531811,-77.446861
The Silence of the Lambs,Frances Perkins Building,38.892807,-77.014503
The Silence of the Lambs,Front St,40.558620,-80.219131
The Silence of the Lambs,Layton,40.090778,-79.722366
The Silence of the Lambs,Lindbergh Ave,40.519066,-79.957237
The Silence of the Lambs,Main Street West,40.799858,-79.322029
The Silence of the Lambs,McKeesport,40.350769,-79.866638
The Silence of the Lambs,Memphis,35.143379,-90.052139
The Silence of the Lambs,Old Allegheny County Jail,40.438549,-79.995331
The Silence of the Lambs,Pittsburgh,40.442169,-79.994957
The Silence of the Lambs,Pittsburgh International Airport,40.493477,-80.238190
The Silence of the Lambs,Soldiers and Sailors Museum and Memorial,40.444809,-79.956169
The Silence of the Lambs,South Bimini Airport,25.700991,-79.273613
City of God,Cidade de Deus,-22.946777,-43.370243
City of God,Rio de Janeiro,-22.908333,-43.196388
Saving Private Ryan,Ballinesker Beach,52.399445,-6.357975
Saving Private Ryan,Calvados,49.173359,-0.445259
Saving Private Ryan,Curracloe Beach,52.388187,-6.362312
Saving Private Ryan,Hatfield,51.762772,-0.225077
Saving Private Ryan,Hatfield Aerodrome,51.767548,-0.252792
Saving Private Ryan,London,51.507164,-0.135805
Saving Private Ryan,Normandy,49.092304,0.025986
Saving Private Ryan,Thame Park,51.727077,-0.965210
Interstellar,1525 Industrial St,34.036312,-118.237663
Interstellar,Altadena,34.190353,-118.134384
Interstellar,Calgary,51.029179,-114.125816
Interstellar,Canmore,51.084549,-115.352539
Interstellar,Fort Macleod,49.722534,-113.407608
Interstellar,Lethbridge,49.692673,-112.849258
Interstellar,Los Angeles Convention Center,34.040379,-118.270241
Interstellar,Nanton,50.349182,-113.778603
Interstellar,Okotoks,50.724953,-113.984367
Interstellar,Sony Pictures Studios,34.017639,-118.401642
Interstellar,Svínafellsjökull,64.011688,-16.886761
Interstellar,Torrance,33.835529,-118.342346
Interstellar,Warner Bros. Studios,34.149879,-118.338188
Interstellar,Westin Bonaventure Hotel & Suites,34.052681,-118.255775
Life Is Beautiful,Arezzo,43.471199,11.863060
Life Is Beautiful,Cortona,43.274132,11.987760
Life Is Beautiful,Montevarchi,43.528782,11.570010
Life Is Beautiful,Papigno,42.550320,12.691940
Life Is Beautiful,Ronciglione,42.291409,12.214220
Life Is Beautiful,Terni,42.560181,12.646800
The Green Mile,Blowing Rock,36.126408,-81.672745
The Green Mile,Blue Ridge Pkwy,36.408104,-81.196068
The Green Mile,Caney Fork,36.137653,-85.804405
The Green Mile,College Grove,35.787708,-86.677078
The Green Mile,Columbia,35.615429,-87.049446
The Green Mile,Flat Top Manor,36.149055,-81.692902
The Green Mile,Lewisburg,35.449913,-86.796288
The Green Mile,Nashville,36.173687,-86.833092
The Green Mile,Shelbyville,35.481422,-86.465279
The Green Mile,State Prison,36.177326,-86.866409
The Green Mile,Sunset Bronson Studios,34.096916,-118.317863
The Green Mile,Warner Brothers Burbank Studios,34.148228,-118.338951
Star Wars: Episode IV - A New Hope,Calakmul,18.533693,-89.892647
Star Wars: Episode IV - A New Hope,Cardington,52.117882,-0.415031
Star Wars: Episode IV - A New Hope,Death Valley National Park,36.503216,-117.087563
Star Wars: Episode IV - A New Hope,Djerba Ajim (أجيم),33.728413,10.750023
Star Wars: Episode IV - A New Hope,Elstree Film Studios,51.658108,-0.269293
Star Wars: Episode IV - A New Hope,Hotel Sidi Idriss,33.542633,9.967238
Star Wars: Episode IV - A New Hope,Naftah (نفطة),33.875397,7.873588
Star Wars: Episode IV - A New Hope,Parque Nacional Tikal,17.222033,-89.623779
Star Wars: Episode IV - A New Hope,Shepperton Studios,51.407787,-0.466149
Star Wars: Episode IV - A New Hope,Sidi Bouhlel (سيدي بوهليل),34.033524,8.281965
Star Wars: Episode IV - A New Hope,Yuma,32.692547,-114.634262
Terminator 2: Judgment Day,11844 Foothill Boulevard,34.273628,-118.394577
Terminator 2: Judgment Day,12002 Osborne Street,34.272697,-118.393837
Terminator 2: Judgment Day,14224 Roscoe Boulevard and Wakefield Avenue,34.221287,-118.443207
Terminator 2: Judgment Day,14400 Roscoe Blvd Van Nuys,34.221321,-118.447517
Terminator 2: Judgment Day,15301 Ventura Blvd.,34.154278,-118.467064
Terminator 2: Judgment Day,19828 Valerio St,34.204479,-118.565292
Terminator 2: Judgment Day,46551 140th St East,34.730148,-117.881187
Terminator 2: Judgment Day,600 Mesquit Street,34.038528,-118.229431
Terminator 2: Judgment Day,6th Street Viaduct,34.038460,-118.228073
Terminator 2: Judgment Day,Arcadia,34.127361,-118.045868
Terminator 2: Judgment Day,Bayside Parkway & Gateway Blvd.,37.476116,-121.937645
Terminator 2: Judgment Day,El Mirage Dry Lake,34.653484,-117.610252
Terminator 2: Judgment Day,Elysian Park,34.082897,-118.234413
Terminator 2: Judgment Day,Fremont,37.550201,-121.980827
Terminator 2: Judgment Day,Kaiser Steel,34.080173,-117.505936
Terminator 2: Judgment Day,Lancaster,34.697472,-118.144524
Terminator 2: Judgment Day,Los Angeles County Arboretum,34.144409,-118.053146
Terminator 2: Judgment Day,Northridge Fashion Center,34.239067,-118.555954
Terminator 2: Judgment Day,Petersen Automotive Museum,34.061863,-118.361534
Terminator 2: Judgment Day,Plummer/Hayvenhurst,34.242893,-118.493881
Terminator 2: Judgment Day,Reseda,34.195587,-118.536232
Terminator 2: Judgment Day,San Jose,37.334789,-121.888138
Terminator 2: Judgment Day,Santa Clarita,34.395515,-118.541679
Terminator 2: Judgment Day,Santa Fe,35.692131,-105.939590
Terminator 2: Judgment Day,Santa Monica Place,34.013733,-118.493988
Terminator 2: Judgment Day,Sherman Oaks,34.149490,-118.439957
Terminator 2: Judgment Day,Sun Valley,34.225090,-118.377007
Terminator 2: Judgment Day,Terminal Island Freeway,33.776772,-118.233330
Terminator 2: Judgment Day,Tujunga Wash,34.268162,-118.361443
Back to the Future,1711 Bushnell Ave (George McFly's House),34.106171,-118.141602
Back to the Future,1727 Bushnell Ave (Lorraine's House),34.105690,-118.141602
Back to the Future,1800 Bushnell Ave (George McFly’ Tree),34.105648,-118.141190
Back to the Future,1809 Bushnell Ave (Biff Tannen's House),34.105297,-118.141495
Back to the Future,4 Westmoreland Pl (Doc Emmett's House),34.126995,-118.133476
Back to the Future,535 North Victory Boulevard,34.179382,-118.319618
Back to the Future,9303 Roslyndale Ave (Marty's House),34.238972,-118.433449
Back to the Future,Chino,34.010971,-117.689240
Back to the Future,Courthouse Square,34.141407,-118.349747
Back to the Future,Golden Oak Ranch,34.376553,-118.478294
Back to the Future,Griffith Park,34.132706,-118.280357
Back to the Future,Hollywood United Methodist Church,34.104755,-118.339020
Back to the Future,Kagel Canyon Street & Sandusky Avenue,34.242199,-118.433151
Back to the Future,McCambridge Recreation Center,34.193222,-118.320602
Back to the Future,Panorama City,34.224770,-118.445992
Back to the Future,Puente Hills Mall,33.993553,-117.928116
Back to the Future,Robert R. Blacker House,34.126961,-118.133530
Back to the Future,The Gamble House,34.151569,-118.160927
Back to the Future,Universal Studios,34.138382,-118.354240
Back to the Future,Whittier High School (Hill Valley High School),33.981121,-118.044434
Spirited Away,Albuquerque,35.085182,-106.655540
Spirited Away,Belen,34.663223,-106.780128
Spirited Away,Truth or Consequences,33.128372,-107.255096
The Pianist,Babelsberg,52.391479,13.112170
The Pianist,Beelitz,52.235298,12.978450
The Pianist,Hotel Saski,52.241932,21.003090
The Pianist,Instalatorów,52.199097,20.954014
The Pianist,Jüterbog,51.991001,13.072000
The Pianist,Kobylka,52.340858,21.194670
The Pianist,Konopacka,52.259392,21.038900
The Pianist,Kozia,52.244431,21.011950
The Pianist,Krakowskie Przedmiescie,52.242538,21.015100
The Pianist,Mala,52.258320,21.037590
The Pianist,Norblin Factory,52.180206,21.000591
The Pianist,Potsdam,52.396149,13.058540
The Pianist,Rembertów,52.260620,21.165001
The Pianist,Stalowa,52.261391,21.043909
The Pianist,Studio Babelsberg,52.386982,13.120176
The Pianist,Warsaw,52.234982,21.008490
The Pianist,Zabkowska,52.254238,21.043409
Psycho,109 S. Central,33.446499,-112.073692
Psycho,114 West Adams Street,33.449413,-112.075523
Psycho,200 East 3rd St,32.722576,-114.616447
Psycho,4270 Lankershim Boulevard,34.147476,-118.363869
Psycho,Downtown Phoenix,33.451324,-112.077942
Psycho,Gorman,34.795582,-118.853516
Psycho,Hotel San Carlos,33.450562,-112.074036
Psycho,Luhrs Tower,33.446747,-112.074883
Psycho,N Central Ave & E Monroe St,33.450344,-112.073936
Psycho,Phoenix,33.433044,-112.111801
Psycho,Psycho House,34.136269,-118.346931
Psycho,San Fernando Valley,34.197388,-118.518089
Psycho,Security Building,33.451130,-112.074203
Psycho,Universal Studios,34.138069,-118.353378
Parasite,24 Seonjam-ro 8-gil,37.600426,126.998016
Parasite,Ahyeon-dong (아현동),37.554306,126.956558
Parasite,Goyang Aqua Studio,37.674118,126.900459
Parasite,Jahamun-ro (자하문로),37.590054,126.964645
Parasite,Seongbuk-dong (성북동),37.597023,126.991219
Léon: The Professional,71 97th Street,40.793270,-73.966194
Léon: The Professional,7th Avenue and W 54th Street,40.763611,-73.981453
Léon: The Professional,Chelsea,40.745239,-74.005959
Léon: The Professional,Chelsea Hotel,40.744385,-73.996796
Léon: The Professional,Chinatown,40.713207,-73.995316
Léon: The Professional,East Broadway and Market Street,40.713699,-73.994591
Léon: The Professional,East Harlem,40.796680,-73.934914
Léon: The Professional,Guido's,40.756386,-73.994431
Léon: The Professional,Hoboken,40.743462,-74.029068
Léon: The Professional,Manhattan Municipal Building,40.713009,-74.003738
Léon: The Professional,Mulberry Street and Grand Street,40.719330,-73.997307
Léon: The Professional,Upper East Side,40.770409,-73.962212
Léon: The Professional,Wall Street,40.706020,-74.008827
The Lion King,175 Queens Quay E,43.644711,-79.366135
The Lion King,Casa Loma,43.678040,-79.409554
The Lion King,Hillsdale Ave E,43.705666,-79.386665
The Lion King,Parkwood Estate,43.904671,-78.867485
The Lion King,Studio 54,40.764408,-73.983849
The Lion King,The Drake Hotel,43.643250,-79.424812
The Lion King,The Music Hall,43.676235,-79.357101
The Lion King,The Old Don Jail,43.666031,-79.354362
The Lion King,The Tulip Restaurant,43.666367,-79.317116
Gladiator,Ait Benhaddou,31.046848,-7.132798
Gladiator,Alabama Hills,36.567390,-118.090927
Gladiator,Bourne Woods,51.192677,-0.771271
Gladiator,Cinema Studio Atlas,30.941933,-6.966314
Gladiator,Fort Ricasoli,35.897282,14.526343
Gladiator,Ouarzazate,30.918871,-6.902170
Gladiator,Shepperton Studios,51.406551,-0.464439
Gladiator,Val d'Orcia,43.055347,11.698605
American History X,Archie's Market,34.207150,-118.387428
American History X,Fairfax,34.079952,-118.352081
American History X,Johnie's Coffee Shop,34.063259,-118.361618
American History X,Los Angeles,34.052235,-118.243683
American History X,North Hollywood,34.198112,-118.384949
American History X,Venice Beach,33.875221,-118.409370
American History X,Venice High School,33.996948,-118.443451
American History X,Vinyard Residence,33.993160,-118.455727
The Usual Suspects,770 South Normandie Ave,34.058289,-118.299751
The Usual Suspects,Flatiron Building,40.741032,-73.989716
The Usual Suspects,Herald Examiner,34.039406,-118.259590
The Usual Suspects,Hollywood Athletic Club,34.098385,-118.332123
The Usual Suspects,Jackson Heights,40.756645,-73.885925
The Usual Suspects,Korean Friendship Bell,33.711205,-118.292999
The Usual Suspects,LaGuardia Airport,40.774422,-73.873161
The Usual Suspects,Leo Carrillo State Beach,34.043674,-118.935905
The Usual Suspects,Los Angeles,34.052235,-118.243683
The Usual Suspects,Los Angeles City Hall,34.053802,-118.242935
The Usual Suspects,Los Angeles Harbor,33.736679,-118.265854
The Usual Suspects,New York City,40.713051,-74.007233
The Usual Suspects,San Pedro,33.733700,-118.299850
The Usual Suspects,San Pedro Municipal Building (Final Scene),33.738079,-118.280167
The Usual Suspects,The Langham,34.059311,-118.300148
The Usual Suspects,Verrazano-Narrows Bridge,40.606777,-74.043999
The Prestige,Downey Studios (Closed),33.921272,-118.132256
The Prestige,Durango and Silverton Narrow Gauge Railroad,37.539894,-107.777618
The Prestige,Greystone Park & Mansion,34.092056,-118.401443
The Prestige,Hollywood Forever Cemetery,34.088596,-118.319038
The Prestige,Koreatown,34.057709,-118.299797
The Prestige,Los Angeles Herald Examiner Building,34.039444,-118.259537
The Prestige,Los Angeles Theatre,34.046425,-118.252769
The Prestige,Mount Wilson,34.229439,-118.090942
The Prestige,Mount Wilson Observatory,34.225685,-118.057274
The Prestige,Palace Theater,34.045818,-118.252708
The Prestige,Park Plaza Hotel,34.060879,-118.279160
The Prestige,Pasadena,34.146862,-118.155914
The Prestige,Redstone Castle,39.168873,-107.241821
The Prestige,Telluride,37.937408,-107.811760
The Prestige,The Belasco Theatre,34.040302,-118.259392
The Prestige,The Majestic Downtown,34.045147,-118.251945
The Prestige,The Tower Theatre,34.043571,-118.254829
The Prestige,Walt Disney Studios,34.156818,-118.325012
Whiplash,Barclay Hotel,34.048340,-118.247353
Whiplash,Los Angeles,34.050838,-118.261169
Whiplash,Palace Theater,34.045822,-118.252716
Whiplash,Santa Clarita,34.394279,-118.546799
Whiplash,The Orpheum Theatre,34.042553,-118.255692
Casablanca,Freeway Airport (Gilpin Airport historical location),32.276981,-111.008987
Casablanca,"French Street, Warner Brothers Burbank Studios",34.148670,-118.336922
Casablanca,Hotel Del Sol (Disused),32.722618,-114.616440
Casablanca,Hotel Monte Vista,35.198227,-111.647507
Casablanca,Van Nuys Airport,34.206856,-118.490181
Casablanca,Warner Brothers Burbank Studios,34.147778,-118.339600
Casablanca,Waterman Dr,34.214771,-118.485924
Grave of the Fireflies,Almería,36.849640,-2.460668
Grave of the Fireflies,Cabo De Gata,36.773926,-2.240223
Grave of the Fireflies,Ermita de la Virgen del Mar,36.824463,-2.298230
Grave of the Fireflies,Málaga,36.718430,-4.467294
Grave of the Fireflies,Playa de Torregarcía,36.827724,-2.305839
Grave of the Fireflies,Plaza de España,37.377163,-5.987138
Grave of the Fireflies,Royal Palace of Caserta,41.073124,14.327013
Grave of the Fireflies,Villa D'Este,41.963264,12.795671
The Intouchables,Buvette des Marionnettes,48.846443,2.334456
The Intouchables,Cabourg,49.287106,-0.118572
The Intouchables,Hôtel d'Avaray,48.855675,2.321642
The Intouchables,Le Nemours,48.863014,2.336490
The Intouchables,Les Deux Magots,48.854012,2.333040
The Intouchables,Mont Bisanne,45.747025,6.505697
The Intouchables,Paris,48.859982,2.341364
Modern Times,Bluffside Dr & Riverton Ave,34.140594,-118.366791
Modern Times,Hollywood Boulevard & Vine St,34.101624,-118.326820
Modern Times,Los Angeles Harbor,33.736794,-118.265862
Modern Times,Santa Clarita,34.393250,-118.534676
Modern Times,Sawtelle Blvd & Massachusetts Ave,34.047123,-118.449059
Modern Times,Sierra Hwy. & Penman Rd.,34.521500,-118.264618
Once Upon a Time in the West,Bavispe,30.480310,-108.939781
Once Upon a Time in the West,Cinecittà Studios,41.851765,12.577110
Once Upon a Time in the West,Highway 163,36.987717,-110.179817
Once Upon a Time in the West,Kayenta,36.707703,-110.253471
Once Upon a Time in the West,La Calahorra,37.181358,-3.064510
Once Upon a Time in the West,Mexican Water,36.961761,-109.638252
Once Upon a Time in the West,Moab,38.571739,-109.550797
Once Upon a Time in the West,Monument Valley,36.999889,-110.148758
Once Upon a Time in the West,Paramount Studios,34.084282,-118.320862
Once Upon a Time in the West,Red Mesa,36.966724,-109.387611
Once Upon a Time in the West,Tabernas,37.049450,-2.392680
Once Upon a Time in the West,Tabernas,36.999058,-2.449045
Once Upon a Time in the West,Teec Nos Pos,36.921242,-109.087395
Once Upon a Time in the West,Western Leone (Sweetwater Ranch),37.032448,-2.446452
Rear Window,101 W 121st St,40.805565,-73.947784
Rear Window,104 W 121st St,40.805317,-73.948044
Rear Window,New York City,40.744648,-73.995125
Cinema Paradiso,Bagheria,38.079609,13.510980
Cinema Paradiso,Castelbuono,37.930855,14.085969
Cinema Paradiso,Cefalù,38.033962,14.013647
Cinema Paradiso,Chiusa Sclafani,37.678295,13.270043
Cinema Paradiso,Lascari,38.000328,13.939263
Cinema Paradiso,Palazzo Adriano,37.681000,13.378217
Cinema Paradiso,Palermo,38.118484,13.348031
Cinema Paradiso,Rome,41.903214,12.487602
Cinema Paradiso,Santa Flavia,38.081928,13.523531
Cinema Paradiso,Termini Imerese,37.984207,13.694903
Alien,Acton Lane Power Station,51.534306,-0.258076
Alien,Bray Studios,51.492088,-0.676468
Alien,Shepperton Studios,51.406555,-0.464594
City Lights,Jimmy's Eastside Diner,25.841349,-80.184189
City Lights,Liberty City,25.831316,-80.218590
City Lights,Liberty Square,25.834475,-80.220993
City Lights,Miami,25.779676,-80.239349
City Lights,Miramar High School,25.976110,-80.261948
City Lights,Virginia Key,25.739826,-80.157631
Apocalypse Now,Baler,15.734364,121.569183
Apocalypse Now,Baler Bay,15.766303,121.572220
Apocalypse Now,Iba,15.335858,119.972427
Apocalypse Now,La Romana,18.432842,-68.970253
Apocalypse Now,Metro Manila,14.532552,121.004326
Apocalypse Now,Napa Valley,38.481018,-122.351227
Apocalypse Now,Pagsanjan,14.262939,121.454895
Apocalypse Now,Pagsanjan River,14.260692,121.464973
Memento,411 North Bel Aire Dr (Natalie’s House),34.191868,-118.302864
Memento,500 East Wilson St,34.147953,-118.250000
Memento,Altadena,34.185680,-118.131508
Memento,Burbank,34.182049,-118.307480
Memento,Carson,33.827820,-118.272346
Memento,Ferdy’s Bar,34.174873,-118.300102
Memento,Glendale,34.148140,-118.246437
Memento,Hill Crest Inn (Mountcrest Inn),34.236034,-118.468246
Memento,Las Vegas,36.169090,-115.140579
Memento,North Hills,34.235592,-118.476334
Memento,Sunland,34.259682,-118.311378
Memento,Sylmar,34.306141,-118.435013
Memento,The Tattoo Shop,34.259880,-118.310005
Memento,The Trailer Park,34.258709,-118.309662
Memento,Travel Inn (Discount Inn),34.249077,-118.290176
Memento,Victory Blvd & S Verdugo Dr,34.169708,-118.312187
Django Unchained,Alabama Hills,36.567509,-118.088516
Django Unchained,Evergreen Plantation,30.026880,-90.639626
Django Unchained,Independence,36.802521,-118.199669
Django Unchained,Jackson Hole,43.473576,-110.778671
Django Unchained,Lasky Mesa in Upper Las Virgenes Canyon Open Space Preserve,34.175121,-118.681351
Django Unchained,Lone Pine,36.604912,-118.062973
Django Unchained,Los Angeles,34.052235,-118.243683
Django Unchained,Melody Movie Ranch,34.383717,-118.511650
Django Unchained,New Orleans,29.951065,-90.071533
Django Unchained,Santa Clarita,34.414139,-118.554192
Django Unchained,Second Line Stages,29.931665,-90.069862
Django Unchained,Simi Valley,34.267937,-118.775970
Django Unchained,Whitney Plantation,30.039368,-90.650589
Indiana Jones and the Raiders of the Lost Ark,Borehamwood,51.657364,-0.279910
Indiana Jones and the Raiders of the Lost Ark,Bushey,51.647358,-0.361237
Indiana Jones and the Raiders of the Lost Ark,Elstree Film Studios,51.658085,-0.269361
Indiana Jones and the Raiders of the Lost Ark,Kairouan (القيروان),35.677673,10.097035
Indiana Jones and the Raiders of the Lost Ark,Kaua'i,22.098280,-159.528122
Indiana Jones and the Raiders of the Lost Ark,Kofa National Wildlife Refuge,33.266495,-113.858681
Indiana Jones and the Raiders of the Lost Ark,La Pallice,46.162556,-1.206954
Indiana Jones and the Raiders of the Lost Ark,La Rochelle,46.164490,-1.164307
Indiana Jones and the Raiders of the Lost Ark,New York City,40.743458,-74.009071
Indiana Jones and the Raiders of the Lost Ark,Rickmansworth,51.639179,-0.476701
Indiana Jones and the Raiders of the Lost Ark,San Francisco,37.762299,-122.461777
Indiana Jones and the Raiders of the Lost Ark,San Rafael,37.978340,-122.536667
Indiana Jones and the Raiders of the Lost Ark,Sidi Bouhlel (سيدي بوهليل),34.033554,8.281931
Indiana Jones and the Raiders of the Lost Ark,Sousse (سوسة),35.832153,10.606369
Indiana Jones and the Raiders of the Lost Ark,Stockton,37.963020,-121.312744
Indiana Jones and the Raiders of the Lost Ark,The Royal Masonic School for Girls,51.647598,-0.475328
Indiana Jones and the Raiders of the Lost Ark,Tozeur (توزر),33.926201,8.126682
Indiana Jones and the Raiders of the Lost Ark,University of the Pacific,37.979855,-121.313026
Indiana Jones and the Raiders of the Lost Ark,Yuma,32.693481,-114.637344
WALL·E,10 Vanderbilt Dr (Beach House),40.864834,-73.721489
WALL·E,300 East 55th St (Belfort's Apartment),40.757694,-73.966133
WALL·E,Air Hollywood Inc,34.273930,-118.422188
WALL·E,Ardsley,41.010799,-73.844559
WALL·E,Bahamas,24.735640,-78.268028
WALL·E,Bayville,40.910183,-73.563171
WALL·E,Brooklyn,40.680172,-73.957764
WALL·E,Chestnut Hill Dr (Belfort's estate),40.849171,-73.569160
WALL·E,Classic Harbor Line New York,40.713367,-74.016754
WALL·E,Closter,40.972118,-73.960449
WALL·E,Closter Plaza,40.970345,-73.956406
WALL·E,Equitable Building,40.708443,-74.010841
WALL·E,Geneva,46.204758,6.140421
WALL·E,Harrison,40.969597,-73.720573
WALL·E,Las Vegas,36.169090,-115.140579
WALL·E,Mamaroneck,40.950939,-73.734673
WALL·E,Nassau St,40.709637,-74.008476
WALL·E,New York,40.752518,-74.014015
WALL·E,New York City,40.713051,-74.007233
WALL·E,Portofino,44.303959,9.207770
WALL·E,Rao's,40.793941,-73.934235
WALL·E,Sands Point,40.851673,-73.719780
WALL·E,Shalimar Diner (closed),40.727127,-73.863991
WALL·E,Trump Tower,40.762386,-73.973915
WALL·E,White Plains,41.032730,-73.766327
The Lives of Others,Berlin,52.520008,13.404954
The Lives of Others,Berlin-Hohenschönhausen Memorial,52.541878,13.500201
The Lives of Others,Hufelandstraße,52.531193,13.433473
The Lives of Others,Karl-Marx-Allee,52.517700,13.435954
The Lives of Others,Normannenstraße,52.516010,13.483448
The Lives of Others,Old City Hall (Altes Stadthaus),52.516560,13.411436
The Lives of Others,Wedekindstraße,52.512695,13.445446
Sunset Blvd.,2919 4th St,34.000748,-118.478394
Sunset Blvd.,5154 Fountain Ave,34.094749,-118.301743
Sunset Blvd.,5746 Sunset Boulevard,34.097954,-118.315514
Sunset Blvd.,Los Angeles Zoo,34.148232,-118.288391
Sunset Blvd.,Playland Arcade,34.009007,-118.497536
Sunset Blvd.,Santa Monica Pier,34.008259,-118.498871
Sunset Blvd.,Television City,34.074982,-118.360237
Sunset Blvd.,Venice Beach,33.976376,-118.467461
Paths of Glory,Cine Doré,40.411640,-3.699002
Paths of Glory,Escuela de Interpretación Cristina Rota,40.407047,-3.698940
Paths of Glory,Estación de Algodor,39.912853,-3.863597
Paths of Glory,Madrid,40.415588,-3.705658
Paths of Glory,Paseo Pintor Rosales,40.428886,-3.721803
Paths of Glory,Paterna,39.503620,-0.443845
The Shining,3900 Biscayne Blvd,25.813559,-80.189629
The Shining,Elstree Studios,51.658161,-0.269910
The Shining,Glacier National Park,48.715130,-113.835068
The Shining,Going-to-the-Sun Road,48.632172,-113.861771
The Shining,Hollywood American Legion Post 43,34.107697,-118.337837
The Shining,Kensington Apartments,40.002392,-105.255096
The Shining,Saint Mary Lake,48.697773,-113.495491
The Shining,Stansted Airport,51.886890,0.248730
The Shining,Timberline Lodge,45.331135,-121.711182
The Shining,Wild Goose Island,48.688862,-113.539970
The Great Dictator,3 Mills Studios,51.527374,-0.006995
The Great Dictator,Belvoir Castle,52.894691,-0.782495
The Great Dictator,Bow,51.532528,-0.031811
The Great Dictator,Castle Howard,54.121769,-0.906217
The Great Dictator,Ham House and Garden,51.444183,-0.314109
The Great Dictator,Hampton Court Palace,51.403629,-0.337878
The Great Dictator,Hatfield,51.764164,-0.224848
The Great Dictator,Hatfield House,51.760620,-0.209289
The Great Dictator,Hever,51.186581,0.112577
The Great Dictator,Hever Castle & Gardens,51.186863,0.113821
The Great Dictator,Reggia di Caserta,41.073174,14.326996
The Great Dictator,Richmond,51.461998,-0.306651
The Great Dictator,St Clere Estate,51.309353,0.261009
The Great Dictator,Wrest Park,52.007847,-0.412487
The Great Dictator,York,53.959988,-1.089205
Avengers: Infinity War,Banaue Rice Terraces,16.915314,121.067322
Avengers: Infinity War,Cockburn Street,55.950600,-3.190000
Avengers: Infinity War,Durham Cathedral,54.773235,-1.576355
Avengers: Infinity War,Fairburn,33.564510,-84.578888
Avengers: Infinity War,Inverness Castle,57.476147,-4.225446
Avengers: Infinity War,Pinewood Atlanta Studios,33.474232,-84.510399
Avengers: Infinity War,Royal Mile,55.948910,-3.195390
Avengers: Infinity War,St Abbs Head,55.899391,-2.131560
Avengers: Infinity War,Tallulah Gorge,34.729900,-83.385750
Avengers: Infinity War,Waverly Train Station,55.951511,-3.191630
Witness for the Prosecution,60 Water St,40.703136,-73.991867
Witness for the Prosecution,John Muir Middle School,34.194702,-118.311470
Witness for the Prosecution,Los Angeles,34.058178,-118.256851
Witness for the Prosecution,New York,40.715794,-74.022743
Aliens,Acton Lane Power Station,51.534306,-0.258076
Aliens,Bray Studios,51.492088,-0.676468
Aliens,Shepperton Studios,51.406555,-0.464594
Spider-Man: Into the Spider-Verse,15 W 81st St,40.782711,-73.972626
Spider-Man: Into the Spider-Verse,36 Fuller Pl (Peter's house),40.658386,-73.980194
Spider-Man: Into the Spider-Verse,Alexander Hamilton U.S. Custom House,40.704102,-74.013802
Spider-Man: Into the Spider-Verse,Bellflower,33.893581,-118.136040
Spider-Man: Into the Spider-Verse,Brooklyn,40.688496,-73.958839
Spider-Man: Into the Spider-Verse,Hearst Tower,40.766544,-73.983459
Spider-Man: Into the Spider-Verse,Immanuel Presbyterian Church,34.061203,-118.294342
Spider-Man: Into the Spider-Verse,Manhattan,40.786621,-73.978233
Spider-Man: Into the Spider-Verse,Richmond Hill,40.696884,-73.830360
Spider-Man: Into the Spider-Verse,Riverside Dr,40.851788,-73.942162
Spider-Man: Into the Spider-Verse,Sony Pictures Studios,34.017681,-118.401176
Spider-Man: Into the Spider-Verse,St. John Bosco High School,33.906647,-118.123360
Spider-Man: Into the Spider-Verse,Taft High School,34.169720,-118.571442
Spider-Man: Into the Spider-Verse,Universal Studios Hollywood,34.138260,-118.353615
Spider-Man: Into the Spider-Verse,Woodland Hills,34.167927,-118.614594
American Beauty,11388 Homedale St (Lester's House),34.067818,-118.465828
American Beauty,20105 Saticoy Rd.,34.208511,-118.571846
American Beauty,330 S. Windsor Blvd (The Colonel's House),34.067886,-118.321236
American Beauty,Alameda Ave,34.181282,-118.292618
American Beauty,Chatsworth,34.248341,-118.614311
American Beauty,LAPD Police Academy/Elysian Park,34.082142,-118.241661
American Beauty,Long Beach Polytechnic High School,33.786781,-118.182976
American Beauty,Sacramento,38.578915,-121.496674
American Beauty,South Bay,33.873119,-118.425659
American Beauty,South High School,33.810970,-118.364120
American Beauty,Warner Bros. Ranch Facilities,34.157799,-118.344200
American Beauty,Warner Brothers Burbank Studios,34.148849,-118.338036
Dr. Strangelove or: How I Learned to Stop Worrying and Love the Bomb,Bellevue Hospital,40.739117,-73.974937
Dr. Strangelove or: How I Learned to Stop Worrying and Love the Bomb,Brooklyn,40.673798,-73.959587
Dr. Strangelove or: How I Learned to Stop Worrying and Love the Bomb,Kings County Hospital Center,40.656864,-73.944901
Dr. Strangelove or: How I Learned to Stop Worrying and Love the Bomb,Manhattan,40.766239,-73.999359
Dr. Strangelove or: How I Learned to Stop Worrying and Love the Bomb,New York City,40.719837,-74.019806
The Dark Knight Rises,550 S Hope St,34.049660,-118.255707
The Dark Knight Rises,Cairngorms National Park,57.060017,-3.607898
The Dark Knight Rises,Cardington Studios,52.107933,-0.423461
The Dark Knight Rises,Carnegie Mellon University,40.442440,-79.943153
The Dark Knight Rises,Chand Bawri,27.007240,76.606415
The Dark Knight Rises,Delta Point (Gotham General Hospital),51.379135,-0.100420
The Dark Knight Rises,"Downtown, Los Angeles",34.039845,-118.247932
The Dark Knight Rises,El Camino College,33.885521,-118.326874
The Dark Knight Rises,El Camino Village,33.888344,-118.332596
The Dark Knight Rises,Farmiloe Building (closed),51.520699,-0.101378
The Dark Knight Rises,Greenwood Lake,41.222240,-74.295151
The Dark Knight Rises,Heinz Field,40.446735,-80.015785
The Dark Knight Rises,Inverness Airport,57.541225,-4.053508
The Dark Knight Rises,La Loggia del Piazzale Michelangelo,43.761822,11.264711
The Dark Knight Rises,Mehrangarh Fort,26.297928,73.018799
The Dark Knight Rises,Newark,40.731441,-74.188026
The Dark Knight Rises,Nottingham,52.954597,-1.159561
The Dark Knight Rises,One Liberty Plaza,40.709518,-74.010674
The Dark Knight Rises,Osterley Park And House,51.489414,-0.345879
The Dark Knight Rises,Pittsburgh (Gotham City),40.435158,-80.001976
The Dark Knight Rises,Queensboro Bridge,40.756702,-73.954506
The Dark Knight Rises,Senate House,51.521023,-0.128841
The Dark Knight Rises,Sony Pictures Studios,34.017433,-118.401627
The Dark Knight Rises,Stansted Airport (Gotham City Airport),51.885815,0.238678
The Dark Knight Rises,Third Street Tunnel,34.052807,-118.251175
The Dark Knight Rises,Trump Tower,40.762325,-73.973907
The Dark Knight Rises,Union Station,34.056206,-118.236572
The Dark Knight Rises,Wall St,40.705997,-74.008987
The Dark Knight Rises,Warner Brothers Burbank Studios,34.148224,-118.339310
The Dark Knight Rises,Wollaton Hall,52.947845,-1.209799
Oldboy,Busan (부산광역시),35.179268,129.066818
Oldboy,Mount Lyford,-42.446796,173.143723
Oldboy,Seul (서울특별시),37.571716,126.962776
Oldboy,Songgye High School,35.358330,128.083740
Inglourious Basterds,Babelsberg,52.391479,13.112170
Inglourious Basterds,Bad Schandau,50.917480,14.154270
Inglourious Basterds,Bistrot La Renaissance,48.895828,2.339692
Inglourious Basterds,Elbe Sandstone Mountains (Děčínská vrchovina),50.793346,14.108737
Inglourious Basterds,Fort Hahneberg,52.522194,13.139121
Inglourious Basterds,Görlitz,51.153141,14.975300
Inglourious Basterds,Krampnitz,52.457520,13.059440
Inglourious Basterds,Nauen,52.606651,12.875370
Inglourious Basterds,Paris,48.856613,2.352222
Inglourious Basterds,Rüdersdorf,52.469181,13.780570
Inglourious Basterds,Sebnitz,50.976109,14.273970
Inglourious Basterds,Studio Babelsberg,52.387016,13.120156
Amadeus,Arcibiskupský zámek Kroměříž,49.300442,17.393444
Amadeus,Barrandov Studio,50.030708,14.391386
Amadeus,Châteauform’ Château de Guermantes,48.852676,2.697660
Amadeus,Divadlo J.K. Tyla,49.745426,13.373544
Amadeus,Hradčanské nám.,50.089439,14.397056
Amadeus,Hradčanské náměstí,50.089512,14.396460
Amadeus,Kostel svatého Jiljí,50.085014,14.418316
Amadeus,Kroměříž,49.291656,17.395136
Amadeus,Malá Strana,50.087994,14.402563
Amadeus,Monte Argentario,42.410088,11.143403
Amadeus,Staré Město,50.088684,14.417284
Amadeus,Stavovské divadlo,50.085972,14.423564
Amadeus,Wien Südbahnhof,48.185154,16.376028
Coco,El Mirage Dry Lake,34.646996,-117.600151
Coco,Greystone Park & Mansion,34.092033,-118.401154
Coco,Lompoc,34.653389,-120.457733
Coco,Los Angeles,34.052235,-118.243683
Coco,Marfa,30.309450,-104.020638
Coco,Santa Clarita,34.414139,-118.554192
Coco,Shafter,29.815365,-104.301720
Coco,Thornewood Castle,47.130314,-122.551346
Toy Story,New York City,40.711933,-74.007614
Toy Story,Pixar Animation Studios,37.832829,-122.284065
Joker,1150 Anderson Ave (Joker stairs scenes),40.835629,-73.924294
Joker,199 Cherry Street,40.710529,-73.993263
Joker,20 Exchange Place-CIBC Building,40.705460,-74.009689
Joker,3396 Jerome Ave (Donut shop),40.880524,-73.883682
Joker,Bronx,40.824200,-73.866142
Joker,Brooklyn Army Terminal,40.644371,-74.026505
Joker,Chinatown,40.708691,-74.009689
Joker,Harlem,40.813511,-73.961418
Joker,Jersey City,40.717499,-74.044113
Joker,Loew's Jersey Theatre,40.732040,-74.064217
Joker,Manhattan,40.713051,-74.007233
Joker,New York City,40.713051,-74.007233
Joker,Newark,40.731510,-74.174393
Joker,Seagram Building,40.758228,-73.972015
Joker,Steiner Studios,40.700500,-73.966881
Joker,Subway station,40.646305,-73.994827
Joker,The Wayne Hall,40.728443,-74.063736
Braveheart,Aonach Eagach,56.666016,-5.034182
Braveheart,Ardmore Studios,53.196404,-6.124344
Braveheart,Ballymore Eustace,53.132820,-6.615805
Braveheart,Bective Abbey,53.582436,-6.702951
Braveheart,Coronation Plantation,53.155617,-6.362973
Braveheart,Curragh Plains,53.160480,-6.894450
Braveheart,Dunsany Castle,53.535576,-6.621007
Braveheart,Dunsoghly Castle,53.426865,-6.318313
Braveheart,Glen Nevis,56.812885,-5.078020
Braveheart,Glencoe,56.682281,-5.102640
Braveheart,Kippure Estate,53.166492,-6.379453
Braveheart,Loch Leven,56.680103,-5.147041
Braveheart,Sally Gap,53.136677,-6.311078
Braveheart,The Curragh,53.146385,-6.833783
Braveheart,Trim,53.551605,-6.788778
Braveheart,Trim Castle,53.554291,-6.789826
The Boat,Cleveland Lakes Nature Reserve,51.647514,-1.903807
The Boat,Didcot Railway Centre,51.611897,-1.243222
The Boat,East Molesey,51.402847,-0.325263
The Boat,London,51.503216,-0.157191
The Boat,Molesey Boat Club,51.405022,-0.347272
The Boat,University of Washington,47.654625,-122.307610
The Boat,Winnersh Film Studios,51.439194,-0.885010
Avengers: Endgame,Atlanta,33.749542,-84.398964
Avengers: Endgame,Durham Cathedral,54.773239,-1.576561
Avengers: Endgame,New York City,40.730610,-73.935242
Avengers: Endgame,Pinewood Atlanta Studios,33.473297,-84.512733
Avengers: Endgame,SANY America,33.345737,-84.556198
Avengers: Endgame,St Abbs,55.898865,-2.140634
Avengers: Endgame,Tokyo,35.652832,139.839478
Princess Mononoke,Carei,47.686588,22.464050
Princess Mononoke,Castel Film Studios,44.699940,26.138571
Princess Mononoke,Karolyi Castle (Castelul Károlyi),47.683746,22.467253
Princess Mononoke,Satu Mare,47.793301,22.877081
Once Upon a Time in America,Bavispe,30.480310,-108.939781
Once Upon a Time in America,Cinecittà Studios,41.851765,12.577110
Once Upon a Time in America,Highway 163,36.987717,-110.179817
Once Upon a Time in America,Kayenta,36.707703,-110.253471
Once Upon a Time in America,La Calahorra,37.181358,-3.064510
Once Upon a Time in America,Mexican Water,36.961761,-109.638252
Once Upon a Time in America,Moab,38.571739,-109.550797
Once Upon a Time in America,Monument Valley,36.999889,-110.148758
Once Upon a Time in America,Paramount Studios,34.084282,-118.320862
Once Upon a Time in America,Red Mesa,36.966724,-109.387611
Once Upon a Time in America,Tabernas,37.049450,-2.392680
Once Upon a Time in America,Tabernas,36.999058,-2.449045
Once Upon a Time in America,Teec Nos Pos,36.921242,-109.087395
Once Upon a Time in America,Western Leone (Sweetwater Ranch),37.032448,-2.446452
3 Idiots,Bangalore,12.971599,77.594566
3 Idiots,IIM Campus,12.895615,77.600349
3 Idiots,Indira Gandhi International Airport,28.554939,77.086945
3 Idiots,Madh Island,19.135000,72.793442
3 Idiots,Mall Road,31.103889,77.175743
3 Idiots,Mumbai,19.076090,72.877426
3 Idiots,Noida,28.535517,77.391029
3 Idiots,Pangong Tso,33.821751,78.442719
3 Idiots,Woodville Palace Hotel,31.091440,77.177757
Good Will Hunting,1 Bow Street,42.372120,-71.115997
Good Will Hunting,100 Federal Street,42.354755,-71.056122
Good Will Hunting,945 Memorial Dr,42.368404,-71.116035
Good Will Hunting,Boston Municipal Court,42.335278,-71.042763
Good Will Hunting,Boston Public Garden,42.354225,-71.069786
Good Will Hunting,Bunker Hill Community College,42.375423,-71.070625
Good Will Hunting,Central Technical High School,43.663956,-79.408737
Good Will Hunting,Dorchester,42.299782,-71.078842
Good Will Hunting,E. 5th Street,42.333950,-71.034721
Good Will Hunting,L Street Tavern,42.331554,-71.035378
Good Will Hunting,Massachusetts Institute of Technology,42.360130,-71.093941
Good Will Hunting,Massachusetts Turnpike,42.180386,-72.234970
Good Will Hunting,Ontario Specialty Co (closed),43.653603,-79.375832
Good Will Hunting,University of Toronto,43.662514,-79.396461
Good Will Hunting,Upfront Bar & Grill (closed),43.650002,-79.370880
Singin' in the Rain,Los Angeles,34.057583,-118.277046
Singin' in the Rain,Metro-Goldwyn-Mayer Studios,34.017693,-118.401566
Singin' in the Rain,TCL Chinese Theatre (Grauman's Chinese Theater),34.102013,-118.341026
Requiem for a Dream,Brooklyn,40.685684,-73.948082
Requiem for a Dream,Coney Island,40.578320,-73.955879
Requiem for a Dream,Red Hook,40.675415,-74.008698
Capernaum,Beirut,33.888630,35.495480
Capernaum,Beirut Luna Park (مدينة ملاهي بيروت),33.895176,35.469723
Capernaum,Souq ElAhad (Sunday Market),33.882812,35.531528
Capernaum,The Central Prison in Roumieh (سجن رومية),33.885593,35.592236
Eternal Sunshine of the Spotless Mind,105 East 23rd Street,40.662060,-74.113022
Eternal Sunshine of the Spotless Mind,123 Valentine Ln (Joel's Apartment),40.916779,-73.904076
Eternal Sunshine of the Spotless Mind,59 Orient Ave (Clementine’s Apartment),40.715412,-73.939362
Eternal Sunshine of the Spotless Mind,Bayonne,40.669079,-74.117180
Eternal Sunshine of the Spotless Mind,Chinatown,40.716492,-73.996246
Eternal Sunshine of the Spotless Mind,Columbia University,40.807056,-73.963219
Eternal Sunshine of the Spotless Mind,Montauk,41.035934,-71.954514
Eternal Sunshine of the Spotless Mind,Mt. Vernon,40.912598,-73.837082
Eternal Sunshine of the Spotless Mind,Park Slope,40.670101,-73.985970
Eternal Sunshine of the Spotless Mind,Superior Market,40.910816,-73.892731
Eternal Sunshine of the Spotless Mind,Yonkers,40.930790,-73.898293
Reservoir Dogs,1304 West 2nd Street,34.060284,-118.259453
Reservoir Dogs,4459 Eagle Rock Blvd,34.125622,-118.220207
Reservoir Dogs,5860 North Figueroa Street,34.110134,-118.191025
Reservoir Dogs,6101 Wilshire Boulevard,34.063236,-118.361595
Reservoir Dogs,Burbank,34.182049,-118.307480
Reservoir Dogs,Highland Park,34.114773,-118.191788
Reservoir Dogs,Pat & Lorraine's Coffee Shop,34.130707,-118.216331
Reservoir Dogs,York Boulevard and North Avenue 50,34.121471,-118.206886
The Hunt,Louisiana,30.660894,-91.981003
The Hunt,New Orleans,29.951065,-90.071533
Citizen Kane,780 N. Gower St,34.085281,-118.322273
Citizen Kane,Balboa Park,32.731045,-117.149643
Citizen Kane,Hollywood,34.092384,-118.332726
Citizen Kane,Long Island,40.782078,-73.163864
Citizen Kane,Los Angeles,34.055965,-118.265533
Citizen Kane,Malibu,34.030209,-118.783379
Citizen Kane,Oheka Castle,40.829033,-73.448547
Citizen Kane,Pasadena,34.157368,-118.154320
Citizen Kane,San Diego,32.717731,-117.166748
Lawrence of Arabia,Aït Benhaddou (آيت بن حدّو),31.046328,-7.133473
Lawrence of Arabia,Al-Jafr (الجفر),30.317167,36.173809
Lawrence of Arabia,Avenida de Isabel la Catolica,37.376366,-5.987696
Lawrence of Arabia,Cabo de Gata,36.782055,-2.243575
Lawrence of Arabia,Carboneras,37.000061,-1.894764
Lawrence of Arabia,Casa de Pilatos,37.390018,-5.987371
Lawrence of Arabia,Chobham Common,51.366650,-0.606505
Lawrence of Arabia,Hotel Alfonso XIII,37.381447,-5.992850
Lawrence of Arabia,Imperial Sand Dunes Recreation Area,32.910500,-115.117104
Lawrence of Arabia,Ma'an (معان),30.220148,35.616631
Lawrence of Arabia,Merthyr Mawr,51.485905,-3.608664
Lawrence of Arabia,Oasis de Lawrence De Arabia,37.008953,-2.447463
Lawrence of Arabia,Ouarzazate (ورزازات),30.935503,-6.953182
Lawrence of Arabia,Parque de María Luisa,37.374634,-5.988716
Lawrence of Arabia,Playa de los Genoveses,36.744633,-2.122110
Lawrence of Arabia,Playa del Algarrobico,37.029552,-1.878070
Lawrence of Arabia,Plaza de América,37.371655,-5.987496
Lawrence of Arabia,Plaza de España,37.377167,-5.986949
Lawrence of Arabia,Plaza de Pilatos,37.389530,-5.987128
Lawrence of Arabia,San José,36.762749,-2.109697
Lawrence of Arabia,Sevilla,37.390850,-5.989970
Lawrence of Arabia,Shepperton Studios,51.407799,-0.466168
Lawrence of Arabia,St. Paul's Cathedral,51.513855,-0.098374
Lawrence of Arabia,Wadi Rum,29.525915,35.444057
Vertigo,1000 Mason St (Madeleine's Apartment),37.793156,-122.410629
Vertigo,1007 Gough St,37.782372,-122.424248
Vertigo,224 Grant Ave,37.789158,-122.405243
Vertigo,351 Buena Vista Ave E,37.767494,-122.440147
Vertigo,847 Montgomery St,37.796940,-122.403954
Vertigo,900 Lombard St (Scottie's apartment),37.802532,-122.416672
Vertigo,940 Sutter St,37.788597,-122.416092
Vertigo,Big Basin Redwoods State Park,37.166595,-122.251045
Vertigo,Brocklebank Apartments,37.792938,-122.410248
Vertigo,Bush St & Claude Ln,37.790707,-122.404541
Vertigo,Conservatory of Flowers,37.772545,-122.460419
Vertigo,Cypress Point,36.579975,-121.978828
Vertigo,Dogpatch,37.758343,-122.390617
Vertigo,Eddy St & Gough St,37.782478,-122.424202
Vertigo,Fort Point,37.810413,-122.477158
Vertigo,Hotel Fairmont San Francisco,37.792389,-122.410530
Vertigo,Legion of Honor,37.784443,-122.500938
Vertigo,Millennium Biltmore Hotel Los Angeles,34.049747,-118.254242
Vertigo,Misión San Francisco de Asís,37.764374,-122.426735
Vertigo,Mission San Juan Bautista,36.845776,-121.535919
Vertigo,Montgomery St & Union St,37.801052,-122.404564
Vertigo,Paramount Pictures Studios,34.083633,-118.319427
Vertigo,The Palace of Fine Arts,37.802925,-122.448517
Amélie,18 Rue des Trois Frères (Amelie's home),48.885056,2.339913
Amélie,18 Rue Lepic,48.884815,2.333916
Amélie,3 Allée Chevillard (Amélie's father's home),48.981026,2.277369
Amélie,Acqueduc de la Vanne,48.780617,2.335938
Amélie,Animathèque d'Eaubonne,48.990097,2.272684
Amélie,Au Marché de la Butte,48.885651,2.338326
Amélie,Basilique du Sacré-Coeur,48.886654,2.342562
Amélie,Café des Deux Moulins,48.884876,2.333554
Amélie,Canal Saint-Martin,48.868397,2.366716
Amélie,Cathédrale Notre-Dame de Paris,48.852982,2.349671
Amélie,Cologne,50.939106,6.949336
Amélie,Conduite de l'aqueduc romain de Lutèce,48.824379,2.337916
Amélie,Enghien-les-Bains,48.970497,2.296896
Amélie,Gare d'Ermont - Eaubonne,48.980370,2.271090
Amélie,Gare de l'Est,48.876751,2.358909
Amélie,Gare du Nord,48.881783,2.357416
Amélie,L'Escalier,48.890167,2.338878
Amélie,Lamarck-Caulaincourt,48.889526,2.338000
Amélie,Le Verre à Pied,48.840252,2.349547
Amélie,MMC Studios Köln GmbH,50.987385,6.892426
Amélie,Montmartre,48.886009,2.336627
Amélie,Paris Gare de Lyon,48.843979,2.373381
Amélie,Pont des Arts,48.858719,2.336985
Amélie,Porte des Lilas,48.876751,2.406584
Amélie,Radio Ciné Rire,48.846603,2.369213
Amélie,Rue Ernest Roche,48.895451,2.319770
Amélie,Rue Mouffetard,48.842186,2.349695
Amélie,Rue Pierre Brossollette,48.986080,2.274872
Amélie,Rue Saint-Vincent,48.888393,2.340400
Amélie,Tchiki Boom,48.882996,2.335760
Your Name.,Ateneo di Scienze Lettere ed Arti,45.695881,9.672123
Your Name.,Basilica Santa Maria Maggiore,45.703159,9.662351
Your Name.,Bergamo,45.694889,9.669960
Your Name.,Bergamo Cathedral,45.703377,9.662820
Your Name.,Brescia,45.539841,10.222960
Your Name.,Campagnola Cremasca,45.399689,9.670330
Your Name.,Capralba,45.445000,9.644390
Your Name.,Corte Palasio,45.309978,9.564360
Your Name.,Crema,45.361839,9.683230
Your Name.,Duomo di Crema,45.363186,9.687323
Your Name.,Lodi,45.312881,9.497850
Your Name.,Montodine,45.286282,9.708460
Your Name.,Moscazzano,45.293301,9.684540
Your Name.,Pandino,45.405361,9.553020
Your Name.,Parco Regionale del Serio,45.493599,9.726307
Your Name.,Piazza Vittorio Emanuele III,45.405136,9.552653
Your Name.,Pizzighettone,45.189999,9.790940
Your Name.,Ricengo,45.406738,9.725000
Your Name.,Sirmione,45.492481,10.607980
Your Name.,Valbondione,46.037922,10.013210
Toy Story 3,New York City,40.711933,-74.007614
Toy Story 3,Pixar Animation Studios,37.832829,-122.284065
High and Low,26880 Pacific Coast Hwy,34.026829,-118.758919
High and Low,380 S San Rafael Ave,34.137421,-118.170105
High and Low,400 N Ave 19,34.080299,-118.226425
High and Low,5th St,34.051006,-118.255226
High and Low,645 Prospect Crescent (Arnold's House),34.155380,-118.161751
High and Low,Angeles Abbey Memorial Park,33.898762,-118.206268
High and Low,ATLAS,1.300138,103.857697
High and Low,Besalú,42.200531,2.693415
High and Low,Big Bear Lake,34.255463,-116.935318
High and Low,Big Sky Movie Ranch,34.319870,-118.718048
High and Low,Cabo San Lucas,22.895166,-109.925339
High and Low,"Chinatown, Singapore",1.281245,103.844345
High and Low,Ciudad de las Artes y las Ciencias,39.454899,-0.350607
High and Low,Coral Pink Sand Dunes State Park,37.037727,-112.714493
High and Low,Dead Horse Point State Park,38.510731,-109.729424
High and Low,Dubai (دبي),25.125383,55.170944
High and Low,Four Aces Movie Ranch,34.587402,-117.871597
High and Low,Golden Oak Ranch,34.377560,-118.478325
High and Low,Grand Lower,34.052643,-118.251663
High and Low,Grand Park,34.055592,-118.245811
High and Low,Guanajuato,20.911522,-101.326492
High and Low,Hawthorne Plaza,33.921295,-118.351814
High and Low,Helix Bridge,1.287677,103.860580
High and Low,Hermosa Beach Pier,33.861210,-118.405670
High and Low,Hoover Dam,36.016064,-114.737801
High and Low,ION Orchard,1.303898,103.831894
High and Low,Kayenta,36.727589,-110.250053
High and Low,La Fábrica (Serac's house),41.381256,2.068252
High and Low,Lake Powell,36.937759,-111.485229
High and Low,LASALLE College of the Arts,1.302813,103.851555
High and Low,Lincoln Heights Jail,34.077789,-118.225204
High and Low,Los Angeles Center Studios,34.055252,-118.261162
High and Low,Los Angeles Convention Center,34.040569,-118.268761
High and Low,MacArthur Park,34.058544,-118.279961
High and Low,Marina One,1.277707,103.853027
High and Low,Mary Andrews Clark Home,34.059433,-118.265594
High and Low,Melody Movie Ranch,34.383949,-118.511803
High and Low,Millard House,34.155388,-118.161789
High and Low,Millennium Biltmore Hotel Los Angeles,34.049755,-118.254204
High and Low,Moab,38.571739,-109.550797
High and Low,Monument Valley,36.985592,-110.232941
High and Low,National Gallery Singapore,1.290189,103.851280
High and Low,Ocean Diner,33.863419,-118.390388
High and Low,Orchard Rd,1.304807,103.832146
High and Low,Pacific Design Center,34.082371,-118.382416
High and Low,Paramount Ranch,34.116962,-118.754753
High and Low,PARKROYAL COLLECTION Pickering,1.285830,103.846046
High and Low,Pershing Square Station,34.050076,-118.250114
High and Low,Playa San Juan Leighton,34.038181,-118.882729
High and Low,Polsa Rosa Ranch,34.436653,-118.232544
High and Low,Ramón C. Cortines School of Visual and Performing Arts,34.059074,-118.243393
High and Low,Robinson Rd,1.280450,103.849716
High and Low,Santa Clarita,34.414139,-118.554192
High and Low,"School of the Arts, Singapore",1.299365,103.848709
High and Low,Shatto Pl,34.063404,-118.290024
High and Low,Simi Valley,34.286320,-118.712799
High and Low,Skirball Cultural Center,34.124985,-118.479202
High and Low,Skirball Cultural Center,34.124630,-118.479156
High and Low,Stadium Subway Station,1.302838,103.875221
High and Low,The High Line,40.748009,-74.004868
High and Low,"The Huntington Library, Art Museum, and Botanical Gardens",34.129059,-118.114578
High and Low,"The Langham, Huntington, Pasadena",34.121380,-118.133408
High and Low,Trona Pinnacles,35.617737,-117.368324
High and Low,Universal City Plaza,34.138714,-118.354996
High and Low,Vasquez Rocks Natural Area Park,34.481659,-118.317383
High and Low,Veluzat Movie Ranch,34.481716,-118.509933
High and Low,Warner Bros. Studios,34.149017,-118.337601
High and Low,Westward Beach,34.008209,-118.815239
High and Low,Will Rogers State Historic Park,34.054989,-118.512634
High and Low,World Trade Center Los Angeles,34.053738,-118.255280
High and Low,Younes and Soraya Nazarian Center for the Performing Arts,34.236042,-118.528206
Come and See,Amalfi Coast,40.633717,14.601551
Come and See,Atrani,40.635948,14.607796
Come and See,Cinecittà Studios,41.851734,12.577083
Come and See,Maiori,40.651051,14.641524
Come and See,Minori,40.649971,14.625362
Come and See,Naples,40.853600,14.252281
Come and See,Ravello,40.649384,14.610603
Come and See,Rome,41.902744,12.381643
Come and See,Santuario Santa Maria del Bando,40.636635,14.605966
M,Fox Studios (Stage 9),34.052959,-118.413857
M,Malibu Creek State Park,34.097954,-118.731964
North by Northwest,Bruny Island,-43.384857,147.250549
North by Northwest,Cape Hauy,-43.146362,148.001785
North by Northwest,Ganesha Talai (गणेश तलाई),21.835798,76.356476
North by Northwest,Hobart,-42.882004,147.325180
North by Northwest,Howrah Junction (হাওড়া জংশন রেলওয়ে স্টেশন),22.583937,88.343399
North by Northwest,Kolkata,22.586948,88.354271
North by Northwest,Marion Bay,-42.820343,147.868469
North by Northwest,Melbourne,-37.778492,145.048050
North by Northwest,Mount Wellington,-42.889996,147.229965
North by Northwest,Recherche Bay,-43.549587,146.898315
Ikiru,Kings Theatre,51.379387,0.530925
Ikiru,Lido Cafe,50.808971,-0.373029
Ikiru,London,51.503479,-0.136326
Ikiru,Tunsgate,51.235077,-0.571855
The Apartment,London,51.506233,-0.141052
The Apartment,New York,40.716263,-74.013039
The Apartment,The Dakota,40.776535,-73.976280
A Clockwork Orange,Blenheim Mews,51.695309,-0.291280
A Clockwork Orange,Bricket Wood,51.707546,-0.367607
A Clockwork Orange,Brunel University,51.532398,-0.473088
A Clockwork Orange,Chelsea,51.487484,-0.171142
A Clockwork Orange,Chelsea Drugstore,51.489792,-0.162810
A Clockwork Orange,Chelsea Embankment,51.484085,-0.161061
A Clockwork Orange,Edgwarebury Hotel,51.639259,-0.289810
A Clockwork Orange,Elstree,51.644230,-0.298838
A Clockwork Orange,Elstree Film Studios,51.658100,-0.269322
A Clockwork Orange,Friars Square,51.815872,-0.812782
A Clockwork Orange,Hertfordshire,51.830494,-0.297812
A Clockwork Orange,Kingston,51.412247,-0.302240
A Clockwork Orange,Lecture Centre,51.532887,-0.472849
A Clockwork Orange,London,51.508038,-0.133117
A Clockwork Orange,Manor Lodge School,51.706223,-0.261973
A Clockwork Orange,Pinewood Studios,51.548779,-0.532279
A Clockwork Orange,Princess Alexandra Hospital,51.771030,0.085741
A Clockwork Orange,Shipton Under Wychwood,51.859051,-1.597468
A Clockwork Orange,South Mere,51.500107,0.124290
A Clockwork Orange,Thamesmead,51.505318,0.108347
A Clockwork Orange,The Warren,51.691658,-0.314872
A Clockwork Orange,Wandsworth Bridge Roundabout,51.462688,-0.186026
A Clockwork Orange,Wandsworth Prison,51.449738,-0.177532
A Clockwork Orange,Ward Royal,51.482365,-0.614857
Full Metal Jacket,Bassingbourn,52.076599,-0.061837
Full Metal Jacket,Beckton Gas Works,51.514286,0.076994
Full Metal Jacket,Cliffe,51.459412,0.491719
Full Metal Jacket,Epping Forest,51.702572,0.065297
Full Metal Jacket,Isle of Dogs,51.496948,-0.019702
Full Metal Jacket,Pinewood Studios,51.548737,-0.532260
Full Metal Jacket,RAF Swinderby,53.146965,-0.673400
Full Metal Jacket,The Broads,52.604900,1.608758
Top Gun: Maverick,4000 Bluff Pl (Penny's house),33.707767,-118.286263
Top Gun: Maverick,China Lake,35.651119,-117.666748
Top Gun: Maverick,Eldorado National Forest,38.750214,-120.334755
Top Gun: Maverick,Fort Rosecrans National Cemetary,32.688759,-117.245743
Top Gun: Maverick,Inyokern Airport,35.652554,-117.827393
Top Gun: Maverick,Lake Tahoe Airport,38.892509,-119.998123
Top Gun: Maverick,Lake Tahoe Basin Management Unit,38.932606,-119.973320
Top Gun: Maverick,Lemoore,36.300632,-119.785080
Top Gun: Maverick,Los Angeles,34.052898,-118.256912
Top Gun: Maverick,NAS Whidbey Island,48.284660,-122.628860
Top Gun: Maverick,Naval Air Station Fallon,39.420464,-118.724266
Top Gun: Maverick,Naval Air Station Lemoore,36.260567,-119.911049
Top Gun: Maverick,Naval Air Station Whidbey Island,48.341076,-122.672348
Top Gun: Maverick,North Island Naval Air Station,32.697758,-117.204529
Top Gun: Maverick,Patuxent River,38.276909,-76.425674
Top Gun: Maverick,San Diego,32.718227,-117.169853
Top Gun: Maverick,Seattle,47.606033,-122.339119
Top Gun: Maverick,South Lake Tahoe,38.940067,-119.980309
Scarface,"""So say goodnight to the bad guy"" Restaurant",34.061855,-118.316956
Scarface,1443 West E St (Mama & Gina Montana's House),33.774815,-118.281288
Scarface,3501 SW 130th Ave (Babylon Club),26.074915,-80.324135
Scarface,485 West Matheson Dr (Frank Lopez's House),25.691738,-80.174316
Scarface,631 Para Grande Ln (Tony & Elvira's House),34.440022,-119.646889
Scarface,656 Park Ln (Alejandro Sosa's Estate),34.441051,-119.617554
Scarface,728 Ocean Dr,25.777327,-80.131958
Scarface,8648 W Sunset Boulevard (Gina's Beauty Salon),34.091873,-118.380219
Scarface,Fontainebleau Miami Beach,25.816872,-80.122124
Scarface,INFINITI of Beverly Hills (Closed),34.067307,-118.384460
Scarface,Miami,25.762564,-80.202812
Scarface,Montana Management Co.,34.092175,-118.380508
Scarface,Montana Travel Company,34.092712,-118.379768
Scarface,Montecito,34.438637,-119.637894
Scarface,Santa Barbara,34.427666,-119.724167
Scarface,South Beach,25.782394,-80.137924
Scarface,Torrance,33.833832,-118.363533
Scarface,Tri-American City Bank,34.155834,-118.481995
Scarface,Tudor City,40.749027,-73.973419
Scarface,Universal Studios Hollywood,34.138123,-118.353882
Hamilton,New York,40.752224,-73.998459
Hamilton,Richard Rodgers Theatre,40.759037,-73.986786
Incendies,175 Boulevard Deguire (Marwans' Apartment),45.531483,-73.675491
Incendies,2560 Rue Masson (The Swimming Pool),45.544300,-73.576675
Incendies,Amman (عمّان),31.949371,35.902847
Incendies,Montréal,45.510437,-73.582542
Heat,1219 Dodds Circle (Trejo's Pad),34.052422,-118.191704
Heat,1284 South Western Ave,34.047482,-118.309135
Heat,1535 Ocean Ave,34.012138,-118.495483
Heat,202 Berth,33.759499,-118.262123
Heat,350 S. Grand Ave,34.051277,-118.251656
Heat,3506 W 8th St,34.057178,-118.307289
Heat,444 S. Flower St,34.051479,-118.255135
Heat,645 West 9th St,34.045719,-118.260162
Heat,7445 Firestone Boulevard,33.947437,-118.147507
Heat,990 MacDonough Ave,33.784252,-118.231712
Heat,Bob's Big Boy,34.152447,-118.346245
Heat,Bob's Big Boy,33.947575,-118.147247
Heat,Broadway Deli (Closed),34.014553,-118.494484
Heat,Centinela Drive-In Theater,33.975990,-118.381416
Heat,Dignity Health - St. Mary Medical Center,33.780113,-118.186188
Heat,Factory Pl,34.039169,-118.236282
Heat,Harbor Place Tower,33.765717,-118.185997
Heat,Hilton Los Angeles Airport,33.946159,-118.381645
Heat,Hotel Angeleno,34.073666,-118.468346
Heat,Interstate 105,33.931267,-118.393974
Heat,Kate Mantilini Restaurants (Closed),34.067253,-118.389946
Heat,Los Angeles,34.051350,-118.244423
Heat,Los Angeles Harbor,33.736519,-118.265411
Heat,Los Angeles International Airport,33.941601,-118.408546
Heat,Malibu,34.028046,-118.782089
Heat,North Beirut Avenue & Via de Las Olas,34.035904,-118.531090
Heat,San Pedro,33.736366,-118.294739
Heat,"The Westin Bonaventure Hotel & Suites, Los Angeles",34.052765,-118.255417
Heat,Venice,33.986179,-118.468918
The Sting,43rd,41.816338,-87.619171
The Sting,99 S Raymond Ave,34.144344,-118.149597
The Sting,Chicago Union Station,41.878693,-87.640411
The Sting,Downtown Los Angeles,34.042896,-118.253922
The Sting,Hugus Aly,34.146255,-118.151443
The Sting,LaSalle/Van Buren,41.876945,-87.631897
The Sting,Miller Alley,34.146271,-118.151863
The Sting,Near West Side,41.875076,-87.671021
The Sting,Santa Monica Looff Hippodrome,34.010078,-118.496193
The Sting,Santa Monica Pier,34.008282,-118.498863
The Sting,The Biltmore Los Angeles,34.049683,-118.254288
The Sting,Universal Studios,34.138988,-118.353912
The Sting,Werdin Pl & Winston St,34.047161,-118.247505
Up,Affton High School,38.559395,-90.323250
Up,Detroit,42.329983,-83.050545
Up,Detroit Metropolitan Wayne County Airport,42.216080,-83.355515
Up,Eppley Airfield,41.301758,-95.893837
Up,Las Vegas,36.169811,-115.143639
Up,Miami,25.761215,-80.194427
Up,Omaha,41.248425,-96.053383
Up,Ontario International Airport,34.055958,-117.598190
Up,S 11th St & Howard St,41.255405,-95.930626
Up,St. Louis,38.621078,-90.206451
Up,St. Louis Lambert International Airport,38.749912,-90.374840
Up,The Cheshire,38.633259,-90.306465
A Separation,Brooklyn,40.631493,-73.984116
A Separation,Brooklyn Fire Proof Stages,40.707619,-73.929253
Taxi Driver,202 East 13th Street,40.732391,-73.987503
Taxi Driver,214 W 42rd Street,40.756161,-73.987747
Taxi Driver,226 East 13th Street,40.731964,-73.986771
Taxi Driver,546 Columbus Ave,40.786919,-73.972076
Taxi Driver,58th Street & 8th Avenue,40.767410,-73.982422
Taxi Driver,5th Ave & East 19th Street,40.739136,-73.991447
Taxi Driver,737 8th Avenue,40.760082,-73.987976
Taxi Driver,87 Columbia Heights,40.699986,-73.995300
Taxi Driver,Ed Sullivan Theater,40.763790,-73.982819
Taxi Driver,Manhattan,40.740269,-73.989090
L.A. Confidential,1255 Bellevue Ave,34.068069,-118.252464
L.A. Confidential,1279 S Cochran Ave,34.051697,-118.351616
L.A. Confidential,1704 Morton Ave,34.082165,-118.252243
L.A. Confidential,1714 N Gramercy Pl,34.102341,-118.312027
L.A. Confidential,4216 Rose Ave,33.835117,-118.169098
L.A. Confidential,4439 Victoria Park Dr,34.047375,-118.332069
L.A. Confidential,4616 Dundee Dr,34.118198,-118.287872
L.A. Confidential,496 E Ave 28,34.080692,-118.207695
L.A. Confidential,501 Wilcox Ave,34.079075,-118.331291
L.A. Confidential,5620 Hollywood Blvd,34.101509,-118.312325
L.A. Confidential,5668 Berkshire Dr,34.097958,-118.156609
L.A. Confidential,6720 Sunset Blvd,34.097427,-118.337151
L.A. Confidential,685 Venice Blvd.,33.991524,-118.458801
L.A. Confidential,Blessed Sacrament Catholic Church,34.098148,-118.335159
L.A. Confidential,Boardner's by La Belle,34.101135,-118.334908
L.A. Confidential,Crossroads of the World,34.098206,-118.335732
L.A. Confidential,Echo Park,34.084133,-118.251198
L.A. Confidential,Elysian Park,34.083775,-118.236725
L.A. Confidential,Formosa Cafe,34.090496,-118.346146
L.A. Confidential,Frolic Room,34.101795,-118.325958
L.A. Confidential,Hollywood Pantages Theatre,34.101982,-118.325874
L.A. Confidential,JJ's Sandwich Shop (Closed),34.044933,-118.249428
L.A. Confidential,Lacy Street Production Center,34.082108,-118.219521
L.A. Confidential,Lincoln Heights,34.073395,-118.214264
L.A. Confidential,Lincoln Heights Jail,34.077801,-118.225182
L.A. Confidential,Los Angeles City Hall,34.053745,-118.242737
L.A. Confidential,Montecito St,34.080994,-118.207741
L.A. Confidential,The Queen Mary,33.752586,-118.190399
Die Hard,20th Century Fox Studios,34.052246,-118.412971
Die Hard,Alpena,45.066814,-83.442833
Die Hard,Breckenridge,39.483395,-106.051704
Die Hard,Granada Hills,34.294964,-118.519051
Die Hard,Highlandlake Church,40.245995,-105.014351
Die Hard,Kincheloe,46.266167,-84.468903
Die Hard,Los Angeles City Hall,34.053726,-118.242722
Die Hard,Los Angeles International Airport,33.941620,-118.409012
Die Hard,Santa Rosa,38.452644,-122.739555
Die Hard,Sault Ste. Marie,46.485481,-84.384117
Die Hard,Stapleton International Airport (now Denver International Airport),39.849617,-104.674522
Die Hard,Tehachapi Pass,35.102242,-118.283760
Die Hard,Universal Studios Hollywood,34.138103,-118.353401
Snatch,Bethnal Green,51.529945,-0.050642
Snatch,Hatton Garden,51.519302,-0.108288
Snatch,Oaklands College,51.756836,-0.290947
Snatch,Perivale,51.531597,-0.325367
Snatch,Pinewood Studios,51.548626,-0.534961
Snatch,Streatham Hill,51.441563,-0.125348
Snatch,The Jolly Gardeners,51.491238,-0.118308
Snatch,Town Hall Hotel & Apartments,51.530361,-0.055781
Indiana Jones and the Last Crusade,Administration Building,37.817085,-122.371567
Indiana Jones and the Last Crusade,Alamosa,37.467144,-105.893303
Indiana Jones and the Last Crusade,Almeria,36.832005,-2.468433
Indiana Jones and the Last Crusade,Amarillo,35.215549,-101.835884
Indiana Jones and the Last Crusade,Arches National Park,38.734234,-109.603073
Indiana Jones and the Last Crusade,Blenheim Palace,51.841290,-1.361353
Indiana Jones and the Last Crusade,Borehamwood,51.657463,-0.273442
Indiana Jones and the Last Crusade,Campo San Barnaba,45.433006,12.324773
Indiana Jones and the Last Crusade,Castle Brunwald,50.352741,7.179238
Indiana Jones and the Last Crusade,Chiesa di San Barnaba,45.432987,12.325074
Indiana Jones and the Last Crusade,Cortez,37.347786,-108.589584
Indiana Jones and the Last Crusade,Cuevas de Roque,36.840816,-2.480679
Indiana Jones and the Last Crusade,Cumbres & Toltec Scenic Railroad,36.902771,-106.578964
Indiana Jones and the Last Crusade,Elstree Studios,51.658108,-0.269602
Indiana Jones and the Last Crusade,Escuela de Arte de Almería,36.837101,-2.464656
Indiana Jones and the Last Crusade,Granada,37.175400,-3.605382
Indiana Jones and the Last Crusade,Guadix,37.299667,-3.142799
Indiana Jones and the Last Crusade,Moab,38.569687,-109.561790
Indiana Jones and the Last Crusade,North Weald,51.714520,0.162411
Indiana Jones and the Last Crusade,Pagosa Springs,37.266659,-107.040047
Indiana Jones and the Last Crusade,Palazzi Barbaro,45.431541,12.329821
Indiana Jones and the Last Crusade,Parque Natural del Cabo de Gata-Níjar,36.722141,-2.191908
Indiana Jones and the Last Crusade,Petra,30.328440,35.443806
Indiana Jones and the Last Crusade,Playa de Monsul,36.730713,-2.145638
Indiana Jones and the Last Crusade,Punta della Dogana,45.430717,12.335773
Indiana Jones and the Last Crusade,Rickmansworth Masonic School,51.647480,-0.475499
Indiana Jones and the Last Crusade,Rodalquilar,36.847370,-2.044650
Indiana Jones and the Last Crusade,Stowe School,52.031296,-1.018635
Indiana Jones and the Last Crusade,Tabernas,37.001240,-2.467908
Indiana Jones and the Last Crusade,Tabernas,37.053528,-2.393991
Indiana Jones and the Last Crusade,"The Royal Horticultural Halls, Lindley Hall and Lawrence Hall",51.494415,-0.134554
Indiana Jones and the Last Crusade,Tilbury,51.462742,0.358305
Indiana Jones and the Last Crusade,Tilbury Docks,51.460602,0.344425
Indiana Jones and the Last Crusade,Turre,37.153679,-1.897396
Indiana Jones and the Last Crusade,Venice,45.431831,12.316551
Indiana Jones and the Last Crusade,Woodstock,51.847202,-1.355212
Like Stars on Earth,Bungalow No. 4,19.044624,72.902313
Like Stars on Earth,Bungalow No. 55,19.031343,72.890259
Like Stars on Earth,"Haffkine Institute For Training, Research & Testing",19.002024,72.843643
Like Stars on Earth,Il Palazzo Hotel,17.925102,73.802055
Like Stars on Earth,"Mohana Building, Borla Uttam CHS",19.055202,72.906235
Like Stars on Earth,Mumbai,19.078585,72.861641
Like Stars on Earth,Mysore Colony,19.032297,72.889862
Like Stars on Earth,New Era High School,17.925535,73.796684
Like Stars on Earth,Panchgani,17.923420,73.797203
Like Stars on Earth,Ravine Hotel,17.934477,73.804932
Like Stars on Earth,St. Xavier's High School,19.099417,72.842300
Like Stars on Earth,The Acres Club,19.052126,72.892426
Like Stars on Earth,Trombay Club,19.035948,72.900055
1917,Bovingdon Airfield,51.727039,-0.543427
1917,Govan,55.861454,-4.315441
1917,Hankley Common,51.164104,-0.733366
1917,Low Fell,54.934288,-1.598695
1917,Low Force Waterfall,54.646858,-2.151560
1917,Shepperton Studios,51.406651,-0.464499
1917,Teesside White Water Course,54.566181,-1.285477
1917,Wiltshire,51.293465,-2.087457
Downfall,Bavaria Filmstadt,48.065292,11.553936
Downfall,Berlin,52.520054,13.386147
Downfall,Munich,48.136337,11.573209
Downfall,St. Petersburg,59.943180,30.192696
Dangal,Dangon (ਡਾਂਗੋਂ),30.719988,75.714363
Dangal,Gujjarwal,30.746700,75.749786
Dangal,"Jawaharlal Nehru Stadium (जवाहरलाल नेहरु स्टेडियम, दिल्ली)",28.582752,77.234200
Dangal,Kila Raipur,30.762438,75.822227
Dangal,Leel (ਲੀਲ),30.722088,75.688469
Dangal,Ludhiana,30.913170,75.849541
Dangal,Narangwal (ਨਾਰੰਗਵਾਲ),30.765526,75.770500
Dangal,Pune,18.520430,73.856743
Dangal,Shree Shiv Chhatrapati Sports Complex,18.573658,73.761780
Dangal,Symbiosis International University (सिम्बायोसीस इंटरनॅशनल यूनिव्हर्सिटी),18.535095,73.731499
Dangal,Talkatora Stadium (तालकटोरा इनडोर स्टेडियम),28.625294,77.195183
Dangal,Ttagraj Stadium (त्ताग्राज स्टेडियम),28.576633,77.216484
For a Few Dollars More,Almería,36.836391,-2.464411
For a Few Dollars More,Cabo de Gata,36.782055,-2.243371
For a Few Dollars More,Cinecittà,41.851738,12.577013
For a Few Dollars More,Colmenar Viejo,40.661736,-3.773355
For a Few Dollars More,Cortijo del Fraile,36.865639,-2.075115
For a Few Dollars More,Estacíon de Almeria Adif,36.834621,-2.456273
For a Few Dollars More,Finca El Romeral,36.752285,-2.129923
For a Few Dollars More,Granada,37.183903,-3.605272
For a Few Dollars More,Guadix,37.298752,-3.140027
For a Few Dollars More,Hoyo de Manzanares,40.622471,-3.909125
For a Few Dollars More,La Calahorra,37.180862,-3.064406
For a Few Dollars More,Mini Hollywood,37.019836,-2.431646
For a Few Dollars More,Polopos,37.026340,-2.080022
For a Few Dollars More,Rodalquilar,36.846970,-2.042588
For a Few Dollars More,San José,36.761829,-2.109743
For a Few Dollars More,Tabernas,37.052765,-2.391471
For a Few Dollars More,Turrillas,37.029419,-2.265244
Batman Begins,Canary Wharf,51.505047,-0.024481
Batman Begins,Cardington Hangars,52.108524,-0.422846
Batman Begins,Chicago Board of Trade Building,41.877453,-87.631989
Batman Begins,Coalhouse Fort,51.464527,0.433439
Batman Begins,ExCeL London,51.508415,0.029786
Batman Begins,Farmiloe Building,51.520718,-0.101526
Batman Begins,Franklin-Orleans Street Bridge,41.887379,-87.635872
Batman Begins,Hatfield House,51.760609,-0.209494
Batman Begins,Knebworth House,51.872890,-0.214844
Batman Begins,La Salle St,41.877052,-87.631828
Batman Begins,Lower Wacker Dr,41.881432,-87.636940
Batman Begins,Mentmore Towers,51.868214,-0.690714
Batman Begins,Senate House,51.521046,-0.128937
Batman Begins,Shepperton Studios,51.407539,-0.463759
Batman Begins,Skaftafell,64.016609,-17.000299
Batman Begins,St. Pancras Renaissance Hotel London,51.529724,-0.126031
Batman Begins,Svinafellsjokull,64.018616,-16.822954
Batman Begins,Waukegan,42.364113,-87.854134
The Kid,121 N Avenue 50 (The Hospital),34.105686,-118.202377
The Kid,55 Fremont Pl (The Mansion),34.060383,-118.327057
The Kid,Chaplin Studios,34.096588,-118.343216
The Kid,Colorado Street Bridge,34.144566,-118.164665
The Kid,Olvera Street,34.057575,-118.237991
Some Like It Hot,Coronado Beach,32.684456,-117.188316
Some Like It Hot,Hotel del Coronado,32.680676,-117.178146
Some Like It Hot,Metro-Goldwyn-Mayer Studios (Sony Pictures),34.017601,-118.401672
Some Like It Hot,The Lot Studios,34.089767,-118.347397
The Father,Blythe House,51.496494,-0.213845
The Father,Blythe Rd,51.495255,-0.213050
The Father,Elgin Ave,51.524254,-0.201557
The Father,Lauderdale Rd,51.527637,-0.187116
The Father,West London Film Studios,51.509548,-0.397884
All About Eve,195 School St,42.378380,-71.239464
All About Eve,Boston,42.356667,-71.066910
All About Eve,Boston Common,42.355057,-71.066261
All About Eve,Bromfield St & Province St,42.356750,-71.060310
All About Eve,Deerfield,42.518410,-72.631668
All About Eve,Deerfield Academy,42.546101,-72.607788
All About Eve,Fairhaven,41.638176,-70.906166
All About Eve,Fairhaven High School,41.639614,-70.894020
All About Eve,Gill,42.640614,-72.506653
All About Eve,Groton,42.611279,-71.590065
All About Eve,Groton School,42.593513,-71.584129
All About Eve,Northfield Mount Hermon,42.670410,-72.483932
All About Eve,Orpheum Theatre,42.356239,-71.061073
All About Eve,Pleasant Cafe,42.278709,-71.136856
All About Eve,Shelburne Falls,42.603222,-72.741600
All About Eve,Somerville Theater,42.396652,-71.123138
All About Eve,Southborough,42.304775,-71.535873
All About Eve,St. Mark's School of Southborough,42.308990,-71.529770
All About Eve,Wakefield Bowladrome,42.502934,-71.066277
All About Eve,Worcester Common,42.262012,-71.800728
The Wolf of Wall Street,10 Vanderbilt Dr (Beach House),40.864834,-73.721489
The Wolf of Wall Street,300 East 55th St (Belfort's Apartment),40.757694,-73.966133
The Wolf of Wall Street,Air Hollywood Inc,34.273930,-118.422188
The Wolf of Wall Street,Ardsley,41.010799,-73.844559
The Wolf of Wall Street,Bahamas,24.735640,-78.268028
The Wolf of Wall Street,Bayville,40.910183,-73.563171
The Wolf of Wall Street,Brooklyn,40.680172,-73.957764
The Wolf of Wall Street,Chestnut Hill Dr (Belfort's estate),40.849171,-73.569160
The Wolf of Wall Street,Classic Harbor Line New York,40.713367,-74.016754
The Wolf of Wall Street,Closter,40.972118,-73.960449
The Wolf of Wall Street,Closter Plaza,40.970345,-73.956406
The Wolf of Wall Street,Equitable Building,40.708443,-74.010841
The Wolf of Wall Street,Geneva,46.204758,6.140421
The Wolf of Wall Street,Harrison,40.969597,-73.720573
The Wolf of Wall Street,Las Vegas,36.169090,-115.140579
The Wolf of Wall Street,Mamaroneck,40.950939,-73.734673
The Wolf of Wall Street,Nassau St,40.709637,-74.008476
The Wolf of Wall Street,New York,40.752518,-74.014015
The Wolf of Wall Street,New York City,40.713051,-74.007233
The Wolf of Wall Street,Portofino,44.303959,9.207770
The Wolf of Wall Street,Rao's,40.793941,-73.934235
The Wolf of Wall Street,Sands Point,40.851673,-73.719780
The Wolf of Wall Street,Shalimar Diner (closed),40.727127,-73.863991
The Wolf of Wall Street,Trump Tower,40.762386,-73.973915
The Wolf of Wall Street,White Plains,41.032730,-73.766327
Green Book,Aloha Motel,29.974339,-90.157066
Green Book,Carnegie Hall,40.764999,-73.979874
Green Book,Carver Theater,29.967093,-90.076653
Green Book,Clover Grill,29.960270,-90.064056
Green Book,English Turn Golf & Country Club,29.903490,-89.953133
Green Book,Houmas House Plantation and Gardens,30.141188,-90.935356
Green Book,International House Hotel,29.951153,-90.068970
Green Book,McAlister Auditorium,29.939934,-90.118858
Green Book,New Orleans Athletic Club,29.956652,-90.071060
Green Book,Northshore Broadcasting,30.504557,-90.459473
Green Book,Orpheum Theater,29.954588,-90.072800
Green Book,Ruby’s Roadhouse,30.361439,-90.058578
Green Book,Saenger Theater,29.956470,-90.072510
Green Book,Sigle's Antiques,29.960339,-90.062782
Green Book,The Roosevelt New Orleans,29.954294,-90.072098
Casino,"Albany, The Bahamas",25.003605,-77.508194
Casino,Barrandov Studio,50.030758,14.391332
Casino,Belmond Hotel Cipriani,45.426434,12.341274
Casino,Big Ben,51.500744,-0.124664
Casino,Black Park Country Park,51.538780,-0.551917
Casino,Campo San Barnaba,45.433060,12.324962
Casino,Canary Wharf,51.505569,-0.024536
Casino,Danube House,50.094376,14.443928
Casino,Dunsfold Aerodrome,51.120224,-0.533875
Casino,Eton College,51.495735,-0.606634
Casino,Giudecca,45.426445,12.325610
Casino,Grand Canal,45.435436,12.327810
Casino,Grandhotel Pupp,50.219753,12.879022
Casino,Houses of Parliament,51.499607,-0.125263
Casino,Kaiserbad Spa,50.219086,12.881580
Casino,Lake Como,46.020641,9.251914
Casino,Lenno,45.972889,9.188346
Casino,Libreria Toletta,45.431911,12.325734
Casino,Lion Morosini Palace,45.439411,12.336690
Casino,Loket Castle,50.187012,12.754337
Casino,Menaggio,46.022907,9.235117
Casino,Military History Institute in Prague: The Army Museum Žižkov,50.087463,14.444589
Casino,Mill Colonnade,50.225208,12.882041
Casino,Millbrook Proving Ground,52.045273,-0.533151
Casino,Národní muzeum,50.078968,14.430924
Casino,Nassau International Airport (now Lynden Pindling International Airport),25.046221,-77.465965
Casino,One and Only Ocean Club,25.082708,-77.310524
Casino,Palackého,50.419846,14.909544
Casino,Paradise Island,25.082504,-77.314812
Casino,Piazza San Marco,45.434158,12.338422
Casino,Pinewood Studios,51.548893,-0.532224
Casino,Planá,49.868946,12.742732
Casino,Ponte dell'Accademia,45.431686,12.328874
Casino,Ponte di Rialto,45.438072,12.335918
Casino,Royal Bahamas Defence Force,24.981735,-77.470032
Casino,Strahov Library,50.086632,14.389095
Casino,Strahov Monastery,50.086510,14.389121
Casino,The Queen's Stand,51.313278,-0.255391
Casino,Tremezzina,45.988544,9.175819
Casino,Václav Havel Airport Prague,50.101780,14.263102
Casino,Villa del Balbianello,45.965256,9.202472
Casino,Vltava,49.474915,14.167949
Casino,Wenceslas Square,50.081760,14.427167
Ran,"1 W Cordova St (S01-E02, S03-E15, S05-E15)",49.282692,-123.104668
Ran,10 E Hastings St (S01-E04),49.281277,-123.106140
Ran,"1000 Station St (S01-E05, S04-E03)",49.272446,-123.098045
Ran,"102 E Pender St (S03-E15, E19)",49.280308,-123.102188
Ran,1036 Salsbury Dr (S05-E07),49.275356,-123.067398
Ran,10469 St Edwards Dr (S01-E04),49.187778,-123.111206
Ran,1057 Iliff St (S06-E20),34.049294,-118.519829
Ran,"10576 Wilson St (S05-E13, E14)",49.195061,-122.411774
Ran,1081 Burrard St (S03-E17),49.280518,-123.128319
Ran,1099 Gayley Ave (S07-E21),34.060253,-118.446846
Ran,11130 W Magnolia Blvd (S07-E08),34.164608,-118.373619
Ran,1146 Corsica Dr (S07-E02),34.049149,-118.504539
Ran,12 Orwell St (S01-E11),49.299870,-123.028816
Ran,1241 Corsica Dr (S07-E02),34.051579,-118.503311
Ran,1318 W 2nd St (S07-E14),33.742638,-118.304832
Ran,1327 Palmetto St (S08-E08),34.040443,-118.231628
Ran,1442 Pendrell St,49.284607,-123.136292
Ran,15773 Marine Dr (S02-E20),49.016758,-122.785957
Ran,16373 Beach Rd (S02-E20),49.010113,-122.769691
Ran,1640 Jones Ave (S01-E16),49.323875,-123.081573
Ran,166 N Edgeware Rd (S07-E14),34.062698,-118.256683
Ran,1956 Main Mall (S02-E03),49.267307,-123.253716
Ran,"2036 Marine Dr (S01-E10, S02-E16, E17)",49.324924,-123.123245
Ran,"2036 Marine Dr (S04-E10, S05-E04)",49.324978,-123.123260
Ran,20th Century Fox Studios,34.053383,-118.412941
Ran,234 1st St (S02-12),49.212646,-122.906494
Ran,23838 Fraser Hwy (S01-E02),49.075687,-122.564026
Ran,2397 Barranca Pkwy (S06-E12),33.697319,-117.830353
Ran,2408 Nanaimo St (S04-E04),49.262718,-123.056412
Ran,"2440 Kingsway (S03-E23, S05-E18)",49.240963,-123.055557
Ran,25140 Rye Canyon Loop (S07-E13),34.458393,-118.577202
Ran,2598 Bellevue Ave (S03-E09),49.334160,-123.185616
Ran,2601 Lougheed Hwy,49.259502,-122.799118
Ran,2644 York Ave (S01-E24),49.271694,-123.165573
Ran,272 E Hastings St (S03-E20),49.281094,-123.098099
Ran,2750 52 St (E02-E22),49.053852,-123.079773
Ran,29990 Mulholland Hwy (S07-E15),34.113731,-118.778946
Ran,3000 41b St (S05-E11),49.057629,-123.109985
Ran,3112 Main St (S03-E14),49.257198,-123.100952
Ran,317 S Arden Blvd (S09-E03),34.068352,-118.326294
Ran,324 Alexander St (S02-E03),49.283844,-123.096916
Ran,3268 W 49th Ave (S02-E16),49.227062,-123.177773
Ran,328 Cambie St (S05-E03),49.282875,-123.109238
Ran,3448 Fromme Rd (S03-E08),49.340656,-123.043381
Ran,350 Water St (S05-E02),49.284359,-123.110153
Ran,374 S. Spring St (S07-E08),34.048683,-118.247871
Ran,3848 W 29th Ave (S02-E05),49.245880,-123.189522
Ran,4108 104 St (S01-E08),49.078773,-122.934891
Ran,411 5th St (S02-E21),49.211426,-122.915688
Ran,4130 Greenbush Ave (S09-E05),34.144875,-118.425896
Ran,4135 Firestone Blvd (S07-E03),33.953560,-118.197189
Ran,425 Hornby St (S05-E18),49.286480,-123.116417
Ran,435 W Pender St (S01-E13),49.283333,-123.112289
Ran,441 Glen Dr (S04-E12),49.280327,-123.081566
Ran,"4490 Sanderson Way (S01-E01, E24)",49.247440,-123.006119
Ran,450 Cricketfield Ct (S06-E15),34.142883,-118.868011
Ran,451 S Bixel St (S07-E06),34.055607,-118.261299
Ran,4517 Kingsborough St (S01-E07),49.228500,-123.005791
Ran,4536 Dunbar St (S05-E18),49.245876,-123.184982
Ran,4540 Dunbar St (S02-E05),49.245853,-123.184975
Ran,464 Carrall St (S02-E18),49.280895,-123.104408
Ran,4800 Cambie St (S01-E01),49.241077,-123.118355
Ran,502 Alexander St (S04-E03),49.283859,-123.093079
Ran,"506 S Beaudry Ave (S07-E06, E20)",34.053799,-118.259140
Ran,52 Alexander St (S01-E14),49.283440,-123.102974
Ran,528 Homer St (S01-E01),49.282150,-123.112152
Ran,552 S Grand Ave (S07-E06),34.048878,-118.254951
Ran,556 Davie St (S03-E21),49.276112,-123.124962
Ran,5946 12 Ave (S01-E02),49.023991,-123.059654
Ran,6017 196a St (S03-E11),49.112713,-122.678574
Ran,611 Jervis St (S01-E03),49.288822,-123.126213
Ran,62b St & River Rd (S05-E05),49.127228,-123.049576
Ran,6300 Orion Ave (S07-E16),34.184772,-118.469505
Ran,6466 Kingsway (S03-E24),49.219124,-122.969780
Ran,664 Burrard St (S01-E04),49.284763,-123.119270
Ran,670 Smithe St,49.279949,-123.121353
Ran,678 W Georgia St (S01-E16),49.282154,-123.118164
Ran,6th St & Broadway (S07-E08),34.016586,-118.491753
Ran,7447 Firestone Blvd (S07-E07),33.947601,-118.147186
Ran,750 53 St (S01-E02),49.016396,-123.075760
Ran,750 Hornby St (S01-E04 and S02-E06),49.282997,-123.120827
Ran,758 W 13th Ave (S02-E04),49.259281,-123.121452
Ran,7900 N Figueroa St (S06-E09),34.148640,-118.183899
Ran,"80 W Pender St (S02-E04, S05-E02)",49.280422,-123.106300
Ran,800 Cassiar St (S02-E17),49.277397,-123.030785
Ran,817 W Georgia St (S04-E19),49.283649,-123.118950
Ran,832 Apex Ave (S03-E17),49.312218,-122.980736
Ran,837 Beacon Ave (S08-E07),34.051987,-118.274338
Ran,8554 Hanna Ave (S09-E18),34.225967,-118.607246
Ran,862 Stayte Rd (S01-E11),49.017799,-122.778755
Ran,8888 University Dr (S01-E10),49.278519,-122.917320
Ran,900 W Georgia St (S01-E12 and E02-08),49.283714,-123.120804
Ran,9156 Glover Rd (S04-E02),49.168873,-122.579132
Ran,"924 Stayte Rd (S01-E01, S04-E23)",49.018799,-122.778931
Ran,974 N Broadway (S07-E17),34.065964,-118.236229
Ran,Acton,34.481609,-118.194550
Ran,AES Redondo Beach LLC,33.851143,-118.396416
Ran,Agoura Hills,34.151913,-118.769295
Ran,Altadena,34.190762,-118.138039
Pan's Labyrinth,Adelaide - Adelaide Oval,-34.915440,138.595520
Pan's Labyrinth,Adelaide - Rundle Mall,-34.922836,138.602005
Pan's Labyrinth,Adelaide - Semaphore Road,-34.838470,138.479919
Pan's Labyrinth,Agra - Taj Mahal (ताज महल),27.175018,78.042046
Pan's Labyrinth,Ahmedabad - Sabarmati Ashram (સાબરમતી આશ્રમ),23.060703,72.580772
Pan's Labyrinth,Akron - F.A. Seiberling Nature Realm,41.139816,-81.576073
Pan's Labyrinth,Alexandria - The George Washington Masonic National Memorial,38.807404,-77.066002
Pan's Labyrinth,Alexandria - The Grounds of Alexandria,-33.910690,151.194077
Pan's Labyrinth,Alhambra - Almansor Park,34.088402,-118.112633
Pan's Labyrinth,Ambler - Wissahickon Valley Public Library Ambler Branch,40.152992,-75.220612
Pan's Labyrinth,Anaheim - Anaheim Packing District,33.831512,-117.912224
Pan's Labyrinth,Anaheim - Center St,33.835819,-117.913124
Pan's Labyrinth,Anaheim - Convention Center,33.799431,-117.921448
Pan's Labyrinth,Anaheim - Disneyland,33.812199,-117.919014
Pan's Labyrinth,Anaheim - Knott’s Berry Farm,33.844292,-118.000282
Pan's Labyrinth,Anaheim - Stoddard Park,33.799973,-117.934158
Pan's Labyrinth,Anderson - Mounds State Park,40.100445,-85.620102
Pan's Labyrinth,Ann Arbor - The Diag,42.276512,-83.738281
Pan's Labyrinth,Ardmore - Suburban Square,40.008556,-75.288544
Pan's Labyrinth,Ardmore - Tired Hands Brew Cafe,40.008633,-75.293877
Pan's Labyrinth,Atlanta - Centennial Olympic Park,33.761772,-84.394806
Pan's Labyrinth,Austin - Barton Springs,30.263502,-97.772118
Pan's Labyrinth,Baltimore - Cylburn Arboretum,39.350468,-76.651985
Pan's Labyrinth,Baltimore - Fort McHenry National Monument and Historic Shrine,39.263241,-76.580460
Pan's Labyrinth,Bangalore - Jaya Prakash Narayana Park (ಜೆಪಿ ಪಾರ್ಕ್),13.033912,77.549911
Pan's Labyrinth,Bangkok - CentralWorld (เซ็นทรัลเวิลด์),13.746621,100.539284
Pan's Labyrinth,Bangkok - Lumphini Park (สวนลุมพินี),13.731418,100.541100
Pan's Labyrinth,Barberton - Lake Anna Park,41.013992,-81.609337
Pan's Labyrinth,Bay St Louis - Silver Slipper Casino,30.239552,-89.425575
Pan's Labyrinth,Bemidji - Paul Bunyan & Babe the Blue Ox Statues,47.470402,-94.878937
Pan's Labyrinth,Berkeley - Sather Tower,37.872055,-122.257835
Pan's Labyrinth,Berlin - Griessmühle,52.459892,13.505498
Pan's Labyrinth,Berlin - Kater Blau,52.512199,13.425576
Pan's Labyrinth,Berlin - Museumsinsel,52.516876,13.401885
Pan's Labyrinth,Berlin - Tempelhofer Feld,52.475170,13.400970
Pan's Labyrinth,Berlin - Urban Spree,52.507694,13.451576
Pan's Labyrinth,Bicester - Garth Park,51.896034,-1.146082
Pan's Labyrinth,Biloxi - Belgicans Fries,30.392225,-88.989830
Pan's Labyrinth,Biloxi - Lighthouse Park,30.395067,-88.902512
Pan's Labyrinth,Biloxi - Ohr-O'Keefe Museum of Art,30.393223,-88.872307
Pan's Labyrinth,Biloxi - St. Martin Community Center,30.443760,-88.858704
Pan's Labyrinth,Birmingham - Cannon Hill Park,52.451351,-1.902991
Pan's Labyrinth,Birmingham - University of Birmingham,52.450722,-1.930815
Pan's Labyrinth,Bloomington - Mall of America®,44.854870,-93.241882
Pan's Labyrinth,Boston - Boston Common,42.354954,-71.066170
Pan's Labyrinth,Boston - Christopher Columbus Waterfront Park,42.360958,-71.051743
Pan's Labyrinth,Bowie - Allen Pond Park,38.935673,-76.739655
Pan's Labyrinth,Brick - Windward Beach Park,40.057835,-74.111336
Pan's Labyrinth,Brisbane - Botanic Gardens,-27.475945,153.029739
Pan's Labyrinth,Brisbane - South Bank,-27.481680,153.021988
Pan's Labyrinth,Bristol - Sugar Hollow Park,36.644100,-82.109497
Pan's Labyrinth,Brooklyn - Brooklyn Borough Hall,40.692734,-73.990303
Pan's Labyrinth,Brooklyn - Brooklyn Historical Society,40.694729,-73.992447
Pan's Labyrinth,Brooklyn - Grand Army Plaza,40.673817,-73.969955
Pan's Labyrinth,Brooklyn - Herbert Von King Park,40.689564,-73.946915
Pan's Labyrinth,Brooklyn - WNYC Transmitter Park,40.729897,-73.960785
Pan's Labyrinth,Bryn Athyn - Bryn Athyn Historic District,40.136948,-75.063011
Pan's Labyrinth,Bryn Mawr - Hope's Country Fresh Cookies,40.024986,-75.325073
Pan's Labyrinth,Budapest - Citadella,47.486988,19.046482
Pan's Labyrinth,Budderoo - Budderoo National Park,-34.663479,150.649033
Pan's Labyrinth,Buena Park - Ralph B Clark Regional Park,33.893219,-117.978142
Pan's Labyrinth,Buenos Aires - Obelisco,-34.603775,-58.381824
Pan's Labyrinth,Buffalo - Canalside,42.876854,-78.879433
Pan's Labyrinth,Burbank - McCambridge Park,34.193050,-118.320862
Pan's Labyrinth,Burbank - Neal Adams Crusty Bunkers Comics and Toys,34.164551,-118.356621
Pan's Labyrinth,Cagliari - Parco di Monte Claro,39.234470,9.115421
Pan's Labyrinth,Calgary - Central Memorial Park,51.041084,-114.070320
Pan's Labyrinth,Canberra - Lake Burley Griffin,-35.297085,149.107468
Pan's Labyrinth,Canberra - Questacon - National Science and Technology Centre,-35.298553,149.131332
Pan's Labyrinth,Cardiff - Bute Park,51.484509,-3.185590
Pan's Labyrinth,Carlsbad - LEGOLAND California Hotel,33.125889,-117.310501
Pan's Labyrinth,Carlton - Melbourne Museum,-37.803394,144.971512
Pan's Labyrinth,Cerritos - Liberty Park and Fitness Center,33.855408,-118.100319
Pan's Labyrinth,Chaska - Minnesota Landscape Arboretum,44.859634,-93.617851
Pan's Labyrinth,Chicago - Chicago Shakespeare Theater,41.891556,-87.605812
Pan's Labyrinth,Chicago - Field Museum,41.866264,-87.617455
Pan's Labyrinth,Chicago - Millennium Park,41.882698,-87.623360
Pan's Labyrinth,Chicago - Miller Lite Beer Garden,41.891266,-87.600761
Pan's Labyrinth,Chicago - National Museum of Puerto Rican Arts & Culture,41.902321,-87.703468
Pan's Labyrinth,Chicago - Navy Pier,41.891701,-87.604332
Pan's Labyrinth,Chicago - Wrigley Field,41.948238,-87.655701
Pan's Labyrinth,Chino - Prado Regional Park,33.937008,-117.644371
Pan's Labyrinth,Clearwater - Clearwater Beach,27.976824,-82.830078
Pan's Labyrinth,Cleveland - Case Western Reserve University,41.504284,-81.608528
Pan's Labyrinth,Cleveland - Lake View Cemetery,41.513767,-81.598412
Pan's Labyrinth,Cleveland - Perk Plaza,41.502441,-81.686050
Pan's Labyrinth,Cleveland - Playhouse Square,41.501274,-81.680847
Pan's Labyrinth,Cleveland - Rock And Roll Hall Of Fame,41.508511,-81.695320
Pan's Labyrinth,Cleveland - Wade Oval,41.510803,-81.611626
Pan's Labyrinth,Collegeville - Evansburg State Park,40.200649,-75.404144
Pan's Labyrinth,Cologne - Aachener Weiher,50.935253,6.927852
Pan's Labyrinth,Cologne - Media Park Köln,50.948521,6.943493
Pan's Labyrinth,Cologne - Rheinauhafen,50.929493,6.963587
Pan's Labyrinth,Colorado Springs - Memorial Park,38.831604,-104.799522
Pan's Labyrinth,Columbia - Blandair Regional Park,39.210659,-76.837006
Pan's Labyrinth,Columbus - Blendon Woods Metro Park,40.074665,-82.882950
Pan's Labyrinth,Columbus - Columbus Civic Center,32.450161,-84.987846
Pan's Labyrinth,Copenhagen - Det kongelige Biblioteks Have,55.674648,12.580892
Pan's Labyrinth,Copenhagen - Fisketorvet,55.662788,12.562259
The Truman Show,31 Natchez St,30.321499,-86.141655
The Truman Show,Panama City,30.185961,-85.671288
The Truman Show,Seaside (Seahaven Island),30.322235,-86.144028
The Truman Show,Universal Studios Hollywood,34.137939,-118.353691
The Truman Show,Universal Studios Hollywood - Falls Lake,34.136372,-118.348366
There Will Be Blood,El Mirage Dry Lake,34.646996,-117.600151
There Will Be Blood,Greystone Park & Mansion,34.092033,-118.401154
There Will Be Blood,Lompoc,34.653389,-120.457733
There Will Be Blood,Los Angeles,34.052235,-118.243683
There Will Be Blood,Marfa,30.309450,-104.020638
There Will Be Blood,Santa Clarita,34.414139,-118.554192
There Will Be Blood,Shafter,29.815365,-104.301720
There Will Be Blood,Thornewood Castle,47.130314,-122.551346
Unforgiven,Brooks,50.567684,-111.899391
Unforgiven,Calgary,51.039841,-114.120201
Unforgiven,Drumheller,51.425362,-112.659821
Unforgiven,High River,50.580772,-113.878067
Unforgiven,Longview,50.531391,-114.234764
Unforgiven,Red Hills Ranch,37.840469,-120.457993
The Sixth Sense,446 E. 47th Street,41.809479,-87.614929
The Sixth Sense,Blue Bell,40.147041,-75.277206
The Sixth Sense,Bryn Mawr,40.022919,-75.317154
The Sixth Sense,Philadelphia,39.952583,-75.165222
The Sixth Sense,St. Augustine Catholic Church,39.955452,-75.146461
The Sixth Sense,Striped Bass (closed),39.948891,-75.166344
Shutter Island,433 S Spring St,34.048344,-118.249359
Shutter Island,437 Whittenton St,41.924416,-71.104652
Shutter Island,Acadia National Park,44.338799,-68.275192
Shutter Island,Borderland State Park,42.070820,-71.156723
Shutter Island,Boston,42.358990,-71.058632
Shutter Island,Boston Harbor,42.345589,-71.036003
Shutter Island,Golf Club at Turner Hill,42.663700,-70.884216
Shutter Island,Hearst Ranch,35.656387,-121.187744
Shutter Island,Hull,42.302399,-70.906609
Shutter Island,Hyde Park,42.255810,-71.124130
Shutter Island,Medfield,42.186630,-71.305450
Shutter Island,Medfield State Hospital,42.207592,-71.331352
Shutter Island,Nahant,42.423882,-70.913567
Shutter Island,Peddocks Island,42.294865,-70.936234
Shutter Island,Taunton,41.901680,-71.092651
Shutter Island,Wilson Mountain Reservation,42.258938,-71.199562
A Beautiful Mind,Bayonne,40.668224,-74.115753
A Beautiful Mind,Belleville,40.793076,-74.151764
A Beautiful Mind,Bronx Community College,40.857506,-73.912910
A Beautiful Mind,East Orange,40.767464,-74.206558
A Beautiful Mind,Fairleigh Dickinson University,40.776150,-74.432259
A Beautiful Mind,Fordham University,40.861938,-73.885582
A Beautiful Mind,Jersey City,40.717709,-74.045631
A Beautiful Mind,Manhattan College,40.889626,-73.902824
A Beautiful Mind,New York City,40.719521,-74.010223
A Beautiful Mind,Newark,40.733707,-74.177162
A Beautiful Mind,Princeton,40.352386,-74.677109
A Beautiful Mind,Yonkers,40.933285,-73.901955
Jurassic Park,Eureka,40.795635,-124.169273
Jurassic Park,Fiordland National Park,-45.462833,167.542084
Jurassic Park,Granada Hills,34.292782,-118.511261
Jurassic Park,Greystone Mansion,34.092316,-118.401428
Jurassic Park,Jurassic Kahili Ranch,22.197191,-159.397110
Jurassic Park,Kipu Kai Beach,21.911976,-159.390884
Jurassic Park,Lake Tikitapu (Blue Lake),-38.193176,176.330078
Jurassic Park,Los Angeles County Arboretum,34.142555,-118.053413
Jurassic Park,Mayfield Senior School,34.130711,-118.161324
Jurassic Park,Mexican St,34.139271,-118.347939
Jurassic Park,Monrovia,34.154434,-118.005272
Jurassic Park,Nā Pali Coast State Wilderness Park,22.166885,-159.639435
Jurassic Park,New York City,40.746655,-73.975883
Jurassic Park,Newhall,34.380955,-118.527206
Jurassic Park,Redwood National and State Parks,41.215954,-124.008026
Jurassic Park,San Diego,32.745880,-117.178459
Jurassic Park,San Pedro,33.745731,-118.291954
Jurassic Park,Toronto,43.730423,-79.412292
Jurassic Park,Universal Studios,34.138161,-118.353645
Monty Python and the Holy Grail,Appin,56.561909,-5.359705
Monty Python and the Holy Grail,Bodiam Castle,51.002277,0.543451
Monty Python and the Holy Grail,Bracklinn Falls,56.248993,-4.187831
Monty Python and the Holy Grail,Castle Stalker,56.571533,-5.386232
Monty Python and the Holy Grail,Doune Castle,56.185165,-4.050033
Monty Python and the Holy Grail,Epping Forest,51.716339,0.111759
Monty Python and the Holy Grail,Glencoe,56.682487,-5.102691
Monty Python and the Holy Grail,Killin,56.469322,-4.319766
Monty Python and the Holy Grail,Loch Laich,56.565636,-5.371808
Monty Python and the Holy Grail,Loch Tay,56.521309,-4.140175
Monty Python and the Holy Grail,Mt. Buffalo National Park,-36.755318,146.791046
Monty Python and the Holy Grail,Sheriffmuir,56.189232,-3.910930
Monty Python and the Holy Grail,Stirling,56.117989,-3.947354
Monty Python and the Holy Grail,The Meeting of the Three Waters,56.665226,-4.978148
Monty Python and the Holy Grail,Twickenham Studios,51.455593,-0.319051
Monty Python and the Holy Grail,Wakehurst,51.067051,-0.088321
The Great Escape,1001 Bel Air Rd (Lester Siegel's House),34.093025,-118.444191
The Great Escape,Beverly Hills,34.080021,-118.401382
The Great Escape,Blue Mosque,41.005352,28.976797
The Great Escape,Bosphorus,41.127998,29.065056
The Great Escape,Hagia Sophia,41.008564,28.980143
The Great Escape,Istanbul,41.072025,28.967649
The Great Escape,Los Angeles,34.051411,-118.257294
The Great Escape,McLean,38.933311,-77.180084
The Great Escape,Ontario International Airport,34.056110,-117.598618
The Great Escape,Smoke House Restaurant,34.145512,-118.341415
The Great Escape,Veterans Hospital,34.244335,-118.482094
The Great Escape,Warner Bros. Studio,34.148182,-118.337997
The Great Escape,Washington,38.902214,-77.044838
The Great Escape,Yeni Camii,41.016930,28.971931
No Country for Old Men,Albuquerque,35.084251,-106.649239
No Country for Old Men,Big Bend National Park,29.249943,-103.250198
No Country for Old Men,Desert Sands Motel (Closed),35.077648,-106.588516
No Country for Old Men,El Camino Motel & Restaurant,35.603947,-105.211678
No Country for Old Men,Garson Studios,35.655617,-105.975525
No Country for Old Men,Historic Plaza Hotel,35.593056,-105.227669
No Country for Old Men,Las Vegas,35.598518,-105.218849
No Country for Old Men,Marfa,30.309450,-104.020638
No Country for Old Men,Piedras Negras,28.705410,-100.514618
No Country for Old Men,Regal Inn Las Vegas New Mexico,35.611389,-105.210365
No Country for Old Men,Santa Fe,35.692131,-105.939590
Spider-Man: No Way Home,Astoria,40.765827,-73.928391
Spider-Man: No Way Home,Atlanta,33.753277,-84.397255
Spider-Man: No Way Home,Brooklyn,40.654217,-73.981743
Spider-Man: No Way Home,Greenwich Village,40.734901,-74.003822
Spider-Man: No Way Home,Long Island City,40.746353,-73.949303
Spider-Man: No Way Home,Manhattan,40.782066,-73.978989
Spider-Man: No Way Home,Queens,40.726204,-73.832138
Spider-Man: No Way Home,Sunnyside,40.743713,-73.921600
Spider-Man: No Way Home,Trilith Studios,33.473042,-84.512962
Kill Bill: Vol. 1,5506 Atlas St,34.097237,-118.159889
Kill Bill: Vol. 1,American Cement Building,34.059063,-118.280350
Kill Bill: Vol. 1,Austin,30.267153,-97.743057
Kill Bill: Vol. 1,Lancaster,34.697472,-118.144524
Kill Bill: Vol. 1,Los Angeles,34.052235,-118.243683
Kill Bill: Vol. 1,Shinjuku City,35.699253,139.704025
Kill Bill: Vol. 1,St. Luke's Hospital (closed),34.167915,-118.096115
Kill Bill: Vol. 1,The Sanctuary Adventist Church,34.735157,-117.776604
The Thing,Hyder,55.924068,-130.023651
The Thing,Juneau,58.380104,-134.481049
The Thing,Kimberley,49.664989,-115.995384
The Thing,Salmon Glacier,56.133331,-130.084213
The Thing,Stewart,55.941727,-129.987625
The Thing,Tongass National Forest,58.374348,-134.729095
The Thing,Universal Studios Hollywood,34.138134,-118.353371
The Elephant Man,Broadgate,51.519081,-0.083589
The Elephant Man,Butler's Wharf,51.502968,-0.071900
The Elephant Man,Clink St,51.507099,-0.092099
The Elephant Man,Hackney,51.551140,-0.069684
The Elephant Man,Homerton Row,51.549061,-0.048356
The Elephant Man,Liverpool Street Station,51.518738,-0.081409
The Elephant Man,London,51.508472,-0.130007
The Elephant Man,National Liberal Club,51.506210,-0.124158
The Elephant Man,Shad Thames,51.501911,-0.072560
The Elephant Man,Shepperton Studios,51.407803,-0.466076
The Elephant Man,South Bank,51.503475,-0.113180
The Elephant Man,Southwark,51.502800,-0.088089
The Elephant Man,St Mary Overies Dock,51.506687,-0.090404
The Elephant Man,The Royal Horseguards,51.506115,-0.124290
The Elephant Man,Tower Bridge,51.505516,-0.075343
The Elephant Man,Westminster,51.497501,-0.137227
The Elephant Man,Whitehall Court,51.505707,-0.124540
Chinatown,1315 South El Molino Drive,34.123066,-118.137451
Chinatown,1400-1414 Havenhurst Drive,34.096142,-118.367020
Chinatown,1972 Canyon Drive,34.107353,-118.316673
Chinatown,5030 Lemon Grove Avenue,34.085960,-118.306206
Chinatown,848 E Kensington Road,34.070511,-118.251694
Chinatown,Bradbury Building,34.050659,-118.247711
Chinatown,Canyon Drive,34.109566,-118.316940
Chinatown,Catalina Casino,33.348988,-118.325615
Chinatown,Channel Islands,34.035614,-119.577469
Chinatown,Chinatown,34.062984,-118.236809
Chinatown,Echo Park Lake,34.075493,-118.260597
Chinatown,Foothill Blvd.,34.263939,-118.330811
Chinatown,Glendale,34.148140,-118.246437
Chinatown,Hollywood Reservoir,34.119873,-118.332764
Chinatown,Koreatown,34.057709,-118.299797
Chinatown,Los Angeles City Hall,34.053768,-118.242729
Chinatown,N. Grand Avenue,34.057320,-118.247330
Chinatown,N. Spring Street,34.058331,-118.238617
Chinatown,Ord Street,34.060341,-118.239319
Chinatown,Point Fermin Park,33.705776,-118.293282
Chinatown,Silver Lake,34.090576,-118.271240
Chinatown,Stone Canyon Reservoir,34.122787,-118.455116
Chinatown,The Archer School for Girls,34.065056,-118.471512
Chinatown,The Portuguese Bend Riding Club,33.747852,-118.377197
Chinatown,The Prince,34.059490,-118.295052
Chinatown,Trident Ranch,34.252300,-118.851158
Chinatown,Venice Canals,33.979359,-118.463570
Raging Bull,1 Clarkson st,40.729572,-74.005531
Raging Bull,10 East 60th St (Copacabana Club),40.764328,-73.971985
Raging Bull,1331 South Pacific Ave (LaMotta's Night-Club),33.731804,-118.288391
Raging Bull,3460 Cabrillo Blvd (Jake's House),34.008972,-118.444252
Raging Bull,443 West 56th St (Jake's Bronx Apartment),40.768227,-73.988228
Raging Bull,Culver City,34.014942,-118.409248
Raging Bull,"Downtown, Los Angeles",34.041691,-118.251854
Raging Bull,Grand Olympic,34.034046,-118.268089
Raging Bull,Hell's Kitchen,40.763226,-73.996986
Raging Bull,Manhattan,40.773365,-73.984528
Raging Bull,San Pedro,33.735283,-118.297165
Raging Bull,The Culver Studios,34.024109,-118.393044
Raging Bull,Webster Hall,40.731777,-73.989311
V for Vendetta,Aldwych Tube Station,51.510998,-0.114368
V for Vendetta,Berlin,52.520008,13.404954
V for Vendetta,Farringdon Underground Station,51.520126,-0.104865
V for Vendetta,Güterfelde,52.365749,13.194890
V for Vendetta,Hatfield House,51.760612,-0.209341
V for Vendetta,Konzerthaus Berlin,52.513596,13.391680
V for Vendetta,London,51.507565,-0.138159
V for Vendetta,Parliament Square,51.501019,-0.126858
V for Vendetta,Strand,51.511189,-0.119463
V for Vendetta,Studio Babelsberg,52.387012,13.120091
V for Vendetta,Trafalgar Square,51.507504,-0.129679
Gone with the Wind,Agoura Hills,34.151440,-118.765144
Gone with the Wind,Bidwell Park,39.780277,-121.748161
Gone with the Wind,Big Bear Lake,34.252384,-116.934280
Gone with the Wind,Busch Gardens,34.127926,-118.163994
Gone with the Wind,Calabasas,34.135052,-118.670975
Gone with the Wind,Chico,39.726299,-121.840553
Gone with the Wind,Hollywood,34.091888,-118.333519
Gone with the Wind,Lasky Mesa,34.175125,-118.681557
Gone with the Wind,Malibu Lake,34.106800,-118.756493
Gone with the Wind,Metro-Goldwyn-Mayer Studios,34.017651,-118.401695
Gone with the Wind,North Little Rock,34.768673,-92.272369
Gone with the Wind,Paradise,39.758690,-121.625534
Gone with the Wind,Pasadena,34.147354,-118.149353
Gone with the Wind,Pentz Road,39.763344,-121.574829
Gone with the Wind,S Arroyo Blvd,34.133659,-118.165939
Gone with the Wind,San Bernardino National Forest,33.663097,-116.641052
Gone with the Wind,Simi Valley,34.267078,-118.784660
Gone with the Wind,Slauson Ave,33.989182,-118.284393
Gone with the Wind,The Culver Studios,34.023979,-118.393059
Gone with the Wind,The Old Mill,34.791512,-92.249496
Gone with the Wind,United Artists Studios,34.090633,-118.348297
Gone with the Wind,Upper Bidwell Park,39.780125,-121.748154
Gone with the Wind,West Hills,34.197468,-118.646736
Gone with the Wind,Woodland Hills,34.167385,-118.617409
"Lock, Stock and Two Smoking Barrels",13-15 Park St,51.505157,-0.092133
"Lock, Stock and Two Smoking Barrels",3 Mills Studios,51.527279,-0.005824
"Lock, Stock and Two Smoking Barrels",42-44 Cheshire St,51.523586,-0.069922
"Lock, Stock and Two Smoking Barrels",Bethnal Green,51.529331,-0.055910
"Lock, Stock and Two Smoking Barrels",Borough Market,51.505520,-0.091090
"Lock, Stock and Two Smoking Barrels",Dorney Court,51.502510,-0.668254
"Lock, Stock and Two Smoking Barrels",Hackney,51.545792,-0.055420
"Lock, Stock and Two Smoking Barrels",Pedley St,51.523022,-0.066213
"Lock, Stock and Two Smoking Barrels",Repton Boxing Club,51.524235,-0.065424
"Lock, Stock and Two Smoking Barrels",Southwark Bridge,51.508884,-0.094226
"Lock, Stock and Two Smoking Barrels",St John St,51.525826,-0.104181
"Lock, Stock and Two Smoking Barrels",The Hideout,51.505379,-0.092726
"Lock, Stock and Two Smoking Barrels","The Royal Oak, Bethnal Green",51.529533,-0.069403
"Lock, Stock and Two Smoking Barrels",The Stables Market,51.541653,-0.146428
"Lock, Stock and Two Smoking Barrels",Town Hall Hotel & Apartments,51.530472,-0.055802
Inside Out,Blue Mountain Village,44.503357,-80.312256
Inside Out,Mississauga,43.589046,-79.644119
Inside Out,Orangeville,43.919239,-80.097412
Inside Out,Toronto,43.651890,-79.381706
Inside Out,Wally's Restaurant,43.589142,-79.629982
"Three Billboards Outside Ebbing, Missouri",581 W. Main St (Ebbing Police Station),35.373569,-83.223526
"Three Billboards Outside Ebbing, Missouri",Asheville,35.590641,-82.565735
"Three Billboards Outside Ebbing, Missouri",Black Mountain,35.614605,-82.337250
"Three Billboards Outside Ebbing, Missouri",Clyde,35.533176,-82.912033
"Three Billboards Outside Ebbing, Missouri",Cullowhee,35.308575,-83.186279
"Three Billboards Outside Ebbing, Missouri",Cullowhee Valley School,35.293583,-83.181030
"Three Billboards Outside Ebbing, Missouri",Dillsboro,35.368904,-83.254097
"Three Billboards Outside Ebbing, Missouri",Maggie Valley,35.515598,-83.066795
"Three Billboards Outside Ebbing, Missouri",Sylva,35.373051,-83.226700
Trainspotting,235 Buchanan St,55.864037,-4.253376
Trainspotting,368 Alexandra Parade,55.864052,-4.223068
Trainspotting,78A Talgarth Road,51.490700,-0.207110
Trainspotting,Big Ben,51.500710,-0.124689
Trainspotting,Cafe D'Jaconelli,55.880428,-4.272844
Trainspotting,Calton Road,55.952728,-3.180860
Trainspotting,Carnaby St,51.513142,-0.138880
Trainspotting,Corrour Station,56.760139,-4.690774
Trainspotting,Crosslands,55.881725,-4.282413
Trainspotting,Dumbarton Road,55.875313,-4.341621
Trainspotting,Hanover St,55.953590,-3.197300
Trainspotting,Jordanhill School,55.885101,-4.334244
Trainspotting,Lloyd's Building,51.512615,-0.082258
Trainspotting,Oxford St,51.514896,-0.145138
Trainspotting,Piccadilly Circus,51.509830,-0.134920
Trainspotting,Possilpark,55.882954,-4.255255
Trainspotting,Princes St,55.951572,-3.199001
Trainspotting,Regent St,51.513142,-0.140647
Trainspotting,Rouken Glen Park,55.795067,-4.315742
Trainspotting,Royal Eagle Hotel,51.514256,-0.178158
Trainspotting,St. Paul's Cathedral,51.513783,-0.098404
Trainspotting,The Firhill Complex,55.876945,-4.268683
Trainspotting,Tower 42,51.515244,-0.084011
Trainspotting,Tower Bridge,51.505375,-0.075637
Trainspotting,Tower of London,51.507397,-0.075874
Trainspotting,Trafalgar Square,51.507553,-0.129750
Trainspotting,Waterloo Bridge,51.508469,-0.117336
Trainspotting,Wellington Arch,51.502537,-0.150880
Prisoners,1605 Troy Smith Rd (Gas Station),33.807011,-83.775177
Prisoners,1634 Phillips Rd (Holly Jones's house),33.743202,-84.134521
Prisoners,2903 High Brook Way SE (Franklin Birch's house),33.612492,-84.025620
Prisoners,4916 N Royal Atlanta Dr,33.859543,-84.187256
Prisoners,5099 Memorial Dr,33.793983,-84.226440
Prisoners,651 James P Brawley Dr NW,33.772442,-84.412292
Prisoners,700 Deering Rd SE (Keller Dover's house),33.613556,-84.023308
Prisoners,748 Donald Lee Hollowell Pkwy NW,33.772823,-84.411865
Prisoners,Atlanta,33.745796,-84.407654
Prisoners,Conyers,33.657169,-84.004051
Prisoners,Greenview Ave SE,33.613182,-84.025665
Prisoners,Porterdale,33.575214,-83.898125
Prisoners,Stanton Woods Dr SE,33.613834,-84.027824
Prisoners,Stone Mountain,33.838898,-84.066948
Prisoners,Village Square,33.799995,-84.210793
Prisoners,Wellstar Atlanta Medical Center South,33.680630,-84.426491
Warrior,Almodóvar del Río,37.813080,-5.015207
Warrior,Antequera,37.018745,-4.561427
Warrior,Málaga,36.720558,-4.425538
Warrior,Real Alcázar de Sevilla,37.383034,-5.990532
Warrior,Ronda,36.746185,-5.163294
Warrior,Sevilla,37.377403,-6.009368
Fargo,1130 10 Ave SE,51.041599,-114.037445
Fargo,1335 9 Ave SE,51.040180,-114.032402
Fargo,1900 W Lunt Ave,42.009171,-87.678337
Fargo,194 North Road,51.387066,-113.536247
Fargo,232 6th Street,51.384590,-113.536163
Fargo,319 6th Street,51.382557,-113.536003
Fargo,504 7th St,51.380482,-113.530762
Fargo,Beiseker,51.382881,-113.540932
Fargo,Bemidji Police Department,51.052246,-114.038116
Fargo,Calgary,51.048615,-114.070847
Fargo,Central Library,51.045341,-114.055038
Fargo,Cinespace Chicago Film Studios,41.859634,-87.691856
Fargo,High River,50.573219,-113.859154
Fargo,Inglewood,51.034081,-114.022171
Fargo,Lou's Coffee Shop,50.991547,-114.002579
Fargo,Minneapolis,44.972782,-93.279152
Fargo,Strathmore,51.046398,-113.400284
Fargo,UFA Petroleum,51.380547,-113.530823
Catch Me If You Can,3077 East California Blvd (Frank Abagnale Jr.'s Mother's House),34.136330,-118.086967
Catch Me If You Can,843 S. El Molino Ave,34.131336,-118.137093
Catch Me If You Can,Alcatraz Prison,37.826900,-122.423042
Catch Me If You Can,Altadena,34.185680,-118.131508
Catch Me If You Can,Ambassador Hotel,33.780399,-118.265236
Catch Me If You Can,Brooklyn,40.697029,-73.951233
Catch Me If You Can,Brooklyn Borough Hall,40.692879,-73.990341
Catch Me If You Can,Buena Vista Ave,40.930988,-73.903244
Catch Me If You Can,Burbank,34.182049,-118.307480
Catch Me If You Can,Compton,33.898338,-118.220749
Catch Me If You Can,Crank House (Roger Strong's House),34.172443,-118.105591
Catch Me If You Can,"Downtown, Los Angeles",34.043392,-118.250664
Catch Me If You Can,Hollywood,34.090679,-118.371750
Catch Me If You Can,Hollywood Roosevelt Hotel,34.101231,-118.341751
Catch Me If You Can,"Jamaica, Queens",40.718128,-73.768402
Catch Me If You Can,Lionel-Groulx,45.482857,-73.579842
Catch Me If You Can,Manhattan,40.713051,-74.007233
Catch Me If You Can,Montréal,45.509060,-73.553360
Catch Me If You Can,New York City,40.713051,-74.007233
Catch Me If You Can,Notre-Dame-des-Victoires,46.812870,-71.202805
Catch Me If You Can,Old Orange County Courthouse,33.750202,-117.869263
Catch Me If You Can,Ontario International Airport,34.052101,-117.598572
Catch Me If You Can,Orange,40.792500,-74.269753
Catch Me If You Can,Park Ave,40.799889,-73.942696
Catch Me If You Can,Pasadena,34.149551,-118.141449
Catch Me If You Can,Place Royale,46.813122,-71.202904
Catch Me If You Can,Prestige Laundromat,40.946857,-73.885780
Catch Me If You Can,Quality Coffee,34.051895,-118.267151
Catch Me If You Can,Québec City,46.813049,-71.225739
Catch Me If You Can,Queens,40.723690,-73.820686
Catch Me If You Can,Rose City High School,34.139450,-118.134949
Catch Me If You Can,San Pedro,33.724739,-118.325333
Catch Me If You Can,Santa Ana,33.749741,-117.869781
Catch Me If You Can,St. John Paul II STEM Academy,34.184120,-118.305763
Catch Me If You Can,The Ebell of Los Angeles,34.061146,-118.324898
Catch Me If You Can,Tropicana Pool Cafe,34.100739,-118.342461
Catch Me If You Can,"TWA Terminal, JFK International Airport",40.645775,-73.775444
Catch Me If You Can,Union Station,34.056255,-118.236580
Catch Me If You Can,Waldorf Astoria New York,40.756226,-73.972961
Catch Me If You Can,Yonkers,40.930790,-73.898293
Million Dollar Baby,Hollywood,34.090679,-118.371750
Million Dollar Baby,Hollywood Athletic Club,34.098354,-118.331993
Million Dollar Baby,Quality Coffee Shop,34.051895,-118.267212
Million Dollar Baby,St Mark's Catholic Church,33.992290,-118.451660
Million Dollar Baby,Sunset Blvd.,34.097961,-118.326218
Million Dollar Baby,Warner Brothers Studio,34.149345,-118.337761
Before Sunrise,Albertina Palais Museum,48.204533,16.368200
Before Sunrise,Arena Wien,48.187519,16.413380
Before Sunrise,Café Sperl,48.199837,16.361183
Before Sunrise,Friedhof der Namenlosen (Cemetery of the Nameless),48.159603,16.502401
Before Sunrise,Katholische Kirche Mariahilf,48.199104,16.352921
Before Sunrise,Kleines Café,48.206322,16.373980
Before Sunrise,Maria Am Gestade,48.212891,16.370556
Before Sunrise,Maria Theresien Platz,48.204212,16.361252
Before Sunrise,Pressgasse,48.196011,16.362749
Before Sunrise,Teuchtler Schallplattenhandlung,48.199604,16.356979
Before Sunrise,Wien Westbahnhof,48.196892,16.338610
Before Sunrise,Wiener Riesenrad (Their First Kiss),48.217201,16.396780
Before Sunrise,Zollamtssteg Bridge,48.209808,16.384300
12 Years a Slave,Audubon Park,29.930182,-90.127541
12 Years a Slave,Bocage Plantation,30.123640,-90.955498
12 Years a Slave,Destrehan,29.951120,-90.380280
12 Years a Slave,Lower Garden District,29.935341,-90.075447
12 Years a Slave,Madame John's Legacy,29.959435,-90.063225
12 Years a Slave,Magnolia Lane Plantation,29.949797,-90.153435
12 Years a Slave,Magnolia Plantation (Ford's house),29.714369,-90.817253
12 Years a Slave,New Orleans,29.951065,-90.071533
12 Years a Slave,St. Joseph Plantation Felicity Plantation,30.005936,-90.772377
12 Years a Slave,The Columns,29.927368,-90.096146
Klaus,Almería,36.836391,-2.464411
Klaus,Cabo de Gata,36.782055,-2.243371
Klaus,Cinecittà,41.851738,12.577013
Klaus,Colmenar Viejo,40.661736,-3.773355
Klaus,Cortijo del Fraile,36.865639,-2.075115
Klaus,Estacíon de Almeria Adif,36.834621,-2.456273
Klaus,Finca El Romeral,36.752285,-2.129923
Klaus,Granada,37.183903,-3.605272
Klaus,Guadix,37.298752,-3.140027
Klaus,Hoyo de Manzanares,40.622471,-3.909125
Klaus,La Calahorra,37.180862,-3.064406
Klaus,Mini Hollywood,37.019836,-2.431646
Klaus,Polopos,37.026340,-2.080022
Klaus,Rodalquilar,36.846970,-2.042588
Klaus,San José,36.761829,-2.109743
Klaus,Tabernas,37.052765,-2.391471
Klaus,Turrillas,37.029419,-2.265244
Harry Potter and the Deathly Hallows: Part 2,Ashbridge,51.798870,-0.561030
Harry Potter and the Deathly Hallows: Part 2,Cardington,52.116852,-0.414693
Harry Potter and the Deathly Hallows: Part 2,Freshwater West,51.656483,-5.061467
Harry Potter and the Deathly Hallows: Part 2,Pinewood Studios,51.548630,-0.535220
Harry Potter and the Deathly Hallows: Part 2,Shepperton Studios,51.406582,-0.464783
Harry Potter and the Deathly Hallows: Part 2,St. Pancras Station,51.531330,-0.126721
Harry Potter and the Deathly Hallows: Part 2,Swinley Forest,51.386417,-0.740026
Harry Potter and the Deathly Hallows: Part 2,Warner Bros. Studios Leavesden,51.693104,-0.420421
On the Waterfront,5th St Pier (Final Scene),40.742054,-74.026154
On the Waterfront,Court St,40.740746,-74.029320
On the Waterfront,Elysian Park,40.748375,-74.025520
On the Waterfront,Hoboken,40.745243,-74.034805
On the Waterfront,Hoboken Railway Station,40.734875,-74.028091
On the Waterfront,Hoboken Waterfront,40.737213,-74.031548
On the Waterfront,Hudson St,40.744492,-74.027618
On the Waterfront,Our Lady of Grace Roman Catholic Church,40.742409,-74.033623
On the Waterfront,Stevens Park,40.741322,-74.027756
On the Waterfront,The Catholic Community Of Saints Peter & Paul,40.741230,-74.029236
On the Waterfront,Willow Ave,40.747913,-74.031570
Ben-Hur,Anzio,41.488914,12.608300
Ben-Hur,Arcinazzo Romano,41.880875,13.114446
Ben-Hur,Canale Monterano,42.136307,12.101281
Ben-Hur,Cinecittà,41.851776,12.576904
Ben-Hur,Durango,24.032152,-104.672188
Ben-Hur,Frosinone,41.641914,13.331171
Ben-Hur,Latina,41.465809,12.888265
Ben-Hur,Metro-Goldwyn-Mayer Studios,34.017750,-118.400749
Gone Girl,104 Fremont Place,34.060001,-118.327972
Gone Girl,2901 Hawthorne Road,37.317932,-89.567757
Gone Girl,Albert Rasche Drive,37.330391,-89.554863
Gone Girl,Cape Girardeau,37.313171,-89.552422
Gone Girl,Common Pleas Courthouse,37.305172,-89.520187
Gone Girl,Elm St (Nick's Father's House),37.291599,-89.527573
Gone Girl,Giant City State Park,37.602219,-89.186569
Gone Girl,Hawthorne Plaza,33.917900,-118.351242
Gone Girl,Keystone Drive,37.324921,-89.573952
Gone Girl,Red Studios,34.086140,-118.328217
Gone Girl,The Bar,37.304760,-89.518364
Gone Girl,The Last Bookstore,34.047791,-118.249748
Gone Girl,Universal Studios Hollywood,34.138420,-118.354843
The Grand Budapest Hotel,Burg Kriebstein (Kriebstein Castle),51.042423,13.017440
The Grand Budapest Hotel,Dresden,51.047596,13.721349
The Grand Budapest Hotel,Görlitz,51.149452,14.965735
The Grand Budapest Hotel,Hainewalde,50.910316,14.703761
The Grand Budapest Hotel,Kaufhaus Görlitz,51.152740,14.987574
The Grand Budapest Hotel,Kraków,50.061016,19.942013
The Grand Budapest Hotel,Osterstein Castle,50.720913,12.500138
The Grand Budapest Hotel,Schloss Waldenburg (Waldenburg Castle),50.875137,12.605256
The Grand Budapest Hotel,Studio Babelsberg,52.386948,13.120067
The Grand Budapest Hotel,Zwinger,51.053017,13.733728
The General,195 School St,42.378380,-71.239464
The General,Boston,42.356667,-71.066910
The General,Boston Common,42.355057,-71.066261
The General,Bromfield St & Province St,42.356750,-71.060310
The General,Deerfield,42.518410,-72.631668
The General,Deerfield Academy,42.546101,-72.607788
The General,Fairhaven,41.638176,-70.906166
The General,Fairhaven High School,41.639614,-70.894020
The General,Gill,42.640614,-72.506653
The General,Groton,42.611279,-71.590065
The General,Groton School,42.593513,-71.584129
The General,Northfield Mount Hermon,42.670410,-72.483932
The General,Orpheum Theatre,42.356239,-71.061073
The General,Pleasant Cafe,42.278709,-71.136856
The General,Shelburne Falls,42.603222,-72.741600
The General,Somerville Theater,42.396652,-71.123138
The General,Southborough,42.304775,-71.535873
The General,St. Mark's School of Southborough,42.308990,-71.529770
The General,Wakefield Bowladrome,42.502934,-71.066277
The General,Worcester Common,42.262012,-71.800728
The Third Man,1480 N Michigan Ave,34.171474,-118.125496
The Third Man,5th St,34.047405,-118.249687
The Third Man,Alexandria Hotel,34.047318,-118.250084
The Third Man,Beverly Hills,34.084900,-118.380447
The Third Man,Broadway Stages,40.728737,-73.948128
The Third Man,Bryant Park,40.753613,-73.983337
The Third Man,Central Park,40.781048,-73.968697
The Third Man,Chicago,41.837982,-87.701988
The Third Man,Chrystie St,40.719727,-73.993172
The Third Man,City Hall Park,40.712421,-74.006622
The Third Man,Cleveland,41.500431,-81.712471
The Third Man,Columbia University,40.807549,-73.962662
The Third Man,Cypress Hills Cemetery,40.689915,-73.874672
The Third Man,Forest Hills,40.718517,-73.847412
The Third Man,Greystone Mansion,34.092289,-118.401398
The Third Man,Ivar Theatre,34.100086,-118.328575
The Third Man,Kew Gardens,40.706558,-73.828735
The Third Man,New York City,40.728447,-74.017761
The Third Man,Paramount Pictures Studio,34.083881,-118.319427
The Third Man,Pasadena,34.169949,-118.149849
The Third Man,Sony Pictures Studio,34.017719,-118.401169
The Third Man,St. Brendan's Catholic Church,34.068787,-118.314995
The Third Man,Steiner Studios,40.700710,-73.967155
The Third Man,Sunnyside,40.743771,-73.923187
The Third Man,Times Square,40.759235,-73.984718
In the Name of the Father,100 Huskisson St,53.397537,-2.964294
In the Name of the Father,Ardmore Studios,53.197037,-6.126703
In the Name of the Father,Dublin,53.349686,-6.261171
In the Name of the Father,Kilmainham Gaol,53.341801,-6.309831
In the Name of the Father,Liverpool,53.411766,-2.957374
In the Name of the Father,London,51.507137,-0.127839
In the Name of the Father,Upper Thames St,51.511021,-0.094606
The Deer Hunter,56 State St,41.056644,-80.590370
The Deer Hunter,993 N 7th St,40.372780,-80.613945
The Deer Hunter,Bangkok,13.774043,100.477837
The Deer Hunter,Clairton,40.294186,-79.886589
The Deer Hunter,Cleveland,41.502712,-81.715500
The Deer Hunter,Commercial St,40.319611,-80.607216
The Deer Hunter,Don Mueang International Airport,13.913139,100.604027
The Deer Hunter,Duquesne Heights,40.438080,-80.026909
The Deer Hunter,Follansbee,40.330135,-80.600883
The Deer Hunter,Heather Meadows,48.863190,-121.679466
The Deer Hunter,Kanchanaburi,14.102378,99.414932
The Deer Hunter,Lake Chelan,48.028847,-120.342323
The Deer Hunter,Lemko Hall,41.480221,-81.689034
The Deer Hunter,Louis Stokes VA Medical Center,41.513866,-81.612709
The Deer Hunter,Mc Keesport & Versailles Cemetery,40.351906,-79.848480
The Deer Hunter,McKeesport,40.345654,-79.850891
The Deer Hunter,Mill Creek Park,41.099464,-80.673744
The Deer Hunter,Mingo Junction,40.322929,-80.612556
The Deer Hunter,Mount Baker,48.776875,-121.814873
The Deer Hunter,Nooksack Falls,48.905430,-121.808868
The Deer Hunter,Pittsburgh,40.451565,-80.014534
The Deer Hunter,Saint Gabriel's College,13.776393,100.506233
The Deer Hunter,St. Theodosius Russian Orthodox Church,41.477310,-81.681740
The Deer Hunter,Starkweather Ave,41.477398,-81.687531
The Deer Hunter,Steubenville,40.371410,-80.649551
The Deer Hunter,Struthers,41.052170,-80.607552
The Deer Hunter,Weirton,40.420109,-80.599548
Barry Lyndon,Baden-Württemberg,48.670910,8.573920
Barry Lyndon,Blenheim Palace,51.841354,-1.361082
Barry Lyndon,Cahir Castle,52.374523,-7.927147
Barry Lyndon,Carrick-on-Suir,52.348297,-7.420859
Barry Lyndon,Carton House,53.390865,-6.567319
Barry Lyndon,Castle Howard,54.121742,-0.906179
Barry Lyndon,Chatsworth House,53.227554,-1.611536
Barry Lyndon,Chavenage House,51.655338,-2.186624
Barry Lyndon,Compton Acres,50.705196,-1.926009
Barry Lyndon,Compton Castle,50.472504,-3.600355
Barry Lyndon,Coneysthorpe,54.131332,-0.912698
Barry Lyndon,Corsham Court,51.434967,-2.182415
Barry Lyndon,Dublin Castle,53.342869,-6.267550
Barry Lyndon,Dunrobin Castle & Gardens,57.981819,-3.945546
Barry Lyndon,Hechingen,48.354443,8.958639
Barry Lyndon,Hohenzollern Castle,48.323551,8.967288
Barry Lyndon,Huntington Castle & Gardens,52.690430,-6.649187
Barry Lyndon,Kells,53.727123,-6.877802
Barry Lyndon,Lavenham Guildhall,52.108727,0.796610
Barry Lyndon,Longleat House,51.185802,-2.274496
Barry Lyndon,Ludwigsburg Residential Palace,48.899200,9.195885
Barry Lyndon,Petworth House and Park,50.988148,-0.610982
Barry Lyndon,Potsdam,52.387939,13.060883
Barry Lyndon,Powerscourt,53.184174,-6.188267
Barry Lyndon,Rathgormack,52.305973,-7.499080
Barry Lyndon,Royal Victoria Park,51.385658,-2.370917
Barry Lyndon,Salisbury,51.068134,-1.797902
Barry Lyndon,Sanssouci,52.403454,13.036895
Barry Lyndon,Somerset Rural Life Museum,51.144085,-2.711017
Barry Lyndon,Stourhead,51.104961,-2.318096
Barry Lyndon,Warminster,51.206638,-2.179860
Barry Lyndon,Wilton House,51.078537,-1.859382
Hacksaw Ridge,Bringelly,-33.941147,150.717606
Hacksaw Ridge,Camden,-34.058750,150.690536
Hacksaw Ridge,Centennial Park,-33.897800,151.233902
Hacksaw Ridge,Fox Studios Australia,-33.893028,151.225021
Hacksaw Ridge,Goulburn,-34.749641,149.725281
Hacksaw Ridge,Manly,-33.798531,151.286163
Hacksaw Ridge,Newington Armory,-33.825970,151.059250
Hacksaw Ridge,Pisgah National Forest,35.829750,-82.315514
Hacksaw Ridge,Richmond,-33.600922,150.751480
Hacksaw Ridge,Sydney,-33.865143,151.209900
Sherlock Jr.,Back Piccadilly,53.481312,-2.234758
Sherlock Jr.,Brompton Cemetery,51.484032,-0.189904
Sherlock Jr.,Bunsen St,53.482162,-2.234420
Sherlock Jr.,Cliveden House,51.558132,-0.688365
Sherlock Jr.,College of Arms,51.512264,-0.098890
Sherlock Jr.,Finsbury,51.519642,-0.087706
Sherlock Jr.,Freemasons Hall,51.515236,-0.121206
Sherlock Jr.,Hatfield House,51.760632,-0.209318
Sherlock Jr.,Little Lever St,53.482475,-2.233075
Sherlock Jr.,Manchester City Council,53.478920,-2.244089
Sherlock Jr.,Mangle St,53.480995,-2.233237
Sherlock Jr.,Middle Temple Ln,51.512302,-0.111074
Sherlock Jr.,Old Royal Naval College,51.483192,-0.006010
Sherlock Jr.,Pinewood Studios,51.548836,-0.532349
Sherlock Jr.,Somerset House,51.511059,-0.117194
Sherlock Jr.,St Bartholomew The Great,51.518627,-0.100282
Sherlock Jr.,St. Paul's Cathedral,51.513870,-0.098427
Sherlock Jr.,Stanley Dock,53.422005,-2.998500
Sherlock Jr.,The Historic Dockyard Chatham,51.397106,0.528912
Sherlock Jr.,The Reform Club,51.506554,-0.133535
Sherlock Jr.,The Victorian Ropery,51.390961,0.524956
Sherlock Jr.,University College London,51.524555,-0.134119
Sherlock Jr.,Warner Bros. Studios Leavesden,51.692944,-0.417261
Sherlock Jr.,Williamsburg,40.709068,-73.960457
Wild Tales,Aeroparque Internacional Jorge Newbery,-34.558071,-58.417053
Wild Tales,Av. Córdoba 176,-34.598839,-58.370949
Wild Tales,Baradero,-33.813198,-59.507195
Wild Tales,Buenos Aires,-34.605118,-58.429867
Wild Tales,Cafayate,-26.072821,-65.977341
Wild Tales,"Hotel InterContinental, Buenos Aires",-34.611446,-58.378117
Wild Tales,Jujuy,-22.937759,-66.235123
Wild Tales,Juncal 1294,-34.592888,-58.385811
Wild Tales,Puente Morales,-25.730654,-65.696556
Wild Tales,San Isidro,-34.472668,-58.527702
Wild Tales,Suipacha 1168,-34.594501,-58.380177
Mad Max: Fury Road,Cape Town Film Studios,-34.028255,18.717886
Mad Max: Fury Road,Fox Studios Australia,-33.893021,151.223633
Mad Max: Fury Road,Namib Desert,-24.727390,15.342391
Mad Max: Fury Road,Penrith,-33.750710,150.685715
Mad Max: Fury Road,Potts Hill,-33.891636,151.027924
Mad Max: Fury Road,Swakopmund,-22.648659,14.596328
Mad Max: Fury Road,Sydney,-33.876038,151.196045
The Seventh Seal,Filmstaden Råsunda,59.367191,17.981611
The Seventh Seal,Gustavsberg,59.327393,18.387899
The Seventh Seal,Hovs Hallar Nature Reserve,56.468952,12.707478
The Seventh Seal,Östanå,59.557899,18.577667
The Seventh Seal,Skevik,59.339367,18.392172
The Seventh Seal,Skytteholm,59.358902,17.993193
The Seventh Seal,Solna,59.369190,18.006525
The Seventh Seal,Viby,59.633533,17.714376
Mary and Max,Brecon Beacons National Park,51.887188,-3.474464
Mary and Max,Monmouth,51.811630,-2.718278
Mary and Max,Pontsticill Reservoir,51.809364,-3.372215
Mary and Max,Rhymney Brewery,51.775822,-3.101243
Mary and Max,"St Mary's Church, Marshfield",51.537182,-3.066022
Mary and Max,Taff Fawr Close,51.759579,-3.405749
Mary and Max,Whitecross St,51.813156,-2.712996
Room,Apache Burgers,43.639320,-79.537842
Room,Bridgepoint Hospital,43.666389,-79.354561
Room,Nathan Phillips Square,43.652676,-79.383324
Room,Pinewood Toronto Studios,43.649044,-79.342674
Room,Toronto,43.651070,-79.347015
Dead Poets Society,Everett Theatre,39.449711,-75.718307
Dead Poets Society,Middletown,39.448853,-75.718689
Dead Poets Society,New Castle,39.662094,-75.568977
Dead Poets Society,Rockland,39.796730,-75.573723
Dead Poets Society,St. Andrew's School,39.433308,-75.688805
Dead Poets Society,Westover Hills,39.763191,-75.592598
The Big Lebowski,10231 Charing Cross Rd (Lebowski mansion - exterior),34.077728,-118.430031
The Big Lebowski,1824 Stearns Dr (Little Larry's house),34.043167,-118.373466
The Big Lebowski,606 Venezia Ave,33.989929,-118.459457
The Big Lebowski,606 Venezia Ave (The Dude's apartment),33.989933,-118.459343
The Big Lebowski,6333 La Mirada Avenue,34.093323,-118.327850
The Big Lebowski,6757 Santa Monica Blvd,34.091003,-118.337807
The Big Lebowski,812 North Kenmore Av,34.086212,-118.296860
The Big Lebowski,Avalon Hollywood & Bardot,34.102741,-118.327255
The Big Lebowski,Dinah's Family Restaurant,33.980267,-118.395020
The Big Lebowski,Fairfax,34.080128,-118.352440
The Big Lebowski,Greystone Mansion,34.092266,-118.401360
The Big Lebowski,Hollywood Hills,34.116932,-118.354057
The Big Lebowski,Hollywood Star Lanes (closed),34.090874,-118.303635
The Big Lebowski,Ivar Theatre,34.100071,-118.328415
The Big Lebowski,Jefferson Blvd.,34.016705,-118.388168
The Big Lebowski,Johnie's Coffee Shop (closed),34.063190,-118.361794
The Big Lebowski,North Hollywood,34.185505,-118.383286
The Big Lebowski,Point Dume,34.001217,-118.806580
The Big Lebowski,Ralphs,34.104778,-118.135506
The Big Lebowski,San Pedro,33.736713,-118.298584
The Big Lebowski,Santa Monica Airport,34.017628,-118.448265
The Big Lebowski,Sheats Goldstein Residence,34.093563,-118.434807
The Big Lebowski,Simi Valley,34.267132,-118.785507
The Big Lebowski,Venice,33.985023,-118.471115
Tokyo Story,1 Depot Square (Train Station),42.003708,-71.513245
Tokyo Story,Bristol,41.677685,-71.267921
Tokyo Story,Providence Performing Arts Cente,41.821209,-71.412338
Tokyo Story,University of Rhode Island,41.486031,-71.530937
Tokyo Story,Woonsocket,42.003231,-71.515495
Hotel Rwanda,Johannesburg,-26.196777,28.025379
Hotel Rwanda,Kigali,-1.949693,30.073490
Ford v Ferrari,6311 Meridian St (Ken's house),34.120281,-118.178696
Ford v Ferrari,645 N Avenue 64,34.119900,-118.178680
Ford v Ferrari,9300 Cherry Ave,34.086128,-117.492470
Ford v Ferrari,Agua Dulce Airpark,34.504047,-118.313110
Ford v Ferrari,Fontana,34.097321,-117.451683
Ford v Ferrari,Glendale,34.137360,-118.269211
Ford v Ferrari,Los Angeles,34.052235,-118.243683
Ford v Ferrari,Ontario International Airport,34.060188,-117.598389
Ford v Ferrari,Road Atlanta,34.151619,-83.814400
Ford v Ferrari,Savannah,32.080502,-81.092812
Ford v Ferrari,Statesboro,32.450474,-81.791206
Ford v Ferrari,W Dryden St & N Brand Blvd,34.161438,-118.255127
Ford v Ferrari,Willow Springs International Raceway,34.869858,-118.264633
Rocky,1124 Jackson St (Little Marie's House),39.922409,-75.165550
Rocky,1801 S Grand Ave,34.034054,-118.267860
Rocky,1818 East Tusculum St (Rocky Balboa Apartment),39.989918,-75.124062
Rocky,2146 N Front St (Adrian’s Pet Shop),39.982849,-75.132812
Rocky,2822 Rosehill St (Adrian and Paulie's House),39.992359,-75.125366
Rocky,3461 E. Vernon Avenue,34.005936,-118.209549
Rocky,500 Broadway,34.015709,-118.492020
Rocky,East Gurney Street,39.992981,-75.128464
Rocky,Fairmount Park,39.988186,-75.197983
Rocky,Kensington,39.980515,-75.130753
Rocky,Los Angeles Memorial Sports Arena,34.014050,-118.288101
Rocky,North Christopher Columbus Blvd,39.956100,-75.139122
Rocky,Pat's King of Steaks,39.933220,-75.159225
Rocky,Philadelphia City Hall,39.952393,-75.163643
Rocky,Philadelphia Museum of Art,39.965698,-75.181084
Rocky,Resurrection Gym,34.023300,-118.203407
Rocky,S. 9th Street & Washington Avenue,39.936359,-75.158417
Rocky,South 12th Street & Cantrell Street,39.923458,-75.166130
Spotlight,209 Mavety St (Boston Police Station),43.664364,-79.465332
Spotlight,739 Parker St (Figeuroa's Market),42.330822,-71.097862
Spotlight,92 State St,42.359177,-71.055420
Spotlight,Bay Adelaide Centre,43.650307,-79.380684
Spotlight,Boston College High School,42.316158,-71.045540
Spotlight,Boston Public Library,42.349258,-71.078270
Spotlight,Fenway Park,42.346622,-71.097305
Spotlight,Hamilton,43.247467,-79.892616
Spotlight,Jim’s House,43.247025,-79.876907
Spotlight,John W. McCormack Post Office and Courthouse,42.357121,-71.056900
Spotlight,McMaster University,43.260838,-79.919296
Spotlight,Pinewood Toronto Studios,43.649120,-79.343033
Spotlight,Prince’s Square,43.254719,-79.867882
Spotlight,Scarboro Golf and Country Club,43.752995,-79.211006
Spotlight,South End Buttery,42.342049,-71.070427
Spotlight,St. Basil's Catholic Parish at the University of St. Michael's College,43.666309,-79.389000
Spotlight,The Globe and Mail,43.642326,-79.396309
Spotlight,Titus Sparrow Park,42.343483,-71.079697
Spotlight,Toronto,43.676468,-79.403053
The Terminator,14239 Gilmore St (Sarah Connor's House),34.187904,-118.443504
The Terminator,14329 Victory Blvd.,34.186932,-118.445290
The Terminator,185 South Figueroa Street,34.056702,-118.253151
The Terminator,219 West 7th Street,34.045158,-118.252922
The Terminator,2848 Observatory Ave Los Angeles,34.114712,-118.284714
The Terminator,420 South Lafayette Park Place,34.064880,-118.281342
The Terminator,720 South Hill Street,34.045422,-118.254784
The Terminator,"795 Keller Street,",34.053848,-118.229454
The Terminator,Carrow's Restaurant,34.116070,-118.153389
The Terminator,City of Industry,34.019382,-117.958977
The Terminator,Cudahy,33.961910,-118.173820
The Terminator,Department Of Water And Power,34.058041,-118.249466
The Terminator,Griffith Observatory,34.118271,-118.300400
The Terminator,Lower Grand & West Gen Thad Kosciuszko Way,34.053905,-118.250511
The Terminator,Super Store 6,34.558052,-117.969116
The Terminator,Tiki Motel,33.973724,-118.230499
The Terminator,Van Nuys,34.184650,-118.446518
Logan,Canal St,29.973709,-90.099533
Logan,Disney Golden Oak Ranch,34.377548,-118.478233
Logan,Ferriday,31.628790,-91.555031
Logan,Los Angeles,34.052235,-118.243683
Logan,Metairie,30.003580,-90.155418
Logan,Oklahoma City,35.468491,-97.521263
Logan,Pauls Valley,34.740551,-97.221359
Logan,Rio Rancho,35.273529,-106.646500
Logan,Superdome,29.951056,-90.081177
Stand by Me,1152 Linn Way (Ace's House),44.400784,-122.990074
Stand by Me,25850 Tidball Ln,44.049042,-123.321678
Stand by Me,325 Fisher St (Gordie's House),44.393963,-122.988510
Stand by Me,380 South San Rafael Ave,34.137409,-118.170143
Stand by Me,419 N Main St,44.394600,-122.984718
Stand by Me,Baptist Cemetery,44.419308,-123.017014
Stand by Me,Brownsville,44.393372,-122.986450
Stand by Me,Cottage Grove,43.797272,-123.059067
Stand by Me,Eagle Mountain Ln,41.016029,-121.615044
Stand by Me,Eagle Mountain Ln (The bridge scene),41.014889,-121.618507
Stand by Me,Eugene,44.052151,-123.091187
Stand by Me,Franklin,41.917961,-89.328629
Stand by Me,Franklin Rd & Territorial Hwy,44.156311,-123.307816
Stand by Me,Gooseline Railroad,43.797272,-123.059067
Stand by Me,Holloway Heights,44.394100,-122.985001
Stand by Me,Houston Rd,44.046970,-123.330460
Stand by Me,McCloud River Railroad,41.248562,-122.137512
Stand by Me,N Main St,44.393929,-122.984444
Stand by Me,N Main St & Park Ave,44.393486,-122.984459
Stand by Me,Row River Trail,43.791889,-122.972862
Stand by Me,Royal Ave,44.070015,-123.177193
Stand by Me,School Ave,44.396919,-122.982468
Stand by Me,Veneta,44.048870,-123.351532
Stand by Me,Yreka Western Railroad,41.731937,-122.637054
Rush,Blackbushe Airport,51.322674,-0.839728
Rush,Brands Hatch,51.358559,0.254124
Rush,Cadwell Park,53.311028,-0.061954
Rush,Cologne,50.947777,6.928089
Rush,Donington Park Circuit,52.830120,-1.379597
Rush,Easton Neston House,52.137280,-0.975975
Rush,Evolution,51.332672,-0.766168
Rush,Longcross Studios,51.383083,-0.594534
Rush,Louth,53.365990,-0.008268
Rush,Norfolk,52.739273,0.836775
Rush,Nürburgring,50.334103,6.942698
Rush,Singerstraße,48.207233,16.373837
Rush,Vienna,48.220600,16.344688
Network,Andover,42.647144,-71.175667
Network,Boston,42.357029,-71.067787
Network,Cambridge,42.373249,-71.114182
Network,Citizen Smith (Closed),34.099819,-118.329453
Network,Dorney Lake,51.493641,-0.663733
Network,"Downtown, Los Angeles",34.042156,-118.249893
Network,Exchange LA,34.045319,-118.251411
Network,Glendale,34.141129,-118.259964
Network,Greystone Park & Mansion,34.092236,-118.401405
Network,Henley-on-Thames,51.535564,-0.903714
Network,Johns Hopkins University,39.326305,-76.621353
Network,Medford,42.417706,-71.107628
Network,Pasadena Masonic Temple,34.142395,-118.142677
Network,Pasadena Museum of History,34.149281,-118.161041
Network,Phillips Academy,42.647163,-71.132378
Network,Santa Monica Bay Woman's Club,34.018631,-118.498253
Network,Somerville,42.387066,-71.103661
Network,University of Southern California,34.022335,-118.285210
Network,Wheelock College,42.342152,-71.106194
Network,Wilshire Ebell Theatre,34.060627,-118.325058
Into the Wild,Anchorage,61.216579,-149.899597
Into the Wild,Anza-Borrego Desert State Park,33.100662,-116.301636
Into the Wild,Astoria,46.189091,-123.834709
Into the Wild,Atlanta,33.748997,-84.387985
Into the Wild,Beaverton,45.486599,-122.795609
Into the Wild,Black Hills Wild Horse Sanctuary,43.312389,-103.606674
Into the Wild,Boulder City,35.972809,-114.838097
Into the Wild,Bullhead City,35.133949,-114.531906
Into the Wild,Cantwell,63.389797,-148.941269
Into the Wild,Cape Disappointment,46.289894,-124.061607
Into the Wild,Carthage,44.170811,-97.717453
Into the Wild,Copper River,60.388844,-144.972931
Into the Wild,Denali National Park and Preserve,63.114689,-151.193222
Into the Wild,El Centro,32.792053,-115.567032
Into the Wild,El Golfo de Santa Clara,31.679489,-114.491287
Into the Wild,Emory University,33.797005,-84.322281
Into the Wild,Fairbanks,64.837669,-147.716248
Into the Wild,George Fox University,45.303436,-122.967232
Into the Wild,"Grand Canyon National Park, Arizona, USA",36.053970,-112.293694
Into the Wild,Healy,63.988491,-144.696640
Into the Wild,Hoover Dam,36.016033,-114.738312
Into the Wild,Hot Springs,43.432076,-103.482544
Into the Wild,Kingman,35.188126,-114.060379
Into the Wild,Lake Mead,36.145969,-114.429123
Into the Wild,Lake Tahoe,39.090183,-120.065796
Into the Wild,Las Vegas,36.163105,-115.167839
Into the Wild,Laughlin,35.118542,-114.731529
Into the Wild,Lee's Ferry,36.864792,-111.587639
Into the Wild,Longview Fibre Paper and Packaging,46.102100,-122.920662
Into the Wild,Los Algodones,32.712730,-114.736015
Into the Wild,Los Angeles,34.052235,-118.243683
Into the Wild,Mt Hood,45.538540,-121.569756
Into the Wild,Needles,34.848450,-114.613998
Into the Wild,Niland,33.240211,-115.512650
Into the Wild,Orick,41.285755,-124.093826
Into the Wild,Page,36.914360,-111.457619
Into the Wild,Palm Springs,33.830299,-116.546837
Into the Wild,Parker,34.150311,-114.289162
Into the Wild,Peach Springs,35.529110,-113.425179
Into the Wild,Portland,45.512230,-122.658722
Into the Wild,Reed College,45.481602,-122.631195
Into the Wild,Reno,39.526901,-119.813278
Into the Wild,Salton City,33.298454,-115.958580
Into the Wild,Salton Sea,33.339893,-115.890305
Into the Wild,Salvation Mountain,33.254124,-115.472717
Into the Wild,Santa Catalina Island,33.380829,-118.425880
Into the Wild,Seattle,47.603230,-122.330276
Into the Wild,Sisters,44.291328,-121.553848
Into the Wild,Slab City,33.258335,-115.462845
Into the Wild,Topock,34.771637,-114.494247
Into the Wild,Winner,43.375641,-99.860954
Into the Wild,Yuma,32.693069,-114.629227
Before Sunset,75 Cour de l'Étoile d'Or (Céline's Apartment),48.853004,2.370931
Before Sunset,Coulée Verte René-Dumont,48.849339,2.371740
Before Sunset,Le Pure Café,48.853249,2.383450
Before Sunset,Pont Neuf,48.858624,2.342245
Before Sunset,Quai de la Tournelle,48.849651,2.355590
Before Sunset,Quai Henri-IV,48.851238,2.361440
Before Sunset,Rue Saint Julien le Pauvre,48.852230,2.346890
Before Sunset,Seine River,48.950569,2.301460
Before Sunset,Shakespeare & Company,48.852562,2.347085
The Wizard of Oz,Sony Pictures Studios,34.017555,-118.402046
The Wizard of Oz,Stage 14,34.016342,-118.402534
The Wizard of Oz,Stage 15,34.017082,-118.402206
The Wizard of Oz,Stage 25,34.017914,-118.402924
The Wizard of Oz,Stage 26,34.017662,-118.403160
The Wizard of Oz,Stage 27,34.017433,-118.402931
The Wizard of Oz,Stage 28,34.017445,-118.403954
The Wizard of Oz,Stage 29,34.017200,-118.404167
Groundhog Day,Algonquin,42.161232,-88.301865
Groundhog Day,Cary,42.212715,-88.250229
Groundhog Day,Old Courthouse Arts Center,42.314861,-88.448463
Groundhog Day,Pittsburgh,40.438808,-80.009178
Groundhog Day,Rockford,42.269669,-89.100105
Groundhog Day,The Cherry Tree Inn Bed & Breakfast,42.309727,-88.444756
Groundhog Day,Universal Studios Hollywood,34.137508,-118.353516
Groundhog Day,Waukegan,42.364159,-87.877808
Groundhog Day,Wayne's Lanes,42.316605,-88.446289
Groundhog Day,Woodstock,42.314404,-88.451050
Groundhog Day,Woodstock Opera House,42.314034,-88.447830
Groundhog Day,Woodstock Square Historic District,42.314743,-88.447456
The Best Years of Our Lives,203 8th Ave (The Callaghan's house),41.810440,-87.865242
The Best Years of Our Lives,3017 W. Logan Blvd (Lucy's apartment),41.927742,-87.703178
The Best Years of Our Lives,5545 W. Pensacola Avenue,41.959225,-87.766647
The Best Years of Our Lives,Chicago,41.871876,-87.662384
The Best Years of Our Lives,Emmanuel Episcopal Church of LaGrange,41.810127,-87.874016
The Best Years of Our Lives,La Grange,41.806477,-87.879875
The Best Years of Our Lives,Lady of Mount Carmel Church,41.940098,-87.647186
The Best Years of Our Lives,Lake Point Tower,41.891670,-87.613747
The Best Years of Our Lives,Madison & Wabash,41.882118,-87.626465
The Best Years of Our Lives,Portage Park,41.953979,-87.769089
The Best Years of Our Lives,W Logan Blvd,41.928688,-87.697670
The Exorcist,Atlanta,33.756168,-84.424881
The Exorcist,Santo Domingo,18.483877,-69.952843
The Exorcist,Savannah,32.076244,-81.161713
To Be or Not to Be,2234 21st St,40.779869,-73.918114
To Be or Not to Be,Argyle Rd & Ditmas Ave,40.636276,-73.965454
To Be or Not to Be,Astoria,40.766987,-73.929199
To Be or Not to Be,Faraway Farm Alpacas,41.255577,-73.822617
To Be or Not to Be,New York City,40.728664,-74.013985
To Be or Not to Be,Yonkers City Hall,40.932083,-73.897942
Pirates of the Caribbean: The Curse of the Black Pearl,Bequia,13.011807,-61.230576
Pirates of the Caribbean: The Curse of the Black Pearl,Kingstown,13.157519,-61.226727
Pirates of the Caribbean: The Curse of the Black Pearl,Long Beach,33.770878,-118.196281
Pirates of the Caribbean: The Curse of the Black Pearl,Marineland of the Pacific (closed),33.736328,-118.398079
Pirates of the Caribbean: The Curse of the Black Pearl,Samana,19.203831,-69.339760
Pirates of the Caribbean: The Curse of the Black Pearl,Universal Studios,34.138096,-118.353401
Pirates of the Caribbean: The Curse of the Black Pearl,Wallilabou Bay,13.246686,-61.271439
Pirates of the Caribbean: The Curse of the Black Pearl,Walt Disney Studios,34.156734,-118.325157
Hachi: A Dog's Tale,1 Depot Square (Train Station),42.003708,-71.513245
Hachi: A Dog's Tale,Bristol,41.677685,-71.267921
Hachi: A Dog's Tale,Providence Performing Arts Cente,41.821209,-71.412338
Hachi: A Dog's Tale,University of Rhode Island,41.486031,-71.530937
Hachi: A Dog's Tale,Woonsocket,42.003231,-71.515495
My Father and My Son,Ayvalik,39.330242,26.699827
My Father and My Son,Balikesir,39.653133,27.888208
My Father and My Son,Izmir,38.425125,27.141151
My Father and My Son,Seferihisar,38.197495,26.835630
Amores Perros,Ciudad de México,19.430801,-99.139870
Amores Perros,Colonia Condesa,19.414833,-99.178032
Amores Perros,Lomas de Chapultepec,19.424629,-99.214424
Rebecca,Cranborne Manor,50.918472,-1.925881
Rebecca,Hartland Quay,50.994770,-4.535138
Rebecca,Hatfield House,51.760597,-0.209274
Rebecca,Hotel de Paris Monte-Carlo,43.738762,7.426936
Rebecca,Le Jardin Exotique,43.728279,7.361191
Rebecca,Waddesdon Manor,51.842216,-0.937512
The Handmaiden,Dong-ah Institute of Media and Arts,37.059692,127.356674
The Handmaiden,Goheung,34.602795,127.293388
The Handmaiden,Nagoya,35.156940,136.913055
The Handmaiden,Pyeongchang,37.469910,128.487183
The 400 Blows,Avenue Frochot,48.881474,2.338103
The 400 Blows,Eiffel Tower,48.858295,2.294367
The 400 Blows,Honfleur,49.421062,0.228976
The 400 Blows,Montmartre,48.886997,2.337052
The 400 Blows,Palais de Chaillot,48.862347,2.288057
The 400 Blows,Paris,48.859516,2.320622
The 400 Blows,Pigalle,48.882362,2.337439
The 400 Blows,Rue Fontaine,48.882107,2.333864
The 400 Blows,Sacré Coeur,48.887081,2.341062
The Sound of Music,Basilika St. Michael,47.856068,13.351122
The Sound of Music,Bischofshofen,47.417480,13.218720
The Sound of Music,Felsenreitschule,47.797707,13.041939
The Sound of Music,Hohenwerfen Castle (Erlebnisburg Hohenwerfen),47.482925,13.188894
The Sound of Music,Mirabellgarten,47.804558,13.042259
The Sound of Music,Mondsee,47.819813,13.378529
The Sound of Music,Mozartsteg,47.799831,13.048854
The Sound of Music,Residenzplatz,47.798248,13.045910
The Sound of Music,Salzburg Residence,47.798298,13.044985
The Sound of Music,Schloss Frohnburg,47.777290,13.061001
The Sound of Music,Schloss Fuschl,47.808609,13.255334
The Sound of Music,Schloss Hellbrunn,47.762138,13.060256
The Sound of Music,St. Gilgen,47.767040,13.364060
The Sound of Music,"Stage 15, 20th Century Fox Studios",34.050133,-118.411873
The Sound of Music,"Stage 8, 20th Century Fox Studios",34.053562,-118.414711
The Sound of Music,Stift Nonnberg,47.796062,13.050797
The Sound of Music,Werfen,47.475880,13.189970
The Sound of Music,Wolfgangsee,47.749912,13.396059
It Happened One Night,Columbia/Sunset Gower Studios,34.096504,-118.321495
It Happened One Night,Franklin Canyon Reservoir,34.098770,-118.412636
It Happened One Night,Santa Anita Ave,34.103096,-118.029907
It Happened One Night,Sunland,34.260338,-118.316040
Persona,Beykoz,41.124828,29.102177
Persona,Beyoglu,41.034359,28.979179
Persona,Golyazi,40.178501,28.681356
Persona,Jurnal Sokak,41.029510,28.973961
Life of Brian,131 East 19th St (Beck’s House),40.736965,-73.985931
Life of Brian,1575 York Ave (Logos Bookstore),40.774460,-73.948509
Life of Brian,1814 N Vermont Ave (Skylight Books),34.104019,-118.291679
Life of Brian,1830 Winona Blvd (Joe’s Apartment - Season 2),34.104527,-118.302032
Life of Brian,308 E 139th St (Joe and Paco's Apartment),40.810753,-73.925194
Life of Brian,3122 Nichols Canyon Rd (Forty's house),34.127316,-118.363297
Life of Brian,4655 Kingswell Ave,34.102814,-118.291496
Life of Brian,621 South Mccadden Pl (Henderson’s House),34.064247,-118.337631
Life of Brian,661 Imperial St,34.036133,-118.231834
Life of Brian,892 W Kensington Rd (Amy’s House),34.073059,-118.253738
Life of Brian,Chakra,40.753887,-73.949539
Life of Brian,Greenpoint Av Subway Station,40.730141,-73.954094
Life of Brian,Hansol Farm,40.776989,-73.946136
Life of Brian,Juanita's III,34.078114,-117.630249
Life of Brian,Life Storage - Los Angeles,34.052658,-118.230797
Life of Brian,London,51.511879,-0.163911
Life of Brian,Long Island City,40.745045,-73.951584
Life of Brian,Los Feliz Theater,34.104347,-118.291550
Life of Brian,New York City,40.706924,-74.041634
Life of Brian,Nyack,41.093079,-73.928047
Life of Brian,Silvercup Studios East,40.736340,-73.939018
The Help,18 Rue des Trois Frères (Amelie's home),48.885056,2.339913
The Help,18 Rue Lepic,48.884815,2.333916
The Help,3 Allée Chevillard (Amélie's father's home),48.981026,2.277369
The Help,Acqueduc de la Vanne,48.780617,2.335938
The Help,Animathèque d'Eaubonne,48.990097,2.272684
The Help,Au Marché de la Butte,48.885651,2.338326
The Help,Basilique du Sacré-Coeur,48.886654,2.342562
The Help,Café des Deux Moulins,48.884876,2.333554
The Help,Canal Saint-Martin,48.868397,2.366716
The Help,Cathédrale Notre-Dame de Paris,48.852982,2.349671
The Help,Cologne,50.939106,6.949336
The Help,Conduite de l'aqueduc romain de Lutèce,48.824379,2.337916
The Help,Enghien-les-Bains,48.970497,2.296896
The Help,Gare d'Ermont - Eaubonne,48.980370,2.271090
The Help,Gare de l'Est,48.876751,2.358909
The Help,Gare du Nord,48.881783,2.357416
The Help,L'Escalier,48.890167,2.338878
The Help,Lamarck-Caulaincourt,48.889526,2.338000
The Help,Le Verre à Pied,48.840252,2.349547
The Help,MMC Studios Köln GmbH,50.987385,6.892426
The Help,Montmartre,48.886009,2.336627
The Help,Paris Gare de Lyon,48.843979,2.373381
The Help,Pont des Arts,48.858719,2.336985
The Help,Porte des Lilas,48.876751,2.406584
The Help,Radio Ciné Rire,48.846603,2.369213
The Help,Rue Ernest Roche,48.895451,2.319770
The Help,Rue Mouffetard,48.842186,2.349695
The Help,Rue Pierre Brossollette,48.986080,2.274872
The Help,Rue Saint-Vincent,48.888393,2.340400
The Help,Tchiki Boom,48.882996,2.335760
Aladdin,Longcross Studios,51.383247,-0.593840
Aladdin,Petra,30.328331,35.440582
Aladdin,Wadi Rum,29.573795,35.420444
Gandhi,Bangalore,12.971599,77.594566
Gandhi,IIM Campus,12.895615,77.600349
Gandhi,Indira Gandhi International Airport,28.554939,77.086945
Gandhi,Madh Island,19.135000,72.793442
Gandhi,Mall Road,31.103889,77.175743
Gandhi,Mumbai,19.076090,72.877426
Gandhi,Noida,28.535517,77.391029
Gandhi,Pangong Tso,33.821751,78.442719
Gandhi,Woodville Palace Hotel,31.091440,77.177757
Dances with Wolves,Badlands National Park,43.858334,-102.344559
Dances with Wolves,Belle Fourche River,44.434669,-102.303429
Dances with Wolves,Black Hills,44.001938,-103.953537
Dances with Wolves,Fort Pierre,44.364498,-100.381111
Dances with Wolves,Interior,43.726963,-101.986191
Dances with Wolves,Jackson Hole,43.472897,-110.783020
Dances with Wolves,Pierre,44.376568,-100.339226
Dances with Wolves,Rapid City,44.079372,-103.238991
Dances with Wolves,Sage Creek Wilderness Area,43.879063,-102.351288
Dances with Wolves,Spearfish,44.491245,-103.868950
Dances with Wolves,Triple U Enterprises,44.581444,-100.814903
